model_name,K,mp_minus_alexandria_hits
ALIGNN-FF,1,0.0
ALIGNN-FF,2,0.0
ALIGNN-FF,3,0.0
ALIGNN-FF,4,0.0
ALIGNN-FF,5,1.0
ALIGNN-FF,6,1.0
ALIGNN-FF,7,1.0
ALIGNN-FF,8,1.0
ALIGNN-FF,9,1.0
ALIGNN-FF,10,1.0
ALIGNN-FF,11,1.0
ALIGNN-FF,12,1.0
ALIGNN-FF,13,1.0
ALIGNN-FF,14,2.0
ALIGNN-FF,15,2.0
ALIGNN-FF,16,2.0
ALIGNN-FF,17,2.0
ALIGNN-FF,18,3.0
ALIGNN-FF,19,3.0
ALIGNN-FF,20,3.0
ALIGNN-FF,21,3.0
ALIGNN-FF,22,3.0
ALIGNN-FF,23,3.0
ALIGNN-FF,24,3.0
ALIGNN-FF,25,3.0
ALIGNN-FF,26,3.0
ALIGNN-FF,27,3.0
ALIGNN-FF,28,2.0
ALIGNN-FF,29,2.0
ALIGNN-FF,30,2.0
ALIGNN-FF,31,2.0
ALIGNN-FF,32,3.0
ALIGNN-FF,33,3.0
ALIGNN-FF,34,3.0
ALIGNN-FF,35,3.0
ALIGNN-FF,36,3.0
ALIGNN-FF,37,4.0
ALIGNN-FF,38,4.0
ALIGNN-FF,39,4.0
ALIGNN-FF,40,3.0
ALIGNN-FF,41,2.0
ALIGNN-FF,42,2.0
ALIGNN-FF,43,2.0
ALIGNN-FF,44,1.0
ALIGNN-FF,45,1.0
ALIGNN-FF,46,2.0
ALIGNN-FF,47,2.0
ALIGNN-FF,48,2.0
ALIGNN-FF,49,3.0
ALIGNN-FF,50,2.0
ALIGNN-FF,51,3.0
ALIGNN-FF,52,4.0
ALIGNN-FF,53,5.0
ALIGNN-FF,54,5.0
ALIGNN-FF,55,5.0
ALIGNN-FF,56,5.0
ALIGNN-FF,57,5.0
ALIGNN-FF,58,5.0
ALIGNN-FF,59,6.0
ALIGNN-FF,60,6.0
ALIGNN-FF,61,7.0
ALIGNN-FF,62,7.0
ALIGNN-FF,63,7.0
ALIGNN-FF,64,8.0
ALIGNN-FF,65,9.0
ALIGNN-FF,66,9.0
ALIGNN-FF,67,9.0
ALIGNN-FF,68,9.0
ALIGNN-FF,69,9.0
ALIGNN-FF,70,9.0
ALIGNN-FF,71,9.0
ALIGNN-FF,72,9.0
ALIGNN-FF,73,9.0
ALIGNN-FF,74,10.0
ALIGNN-FF,75,10.0
ALIGNN-FF,76,11.0
ALIGNN-FF,77,12.0
ALIGNN-FF,78,12.0
ALIGNN-FF,79,13.0
ALIGNN-FF,80,14.0
ALIGNN-FF,81,15.0
ALIGNN-FF,82,15.0
ALIGNN-FF,83,15.0
ALIGNN-FF,84,16.0
ALIGNN-FF,85,16.0
ALIGNN-FF,86,17.0
ALIGNN-FF,87,17.0
ALIGNN-FF,88,17.0
ALIGNN-FF,89,17.0
ALIGNN-FF,90,16.0
ALIGNN-FF,91,16.0
ALIGNN-FF,92,17.0
ALIGNN-FF,93,17.0
ALIGNN-FF,94,18.0
ALIGNN-FF,95,18.0
ALIGNN-FF,96,19.0
ALIGNN-FF,97,20.0
ALIGNN-FF,98,20.0
ALIGNN-FF,99,21.0
ALIGNN-FF,100,22.0
ALIGNN-FF,101,23.0
ALIGNN-FF,102,23.0
ALIGNN-FF,103,23.0
ALIGNN-FF,104,23.0
ALIGNN-FF,105,24.0
ALIGNN-FF,106,23.0
ALIGNN-FF,107,23.0
ALIGNN-FF,108,23.0
ALIGNN-FF,109,23.0
ALIGNN-FF,110,24.0
ALIGNN-FF,111,24.0
ALIGNN-FF,112,24.0
ALIGNN-FF,113,24.0
ALIGNN-FF,114,24.0
ALIGNN-FF,115,25.0
ALIGNN-FF,116,25.0
ALIGNN-FF,117,25.0
ALIGNN-FF,118,25.0
ALIGNN-FF,119,25.0
ALIGNN-FF,120,25.0
ALIGNN-FF,121,25.0
ALIGNN-FF,122,25.0
ALIGNN-FF,123,25.0
ALIGNN-FF,124,26.0
ALIGNN-FF,125,26.0
ALIGNN-FF,126,26.0
ALIGNN-FF,127,26.0
ALIGNN-FF,128,26.0
ALIGNN-FF,129,26.0
ALIGNN-FF,130,27.0
ALIGNN-FF,131,28.0
ALIGNN-FF,132,28.0
ALIGNN-FF,133,28.0
ALIGNN-FF,134,28.0
ALIGNN-FF,135,28.0
ALIGNN-FF,136,28.0
ALIGNN-FF,137,28.0
ALIGNN-FF,138,28.0
ALIGNN-FF,139,28.0
ALIGNN-FF,140,28.0
ALIGNN-FF,141,28.0
ALIGNN-FF,142,28.0
ALIGNN-FF,143,28.0
ALIGNN-FF,144,28.0
ALIGNN-FF,145,28.0
ALIGNN-FF,146,29.0
ALIGNN-FF,147,29.0
ALIGNN-FF,148,29.0
ALIGNN-FF,149,29.0
ALIGNN-FF,150,29.0
ALIGNN-FF,151,29.0
ALIGNN-FF,152,29.0
ALIGNN-FF,153,29.0
ALIGNN-FF,154,29.0
ALIGNN-FF,155,30.0
ALIGNN-FF,156,31.0
ALIGNN-FF,157,31.0
ALIGNN-FF,158,31.0
ALIGNN-FF,159,31.0
ALIGNN-FF,160,31.0
ALIGNN-FF,161,31.0
ALIGNN-FF,162,31.0
ALIGNN-FF,163,32.0
ALIGNN-FF,164,32.0
ALIGNN-FF,165,31.0
ALIGNN-FF,166,31.0
ALIGNN-FF,167,31.0
ALIGNN-FF,168,31.0
ALIGNN-FF,169,31.0
ALIGNN-FF,170,31.0
ALIGNN-FF,171,32.0
ALIGNN-FF,172,32.0
ALIGNN-FF,173,32.0
ALIGNN-FF,174,31.0
ALIGNN-FF,175,31.0
ALIGNN-FF,176,31.0
ALIGNN-FF,177,32.0
ALIGNN-FF,178,32.0
ALIGNN-FF,179,33.0
ALIGNN-FF,180,33.0
ALIGNN-FF,181,33.0
ALIGNN-FF,182,33.0
ALIGNN-FF,183,33.0
ALIGNN-FF,184,34.0
ALIGNN-FF,185,34.0
ALIGNN-FF,186,34.0
ALIGNN-FF,187,34.0
ALIGNN-FF,188,34.0
ALIGNN-FF,189,34.0
ALIGNN-FF,190,34.0
ALIGNN-FF,191,34.0
ALIGNN-FF,192,34.0
ALIGNN-FF,193,34.0
ALIGNN-FF,194,35.0
ALIGNN-FF,195,35.0
ALIGNN-FF,196,34.0
ALIGNN-FF,197,34.0
ALIGNN-FF,198,34.0
ALIGNN-FF,199,34.0
ALIGNN-FF,200,34.0
ALIGNN-FF,201,34.0
ALIGNN-FF,202,34.0
ALIGNN-FF,203,34.0
ALIGNN-FF,204,34.0
ALIGNN-FF,205,35.0
ALIGNN-FF,206,35.0
ALIGNN-FF,207,35.0
ALIGNN-FF,208,35.0
ALIGNN-FF,209,35.0
ALIGNN-FF,210,35.0
ALIGNN-FF,211,35.0
ALIGNN-FF,212,35.0
ALIGNN-FF,213,35.0
ALIGNN-FF,214,35.0
ALIGNN-FF,215,36.0
ALIGNN-FF,216,36.0
ALIGNN-FF,217,36.0
ALIGNN-FF,218,36.0
ALIGNN-FF,219,37.0
ALIGNN-FF,220,37.0
ALIGNN-FF,221,37.0
ALIGNN-FF,222,37.0
ALIGNN-FF,223,37.0
ALIGNN-FF,224,37.0
ALIGNN-FF,225,37.0
ALIGNN-FF,226,38.0
ALIGNN-FF,227,38.0
ALIGNN-FF,228,38.0
ALIGNN-FF,229,39.0
ALIGNN-FF,230,39.0
ALIGNN-FF,231,39.0
ALIGNN-FF,232,39.0
ALIGNN-FF,233,39.0
ALIGNN-FF,234,38.0
ALIGNN-FF,235,38.0
ALIGNN-FF,236,38.0
ALIGNN-FF,237,39.0
ALIGNN-FF,238,39.0
ALIGNN-FF,239,39.0
ALIGNN-FF,240,39.0
ALIGNN-FF,241,39.0
ALIGNN-FF,242,39.0
ALIGNN-FF,243,39.0
ALIGNN-FF,244,39.0
ALIGNN-FF,245,40.0
ALIGNN-FF,246,40.0
ALIGNN-FF,247,40.0
ALIGNN-FF,248,40.0
ALIGNN-FF,249,40.0
ALIGNN-FF,250,41.0
ALIGNN-FF,251,41.0
ALIGNN-FF,252,42.0
ALIGNN-FF,253,42.0
ALIGNN-FF,254,42.0
ALIGNN-FF,255,42.0
ALIGNN-FF,256,42.0
ALIGNN-FF,257,42.0
ALIGNN-FF,258,42.0
ALIGNN-FF,259,42.0
ALIGNN-FF,260,43.0
ALIGNN-FF,261,42.0
ALIGNN-FF,262,42.0
ALIGNN-FF,263,43.0
ALIGNN-FF,264,44.0
ALIGNN-FF,265,44.0
ALIGNN-FF,266,44.0
ALIGNN-FF,267,44.0
ALIGNN-FF,268,44.0
ALIGNN-FF,269,44.0
ALIGNN-FF,270,44.0
ALIGNN-FF,271,45.0
ALIGNN-FF,272,45.0
ALIGNN-FF,273,45.0
ALIGNN-FF,274,45.0
ALIGNN-FF,275,46.0
ALIGNN-FF,276,47.0
ALIGNN-FF,277,47.0
ALIGNN-FF,278,48.0
ALIGNN-FF,279,49.0
ALIGNN-FF,280,49.0
ALIGNN-FF,281,49.0
ALIGNN-FF,282,50.0
ALIGNN-FF,283,50.0
ALIGNN-FF,284,50.0
ALIGNN-FF,285,50.0
ALIGNN-FF,286,50.0
ALIGNN-FF,287,50.0
ALIGNN-FF,288,50.0
ALIGNN-FF,289,50.0
ALIGNN-FF,290,51.0
ALIGNN-FF,291,50.0
ALIGNN-FF,292,49.0
ALIGNN-FF,293,49.0
ALIGNN-FF,294,49.0
ALIGNN-FF,295,50.0
ALIGNN-FF,296,51.0
ALIGNN-FF,297,51.0
ALIGNN-FF,298,51.0
ALIGNN-FF,299,50.0
ALIGNN-FF,300,50.0
ALIGNN-FF,301,50.0
ALIGNN-FF,302,50.0
ALIGNN-FF,303,50.0
ALIGNN-FF,304,50.0
ALIGNN-FF,305,50.0
ALIGNN-FF,306,51.0
ALIGNN-FF,307,52.0
ALIGNN-FF,308,53.0
ALIGNN-FF,309,53.0
ALIGNN-FF,310,53.0
ALIGNN-FF,311,53.0
ALIGNN-FF,312,54.0
ALIGNN-FF,313,55.0
ALIGNN-FF,314,55.0
ALIGNN-FF,315,55.0
ALIGNN-FF,316,56.0
ALIGNN-FF,317,56.0
ALIGNN-FF,318,57.0
ALIGNN-FF,319,58.0
ALIGNN-FF,320,58.0
ALIGNN-FF,321,58.0
ALIGNN-FF,322,58.0
ALIGNN-FF,323,59.0
ALIGNN-FF,324,60.0
ALIGNN-FF,325,59.0
ALIGNN-FF,326,58.0
ALIGNN-FF,327,58.0
ALIGNN-FF,328,58.0
ALIGNN-FF,329,58.0
ALIGNN-FF,330,58.0
ALIGNN-FF,331,58.0
ALIGNN-FF,332,58.0
ALIGNN-FF,333,58.0
ALIGNN-FF,334,58.0
ALIGNN-FF,335,59.0
ALIGNN-FF,336,59.0
ALIGNN-FF,337,58.0
ALIGNN-FF,338,59.0
ALIGNN-FF,339,59.0
ALIGNN-FF,340,59.0
ALIGNN-FF,341,59.0
ALIGNN-FF,342,59.0
ALIGNN-FF,343,59.0
ALIGNN-FF,344,58.0
ALIGNN-FF,345,58.0
ALIGNN-FF,346,58.0
ALIGNN-FF,347,58.0
ALIGNN-FF,348,58.0
ALIGNN-FF,349,59.0
ALIGNN-FF,350,60.0
ALIGNN-FF,351,60.0
ALIGNN-FF,352,59.0
ALIGNN-FF,353,59.0
ALIGNN-FF,354,59.0
ALIGNN-FF,355,59.0
ALIGNN-FF,356,60.0
ALIGNN-FF,357,60.0
ALIGNN-FF,358,61.0
ALIGNN-FF,359,61.0
ALIGNN-FF,360,61.0
ALIGNN-FF,361,61.0
ALIGNN-FF,362,61.0
ALIGNN-FF,363,61.0
ALIGNN-FF,364,61.0
ALIGNN-FF,365,62.0
ALIGNN-FF,366,62.0
ALIGNN-FF,367,62.0
ALIGNN-FF,368,63.0
ALIGNN-FF,369,63.0
ALIGNN-FF,370,64.0
ALIGNN-FF,371,64.0
ALIGNN-FF,372,64.0
ALIGNN-FF,373,64.0
ALIGNN-FF,374,64.0
ALIGNN-FF,375,63.0
ALIGNN-FF,376,63.0
ALIGNN-FF,377,64.0
ALIGNN-FF,378,64.0
ALIGNN-FF,379,64.0
ALIGNN-FF,380,65.0
ALIGNN-FF,381,65.0
ALIGNN-FF,382,65.0
ALIGNN-FF,383,65.0
ALIGNN-FF,384,65.0
ALIGNN-FF,385,65.0
ALIGNN-FF,386,65.0
ALIGNN-FF,387,66.0
ALIGNN-FF,388,66.0
ALIGNN-FF,389,66.0
ALIGNN-FF,390,66.0
ALIGNN-FF,391,66.0
ALIGNN-FF,392,66.0
ALIGNN-FF,393,65.0
ALIGNN-FF,394,65.0
ALIGNN-FF,395,64.0
ALIGNN-FF,396,64.0
ALIGNN-FF,397,64.0
ALIGNN-FF,398,64.0
ALIGNN-FF,399,64.0
ALIGNN-FF,400,64.0
ALIGNN-FF,401,64.0
ALIGNN-FF,402,65.0
ALIGNN-FF,403,65.0
ALIGNN-FF,404,65.0
ALIGNN-FF,405,65.0
ALIGNN-FF,406,65.0
ALIGNN-FF,407,65.0
ALIGNN-FF,408,66.0
ALIGNN-FF,409,66.0
ALIGNN-FF,410,66.0
ALIGNN-FF,411,66.0
ALIGNN-FF,412,66.0
ALIGNN-FF,413,67.0
ALIGNN-FF,414,68.0
ALIGNN-FF,415,68.0
ALIGNN-FF,416,68.0
ALIGNN-FF,417,69.0
ALIGNN-FF,418,69.0
ALIGNN-FF,419,69.0
ALIGNN-FF,420,70.0
ALIGNN-FF,421,70.0
ALIGNN-FF,422,70.0
ALIGNN-FF,423,69.0
ALIGNN-FF,424,69.0
ALIGNN-FF,425,69.0
ALIGNN-FF,426,69.0
ALIGNN-FF,427,69.0
ALIGNN-FF,428,69.0
ALIGNN-FF,429,70.0
ALIGNN-FF,430,70.0
ALIGNN-FF,431,70.0
ALIGNN-FF,432,70.0
ALIGNN-FF,433,70.0
ALIGNN-FF,434,71.0
ALIGNN-FF,435,72.0
ALIGNN-FF,436,72.0
ALIGNN-FF,437,72.0
ALIGNN-FF,438,72.0
ALIGNN-FF,439,73.0
ALIGNN-FF,440,73.0
ALIGNN-FF,441,73.0
ALIGNN-FF,442,74.0
ALIGNN-FF,443,75.0
ALIGNN-FF,444,75.0
ALIGNN-FF,445,75.0
ALIGNN-FF,446,75.0
ALIGNN-FF,447,75.0
ALIGNN-FF,448,75.0
ALIGNN-FF,449,75.0
ALIGNN-FF,450,75.0
ALIGNN-FF,451,75.0
ALIGNN-FF,452,75.0
ALIGNN-FF,453,75.0
ALIGNN-FF,454,75.0
ALIGNN-FF,455,75.0
ALIGNN-FF,456,75.0
ALIGNN-FF,457,75.0
ALIGNN-FF,458,75.0
ALIGNN-FF,459,75.0
ALIGNN-FF,460,75.0
ALIGNN-FF,461,75.0
ALIGNN-FF,462,75.0
ALIGNN-FF,463,75.0
ALIGNN-FF,464,75.0
ALIGNN-FF,465,75.0
ALIGNN-FF,466,75.0
ALIGNN-FF,467,75.0
ALIGNN-FF,468,75.0
ALIGNN-FF,469,75.0
ALIGNN-FF,470,75.0
ALIGNN-FF,471,75.0
ALIGNN-FF,472,75.0
ALIGNN-FF,473,75.0
ALIGNN-FF,474,75.0
ALIGNN-FF,475,75.0
ALIGNN-FF,476,75.0
ALIGNN-FF,477,75.0
ALIGNN-FF,478,75.0
ALIGNN-FF,479,75.0
ALIGNN-FF,480,75.0
ALIGNN-FF,481,75.0
ALIGNN-FF,482,76.0
ALIGNN-FF,483,77.0
ALIGNN-FF,484,76.0
ALIGNN-FF,485,76.0
ALIGNN-FF,486,76.0
ALIGNN-FF,487,75.0
ALIGNN-FF,488,75.0
ALIGNN-FF,489,75.0
ALIGNN-FF,490,75.0
ALIGNN-FF,491,75.0
ALIGNN-FF,492,75.0
ALIGNN-FF,493,75.0
ALIGNN-FF,494,75.0
ALIGNN-FF,495,75.0
ALIGNN-FF,496,75.0
ALIGNN-FF,497,76.0
ALIGNN-FF,498,76.0
ALIGNN-FF,499,76.0
ALIGNN-FF,500,75.0
ALIGNN-FF,501,75.0
ALIGNN-FF,502,75.0
ALIGNN-FF,503,76.0
ALIGNN-FF,504,76.0
ALIGNN-FF,505,77.0
ALIGNN-FF,506,77.0
ALIGNN-FF,507,78.0
ALIGNN-FF,508,78.0
ALIGNN-FF,509,78.0
ALIGNN-FF,510,78.0
ALIGNN-FF,511,78.0
ALIGNN-FF,512,78.0
ALIGNN-FF,513,78.0
ALIGNN-FF,514,78.0
ALIGNN-FF,515,78.0
ALIGNN-FF,516,78.0
ALIGNN-FF,517,79.0
ALIGNN-FF,518,79.0
ALIGNN-FF,519,80.0
ALIGNN-FF,520,81.0
ALIGNN-FF,521,81.0
ALIGNN-FF,522,81.0
ALIGNN-FF,523,82.0
ALIGNN-FF,524,82.0
ALIGNN-FF,525,82.0
ALIGNN-FF,526,82.0
ALIGNN-FF,527,82.0
ALIGNN-FF,528,82.0
ALIGNN-FF,529,83.0
ALIGNN-FF,530,84.0
ALIGNN-FF,531,85.0
ALIGNN-FF,532,84.0
ALIGNN-FF,533,85.0
ALIGNN-FF,534,85.0
ALIGNN-FF,535,85.0
ALIGNN-FF,536,85.0
ALIGNN-FF,537,85.0
ALIGNN-FF,538,85.0
ALIGNN-FF,539,85.0
ALIGNN-FF,540,85.0
ALIGNN-FF,541,84.0
ALIGNN-FF,542,84.0
ALIGNN-FF,543,84.0
ALIGNN-FF,544,84.0
ALIGNN-FF,545,84.0
ALIGNN-FF,546,84.0
ALIGNN-FF,547,84.0
ALIGNN-FF,548,84.0
ALIGNN-FF,549,84.0
ALIGNN-FF,550,85.0
ALIGNN-FF,551,85.0
ALIGNN-FF,552,86.0
ALIGNN-FF,553,86.0
ALIGNN-FF,554,86.0
ALIGNN-FF,555,86.0
ALIGNN-FF,556,87.0
ALIGNN-FF,557,87.0
ALIGNN-FF,558,87.0
ALIGNN-FF,559,87.0
ALIGNN-FF,560,88.0
ALIGNN-FF,561,88.0
ALIGNN-FF,562,88.0
ALIGNN-FF,563,88.0
ALIGNN-FF,564,88.0
ALIGNN-FF,565,88.0
ALIGNN-FF,566,88.0
ALIGNN-FF,567,88.0
ALIGNN-FF,568,88.0
ALIGNN-FF,569,88.0
ALIGNN-FF,570,88.0
ALIGNN-FF,571,89.0
ALIGNN-FF,572,89.0
ALIGNN-FF,573,89.0
ALIGNN-FF,574,89.0
ALIGNN-FF,575,89.0
ALIGNN-FF,576,89.0
ALIGNN-FF,577,89.0
ALIGNN-FF,578,90.0
ALIGNN-FF,579,90.0
ALIGNN-FF,580,90.0
ALIGNN-FF,581,90.0
ALIGNN-FF,582,90.0
ALIGNN-FF,583,90.0
ALIGNN-FF,584,90.0
ALIGNN-FF,585,90.0
ALIGNN-FF,586,90.0
ALIGNN-FF,587,90.0
ALIGNN-FF,588,90.0
ALIGNN-FF,589,90.0
ALIGNN-FF,590,91.0
ALIGNN-FF,591,92.0
ALIGNN-FF,592,92.0
ALIGNN-FF,593,92.0
ALIGNN-FF,594,92.0
ALIGNN-FF,595,92.0
ALIGNN-FF,596,92.0
ALIGNN-FF,597,92.0
ALIGNN-FF,598,92.0
ALIGNN-FF,599,93.0
ALIGNN-FF,600,94.0
ALIGNN-FF,601,94.0
ALIGNN-FF,602,94.0
ALIGNN-FF,603,94.0
ALIGNN-FF,604,94.0
ALIGNN-FF,605,94.0
ALIGNN-FF,606,95.0
ALIGNN-FF,607,96.0
ALIGNN-FF,608,96.0
ALIGNN-FF,609,96.0
ALIGNN-FF,610,97.0
ALIGNN-FF,611,98.0
ALIGNN-FF,612,98.0
ALIGNN-FF,613,98.0
ALIGNN-FF,614,99.0
ALIGNN-FF,615,100.0
ALIGNN-FF,616,100.0
ALIGNN-FF,617,100.0
ALIGNN-FF,618,100.0
ALIGNN-FF,619,100.0
ALIGNN-FF,620,100.0
ALIGNN-FF,621,101.0
ALIGNN-FF,622,100.0
ALIGNN-FF,623,100.0
ALIGNN-FF,624,100.0
ALIGNN-FF,625,100.0
ALIGNN-FF,626,100.0
ALIGNN-FF,627,100.0
ALIGNN-FF,628,100.0
ALIGNN-FF,629,100.0
ALIGNN-FF,630,101.0
ALIGNN-FF,631,102.0
ALIGNN-FF,632,102.0
ALIGNN-FF,633,103.0
ALIGNN-FF,634,103.0
ALIGNN-FF,635,104.0
ALIGNN-FF,636,104.0
ALIGNN-FF,637,104.0
ALIGNN-FF,638,104.0
ALIGNN-FF,639,104.0
ALIGNN-FF,640,104.0
ALIGNN-FF,641,105.0
ALIGNN-FF,642,104.0
ALIGNN-FF,643,105.0
ALIGNN-FF,644,106.0
ALIGNN-FF,645,106.0
ALIGNN-FF,646,106.0
ALIGNN-FF,647,106.0
ALIGNN-FF,648,106.0
ALIGNN-FF,649,106.0
ALIGNN-FF,650,106.0
ALIGNN-FF,651,106.0
ALIGNN-FF,652,106.0
ALIGNN-FF,653,106.0
ALIGNN-FF,654,106.0
ALIGNN-FF,655,107.0
ALIGNN-FF,656,107.0
ALIGNN-FF,657,108.0
ALIGNN-FF,658,109.0
ALIGNN-FF,659,109.0
ALIGNN-FF,660,109.0
ALIGNN-FF,661,109.0
ALIGNN-FF,662,109.0
ALIGNN-FF,663,109.0
ALIGNN-FF,664,109.0
ALIGNN-FF,665,109.0
ALIGNN-FF,666,109.0
ALIGNN-FF,667,109.0
ALIGNN-FF,668,109.0
ALIGNN-FF,669,109.0
ALIGNN-FF,670,109.0
ALIGNN-FF,671,109.0
ALIGNN-FF,672,109.0
ALIGNN-FF,673,110.0
ALIGNN-FF,674,110.0
ALIGNN-FF,675,111.0
ALIGNN-FF,676,111.0
ALIGNN-FF,677,111.0
ALIGNN-FF,678,112.0
ALIGNN-FF,679,112.0
ALIGNN-FF,680,112.0
ALIGNN-FF,681,112.0
ALIGNN-FF,682,113.0
ALIGNN-FF,683,113.0
ALIGNN-FF,684,113.0
ALIGNN-FF,685,113.0
ALIGNN-FF,686,113.0
ALIGNN-FF,687,113.0
ALIGNN-FF,688,113.0
ALIGNN-FF,689,113.0
ALIGNN-FF,690,113.0
ALIGNN-FF,691,113.0
ALIGNN-FF,692,113.0
ALIGNN-FF,693,113.0
ALIGNN-FF,694,113.0
ALIGNN-FF,695,113.0
ALIGNN-FF,696,112.0
ALIGNN-FF,697,113.0
ALIGNN-FF,698,114.0
ALIGNN-FF,699,114.0
ALIGNN-FF,700,114.0
ALIGNN-FF,701,114.0
ALIGNN-FF,702,114.0
ALIGNN-FF,703,115.0
ALIGNN-FF,704,115.0
ALIGNN-FF,705,115.0
ALIGNN-FF,706,115.0
ALIGNN-FF,707,115.0
ALIGNN-FF,708,115.0
ALIGNN-FF,709,115.0
ALIGNN-FF,710,115.0
ALIGNN-FF,711,116.0
ALIGNN-FF,712,116.0
ALIGNN-FF,713,117.0
ALIGNN-FF,714,117.0
ALIGNN-FF,715,117.0
ALIGNN-FF,716,117.0
ALIGNN-FF,717,117.0
ALIGNN-FF,718,117.0
ALIGNN-FF,719,117.0
ALIGNN-FF,720,117.0
ALIGNN-FF,721,118.0
ALIGNN-FF,722,118.0
ALIGNN-FF,723,118.0
ALIGNN-FF,724,118.0
ALIGNN-FF,725,118.0
ALIGNN-FF,726,118.0
ALIGNN-FF,727,118.0
ALIGNN-FF,728,118.0
ALIGNN-FF,729,119.0
ALIGNN-FF,730,119.0
ALIGNN-FF,731,119.0
ALIGNN-FF,732,119.0
ALIGNN-FF,733,120.0
ALIGNN-FF,734,119.0
ALIGNN-FF,735,119.0
ALIGNN-FF,736,119.0
ALIGNN-FF,737,119.0
ALIGNN-FF,738,119.0
ALIGNN-FF,739,119.0
ALIGNN-FF,740,119.0
ALIGNN-FF,741,120.0
ALIGNN-FF,742,121.0
ALIGNN-FF,743,121.0
ALIGNN-FF,744,121.0
ALIGNN-FF,745,121.0
ALIGNN-FF,746,121.0
ALIGNN-FF,747,121.0
ALIGNN-FF,748,121.0
ALIGNN-FF,749,121.0
ALIGNN-FF,750,121.0
ALIGNN-FF,751,121.0
ALIGNN-FF,752,121.0
ALIGNN-FF,753,121.0
ALIGNN-FF,754,121.0
ALIGNN-FF,755,121.0
ALIGNN-FF,756,121.0
ALIGNN-FF,757,121.0
ALIGNN-FF,758,121.0
ALIGNN-FF,759,122.0
ALIGNN-FF,760,123.0
ALIGNN-FF,761,123.0
ALIGNN-FF,762,123.0
ALIGNN-FF,763,123.0
ALIGNN-FF,764,123.0
ALIGNN-FF,765,124.0
ALIGNN-FF,766,124.0
ALIGNN-FF,767,124.0
ALIGNN-FF,768,124.0
ALIGNN-FF,769,124.0
ALIGNN-FF,770,124.0
ALIGNN-FF,771,124.0
ALIGNN-FF,772,124.0
ALIGNN-FF,773,124.0
ALIGNN-FF,774,124.0
ALIGNN-FF,775,124.0
ALIGNN-FF,776,124.0
ALIGNN-FF,777,123.0
ALIGNN-FF,778,123.0
ALIGNN-FF,779,123.0
ALIGNN-FF,780,124.0
ALIGNN-FF,781,124.0
ALIGNN-FF,782,124.0
ALIGNN-FF,783,125.0
ALIGNN-FF,784,125.0
ALIGNN-FF,785,125.0
ALIGNN-FF,786,126.0
ALIGNN-FF,787,126.0
ALIGNN-FF,788,127.0
ALIGNN-FF,789,127.0
ALIGNN-FF,790,128.0
ALIGNN-FF,791,128.0
ALIGNN-FF,792,128.0
ALIGNN-FF,793,129.0
ALIGNN-FF,794,129.0
ALIGNN-FF,795,129.0
ALIGNN-FF,796,129.0
ALIGNN-FF,797,129.0
ALIGNN-FF,798,130.0
ALIGNN-FF,799,130.0
ALIGNN-FF,800,130.0
ALIGNN-FF,801,130.0
ALIGNN-FF,802,131.0
ALIGNN-FF,803,131.0
ALIGNN-FF,804,131.0
ALIGNN-FF,805,131.0
ALIGNN-FF,806,132.0
ALIGNN-FF,807,132.0
ALIGNN-FF,808,132.0
ALIGNN-FF,809,132.0
ALIGNN-FF,810,132.0
ALIGNN-FF,811,133.0
ALIGNN-FF,812,133.0
ALIGNN-FF,813,133.0
ALIGNN-FF,814,134.0
ALIGNN-FF,815,134.0
ALIGNN-FF,816,134.0
ALIGNN-FF,817,134.0
ALIGNN-FF,818,134.0
ALIGNN-FF,819,134.0
ALIGNN-FF,820,134.0
ALIGNN-FF,821,134.0
ALIGNN-FF,822,134.0
ALIGNN-FF,823,134.0
ALIGNN-FF,824,134.0
ALIGNN-FF,825,134.0
ALIGNN-FF,826,134.0
ALIGNN-FF,827,134.0
ALIGNN-FF,828,134.0
ALIGNN-FF,829,134.0
ALIGNN-FF,830,134.0
ALIGNN-FF,831,133.0
ALIGNN-FF,832,133.0
ALIGNN-FF,833,133.0
ALIGNN-FF,834,133.0
ALIGNN-FF,835,133.0
ALIGNN-FF,836,133.0
ALIGNN-FF,837,133.0
ALIGNN-FF,838,133.0
ALIGNN-FF,839,133.0
ALIGNN-FF,840,134.0
ALIGNN-FF,841,134.0
ALIGNN-FF,842,135.0
ALIGNN-FF,843,135.0
ALIGNN-FF,844,135.0
ALIGNN-FF,845,135.0
ALIGNN-FF,846,135.0
ALIGNN-FF,847,135.0
ALIGNN-FF,848,135.0
ALIGNN-FF,849,135.0
ALIGNN-FF,850,135.0
ALIGNN-FF,851,135.0
ALIGNN-FF,852,135.0
ALIGNN-FF,853,135.0
ALIGNN-FF,854,135.0
ALIGNN-FF,855,135.0
ALIGNN-FF,856,135.0
ALIGNN-FF,857,135.0
ALIGNN-FF,858,136.0
ALIGNN-FF,859,136.0
ALIGNN-FF,860,136.0
ALIGNN-FF,861,136.0
ALIGNN-FF,862,136.0
ALIGNN-FF,863,136.0
ALIGNN-FF,864,136.0
ALIGNN-FF,865,136.0
ALIGNN-FF,866,136.0
ALIGNN-FF,867,136.0
ALIGNN-FF,868,136.0
ALIGNN-FF,869,137.0
ALIGNN-FF,870,137.0
ALIGNN-FF,871,138.0
ALIGNN-FF,872,138.0
ALIGNN-FF,873,138.0
ALIGNN-FF,874,138.0
ALIGNN-FF,875,138.0
ALIGNN-FF,876,138.0
ALIGNN-FF,877,138.0
ALIGNN-FF,878,138.0
ALIGNN-FF,879,138.0
ALIGNN-FF,880,138.0
ALIGNN-FF,881,138.0
ALIGNN-FF,882,138.0
ALIGNN-FF,883,138.0
ALIGNN-FF,884,138.0
ALIGNN-FF,885,138.0
ALIGNN-FF,886,138.0
ALIGNN-FF,887,138.0
ALIGNN-FF,888,138.0
ALIGNN-FF,889,138.0
ALIGNN-FF,890,138.0
ALIGNN-FF,891,138.0
ALIGNN-FF,892,139.0
ALIGNN-FF,893,139.0
ALIGNN-FF,894,139.0
ALIGNN-FF,895,139.0
ALIGNN-FF,896,138.0
ALIGNN-FF,897,138.0
ALIGNN-FF,898,138.0
ALIGNN-FF,899,138.0
ALIGNN-FF,900,139.0
ALIGNN-FF,901,139.0
ALIGNN-FF,902,139.0
ALIGNN-FF,903,139.0
ALIGNN-FF,904,138.0
ALIGNN-FF,905,138.0
ALIGNN-FF,906,138.0
ALIGNN-FF,907,138.0
ALIGNN-FF,908,138.0
ALIGNN-FF,909,138.0
ALIGNN-FF,910,138.0
ALIGNN-FF,911,139.0
ALIGNN-FF,912,139.0
ALIGNN-FF,913,139.0
ALIGNN-FF,914,139.0
ALIGNN-FF,915,139.0
ALIGNN-FF,916,139.0
ALIGNN-FF,917,139.0
ALIGNN-FF,918,139.0
ALIGNN-FF,919,139.0
ALIGNN-FF,920,139.0
ALIGNN-FF,921,139.0
ALIGNN-FF,922,140.0
ALIGNN-FF,923,140.0
ALIGNN-FF,924,140.0
ALIGNN-FF,925,140.0
ALIGNN-FF,926,140.0
ALIGNN-FF,927,140.0
ALIGNN-FF,928,140.0
ALIGNN-FF,929,141.0
ALIGNN-FF,930,141.0
ALIGNN-FF,931,141.0
ALIGNN-FF,932,142.0
ALIGNN-FF,933,142.0
ALIGNN-FF,934,142.0
ALIGNN-FF,935,142.0
ALIGNN-FF,936,143.0
ALIGNN-FF,937,143.0
ALIGNN-FF,938,143.0
ALIGNN-FF,939,143.0
ALIGNN-FF,940,143.0
ALIGNN-FF,941,144.0
ALIGNN-FF,942,143.0
ALIGNN-FF,943,143.0
ALIGNN-FF,944,144.0
ALIGNN-FF,945,144.0
ALIGNN-FF,946,144.0
ALIGNN-FF,947,144.0
ALIGNN-FF,948,144.0
ALIGNN-FF,949,144.0
ALIGNN-FF,950,144.0
ALIGNN-FF,951,144.0
ALIGNN-FF,952,145.0
ALIGNN-FF,953,145.0
ALIGNN-FF,954,146.0
ALIGNN-FF,955,146.0
ALIGNN-FF,956,146.0
ALIGNN-FF,957,147.0
ALIGNN-FF,958,147.0
ALIGNN-FF,959,147.0
ALIGNN-FF,960,147.0
ALIGNN-FF,961,148.0
ALIGNN-FF,962,148.0
ALIGNN-FF,963,149.0
ALIGNN-FF,964,148.0
ALIGNN-FF,965,148.0
ALIGNN-FF,966,149.0
ALIGNN-FF,967,150.0
ALIGNN-FF,968,149.0
ALIGNN-FF,969,149.0
ALIGNN-FF,970,149.0
ALIGNN-FF,971,150.0
ALIGNN-FF,972,150.0
ALIGNN-FF,973,149.0
ALIGNN-FF,974,150.0
ALIGNN-FF,975,150.0
ALIGNN-FF,976,150.0
ALIGNN-FF,977,150.0
ALIGNN-FF,978,151.0
ALIGNN-FF,979,152.0
ALIGNN-FF,980,152.0
ALIGNN-FF,981,152.0
ALIGNN-FF,982,152.0
ALIGNN-FF,983,152.0
ALIGNN-FF,984,153.0
ALIGNN-FF,985,153.0
ALIGNN-FF,986,154.0
ALIGNN-FF,987,154.0
ALIGNN-FF,988,154.0
ALIGNN-FF,989,154.0
ALIGNN-FF,990,155.0
ALIGNN-FF,991,155.0
ALIGNN-FF,992,155.0
ALIGNN-FF,993,155.0
ALIGNN-FF,994,156.0
ALIGNN-FF,995,156.0
ALIGNN-FF,996,156.0
ALIGNN-FF,997,156.0
ALIGNN-FF,998,156.0
ALIGNN-FF,999,156.0
ALIGNN-FF,1000,156.0
ALIGNN-FF,1001,157.0
ALIGNN-FF,1002,157.0
ALIGNN-FF,1003,157.0
ALIGNN-FF,1004,157.0
ALIGNN-FF,1005,157.0
ALIGNN-FF,1006,158.0
ALIGNN-FF,1007,158.0
ALIGNN-FF,1008,158.0
ALIGNN-FF,1009,158.0
ALIGNN-FF,1010,158.0
ALIGNN-FF,1011,158.0
ALIGNN-FF,1012,158.0
ALIGNN-FF,1013,158.0
ALIGNN-FF,1014,158.0
ALIGNN-FF,1015,158.0
ALIGNN-FF,1016,159.0
ALIGNN-FF,1017,159.0
ALIGNN-FF,1018,160.0
ALIGNN-FF,1019,160.0
ALIGNN-FF,1020,159.0
ALIGNN-FF,1021,159.0
ALIGNN-FF,1022,160.0
ALIGNN-FF,1023,160.0
ALIGNN-FF,1024,160.0
ALIGNN-FF,1025,161.0
ALIGNN-FF,1026,161.0
ALIGNN-FF,1027,161.0
ALIGNN-FF,1028,162.0
ALIGNN-FF,1029,162.0
ALIGNN-FF,1030,162.0
ALIGNN-FF,1031,162.0
ALIGNN-FF,1032,162.0
ALIGNN-FF,1033,162.0
ALIGNN-FF,1034,162.0
ALIGNN-FF,1035,162.0
ALIGNN-FF,1036,163.0
ALIGNN-FF,1037,163.0
ALIGNN-FF,1038,163.0
ALIGNN-FF,1039,163.0
ALIGNN-FF,1040,163.0
ALIGNN-FF,1041,163.0
ALIGNN-FF,1042,163.0
ALIGNN-FF,1043,163.0
ALIGNN-FF,1044,164.0
ALIGNN-FF,1045,164.0
ALIGNN-FF,1046,165.0
ALIGNN-FF,1047,165.0
ALIGNN-FF,1048,165.0
ALIGNN-FF,1049,165.0
ALIGNN-FF,1050,166.0
ALIGNN-FF,1051,166.0
ALIGNN-FF,1052,166.0
ALIGNN-FF,1053,166.0
ALIGNN-FF,1054,166.0
ALIGNN-FF,1055,165.0
ALIGNN-FF,1056,166.0
ALIGNN-FF,1057,166.0
ALIGNN-FF,1058,167.0
ALIGNN-FF,1059,168.0
ALIGNN-FF,1060,169.0
ALIGNN-FF,1061,169.0
ALIGNN-FF,1062,170.0
ALIGNN-FF,1063,171.0
ALIGNN-FF,1064,172.0
ALIGNN-FF,1065,173.0
ALIGNN-FF,1066,173.0
ALIGNN-FF,1067,172.0
ALIGNN-FF,1068,172.0
ALIGNN-FF,1069,172.0
ALIGNN-FF,1070,172.0
ALIGNN-FF,1071,173.0
ALIGNN-FF,1072,174.0
ALIGNN-FF,1073,174.0
ALIGNN-FF,1074,174.0
ALIGNN-FF,1075,175.0
ALIGNN-FF,1076,175.0
ALIGNN-FF,1077,176.0
ALIGNN-FF,1078,176.0
ALIGNN-FF,1079,176.0
ALIGNN-FF,1080,176.0
ALIGNN-FF,1081,176.0
ALIGNN-FF,1082,177.0
ALIGNN-FF,1083,177.0
ALIGNN-FF,1084,177.0
ALIGNN-FF,1085,177.0
ALIGNN-FF,1086,176.0
ALIGNN-FF,1087,176.0
ALIGNN-FF,1088,176.0
ALIGNN-FF,1089,176.0
ALIGNN-FF,1090,177.0
ALIGNN-FF,1091,177.0
ALIGNN-FF,1092,177.0
ALIGNN-FF,1093,177.0
ALIGNN-FF,1094,177.0
ALIGNN-FF,1095,178.0
ALIGNN-FF,1096,178.0
ALIGNN-FF,1097,178.0
ALIGNN-FF,1098,179.0
ALIGNN-FF,1099,179.0
ALIGNN-FF,1100,179.0
ALIGNN-FF,1101,179.0
ALIGNN-FF,1102,179.0
ALIGNN-FF,1103,179.0
ALIGNN-FF,1104,179.0
ALIGNN-FF,1105,179.0
ALIGNN-FF,1106,179.0
ALIGNN-FF,1107,180.0
ALIGNN-FF,1108,180.0
ALIGNN-FF,1109,180.0
ALIGNN-FF,1110,180.0
ALIGNN-FF,1111,180.0
ALIGNN-FF,1112,180.0
ALIGNN-FF,1113,180.0
ALIGNN-FF,1114,180.0
ALIGNN-FF,1115,180.0
ALIGNN-FF,1116,179.0
ALIGNN-FF,1117,179.0
ALIGNN-FF,1118,179.0
ALIGNN-FF,1119,179.0
ALIGNN-FF,1120,179.0
ALIGNN-FF,1121,180.0
ALIGNN-FF,1122,180.0
ALIGNN-FF,1123,180.0
ALIGNN-FF,1124,179.0
ALIGNN-FF,1125,179.0
ALIGNN-FF,1126,179.0
ALIGNN-FF,1127,179.0
ALIGNN-FF,1128,180.0
ALIGNN-FF,1129,180.0
ALIGNN-FF,1130,180.0
ALIGNN-FF,1131,181.0
ALIGNN-FF,1132,181.0
ALIGNN-FF,1133,181.0
ALIGNN-FF,1134,181.0
ALIGNN-FF,1135,181.0
ALIGNN-FF,1136,181.0
ALIGNN-FF,1137,181.0
ALIGNN-FF,1138,181.0
ALIGNN-FF,1139,181.0
ALIGNN-FF,1140,181.0
ALIGNN-FF,1141,181.0
ALIGNN-FF,1142,181.0
ALIGNN-FF,1143,182.0
ALIGNN-FF,1144,182.0
ALIGNN-FF,1145,182.0
ALIGNN-FF,1146,182.0
ALIGNN-FF,1147,183.0
ALIGNN-FF,1148,184.0
ALIGNN-FF,1149,184.0
ALIGNN-FF,1150,184.0
ALIGNN-FF,1151,184.0
ALIGNN-FF,1152,185.0
ALIGNN-FF,1153,185.0
ALIGNN-FF,1154,185.0
ALIGNN-FF,1155,185.0
ALIGNN-FF,1156,186.0
ALIGNN-FF,1157,186.0
ALIGNN-FF,1158,186.0
ALIGNN-FF,1159,187.0
ALIGNN-FF,1160,187.0
ALIGNN-FF,1161,188.0
ALIGNN-FF,1162,188.0
ALIGNN-FF,1163,188.0
ALIGNN-FF,1164,188.0
ALIGNN-FF,1165,188.0
ALIGNN-FF,1166,188.0
ALIGNN-FF,1167,188.0
ALIGNN-FF,1168,189.0
ALIGNN-FF,1169,189.0
ALIGNN-FF,1170,190.0
ALIGNN-FF,1171,190.0
ALIGNN-FF,1172,190.0
ALIGNN-FF,1173,191.0
ALIGNN-FF,1174,191.0
ALIGNN-FF,1175,191.0
ALIGNN-FF,1176,191.0
ALIGNN-FF,1177,191.0
ALIGNN-FF,1178,191.0
ALIGNN-FF,1179,191.0
ALIGNN-FF,1180,192.0
ALIGNN-FF,1181,192.0
ALIGNN-FF,1182,192.0
ALIGNN-FF,1183,192.0
ALIGNN-FF,1184,192.0
ALIGNN-FF,1185,192.0
ALIGNN-FF,1186,193.0
ALIGNN-FF,1187,193.0
ALIGNN-FF,1188,193.0
ALIGNN-FF,1189,193.0
ALIGNN-FF,1190,193.0
ALIGNN-FF,1191,193.0
ALIGNN-FF,1192,194.0
ALIGNN-FF,1193,194.0
ALIGNN-FF,1194,194.0
ALIGNN-FF,1195,194.0
ALIGNN-FF,1196,194.0
ALIGNN-FF,1197,194.0
ALIGNN-FF,1198,194.0
ALIGNN-FF,1199,193.0
ALIGNN-FF,1200,193.0
ALIGNN-FF,1201,193.0
ALIGNN-FF,1202,193.0
ALIGNN-FF,1203,193.0
ALIGNN-FF,1204,193.0
ALIGNN-FF,1205,192.0
ALIGNN-FF,1206,192.0
ALIGNN-FF,1207,192.0
ALIGNN-FF,1208,192.0
ALIGNN-FF,1209,192.0
ALIGNN-FF,1210,192.0
ALIGNN-FF,1211,192.0
ALIGNN-FF,1212,192.0
ALIGNN-FF,1213,192.0
ALIGNN-FF,1214,192.0
ALIGNN-FF,1215,192.0
ALIGNN-FF,1216,192.0
ALIGNN-FF,1217,192.0
ALIGNN-FF,1218,192.0
ALIGNN-FF,1219,191.0
ALIGNN-FF,1220,191.0
ALIGNN-FF,1221,191.0
ALIGNN-FF,1222,191.0
ALIGNN-FF,1223,192.0
ALIGNN-FF,1224,193.0
ALIGNN-FF,1225,193.0
ALIGNN-FF,1226,193.0
ALIGNN-FF,1227,193.0
ALIGNN-FF,1228,194.0
ALIGNN-FF,1229,194.0
ALIGNN-FF,1230,194.0
ALIGNN-FF,1231,194.0
ALIGNN-FF,1232,194.0
ALIGNN-FF,1233,194.0
ALIGNN-FF,1234,194.0
ALIGNN-FF,1235,195.0
ALIGNN-FF,1236,196.0
ALIGNN-FF,1237,196.0
ALIGNN-FF,1238,196.0
ALIGNN-FF,1239,196.0
ALIGNN-FF,1240,196.0
ALIGNN-FF,1241,196.0
ALIGNN-FF,1242,197.0
ALIGNN-FF,1243,197.0
ALIGNN-FF,1244,197.0
ALIGNN-FF,1245,197.0
ALIGNN-FF,1246,197.0
ALIGNN-FF,1247,198.0
ALIGNN-FF,1248,198.0
ALIGNN-FF,1249,198.0
ALIGNN-FF,1250,199.0
ALIGNN-FF,1251,200.0
ALIGNN-FF,1252,200.0
ALIGNN-FF,1253,200.0
ALIGNN-FF,1254,201.0
ALIGNN-FF,1255,201.0
ALIGNN-FF,1256,201.0
ALIGNN-FF,1257,200.0
ALIGNN-FF,1258,200.0
ALIGNN-FF,1259,200.0
ALIGNN-FF,1260,200.0
ALIGNN-FF,1261,200.0
ALIGNN-FF,1262,199.0
ALIGNN-FF,1263,200.0
ALIGNN-FF,1264,200.0
ALIGNN-FF,1265,200.0
ALIGNN-FF,1266,200.0
ALIGNN-FF,1267,200.0
ALIGNN-FF,1268,201.0
ALIGNN-FF,1269,201.0
ALIGNN-FF,1270,201.0
ALIGNN-FF,1271,201.0
ALIGNN-FF,1272,202.0
ALIGNN-FF,1273,202.0
ALIGNN-FF,1274,202.0
ALIGNN-FF,1275,202.0
ALIGNN-FF,1276,202.0
ALIGNN-FF,1277,203.0
ALIGNN-FF,1278,203.0
ALIGNN-FF,1279,203.0
ALIGNN-FF,1280,203.0
ALIGNN-FF,1281,203.0
ALIGNN-FF,1282,203.0
ALIGNN-FF,1283,203.0
ALIGNN-FF,1284,203.0
ALIGNN-FF,1285,203.0
ALIGNN-FF,1286,203.0
ALIGNN-FF,1287,204.0
ALIGNN-FF,1288,204.0
ALIGNN-FF,1289,204.0
ALIGNN-FF,1290,204.0
ALIGNN-FF,1291,204.0
ALIGNN-FF,1292,204.0
ALIGNN-FF,1293,204.0
ALIGNN-FF,1294,204.0
ALIGNN-FF,1295,204.0
ALIGNN-FF,1296,204.0
ALIGNN-FF,1297,204.0
ALIGNN-FF,1298,205.0
ALIGNN-FF,1299,205.0
ALIGNN-FF,1300,205.0
ALIGNN-FF,1301,206.0
ALIGNN-FF,1302,206.0
ALIGNN-FF,1303,206.0
ALIGNN-FF,1304,205.0
ALIGNN-FF,1305,205.0
ALIGNN-FF,1306,205.0
ALIGNN-FF,1307,205.0
ALIGNN-FF,1308,206.0
ALIGNN-FF,1309,206.0
ALIGNN-FF,1310,206.0
ALIGNN-FF,1311,206.0
ALIGNN-FF,1312,206.0
ALIGNN-FF,1313,206.0
ALIGNN-FF,1314,206.0
ALIGNN-FF,1315,207.0
ALIGNN-FF,1316,207.0
ALIGNN-FF,1317,208.0
ALIGNN-FF,1318,208.0
ALIGNN-FF,1319,209.0
ALIGNN-FF,1320,209.0
ALIGNN-FF,1321,210.0
ALIGNN-FF,1322,209.0
ALIGNN-FF,1323,210.0
ALIGNN-FF,1324,210.0
ALIGNN-FF,1325,210.0
ALIGNN-FF,1326,210.0
ALIGNN-FF,1327,210.0
ALIGNN-FF,1328,210.0
ALIGNN-FF,1329,209.0
ALIGNN-FF,1330,209.0
ALIGNN-FF,1331,209.0
ALIGNN-FF,1332,209.0
ALIGNN-FF,1333,209.0
ALIGNN-FF,1334,209.0
ALIGNN-FF,1335,210.0
ALIGNN-FF,1336,210.0
ALIGNN-FF,1337,210.0
ALIGNN-FF,1338,210.0
ALIGNN-FF,1339,210.0
ALIGNN-FF,1340,210.0
ALIGNN-FF,1341,210.0
ALIGNN-FF,1342,210.0
ALIGNN-FF,1343,210.0
ALIGNN-FF,1344,210.0
ALIGNN-FF,1345,210.0
ALIGNN-FF,1346,211.0
ALIGNN-FF,1347,211.0
ALIGNN-FF,1348,211.0
ALIGNN-FF,1349,212.0
ALIGNN-FF,1350,212.0
ALIGNN-FF,1351,212.0
ALIGNN-FF,1352,212.0
ALIGNN-FF,1353,212.0
ALIGNN-FF,1354,213.0
ALIGNN-FF,1355,213.0
ALIGNN-FF,1356,213.0
ALIGNN-FF,1357,212.0
ALIGNN-FF,1358,212.0
ALIGNN-FF,1359,212.0
ALIGNN-FF,1360,213.0
ALIGNN-FF,1361,213.0
ALIGNN-FF,1362,213.0
ALIGNN-FF,1363,213.0
ALIGNN-FF,1364,213.0
ALIGNN-FF,1365,213.0
ALIGNN-FF,1366,213.0
ALIGNN-FF,1367,213.0
ALIGNN-FF,1368,213.0
ALIGNN-FF,1369,214.0
ALIGNN-FF,1370,214.0
ALIGNN-FF,1371,214.0
ALIGNN-FF,1372,214.0
ALIGNN-FF,1373,214.0
ALIGNN-FF,1374,214.0
ALIGNN-FF,1375,214.0
ALIGNN-FF,1376,213.0
ALIGNN-FF,1377,214.0
ALIGNN-FF,1378,214.0
ALIGNN-FF,1379,214.0
ALIGNN-FF,1380,213.0
ALIGNN-FF,1381,213.0
ALIGNN-FF,1382,213.0
ALIGNN-FF,1383,214.0
ALIGNN-FF,1384,214.0
ALIGNN-FF,1385,214.0
ALIGNN-FF,1386,214.0
ALIGNN-FF,1387,214.0
ALIGNN-FF,1388,214.0
ALIGNN-FF,1389,214.0
ALIGNN-FF,1390,214.0
ALIGNN-FF,1391,214.0
ALIGNN-FF,1392,214.0
ALIGNN-FF,1393,214.0
ALIGNN-FF,1394,215.0
ALIGNN-FF,1395,216.0
ALIGNN-FF,1396,216.0
ALIGNN-FF,1397,216.0
ALIGNN-FF,1398,216.0
ALIGNN-FF,1399,216.0
ALIGNN-FF,1400,216.0
ALIGNN-FF,1401,216.0
ALIGNN-FF,1402,216.0
ALIGNN-FF,1403,216.0
ALIGNN-FF,1404,216.0
ALIGNN-FF,1405,216.0
ALIGNN-FF,1406,216.0
ALIGNN-FF,1407,216.0
ALIGNN-FF,1408,216.0
ALIGNN-FF,1409,216.0
ALIGNN-FF,1410,216.0
ALIGNN-FF,1411,216.0
ALIGNN-FF,1412,216.0
ALIGNN-FF,1413,216.0
ALIGNN-FF,1414,217.0
ALIGNN-FF,1415,217.0
ALIGNN-FF,1416,218.0
ALIGNN-FF,1417,218.0
ALIGNN-FF,1418,218.0
ALIGNN-FF,1419,219.0
ALIGNN-FF,1420,220.0
ALIGNN-FF,1421,220.0
ALIGNN-FF,1422,220.0
ALIGNN-FF,1423,220.0
ALIGNN-FF,1424,220.0
ALIGNN-FF,1425,220.0
ALIGNN-FF,1426,220.0
ALIGNN-FF,1427,220.0
ALIGNN-FF,1428,220.0
ALIGNN-FF,1429,221.0
ALIGNN-FF,1430,222.0
ALIGNN-FF,1431,222.0
ALIGNN-FF,1432,222.0
ALIGNN-FF,1433,223.0
ALIGNN-FF,1434,223.0
ALIGNN-FF,1435,223.0
ALIGNN-FF,1436,223.0
ALIGNN-FF,1437,223.0
ALIGNN-FF,1438,223.0
ALIGNN-FF,1439,223.0
ALIGNN-FF,1440,224.0
ALIGNN-FF,1441,225.0
ALIGNN-FF,1442,225.0
ALIGNN-FF,1443,226.0
ALIGNN-FF,1444,226.0
ALIGNN-FF,1445,226.0
ALIGNN-FF,1446,226.0
ALIGNN-FF,1447,226.0
ALIGNN-FF,1448,226.0
ALIGNN-FF,1449,226.0
ALIGNN-FF,1450,226.0
ALIGNN-FF,1451,226.0
ALIGNN-FF,1452,226.0
ALIGNN-FF,1453,226.0
ALIGNN-FF,1454,226.0
ALIGNN-FF,1455,226.0
ALIGNN-FF,1456,226.0
ALIGNN-FF,1457,226.0
ALIGNN-FF,1458,226.0
ALIGNN-FF,1459,225.0
ALIGNN-FF,1460,225.0
ALIGNN-FF,1461,224.0
ALIGNN-FF,1462,224.0
ALIGNN-FF,1463,225.0
ALIGNN-FF,1464,226.0
ALIGNN-FF,1465,226.0
ALIGNN-FF,1466,226.0
ALIGNN-FF,1467,226.0
ALIGNN-FF,1468,227.0
ALIGNN-FF,1469,227.0
ALIGNN-FF,1470,227.0
ALIGNN-FF,1471,226.0
ALIGNN-FF,1472,227.0
ALIGNN-FF,1473,227.0
ALIGNN-FF,1474,227.0
ALIGNN-FF,1475,227.0
ALIGNN-FF,1476,228.0
ALIGNN-FF,1477,228.0
ALIGNN-FF,1478,228.0
ALIGNN-FF,1479,228.0
ALIGNN-FF,1480,228.0
ALIGNN-FF,1481,228.0
ALIGNN-FF,1482,229.0
ALIGNN-FF,1483,229.0
ALIGNN-FF,1484,230.0
ALIGNN-FF,1485,230.0
ALIGNN-FF,1486,230.0
ALIGNN-FF,1487,230.0
ALIGNN-FF,1488,231.0
ALIGNN-FF,1489,231.0
ALIGNN-FF,1490,231.0
ALIGNN-FF,1491,231.0
ALIGNN-FF,1492,231.0
ALIGNN-FF,1493,232.0
ALIGNN-FF,1494,232.0
ALIGNN-FF,1495,232.0
ALIGNN-FF,1496,232.0
ALIGNN-FF,1497,232.0
ALIGNN-FF,1498,233.0
ALIGNN-FF,1499,234.0
ALIGNN-FF,1500,234.0
ALIGNN-FF,1501,234.0
ALIGNN-FF,1502,234.0
ALIGNN-FF,1503,234.0
ALIGNN-FF,1504,234.0
ALIGNN-FF,1505,234.0
ALIGNN-FF,1506,235.0
ALIGNN-FF,1507,235.0
ALIGNN-FF,1508,234.0
ALIGNN-FF,1509,235.0
ALIGNN-FF,1510,235.0
ALIGNN-FF,1511,235.0
ALIGNN-FF,1512,235.0
ALIGNN-FF,1513,235.0
ALIGNN-FF,1514,235.0
ALIGNN-FF,1515,235.0
ALIGNN-FF,1516,235.0
ALIGNN-FF,1517,234.0
ALIGNN-FF,1518,234.0
ALIGNN-FF,1519,234.0
ALIGNN-FF,1520,235.0
ALIGNN-FF,1521,236.0
ALIGNN-FF,1522,237.0
ALIGNN-FF,1523,237.0
ALIGNN-FF,1524,238.0
ALIGNN-FF,1525,238.0
ALIGNN-FF,1526,238.0
ALIGNN-FF,1527,238.0
ALIGNN-FF,1528,238.0
ALIGNN-FF,1529,239.0
ALIGNN-FF,1530,239.0
ALIGNN-FF,1531,239.0
ALIGNN-FF,1532,239.0
ALIGNN-FF,1533,240.0
ALIGNN-FF,1534,240.0
ALIGNN-FF,1535,240.0
ALIGNN-FF,1536,240.0
ALIGNN-FF,1537,240.0
ALIGNN-FF,1538,240.0
ALIGNN-FF,1539,240.0
ALIGNN-FF,1540,240.0
ALIGNN-FF,1541,241.0
ALIGNN-FF,1542,241.0
ALIGNN-FF,1543,241.0
ALIGNN-FF,1544,241.0
ALIGNN-FF,1545,241.0
ALIGNN-FF,1546,242.0
ALIGNN-FF,1547,243.0
ALIGNN-FF,1548,243.0
ALIGNN-FF,1549,243.0
ALIGNN-FF,1550,243.0
ALIGNN-FF,1551,242.0
ALIGNN-FF,1552,242.0
ALIGNN-FF,1553,243.0
ALIGNN-FF,1554,243.0
ALIGNN-FF,1555,243.0
ALIGNN-FF,1556,243.0
ALIGNN-FF,1557,243.0
ALIGNN-FF,1558,243.0
ALIGNN-FF,1559,243.0
ALIGNN-FF,1560,244.0
ALIGNN-FF,1561,244.0
ALIGNN-FF,1562,244.0
ALIGNN-FF,1563,244.0
ALIGNN-FF,1564,244.0
ALIGNN-FF,1565,244.0
ALIGNN-FF,1566,244.0
ALIGNN-FF,1567,244.0
ALIGNN-FF,1568,245.0
ALIGNN-FF,1569,245.0
ALIGNN-FF,1570,245.0
ALIGNN-FF,1571,245.0
ALIGNN-FF,1572,245.0
ALIGNN-FF,1573,245.0
ALIGNN-FF,1574,246.0
ALIGNN-FF,1575,246.0
ALIGNN-FF,1576,246.0
ALIGNN-FF,1577,246.0
ALIGNN-FF,1578,246.0
ALIGNN-FF,1579,246.0
ALIGNN-FF,1580,246.0
ALIGNN-FF,1581,246.0
ALIGNN-FF,1582,246.0
ALIGNN-FF,1583,246.0
ALIGNN-FF,1584,246.0
ALIGNN-FF,1585,246.0
ALIGNN-FF,1586,246.0
ALIGNN-FF,1587,246.0
ALIGNN-FF,1588,246.0
ALIGNN-FF,1589,246.0
ALIGNN-FF,1590,246.0
ALIGNN-FF,1591,246.0
ALIGNN-FF,1592,246.0
ALIGNN-FF,1593,246.0
ALIGNN-FF,1594,246.0
ALIGNN-FF,1595,246.0
ALIGNN-FF,1596,246.0
ALIGNN-FF,1597,247.0
ALIGNN-FF,1598,247.0
ALIGNN-FF,1599,247.0
ALIGNN-FF,1600,246.0
ALIGNN-FF,1601,246.0
ALIGNN-FF,1602,246.0
ALIGNN-FF,1603,247.0
ALIGNN-FF,1604,247.0
ALIGNN-FF,1605,247.0
ALIGNN-FF,1606,247.0
ALIGNN-FF,1607,247.0
ALIGNN-FF,1608,246.0
ALIGNN-FF,1609,246.0
ALIGNN-FF,1610,246.0
ALIGNN-FF,1611,246.0
ALIGNN-FF,1612,247.0
ALIGNN-FF,1613,247.0
ALIGNN-FF,1614,247.0
ALIGNN-FF,1615,248.0
ALIGNN-FF,1616,248.0
ALIGNN-FF,1617,248.0
ALIGNN-FF,1618,248.0
ALIGNN-FF,1619,248.0
ALIGNN-FF,1620,249.0
ALIGNN-FF,1621,250.0
ALIGNN-FF,1622,250.0
ALIGNN-FF,1623,249.0
ALIGNN-FF,1624,249.0
ALIGNN-FF,1625,249.0
ALIGNN-FF,1626,249.0
ALIGNN-FF,1627,249.0
ALIGNN-FF,1628,249.0
ALIGNN-FF,1629,249.0
ALIGNN-FF,1630,250.0
ALIGNN-FF,1631,250.0
ALIGNN-FF,1632,250.0
ALIGNN-FF,1633,250.0
ALIGNN-FF,1634,251.0
ALIGNN-FF,1635,251.0
ALIGNN-FF,1636,251.0
ALIGNN-FF,1637,251.0
ALIGNN-FF,1638,251.0
ALIGNN-FF,1639,251.0
ALIGNN-FF,1640,251.0
ALIGNN-FF,1641,251.0
ALIGNN-FF,1642,252.0
ALIGNN-FF,1643,252.0
ALIGNN-FF,1644,252.0
ALIGNN-FF,1645,251.0
ALIGNN-FF,1646,251.0
ALIGNN-FF,1647,251.0
ALIGNN-FF,1648,252.0
ALIGNN-FF,1649,252.0
ALIGNN-FF,1650,252.0
ALIGNN-FF,1651,253.0
ALIGNN-FF,1652,253.0
ALIGNN-FF,1653,253.0
ALIGNN-FF,1654,253.0
ALIGNN-FF,1655,254.0
ALIGNN-FF,1656,254.0
ALIGNN-FF,1657,254.0
ALIGNN-FF,1658,255.0
ALIGNN-FF,1659,255.0
ALIGNN-FF,1660,255.0
ALIGNN-FF,1661,255.0
ALIGNN-FF,1662,255.0
ALIGNN-FF,1663,255.0
ALIGNN-FF,1664,255.0
ALIGNN-FF,1665,255.0
ALIGNN-FF,1666,255.0
ALIGNN-FF,1667,255.0
ALIGNN-FF,1668,255.0
ALIGNN-FF,1669,255.0
ALIGNN-FF,1670,255.0
ALIGNN-FF,1671,255.0
ALIGNN-FF,1672,256.0
ALIGNN-FF,1673,256.0
ALIGNN-FF,1674,256.0
ALIGNN-FF,1675,256.0
ALIGNN-FF,1676,255.0
ALIGNN-FF,1677,255.0
ALIGNN-FF,1678,256.0
ALIGNN-FF,1679,257.0
ALIGNN-FF,1680,257.0
ALIGNN-FF,1681,258.0
ALIGNN-FF,1682,258.0
ALIGNN-FF,1683,258.0
ALIGNN-FF,1684,258.0
ALIGNN-FF,1685,258.0
ALIGNN-FF,1686,258.0
ALIGNN-FF,1687,258.0
ALIGNN-FF,1688,258.0
ALIGNN-FF,1689,258.0
ALIGNN-FF,1690,258.0
ALIGNN-FF,1691,258.0
ALIGNN-FF,1692,258.0
ALIGNN-FF,1693,257.0
ALIGNN-FF,1694,257.0
ALIGNN-FF,1695,258.0
ALIGNN-FF,1696,258.0
ALIGNN-FF,1697,258.0
ALIGNN-FF,1698,258.0
ALIGNN-FF,1699,258.0
ALIGNN-FF,1700,258.0
ALIGNN-FF,1701,257.0
ALIGNN-FF,1702,257.0
ALIGNN-FF,1703,257.0
ALIGNN-FF,1704,257.0
ALIGNN-FF,1705,257.0
ALIGNN-FF,1706,257.0
ALIGNN-FF,1707,257.0
ALIGNN-FF,1708,257.0
ALIGNN-FF,1709,257.0
ALIGNN-FF,1710,257.0
ALIGNN-FF,1711,257.0
ALIGNN-FF,1712,257.0
ALIGNN-FF,1713,258.0
ALIGNN-FF,1714,259.0
ALIGNN-FF,1715,259.0
ALIGNN-FF,1716,259.0
ALIGNN-FF,1717,260.0
ALIGNN-FF,1718,259.0
ALIGNN-FF,1719,259.0
ALIGNN-FF,1720,260.0
ALIGNN-FF,1721,261.0
ALIGNN-FF,1722,262.0
ALIGNN-FF,1723,262.0
ALIGNN-FF,1724,262.0
ALIGNN-FF,1725,262.0
ALIGNN-FF,1726,262.0
ALIGNN-FF,1727,263.0
ALIGNN-FF,1728,263.0
ALIGNN-FF,1729,263.0
ALIGNN-FF,1730,264.0
ALIGNN-FF,1731,264.0
ALIGNN-FF,1732,264.0
ALIGNN-FF,1733,264.0
ALIGNN-FF,1734,264.0
ALIGNN-FF,1735,264.0
ALIGNN-FF,1736,264.0
ALIGNN-FF,1737,264.0
ALIGNN-FF,1738,265.0
ALIGNN-FF,1739,265.0
ALIGNN-FF,1740,265.0
ALIGNN-FF,1741,266.0
ALIGNN-FF,1742,266.0
ALIGNN-FF,1743,267.0
ALIGNN-FF,1744,267.0
ALIGNN-FF,1745,267.0
ALIGNN-FF,1746,267.0
ALIGNN-FF,1747,267.0
ALIGNN-FF,1748,267.0
ALIGNN-FF,1749,267.0
ALIGNN-FF,1750,268.0
ALIGNN-FF,1751,268.0
ALIGNN-FF,1752,268.0
ALIGNN-FF,1753,268.0
ALIGNN-FF,1754,268.0
ALIGNN-FF,1755,269.0
ALIGNN-FF,1756,269.0
ALIGNN-FF,1757,269.0
ALIGNN-FF,1758,270.0
ALIGNN-FF,1759,270.0
ALIGNN-FF,1760,270.0
ALIGNN-FF,1761,270.0
ALIGNN-FF,1762,270.0
ALIGNN-FF,1763,270.0
ALIGNN-FF,1764,269.0
ALIGNN-FF,1765,269.0
ALIGNN-FF,1766,269.0
ALIGNN-FF,1767,269.0
ALIGNN-FF,1768,269.0
ALIGNN-FF,1769,269.0
ALIGNN-FF,1770,269.0
ALIGNN-FF,1771,269.0
ALIGNN-FF,1772,269.0
ALIGNN-FF,1773,269.0
ALIGNN-FF,1774,269.0
ALIGNN-FF,1775,269.0
ALIGNN-FF,1776,269.0
ALIGNN-FF,1777,269.0
ALIGNN-FF,1778,268.0
ALIGNN-FF,1779,268.0
ALIGNN-FF,1780,268.0
ALIGNN-FF,1781,268.0
ALIGNN-FF,1782,268.0
ALIGNN-FF,1783,268.0
ALIGNN-FF,1784,268.0
ALIGNN-FF,1785,268.0
ALIGNN-FF,1786,268.0
ALIGNN-FF,1787,267.0
ALIGNN-FF,1788,268.0
ALIGNN-FF,1789,269.0
ALIGNN-FF,1790,270.0
ALIGNN-FF,1791,270.0
ALIGNN-FF,1792,270.0
ALIGNN-FF,1793,270.0
ALIGNN-FF,1794,270.0
ALIGNN-FF,1795,270.0
ALIGNN-FF,1796,270.0
ALIGNN-FF,1797,270.0
ALIGNN-FF,1798,270.0
ALIGNN-FF,1799,270.0
ALIGNN-FF,1800,271.0
ALIGNN-FF,1801,271.0
ALIGNN-FF,1802,271.0
ALIGNN-FF,1803,272.0
ALIGNN-FF,1804,273.0
ALIGNN-FF,1805,273.0
ALIGNN-FF,1806,273.0
ALIGNN-FF,1807,273.0
ALIGNN-FF,1808,273.0
ALIGNN-FF,1809,273.0
ALIGNN-FF,1810,274.0
ALIGNN-FF,1811,274.0
ALIGNN-FF,1812,275.0
ALIGNN-FF,1813,275.0
ALIGNN-FF,1814,275.0
ALIGNN-FF,1815,275.0
ALIGNN-FF,1816,275.0
ALIGNN-FF,1817,275.0
ALIGNN-FF,1818,275.0
ALIGNN-FF,1819,275.0
ALIGNN-FF,1820,275.0
ALIGNN-FF,1821,276.0
ALIGNN-FF,1822,276.0
ALIGNN-FF,1823,276.0
ALIGNN-FF,1824,276.0
ALIGNN-FF,1825,276.0
ALIGNN-FF,1826,277.0
ALIGNN-FF,1827,278.0
ALIGNN-FF,1828,278.0
ALIGNN-FF,1829,278.0
ALIGNN-FF,1830,278.0
ALIGNN-FF,1831,278.0
ALIGNN-FF,1832,278.0
ALIGNN-FF,1833,278.0
ALIGNN-FF,1834,278.0
ALIGNN-FF,1835,278.0
ALIGNN-FF,1836,279.0
ALIGNN-FF,1837,279.0
ALIGNN-FF,1838,279.0
ALIGNN-FF,1839,279.0
ALIGNN-FF,1840,279.0
ALIGNN-FF,1841,279.0
ALIGNN-FF,1842,279.0
ALIGNN-FF,1843,279.0
ALIGNN-FF,1844,280.0
ALIGNN-FF,1845,280.0
ALIGNN-FF,1846,280.0
ALIGNN-FF,1847,280.0
ALIGNN-FF,1848,280.0
ALIGNN-FF,1849,280.0
ALIGNN-FF,1850,280.0
ALIGNN-FF,1851,281.0
ALIGNN-FF,1852,282.0
ALIGNN-FF,1853,282.0
ALIGNN-FF,1854,282.0
ALIGNN-FF,1855,283.0
ALIGNN-FF,1856,283.0
ALIGNN-FF,1857,283.0
ALIGNN-FF,1858,283.0
ALIGNN-FF,1859,283.0
ALIGNN-FF,1860,283.0
ALIGNN-FF,1861,283.0
ALIGNN-FF,1862,283.0
ALIGNN-FF,1863,283.0
ALIGNN-FF,1864,283.0
ALIGNN-FF,1865,283.0
ALIGNN-FF,1866,283.0
ALIGNN-FF,1867,283.0
ALIGNN-FF,1868,283.0
ALIGNN-FF,1869,283.0
ALIGNN-FF,1870,283.0
ALIGNN-FF,1871,283.0
ALIGNN-FF,1872,283.0
ALIGNN-FF,1873,283.0
ALIGNN-FF,1874,283.0
ALIGNN-FF,1875,284.0
ALIGNN-FF,1876,284.0
ALIGNN-FF,1877,285.0
ALIGNN-FF,1878,285.0
ALIGNN-FF,1879,285.0
ALIGNN-FF,1880,285.0
ALIGNN-FF,1881,285.0
ALIGNN-FF,1882,285.0
ALIGNN-FF,1883,285.0
ALIGNN-FF,1884,285.0
ALIGNN-FF,1885,285.0
ALIGNN-FF,1886,285.0
ALIGNN-FF,1887,285.0
ALIGNN-FF,1888,284.0
ALIGNN-FF,1889,284.0
ALIGNN-FF,1890,285.0
ALIGNN-FF,1891,285.0
ALIGNN-FF,1892,285.0
ALIGNN-FF,1893,285.0
ALIGNN-FF,1894,285.0
ALIGNN-FF,1895,285.0
ALIGNN-FF,1896,285.0
ALIGNN-FF,1897,285.0
ALIGNN-FF,1898,285.0
ALIGNN-FF,1899,286.0
ALIGNN-FF,1900,286.0
ALIGNN-FF,1901,286.0
ALIGNN-FF,1902,286.0
ALIGNN-FF,1903,286.0
ALIGNN-FF,1904,286.0
ALIGNN-FF,1905,286.0
ALIGNN-FF,1906,286.0
ALIGNN-FF,1907,286.0
ALIGNN-FF,1908,286.0
ALIGNN-FF,1909,287.0
ALIGNN-FF,1910,287.0
ALIGNN-FF,1911,287.0
ALIGNN-FF,1912,287.0
ALIGNN-FF,1913,287.0
ALIGNN-FF,1914,287.0
ALIGNN-FF,1915,288.0
ALIGNN-FF,1916,288.0
ALIGNN-FF,1917,288.0
ALIGNN-FF,1918,288.0
ALIGNN-FF,1919,289.0
ALIGNN-FF,1920,290.0
ALIGNN-FF,1921,290.0
ALIGNN-FF,1922,290.0
ALIGNN-FF,1923,291.0
ALIGNN-FF,1924,291.0
ALIGNN-FF,1925,290.0
ALIGNN-FF,1926,290.0
ALIGNN-FF,1927,290.0
ALIGNN-FF,1928,290.0
ALIGNN-FF,1929,290.0
ALIGNN-FF,1930,289.0
ALIGNN-FF,1931,289.0
ALIGNN-FF,1932,289.0
ALIGNN-FF,1933,289.0
ALIGNN-FF,1934,289.0
ALIGNN-FF,1935,289.0
ALIGNN-FF,1936,290.0
ALIGNN-FF,1937,290.0
ALIGNN-FF,1938,290.0
ALIGNN-FF,1939,290.0
ALIGNN-FF,1940,291.0
ALIGNN-FF,1941,291.0
ALIGNN-FF,1942,291.0
ALIGNN-FF,1943,291.0
ALIGNN-FF,1944,291.0
ALIGNN-FF,1945,291.0
ALIGNN-FF,1946,291.0
ALIGNN-FF,1947,291.0
ALIGNN-FF,1948,292.0
ALIGNN-FF,1949,293.0
ALIGNN-FF,1950,293.0
ALIGNN-FF,1951,293.0
ALIGNN-FF,1952,294.0
ALIGNN-FF,1953,294.0
ALIGNN-FF,1954,295.0
ALIGNN-FF,1955,295.0
ALIGNN-FF,1956,294.0
ALIGNN-FF,1957,294.0
ALIGNN-FF,1958,294.0
ALIGNN-FF,1959,295.0
ALIGNN-FF,1960,294.0
ALIGNN-FF,1961,294.0
ALIGNN-FF,1962,294.0
ALIGNN-FF,1963,294.0
ALIGNN-FF,1964,294.0
ALIGNN-FF,1965,294.0
ALIGNN-FF,1966,294.0
ALIGNN-FF,1967,295.0
ALIGNN-FF,1968,295.0
ALIGNN-FF,1969,295.0
ALIGNN-FF,1970,295.0
ALIGNN-FF,1971,295.0
ALIGNN-FF,1972,296.0
ALIGNN-FF,1973,296.0
ALIGNN-FF,1974,296.0
ALIGNN-FF,1975,296.0
ALIGNN-FF,1976,296.0
ALIGNN-FF,1977,296.0
ALIGNN-FF,1978,296.0
ALIGNN-FF,1979,296.0
ALIGNN-FF,1980,296.0
ALIGNN-FF,1981,296.0
ALIGNN-FF,1982,296.0
ALIGNN-FF,1983,296.0
ALIGNN-FF,1984,296.0
ALIGNN-FF,1985,295.0
ALIGNN-FF,1986,295.0
ALIGNN-FF,1987,295.0
ALIGNN-FF,1988,296.0
ALIGNN-FF,1989,296.0
ALIGNN-FF,1990,297.0
ALIGNN-FF,1991,297.0
ALIGNN-FF,1992,297.0
ALIGNN-FF,1993,297.0
ALIGNN-FF,1994,297.0
ALIGNN-FF,1995,297.0
ALIGNN-FF,1996,297.0
ALIGNN-FF,1997,297.0
ALIGNN-FF,1998,298.0
ALIGNN-FF,1999,299.0
ALIGNN-FF,2000,298.0
ALIGNN-FF,2001,298.0
ALIGNN-FF,2002,298.0
ALIGNN-FF,2003,298.0
ALIGNN-FF,2004,298.0
ALIGNN-FF,2005,298.0
ALIGNN-FF,2006,298.0
ALIGNN-FF,2007,298.0
ALIGNN-FF,2008,299.0
ALIGNN-FF,2009,300.0
ALIGNN-FF,2010,300.0
ALIGNN-FF,2011,300.0
ALIGNN-FF,2012,299.0
ALIGNN-FF,2013,299.0
ALIGNN-FF,2014,299.0
ALIGNN-FF,2015,299.0
ALIGNN-FF,2016,300.0
ALIGNN-FF,2017,300.0
ALIGNN-FF,2018,300.0
ALIGNN-FF,2019,300.0
ALIGNN-FF,2020,300.0
ALIGNN-FF,2021,300.0
ALIGNN-FF,2022,301.0
ALIGNN-FF,2023,302.0
ALIGNN-FF,2024,302.0
ALIGNN-FF,2025,302.0
ALIGNN-FF,2026,302.0
ALIGNN-FF,2027,302.0
ALIGNN-FF,2028,302.0
ALIGNN-FF,2029,303.0
ALIGNN-FF,2030,304.0
ALIGNN-FF,2031,303.0
ALIGNN-FF,2032,303.0
ALIGNN-FF,2033,303.0
ALIGNN-FF,2034,303.0
ALIGNN-FF,2035,304.0
ALIGNN-FF,2036,304.0
ALIGNN-FF,2037,304.0
ALIGNN-FF,2038,304.0
ALIGNN-FF,2039,304.0
ALIGNN-FF,2040,304.0
ALIGNN-FF,2041,304.0
ALIGNN-FF,2042,304.0
ALIGNN-FF,2043,304.0
ALIGNN-FF,2044,305.0
ALIGNN-FF,2045,304.0
ALIGNN-FF,2046,304.0
ALIGNN-FF,2047,305.0
ALIGNN-FF,2048,305.0
ALIGNN-FF,2049,306.0
ALIGNN-FF,2050,307.0
ALIGNN-FF,2051,307.0
ALIGNN-FF,2052,306.0
ALIGNN-FF,2053,306.0
ALIGNN-FF,2054,306.0
ALIGNN-FF,2055,306.0
ALIGNN-FF,2056,306.0
ALIGNN-FF,2057,306.0
ALIGNN-FF,2058,306.0
ALIGNN-FF,2059,306.0
ALIGNN-FF,2060,306.0
ALIGNN-FF,2061,306.0
ALIGNN-FF,2062,306.0
ALIGNN-FF,2063,306.0
ALIGNN-FF,2064,306.0
ALIGNN-FF,2065,306.0
ALIGNN-FF,2066,306.0
ALIGNN-FF,2067,307.0
ALIGNN-FF,2068,307.0
ALIGNN-FF,2069,307.0
ALIGNN-FF,2070,307.0
ALIGNN-FF,2071,307.0
ALIGNN-FF,2072,307.0
ALIGNN-FF,2073,308.0
ALIGNN-FF,2074,308.0
ALIGNN-FF,2075,308.0
ALIGNN-FF,2076,308.0
ALIGNN-FF,2077,308.0
ALIGNN-FF,2078,308.0
ALIGNN-FF,2079,308.0
ALIGNN-FF,2080,308.0
ALIGNN-FF,2081,308.0
ALIGNN-FF,2082,307.0
ALIGNN-FF,2083,307.0
ALIGNN-FF,2084,307.0
ALIGNN-FF,2085,308.0
ALIGNN-FF,2086,308.0
ALIGNN-FF,2087,309.0
ALIGNN-FF,2088,309.0
ALIGNN-FF,2089,310.0
ALIGNN-FF,2090,311.0
ALIGNN-FF,2091,311.0
ALIGNN-FF,2092,312.0
ALIGNN-FF,2093,312.0
ALIGNN-FF,2094,311.0
ALIGNN-FF,2095,311.0
ALIGNN-FF,2096,311.0
ALIGNN-FF,2097,312.0
ALIGNN-FF,2098,312.0
ALIGNN-FF,2099,312.0
ALIGNN-FF,2100,312.0
ALIGNN-FF,2101,312.0
ALIGNN-FF,2102,312.0
ALIGNN-FF,2103,312.0
ALIGNN-FF,2104,312.0
ALIGNN-FF,2105,312.0
ALIGNN-FF,2106,311.0
ALIGNN-FF,2107,312.0
ALIGNN-FF,2108,312.0
ALIGNN-FF,2109,313.0
ALIGNN-FF,2110,313.0
ALIGNN-FF,2111,313.0
ALIGNN-FF,2112,313.0
ALIGNN-FF,2113,313.0
ALIGNN-FF,2114,313.0
ALIGNN-FF,2115,313.0
ALIGNN-FF,2116,314.0
ALIGNN-FF,2117,314.0
ALIGNN-FF,2118,314.0
ALIGNN-FF,2119,314.0
ALIGNN-FF,2120,315.0
ALIGNN-FF,2121,316.0
ALIGNN-FF,2122,316.0
ALIGNN-FF,2123,317.0
ALIGNN-FF,2124,317.0
ALIGNN-FF,2125,317.0
ALIGNN-FF,2126,317.0
ALIGNN-FF,2127,317.0
ALIGNN-FF,2128,317.0
ALIGNN-FF,2129,317.0
ALIGNN-FF,2130,317.0
ALIGNN-FF,2131,317.0
ALIGNN-FF,2132,317.0
ALIGNN-FF,2133,317.0
ALIGNN-FF,2134,317.0
ALIGNN-FF,2135,317.0
ALIGNN-FF,2136,317.0
ALIGNN-FF,2137,318.0
ALIGNN-FF,2138,318.0
ALIGNN-FF,2139,318.0
ALIGNN-FF,2140,318.0
ALIGNN-FF,2141,318.0
ALIGNN-FF,2142,318.0
ALIGNN-FF,2143,319.0
ALIGNN-FF,2144,319.0
ALIGNN-FF,2145,320.0
ALIGNN-FF,2146,321.0
ALIGNN-FF,2147,321.0
ALIGNN-FF,2148,322.0
ALIGNN-FF,2149,322.0
ALIGNN-FF,2150,323.0
ALIGNN-FF,2151,323.0
ALIGNN-FF,2152,324.0
ALIGNN-FF,2153,324.0
ALIGNN-FF,2154,324.0
ALIGNN-FF,2155,324.0
ALIGNN-FF,2156,324.0
ALIGNN-FF,2157,324.0
ALIGNN-FF,2158,325.0
ALIGNN-FF,2159,325.0
ALIGNN-FF,2160,325.0
ALIGNN-FF,2161,325.0
ALIGNN-FF,2162,325.0
ALIGNN-FF,2163,325.0
ALIGNN-FF,2164,325.0
ALIGNN-FF,2165,325.0
ALIGNN-FF,2166,325.0
ALIGNN-FF,2167,325.0
ALIGNN-FF,2168,325.0
ALIGNN-FF,2169,325.0
ALIGNN-FF,2170,325.0
ALIGNN-FF,2171,325.0
ALIGNN-FF,2172,325.0
ALIGNN-FF,2173,325.0
ALIGNN-FF,2174,325.0
ALIGNN-FF,2175,325.0
ALIGNN-FF,2176,325.0
ALIGNN-FF,2177,326.0
ALIGNN-FF,2178,327.0
ALIGNN-FF,2179,327.0
ALIGNN-FF,2180,328.0
ALIGNN-FF,2181,329.0
ALIGNN-FF,2182,329.0
ALIGNN-FF,2183,328.0
ALIGNN-FF,2184,328.0
ALIGNN-FF,2185,329.0
ALIGNN-FF,2186,330.0
ALIGNN-FF,2187,330.0
ALIGNN-FF,2188,330.0
ALIGNN-FF,2189,330.0
ALIGNN-FF,2190,331.0
ALIGNN-FF,2191,331.0
ALIGNN-FF,2192,331.0
ALIGNN-FF,2193,331.0
ALIGNN-FF,2194,332.0
ALIGNN-FF,2195,332.0
ALIGNN-FF,2196,332.0
ALIGNN-FF,2197,332.0
ALIGNN-FF,2198,332.0
ALIGNN-FF,2199,332.0
ALIGNN-FF,2200,333.0
ALIGNN-FF,2201,333.0
ALIGNN-FF,2202,333.0
ALIGNN-FF,2203,334.0
ALIGNN-FF,2204,334.0
ALIGNN-FF,2205,334.0
ALIGNN-FF,2206,334.0
ALIGNN-FF,2207,334.0
ALIGNN-FF,2208,334.0
ALIGNN-FF,2209,333.0
ALIGNN-FF,2210,333.0
ALIGNN-FF,2211,333.0
ALIGNN-FF,2212,333.0
ALIGNN-FF,2213,333.0
ALIGNN-FF,2214,333.0
ALIGNN-FF,2215,333.0
ALIGNN-FF,2216,334.0
ALIGNN-FF,2217,334.0
ALIGNN-FF,2218,334.0
ALIGNN-FF,2219,334.0
ALIGNN-FF,2220,334.0
ALIGNN-FF,2221,334.0
ALIGNN-FF,2222,334.0
ALIGNN-FF,2223,334.0
ALIGNN-FF,2224,334.0
ALIGNN-FF,2225,334.0
ALIGNN-FF,2226,334.0
ALIGNN-FF,2227,334.0
ALIGNN-FF,2228,334.0
ALIGNN-FF,2229,335.0
ALIGNN-FF,2230,335.0
ALIGNN-FF,2231,336.0
ALIGNN-FF,2232,336.0
ALIGNN-FF,2233,336.0
ALIGNN-FF,2234,336.0
ALIGNN-FF,2235,336.0
ALIGNN-FF,2236,336.0
ALIGNN-FF,2237,336.0
ALIGNN-FF,2238,336.0
ALIGNN-FF,2239,336.0
ALIGNN-FF,2240,336.0
ALIGNN-FF,2241,336.0
ALIGNN-FF,2242,336.0
ALIGNN-FF,2243,336.0
ALIGNN-FF,2244,336.0
ALIGNN-FF,2245,336.0
ALIGNN-FF,2246,336.0
ALIGNN-FF,2247,337.0
ALIGNN-FF,2248,338.0
ALIGNN-FF,2249,338.0
ALIGNN-FF,2250,338.0
ALIGNN-FF,2251,339.0
ALIGNN-FF,2252,340.0
ALIGNN-FF,2253,340.0
ALIGNN-FF,2254,340.0
ALIGNN-FF,2255,340.0
ALIGNN-FF,2256,340.0
ALIGNN-FF,2257,340.0
ALIGNN-FF,2258,340.0
ALIGNN-FF,2259,340.0
ALIGNN-FF,2260,340.0
ALIGNN-FF,2261,340.0
ALIGNN-FF,2262,340.0
ALIGNN-FF,2263,340.0
ALIGNN-FF,2264,340.0
ALIGNN-FF,2265,340.0
ALIGNN-FF,2266,340.0
ALIGNN-FF,2267,340.0
ALIGNN-FF,2268,340.0
ALIGNN-FF,2269,340.0
ALIGNN-FF,2270,341.0
ALIGNN-FF,2271,341.0
ALIGNN-FF,2272,341.0
ALIGNN-FF,2273,341.0
ALIGNN-FF,2274,342.0
ALIGNN-FF,2275,343.0
ALIGNN-FF,2276,343.0
ALIGNN-FF,2277,343.0
ALIGNN-FF,2278,343.0
ALIGNN-FF,2279,343.0
ALIGNN-FF,2280,343.0
ALIGNN-FF,2281,343.0
ALIGNN-FF,2282,343.0
ALIGNN-FF,2283,343.0
ALIGNN-FF,2284,343.0
ALIGNN-FF,2285,343.0
ALIGNN-FF,2286,343.0
ALIGNN-FF,2287,343.0
ALIGNN-FF,2288,343.0
ALIGNN-FF,2289,343.0
ALIGNN-FF,2290,343.0
ALIGNN-FF,2291,343.0
ALIGNN-FF,2292,343.0
ALIGNN-FF,2293,343.0
ALIGNN-FF,2294,343.0
ALIGNN-FF,2295,343.0
ALIGNN-FF,2296,343.0
ALIGNN-FF,2297,344.0
ALIGNN-FF,2298,344.0
ALIGNN-FF,2299,344.0
ALIGNN-FF,2300,344.0
ALIGNN-FF,2301,345.0
ALIGNN-FF,2302,345.0
ALIGNN-FF,2303,345.0
ALIGNN-FF,2304,344.0
ALIGNN-FF,2305,345.0
ALIGNN-FF,2306,345.0
ALIGNN-FF,2307,344.0
ALIGNN-FF,2308,344.0
ALIGNN-FF,2309,344.0
ALIGNN-FF,2310,344.0
ALIGNN-FF,2311,345.0
ALIGNN-FF,2312,345.0
ALIGNN-FF,2313,345.0
ALIGNN-FF,2314,345.0
ALIGNN-FF,2315,344.0
ALIGNN-FF,2316,344.0
ALIGNN-FF,2317,344.0
ALIGNN-FF,2318,344.0
ALIGNN-FF,2319,344.0
ALIGNN-FF,2320,345.0
ALIGNN-FF,2321,345.0
ALIGNN-FF,2322,345.0
ALIGNN-FF,2323,345.0
ALIGNN-FF,2324,345.0
ALIGNN-FF,2325,345.0
ALIGNN-FF,2326,346.0
ALIGNN-FF,2327,346.0
ALIGNN-FF,2328,347.0
ALIGNN-FF,2329,347.0
ALIGNN-FF,2330,347.0
ALIGNN-FF,2331,347.0
ALIGNN-FF,2332,347.0
ALIGNN-FF,2333,347.0
ALIGNN-FF,2334,347.0
ALIGNN-FF,2335,347.0
ALIGNN-FF,2336,347.0
ALIGNN-FF,2337,347.0
ALIGNN-FF,2338,347.0
ALIGNN-FF,2339,347.0
ALIGNN-FF,2340,348.0
ALIGNN-FF,2341,349.0
ALIGNN-FF,2342,348.0
ALIGNN-FF,2343,349.0
ALIGNN-FF,2344,349.0
ALIGNN-FF,2345,350.0
ALIGNN-FF,2346,350.0
ALIGNN-FF,2347,350.0
ALIGNN-FF,2348,350.0
ALIGNN-FF,2349,350.0
ALIGNN-FF,2350,350.0
ALIGNN-FF,2351,350.0
ALIGNN-FF,2352,351.0
ALIGNN-FF,2353,352.0
ALIGNN-FF,2354,352.0
ALIGNN-FF,2355,352.0
ALIGNN-FF,2356,352.0
ALIGNN-FF,2357,353.0
ALIGNN-FF,2358,354.0
ALIGNN-FF,2359,354.0
ALIGNN-FF,2360,354.0
ALIGNN-FF,2361,354.0
ALIGNN-FF,2362,354.0
ALIGNN-FF,2363,354.0
ALIGNN-FF,2364,354.0
ALIGNN-FF,2365,354.0
ALIGNN-FF,2366,354.0
ALIGNN-FF,2367,354.0
ALIGNN-FF,2368,355.0
ALIGNN-FF,2369,356.0
ALIGNN-FF,2370,357.0
ALIGNN-FF,2371,357.0
ALIGNN-FF,2372,358.0
ALIGNN-FF,2373,358.0
ALIGNN-FF,2374,359.0
ALIGNN-FF,2375,359.0
ALIGNN-FF,2376,359.0
ALIGNN-FF,2377,359.0
ALIGNN-FF,2378,360.0
ALIGNN-FF,2379,360.0
ALIGNN-FF,2380,360.0
ALIGNN-FF,2381,360.0
ALIGNN-FF,2382,361.0
ALIGNN-FF,2383,361.0
ALIGNN-FF,2384,361.0
ALIGNN-FF,2385,361.0
ALIGNN-FF,2386,362.0
ALIGNN-FF,2387,363.0
ALIGNN-FF,2388,363.0
ALIGNN-FF,2389,363.0
ALIGNN-FF,2390,363.0
ALIGNN-FF,2391,363.0
ALIGNN-FF,2392,363.0
ALIGNN-FF,2393,363.0
ALIGNN-FF,2394,363.0
ALIGNN-FF,2395,362.0
ALIGNN-FF,2396,362.0
ALIGNN-FF,2397,362.0
ALIGNN-FF,2398,362.0
ALIGNN-FF,2399,362.0
ALIGNN-FF,2400,362.0
ALIGNN-FF,2401,362.0
ALIGNN-FF,2402,362.0
ALIGNN-FF,2403,362.0
ALIGNN-FF,2404,362.0
ALIGNN-FF,2405,362.0
ALIGNN-FF,2406,362.0
ALIGNN-FF,2407,362.0
ALIGNN-FF,2408,362.0
ALIGNN-FF,2409,362.0
ALIGNN-FF,2410,363.0
ALIGNN-FF,2411,363.0
ALIGNN-FF,2412,363.0
ALIGNN-FF,2413,363.0
ALIGNN-FF,2414,362.0
ALIGNN-FF,2415,363.0
ALIGNN-FF,2416,363.0
ALIGNN-FF,2417,362.0
ALIGNN-FF,2418,362.0
ALIGNN-FF,2419,363.0
ALIGNN-FF,2420,363.0
ALIGNN-FF,2421,364.0
ALIGNN-FF,2422,365.0
ALIGNN-FF,2423,365.0
ALIGNN-FF,2424,365.0
ALIGNN-FF,2425,365.0
ALIGNN-FF,2426,365.0
ALIGNN-FF,2427,365.0
ALIGNN-FF,2428,365.0
ALIGNN-FF,2429,364.0
ALIGNN-FF,2430,364.0
ALIGNN-FF,2431,364.0
ALIGNN-FF,2432,363.0
ALIGNN-FF,2433,363.0
ALIGNN-FF,2434,363.0
ALIGNN-FF,2435,364.0
ALIGNN-FF,2436,364.0
ALIGNN-FF,2437,365.0
ALIGNN-FF,2438,365.0
ALIGNN-FF,2439,365.0
ALIGNN-FF,2440,366.0
ALIGNN-FF,2441,366.0
ALIGNN-FF,2442,366.0
ALIGNN-FF,2443,366.0
ALIGNN-FF,2444,367.0
ALIGNN-FF,2445,367.0
ALIGNN-FF,2446,367.0
ALIGNN-FF,2447,367.0
ALIGNN-FF,2448,367.0
ALIGNN-FF,2449,367.0
ALIGNN-FF,2450,368.0
ALIGNN-FF,2451,368.0
ALIGNN-FF,2452,369.0
ALIGNN-FF,2453,370.0
ALIGNN-FF,2454,370.0
ALIGNN-FF,2455,371.0
ALIGNN-FF,2456,370.0
ALIGNN-FF,2457,371.0
ALIGNN-FF,2458,370.0
ALIGNN-FF,2459,370.0
ALIGNN-FF,2460,370.0
ALIGNN-FF,2461,370.0
ALIGNN-FF,2462,370.0
ALIGNN-FF,2463,370.0
ALIGNN-FF,2464,370.0
ALIGNN-FF,2465,371.0
ALIGNN-FF,2466,371.0
ALIGNN-FF,2467,371.0
ALIGNN-FF,2468,370.0
ALIGNN-FF,2469,370.0
ALIGNN-FF,2470,369.0
ALIGNN-FF,2471,370.0
ALIGNN-FF,2472,370.0
ALIGNN-FF,2473,371.0
ALIGNN-FF,2474,371.0
ALIGNN-FF,2475,371.0
ALIGNN-FF,2476,371.0
ALIGNN-FF,2477,371.0
ALIGNN-FF,2478,371.0
ALIGNN-FF,2479,371.0
ALIGNN-FF,2480,371.0
ALIGNN-FF,2481,371.0
ALIGNN-FF,2482,371.0
ALIGNN-FF,2483,371.0
ALIGNN-FF,2484,371.0
ALIGNN-FF,2485,371.0
ALIGNN-FF,2486,371.0
ALIGNN-FF,2487,371.0
ALIGNN-FF,2488,371.0
ALIGNN-FF,2489,371.0
ALIGNN-FF,2490,371.0
ALIGNN-FF,2491,371.0
ALIGNN-FF,2492,371.0
ALIGNN-FF,2493,371.0
ALIGNN-FF,2494,371.0
ALIGNN-FF,2495,371.0
ALIGNN-FF,2496,371.0
ALIGNN-FF,2497,371.0
ALIGNN-FF,2498,371.0
ALIGNN-FF,2499,371.0
ALIGNN-FF,2500,371.0
ALIGNN-FF,2501,372.0
ALIGNN-FF,2502,372.0
ALIGNN-FF,2503,372.0
ALIGNN-FF,2504,372.0
ALIGNN-FF,2505,372.0
ALIGNN-FF,2506,372.0
ALIGNN-FF,2507,373.0
ALIGNN-FF,2508,373.0
ALIGNN-FF,2509,373.0
ALIGNN-FF,2510,373.0
ALIGNN-FF,2511,373.0
ALIGNN-FF,2512,373.0
ALIGNN-FF,2513,373.0
ALIGNN-FF,2514,372.0
ALIGNN-FF,2515,372.0
ALIGNN-FF,2516,372.0
ALIGNN-FF,2517,372.0
ALIGNN-FF,2518,372.0
ALIGNN-FF,2519,372.0
ALIGNN-FF,2520,372.0
ALIGNN-FF,2521,372.0
ALIGNN-FF,2522,372.0
ALIGNN-FF,2523,371.0
ALIGNN-FF,2524,370.0
ALIGNN-FF,2525,370.0
ALIGNN-FF,2526,370.0
ALIGNN-FF,2527,370.0
ALIGNN-FF,2528,370.0
ALIGNN-FF,2529,370.0
ALIGNN-FF,2530,370.0
ALIGNN-FF,2531,370.0
ALIGNN-FF,2532,370.0
ALIGNN-FF,2533,370.0
ALIGNN-FF,2534,370.0
ALIGNN-FF,2535,369.0
ALIGNN-FF,2536,369.0
ALIGNN-FF,2537,368.0
ALIGNN-FF,2538,368.0
ALIGNN-FF,2539,368.0
ALIGNN-FF,2540,368.0
ALIGNN-FF,2541,368.0
ALIGNN-FF,2542,368.0
ALIGNN-FF,2543,367.0
ALIGNN-FF,2544,367.0
ALIGNN-FF,2545,367.0
ALIGNN-FF,2546,367.0
ALIGNN-FF,2547,367.0
ALIGNN-FF,2548,367.0
ALIGNN-FF,2549,367.0
ALIGNN-FF,2550,367.0
ALIGNN-FF,2551,367.0
ALIGNN-FF,2552,368.0
ALIGNN-FF,2553,369.0
ALIGNN-FF,2554,369.0
ALIGNN-FF,2555,369.0
ALIGNN-FF,2556,369.0
ALIGNN-FF,2557,369.0
ALIGNN-FF,2558,369.0
ALIGNN-FF,2559,369.0
ALIGNN-FF,2560,369.0
ALIGNN-FF,2561,369.0
ALIGNN-FF,2562,369.0
ALIGNN-FF,2563,369.0
ALIGNN-FF,2564,370.0
ALIGNN-FF,2565,370.0
ALIGNN-FF,2566,370.0
ALIGNN-FF,2567,370.0
ALIGNN-FF,2568,370.0
ALIGNN-FF,2569,370.0
ALIGNN-FF,2570,370.0
ALIGNN-FF,2571,370.0
ALIGNN-FF,2572,370.0
ALIGNN-FF,2573,370.0
ALIGNN-FF,2574,371.0
ALIGNN-FF,2575,371.0
ALIGNN-FF,2576,371.0
ALIGNN-FF,2577,371.0
ALIGNN-FF,2578,371.0
ALIGNN-FF,2579,371.0
ALIGNN-FF,2580,371.0
ALIGNN-FF,2581,371.0
ALIGNN-FF,2582,372.0
ALIGNN-FF,2583,373.0
ALIGNN-FF,2584,373.0
ALIGNN-FF,2585,373.0
ALIGNN-FF,2586,373.0
ALIGNN-FF,2587,373.0
ALIGNN-FF,2588,373.0
ALIGNN-FF,2589,373.0
ALIGNN-FF,2590,373.0
ALIGNN-FF,2591,373.0
ALIGNN-FF,2592,373.0
ALIGNN-FF,2593,373.0
ALIGNN-FF,2594,373.0
ALIGNN-FF,2595,373.0
ALIGNN-FF,2596,373.0
ALIGNN-FF,2597,373.0
ALIGNN-FF,2598,373.0
ALIGNN-FF,2599,373.0
ALIGNN-FF,2600,373.0
ALIGNN-FF,2601,373.0
ALIGNN-FF,2602,373.0
ALIGNN-FF,2603,373.0
ALIGNN-FF,2604,374.0
ALIGNN-FF,2605,374.0
ALIGNN-FF,2606,375.0
ALIGNN-FF,2607,376.0
ALIGNN-FF,2608,376.0
ALIGNN-FF,2609,376.0
ALIGNN-FF,2610,376.0
ALIGNN-FF,2611,377.0
ALIGNN-FF,2612,377.0
ALIGNN-FF,2613,377.0
ALIGNN-FF,2614,376.0
ALIGNN-FF,2615,376.0
ALIGNN-FF,2616,377.0
ALIGNN-FF,2617,377.0
ALIGNN-FF,2618,377.0
ALIGNN-FF,2619,377.0
ALIGNN-FF,2620,377.0
ALIGNN-FF,2621,377.0
ALIGNN-FF,2622,377.0
ALIGNN-FF,2623,377.0
ALIGNN-FF,2624,377.0
ALIGNN-FF,2625,377.0
ALIGNN-FF,2626,377.0
ALIGNN-FF,2627,377.0
ALIGNN-FF,2628,376.0
ALIGNN-FF,2629,376.0
ALIGNN-FF,2630,376.0
ALIGNN-FF,2631,376.0
ALIGNN-FF,2632,376.0
ALIGNN-FF,2633,376.0
ALIGNN-FF,2634,376.0
ALIGNN-FF,2635,376.0
ALIGNN-FF,2636,377.0
ALIGNN-FF,2637,377.0
ALIGNN-FF,2638,377.0
ALIGNN-FF,2639,377.0
ALIGNN-FF,2640,377.0
ALIGNN-FF,2641,377.0
ALIGNN-FF,2642,377.0
ALIGNN-FF,2643,377.0
ALIGNN-FF,2644,377.0
ALIGNN-FF,2645,377.0
ALIGNN-FF,2646,377.0
ALIGNN-FF,2647,377.0
ALIGNN-FF,2648,377.0
ALIGNN-FF,2649,377.0
ALIGNN-FF,2650,377.0
ALIGNN-FF,2651,377.0
ALIGNN-FF,2652,378.0
ALIGNN-FF,2653,378.0
ALIGNN-FF,2654,378.0
ALIGNN-FF,2655,377.0
ALIGNN-FF,2656,378.0
ALIGNN-FF,2657,378.0
ALIGNN-FF,2658,378.0
ALIGNN-FF,2659,378.0
ALIGNN-FF,2660,378.0
ALIGNN-FF,2661,378.0
ALIGNN-FF,2662,378.0
ALIGNN-FF,2663,378.0
ALIGNN-FF,2664,378.0
ALIGNN-FF,2665,378.0
ALIGNN-FF,2666,378.0
ALIGNN-FF,2667,378.0
ALIGNN-FF,2668,378.0
ALIGNN-FF,2669,379.0
ALIGNN-FF,2670,379.0
ALIGNN-FF,2671,379.0
ALIGNN-FF,2672,379.0
ALIGNN-FF,2673,379.0
ALIGNN-FF,2674,379.0
ALIGNN-FF,2675,379.0
ALIGNN-FF,2676,379.0
ALIGNN-FF,2677,379.0
ALIGNN-FF,2678,379.0
ALIGNN-FF,2679,378.0
ALIGNN-FF,2680,378.0
ALIGNN-FF,2681,378.0
ALIGNN-FF,2682,378.0
ALIGNN-FF,2683,378.0
ALIGNN-FF,2684,378.0
ALIGNN-FF,2685,378.0
ALIGNN-FF,2686,378.0
ALIGNN-FF,2687,378.0
ALIGNN-FF,2688,378.0
ALIGNN-FF,2689,379.0
ALIGNN-FF,2690,379.0
ALIGNN-FF,2691,379.0
ALIGNN-FF,2692,379.0
ALIGNN-FF,2693,380.0
ALIGNN-FF,2694,380.0
ALIGNN-FF,2695,380.0
ALIGNN-FF,2696,380.0
ALIGNN-FF,2697,380.0
ALIGNN-FF,2698,381.0
ALIGNN-FF,2699,382.0
ALIGNN-FF,2700,382.0
ALIGNN-FF,2701,382.0
ALIGNN-FF,2702,382.0
ALIGNN-FF,2703,383.0
ALIGNN-FF,2704,384.0
ALIGNN-FF,2705,384.0
ALIGNN-FF,2706,384.0
ALIGNN-FF,2707,384.0
ALIGNN-FF,2708,384.0
ALIGNN-FF,2709,384.0
ALIGNN-FF,2710,384.0
ALIGNN-FF,2711,384.0
ALIGNN-FF,2712,384.0
ALIGNN-FF,2713,384.0
ALIGNN-FF,2714,384.0
ALIGNN-FF,2715,384.0
ALIGNN-FF,2716,384.0
ALIGNN-FF,2717,384.0
ALIGNN-FF,2718,384.0
ALIGNN-FF,2719,384.0
ALIGNN-FF,2720,384.0
ALIGNN-FF,2721,385.0
ALIGNN-FF,2722,385.0
ALIGNN-FF,2723,385.0
ALIGNN-FF,2724,385.0
ALIGNN-FF,2725,386.0
ALIGNN-FF,2726,386.0
ALIGNN-FF,2727,386.0
ALIGNN-FF,2728,386.0
ALIGNN-FF,2729,386.0
ALIGNN-FF,2730,386.0
ALIGNN-FF,2731,386.0
ALIGNN-FF,2732,386.0
ALIGNN-FF,2733,386.0
ALIGNN-FF,2734,386.0
ALIGNN-FF,2735,386.0
ALIGNN-FF,2736,386.0
ALIGNN-FF,2737,386.0
ALIGNN-FF,2738,386.0
ALIGNN-FF,2739,387.0
ALIGNN-FF,2740,387.0
ALIGNN-FF,2741,387.0
ALIGNN-FF,2742,387.0
ALIGNN-FF,2743,387.0
ALIGNN-FF,2744,388.0
ALIGNN-FF,2745,388.0
ALIGNN-FF,2746,388.0
ALIGNN-FF,2747,388.0
ALIGNN-FF,2748,388.0
ALIGNN-FF,2749,388.0
ALIGNN-FF,2750,388.0
ALIGNN-FF,2751,388.0
ALIGNN-FF,2752,388.0
ALIGNN-FF,2753,388.0
ALIGNN-FF,2754,388.0
ALIGNN-FF,2755,388.0
ALIGNN-FF,2756,388.0
ALIGNN-FF,2757,388.0
ALIGNN-FF,2758,388.0
ALIGNN-FF,2759,388.0
ALIGNN-FF,2760,388.0
ALIGNN-FF,2761,388.0
ALIGNN-FF,2762,387.0
ALIGNN-FF,2763,387.0
ALIGNN-FF,2764,387.0
ALIGNN-FF,2765,388.0
ALIGNN-FF,2766,388.0
ALIGNN-FF,2767,388.0
ALIGNN-FF,2768,389.0
ALIGNN-FF,2769,389.0
ALIGNN-FF,2770,389.0
ALIGNN-FF,2771,390.0
ALIGNN-FF,2772,390.0
ALIGNN-FF,2773,391.0
ALIGNN-FF,2774,391.0
ALIGNN-FF,2775,391.0
ALIGNN-FF,2776,392.0
ALIGNN-FF,2777,392.0
ALIGNN-FF,2778,392.0
ALIGNN-FF,2779,393.0
ALIGNN-FF,2780,393.0
ALIGNN-FF,2781,393.0
ALIGNN-FF,2782,393.0
ALIGNN-FF,2783,393.0
ALIGNN-FF,2784,393.0
ALIGNN-FF,2785,392.0
ALIGNN-FF,2786,392.0
ALIGNN-FF,2787,392.0
ALIGNN-FF,2788,393.0
ALIGNN-FF,2789,392.0
ALIGNN-FF,2790,392.0
ALIGNN-FF,2791,392.0
ALIGNN-FF,2792,392.0
ALIGNN-FF,2793,392.0
ALIGNN-FF,2794,392.0
ALIGNN-FF,2795,392.0
ALIGNN-FF,2796,392.0
ALIGNN-FF,2797,392.0
ALIGNN-FF,2798,392.0
ALIGNN-FF,2799,392.0
ALIGNN-FF,2800,392.0
ALIGNN-FF,2801,392.0
ALIGNN-FF,2802,392.0
ALIGNN-FF,2803,393.0
ALIGNN-FF,2804,393.0
ALIGNN-FF,2805,393.0
ALIGNN-FF,2806,393.0
ALIGNN-FF,2807,393.0
ALIGNN-FF,2808,393.0
ALIGNN-FF,2809,394.0
ALIGNN-FF,2810,394.0
ALIGNN-FF,2811,394.0
ALIGNN-FF,2812,394.0
ALIGNN-FF,2813,394.0
ALIGNN-FF,2814,393.0
ALIGNN-FF,2815,393.0
ALIGNN-FF,2816,394.0
ALIGNN-FF,2817,394.0
ALIGNN-FF,2818,394.0
ALIGNN-FF,2819,394.0
ALIGNN-FF,2820,395.0
ALIGNN-FF,2821,395.0
ALIGNN-FF,2822,395.0
ALIGNN-FF,2823,395.0
ALIGNN-FF,2824,395.0
ALIGNN-FF,2825,395.0
ALIGNN-FF,2826,395.0
ALIGNN-FF,2827,395.0
ALIGNN-FF,2828,395.0
ALIGNN-FF,2829,396.0
ALIGNN-FF,2830,396.0
ALIGNN-FF,2831,397.0
ALIGNN-FF,2832,397.0
ALIGNN-FF,2833,398.0
ALIGNN-FF,2834,398.0
ALIGNN-FF,2835,398.0
ALIGNN-FF,2836,398.0
ALIGNN-FF,2837,398.0
ALIGNN-FF,2838,398.0
ALIGNN-FF,2839,398.0
ALIGNN-FF,2840,398.0
ALIGNN-FF,2841,398.0
ALIGNN-FF,2842,398.0
ALIGNN-FF,2843,398.0
ALIGNN-FF,2844,398.0
ALIGNN-FF,2845,398.0
ALIGNN-FF,2846,398.0
ALIGNN-FF,2847,398.0
ALIGNN-FF,2848,398.0
ALIGNN-FF,2849,399.0
ALIGNN-FF,2850,399.0
ALIGNN-FF,2851,399.0
ALIGNN-FF,2852,399.0
ALIGNN-FF,2853,400.0
ALIGNN-FF,2854,400.0
ALIGNN-FF,2855,400.0
ALIGNN-FF,2856,400.0
ALIGNN-FF,2857,400.0
ALIGNN-FF,2858,400.0
ALIGNN-FF,2859,401.0
ALIGNN-FF,2860,401.0
ALIGNN-FF,2861,401.0
ALIGNN-FF,2862,401.0
ALIGNN-FF,2863,400.0
ALIGNN-FF,2864,400.0
ALIGNN-FF,2865,400.0
ALIGNN-FF,2866,400.0
ALIGNN-FF,2867,400.0
ALIGNN-FF,2868,400.0
ALIGNN-FF,2869,400.0
ALIGNN-FF,2870,400.0
ALIGNN-FF,2871,400.0
ALIGNN-FF,2872,400.0
ALIGNN-FF,2873,401.0
ALIGNN-FF,2874,401.0
ALIGNN-FF,2875,401.0
ALIGNN-FF,2876,401.0
ALIGNN-FF,2877,401.0
ALIGNN-FF,2878,401.0
ALIGNN-FF,2879,401.0
ALIGNN-FF,2880,402.0
ALIGNN-FF,2881,402.0
ALIGNN-FF,2882,402.0
ALIGNN-FF,2883,402.0
ALIGNN-FF,2884,403.0
ALIGNN-FF,2885,403.0
ALIGNN-FF,2886,403.0
ALIGNN-FF,2887,403.0
ALIGNN-FF,2888,403.0
ALIGNN-FF,2889,403.0
ALIGNN-FF,2890,403.0
ALIGNN-FF,2891,403.0
ALIGNN-FF,2892,403.0
ALIGNN-FF,2893,403.0
ALIGNN-FF,2894,403.0
ALIGNN-FF,2895,403.0
ALIGNN-FF,2896,403.0
ALIGNN-FF,2897,403.0
ALIGNN-FF,2898,403.0
ALIGNN-FF,2899,403.0
ALIGNN-FF,2900,403.0
ALIGNN-FF,2901,403.0
ALIGNN-FF,2902,403.0
ALIGNN-FF,2903,403.0
ALIGNN-FF,2904,403.0
ALIGNN-FF,2905,403.0
ALIGNN-FF,2906,404.0
ALIGNN-FF,2907,403.0
ALIGNN-FF,2908,403.0
ALIGNN-FF,2909,403.0
ALIGNN-FF,2910,403.0
ALIGNN-FF,2911,403.0
ALIGNN-FF,2912,403.0
ALIGNN-FF,2913,403.0
ALIGNN-FF,2914,404.0
ALIGNN-FF,2915,404.0
ALIGNN-FF,2916,404.0
ALIGNN-FF,2917,404.0
ALIGNN-FF,2918,404.0
ALIGNN-FF,2919,404.0
ALIGNN-FF,2920,404.0
ALIGNN-FF,2921,404.0
ALIGNN-FF,2922,404.0
ALIGNN-FF,2923,404.0
ALIGNN-FF,2924,405.0
ALIGNN-FF,2925,405.0
ALIGNN-FF,2926,405.0
ALIGNN-FF,2927,404.0
ALIGNN-FF,2928,404.0
ALIGNN-FF,2929,404.0
ALIGNN-FF,2930,404.0
ALIGNN-FF,2931,404.0
ALIGNN-FF,2932,404.0
ALIGNN-FF,2933,404.0
ALIGNN-FF,2934,404.0
ALIGNN-FF,2935,404.0
ALIGNN-FF,2936,405.0
ALIGNN-FF,2937,405.0
ALIGNN-FF,2938,405.0
ALIGNN-FF,2939,405.0
ALIGNN-FF,2940,405.0
ALIGNN-FF,2941,406.0
ALIGNN-FF,2942,406.0
ALIGNN-FF,2943,406.0
ALIGNN-FF,2944,406.0
ALIGNN-FF,2945,406.0
ALIGNN-FF,2946,406.0
ALIGNN-FF,2947,406.0
ALIGNN-FF,2948,407.0
ALIGNN-FF,2949,408.0
ALIGNN-FF,2950,408.0
ALIGNN-FF,2951,408.0
ALIGNN-FF,2952,408.0
ALIGNN-FF,2953,408.0
ALIGNN-FF,2954,408.0
ALIGNN-FF,2955,408.0
ALIGNN-FF,2956,408.0
ALIGNN-FF,2957,408.0
ALIGNN-FF,2958,408.0
ALIGNN-FF,2959,408.0
ALIGNN-FF,2960,408.0
ALIGNN-FF,2961,408.0
ALIGNN-FF,2962,408.0
ALIGNN-FF,2963,408.0
ALIGNN-FF,2964,408.0
ALIGNN-FF,2965,408.0
ALIGNN-FF,2966,408.0
ALIGNN-FF,2967,408.0
ALIGNN-FF,2968,408.0
ALIGNN-FF,2969,408.0
ALIGNN-FF,2970,407.0
ALIGNN-FF,2971,408.0
ALIGNN-FF,2972,408.0
ALIGNN-FF,2973,408.0
ALIGNN-FF,2974,408.0
ALIGNN-FF,2975,408.0
ALIGNN-FF,2976,408.0
ALIGNN-FF,2977,408.0
ALIGNN-FF,2978,408.0
ALIGNN-FF,2979,409.0
ALIGNN-FF,2980,409.0
ALIGNN-FF,2981,409.0
ALIGNN-FF,2982,409.0
ALIGNN-FF,2983,409.0
ALIGNN-FF,2984,410.0
ALIGNN-FF,2985,411.0
ALIGNN-FF,2986,412.0
ALIGNN-FF,2987,413.0
ALIGNN-FF,2988,413.0
ALIGNN-FF,2989,413.0
ALIGNN-FF,2990,414.0
ALIGNN-FF,2991,414.0
ALIGNN-FF,2992,414.0
ALIGNN-FF,2993,414.0
ALIGNN-FF,2994,414.0
ALIGNN-FF,2995,414.0
ALIGNN-FF,2996,414.0
ALIGNN-FF,2997,414.0
ALIGNN-FF,2998,414.0
ALIGNN-FF,2999,415.0
ALIGNN-FF,3000,415.0
ALIGNN-FF,3001,415.0
ALIGNN-FF,3002,415.0
ALIGNN-FF,3003,415.0
ALIGNN-FF,3004,416.0
ALIGNN-FF,3005,417.0
ALIGNN-FF,3006,416.0
ALIGNN-FF,3007,417.0
ALIGNN-FF,3008,417.0
ALIGNN-FF,3009,417.0
ALIGNN-FF,3010,417.0
ALIGNN-FF,3011,417.0
ALIGNN-FF,3012,417.0
ALIGNN-FF,3013,417.0
ALIGNN-FF,3014,417.0
ALIGNN-FF,3015,417.0
ALIGNN-FF,3016,417.0
ALIGNN-FF,3017,418.0
ALIGNN-FF,3018,418.0
ALIGNN-FF,3019,418.0
ALIGNN-FF,3020,418.0
ALIGNN-FF,3021,418.0
ALIGNN-FF,3022,419.0
ALIGNN-FF,3023,419.0
ALIGNN-FF,3024,418.0
ALIGNN-FF,3025,419.0
ALIGNN-FF,3026,419.0
ALIGNN-FF,3027,420.0
ALIGNN-FF,3028,420.0
ALIGNN-FF,3029,420.0
ALIGNN-FF,3030,420.0
ALIGNN-FF,3031,420.0
ALIGNN-FF,3032,420.0
ALIGNN-FF,3033,420.0
ALIGNN-FF,3034,420.0
ALIGNN-FF,3035,420.0
ALIGNN-FF,3036,421.0
ALIGNN-FF,3037,421.0
ALIGNN-FF,3038,422.0
ALIGNN-FF,3039,422.0
ALIGNN-FF,3040,422.0
ALIGNN-FF,3041,422.0
ALIGNN-FF,3042,422.0
ALIGNN-FF,3043,422.0
ALIGNN-FF,3044,422.0
ALIGNN-FF,3045,423.0
ALIGNN-FF,3046,424.0
ALIGNN-FF,3047,424.0
ALIGNN-FF,3048,423.0
ALIGNN-FF,3049,423.0
ALIGNN-FF,3050,423.0
ALIGNN-FF,3051,423.0
ALIGNN-FF,3052,423.0
ALIGNN-FF,3053,424.0
ALIGNN-FF,3054,424.0
ALIGNN-FF,3055,424.0
ALIGNN-FF,3056,425.0
ALIGNN-FF,3057,425.0
ALIGNN-FF,3058,425.0
ALIGNN-FF,3059,425.0
ALIGNN-FF,3060,425.0
ALIGNN-FF,3061,425.0
ALIGNN-FF,3062,425.0
ALIGNN-FF,3063,425.0
ALIGNN-FF,3064,425.0
ALIGNN-FF,3065,426.0
ALIGNN-FF,3066,426.0
ALIGNN-FF,3067,426.0
ALIGNN-FF,3068,426.0
ALIGNN-FF,3069,426.0
ALIGNN-FF,3070,427.0
ALIGNN-FF,3071,427.0
ALIGNN-FF,3072,428.0
ALIGNN-FF,3073,428.0
ALIGNN-FF,3074,428.0
ALIGNN-FF,3075,428.0
ALIGNN-FF,3076,427.0
ALIGNN-FF,3077,427.0
ALIGNN-FF,3078,428.0
ALIGNN-FF,3079,428.0
ALIGNN-FF,3080,428.0
ALIGNN-FF,3081,429.0
ALIGNN-FF,3082,429.0
ALIGNN-FF,3083,429.0
ALIGNN-FF,3084,429.0
ALIGNN-FF,3085,430.0
ALIGNN-FF,3086,430.0
ALIGNN-FF,3087,430.0
ALIGNN-FF,3088,430.0
ALIGNN-FF,3089,431.0
ALIGNN-FF,3090,431.0
ALIGNN-FF,3091,431.0
ALIGNN-FF,3092,432.0
ALIGNN-FF,3093,432.0
ALIGNN-FF,3094,432.0
ALIGNN-FF,3095,432.0
ALIGNN-FF,3096,431.0
ALIGNN-FF,3097,431.0
ALIGNN-FF,3098,432.0
ALIGNN-FF,3099,432.0
ALIGNN-FF,3100,432.0
ALIGNN-FF,3101,431.0
ALIGNN-FF,3102,431.0
ALIGNN-FF,3103,431.0
ALIGNN-FF,3104,432.0
ALIGNN-FF,3105,432.0
ALIGNN-FF,3106,432.0
ALIGNN-FF,3107,432.0
ALIGNN-FF,3108,432.0
ALIGNN-FF,3109,432.0
ALIGNN-FF,3110,433.0
ALIGNN-FF,3111,434.0
ALIGNN-FF,3112,434.0
ALIGNN-FF,3113,434.0
ALIGNN-FF,3114,434.0
ALIGNN-FF,3115,434.0
ALIGNN-FF,3116,434.0
ALIGNN-FF,3117,434.0
ALIGNN-FF,3118,434.0
ALIGNN-FF,3119,434.0
ALIGNN-FF,3120,434.0
ALIGNN-FF,3121,434.0
ALIGNN-FF,3122,434.0
ALIGNN-FF,3123,433.0
ALIGNN-FF,3124,434.0
ALIGNN-FF,3125,434.0
ALIGNN-FF,3126,434.0
ALIGNN-FF,3127,435.0
ALIGNN-FF,3128,435.0
ALIGNN-FF,3129,435.0
ALIGNN-FF,3130,435.0
ALIGNN-FF,3131,435.0
ALIGNN-FF,3132,435.0
ALIGNN-FF,3133,435.0
ALIGNN-FF,3134,435.0
ALIGNN-FF,3135,435.0
ALIGNN-FF,3136,435.0
ALIGNN-FF,3137,435.0
ALIGNN-FF,3138,435.0
ALIGNN-FF,3139,435.0
ALIGNN-FF,3140,435.0
ALIGNN-FF,3141,435.0
ALIGNN-FF,3142,434.0
ALIGNN-FF,3143,434.0
ALIGNN-FF,3144,435.0
ALIGNN-FF,3145,435.0
ALIGNN-FF,3146,436.0
ALIGNN-FF,3147,436.0
ALIGNN-FF,3148,436.0
ALIGNN-FF,3149,436.0
ALIGNN-FF,3150,436.0
ALIGNN-FF,3151,436.0
ALIGNN-FF,3152,437.0
ALIGNN-FF,3153,438.0
ALIGNN-FF,3154,438.0
ALIGNN-FF,3155,438.0
ALIGNN-FF,3156,438.0
ALIGNN-FF,3157,438.0
ALIGNN-FF,3158,438.0
ALIGNN-FF,3159,438.0
ALIGNN-FF,3160,438.0
ALIGNN-FF,3161,439.0
ALIGNN-FF,3162,439.0
ALIGNN-FF,3163,439.0
ALIGNN-FF,3164,440.0
ALIGNN-FF,3165,441.0
ALIGNN-FF,3166,441.0
ALIGNN-FF,3167,441.0
ALIGNN-FF,3168,441.0
ALIGNN-FF,3169,441.0
ALIGNN-FF,3170,441.0
ALIGNN-FF,3171,441.0
ALIGNN-FF,3172,442.0
ALIGNN-FF,3173,442.0
ALIGNN-FF,3174,443.0
ALIGNN-FF,3175,443.0
ALIGNN-FF,3176,443.0
ALIGNN-FF,3177,443.0
ALIGNN-FF,3178,443.0
ALIGNN-FF,3179,443.0
ALIGNN-FF,3180,443.0
ALIGNN-FF,3181,443.0
ALIGNN-FF,3182,443.0
ALIGNN-FF,3183,443.0
ALIGNN-FF,3184,443.0
ALIGNN-FF,3185,444.0
ALIGNN-FF,3186,444.0
ALIGNN-FF,3187,444.0
ALIGNN-FF,3188,443.0
ALIGNN-FF,3189,444.0
ALIGNN-FF,3190,444.0
ALIGNN-FF,3191,444.0
ALIGNN-FF,3192,444.0
ALIGNN-FF,3193,444.0
ALIGNN-FF,3194,444.0
ALIGNN-FF,3195,444.0
ALIGNN-FF,3196,444.0
ALIGNN-FF,3197,444.0
ALIGNN-FF,3198,445.0
ALIGNN-FF,3199,444.0
ALIGNN-FF,3200,444.0
ALIGNN-FF,3201,444.0
ALIGNN-FF,3202,444.0
ALIGNN-FF,3203,444.0
ALIGNN-FF,3204,444.0
ALIGNN-FF,3205,443.0
ALIGNN-FF,3206,443.0
ALIGNN-FF,3207,443.0
ALIGNN-FF,3208,443.0
ALIGNN-FF,3209,443.0
ALIGNN-FF,3210,443.0
ALIGNN-FF,3211,444.0
ALIGNN-FF,3212,444.0
ALIGNN-FF,3213,444.0
ALIGNN-FF,3214,444.0
ALIGNN-FF,3215,444.0
ALIGNN-FF,3216,444.0
ALIGNN-FF,3217,444.0
ALIGNN-FF,3218,445.0
ALIGNN-FF,3219,445.0
ALIGNN-FF,3220,445.0
ALIGNN-FF,3221,445.0
ALIGNN-FF,3222,445.0
ALIGNN-FF,3223,444.0
ALIGNN-FF,3224,444.0
ALIGNN-FF,3225,444.0
ALIGNN-FF,3226,445.0
ALIGNN-FF,3227,445.0
ALIGNN-FF,3228,445.0
ALIGNN-FF,3229,446.0
ALIGNN-FF,3230,446.0
ALIGNN-FF,3231,446.0
ALIGNN-FF,3232,446.0
ALIGNN-FF,3233,447.0
ALIGNN-FF,3234,447.0
ALIGNN-FF,3235,447.0
ALIGNN-FF,3236,448.0
ALIGNN-FF,3237,448.0
ALIGNN-FF,3238,448.0
ALIGNN-FF,3239,449.0
ALIGNN-FF,3240,449.0
ALIGNN-FF,3241,449.0
ALIGNN-FF,3242,449.0
ALIGNN-FF,3243,449.0
ALIGNN-FF,3244,449.0
ALIGNN-FF,3245,449.0
ALIGNN-FF,3246,449.0
ALIGNN-FF,3247,449.0
ALIGNN-FF,3248,448.0
ALIGNN-FF,3249,448.0
ALIGNN-FF,3250,448.0
ALIGNN-FF,3251,449.0
ALIGNN-FF,3252,449.0
ALIGNN-FF,3253,449.0
ALIGNN-FF,3254,449.0
ALIGNN-FF,3255,448.0
ALIGNN-FF,3256,448.0
ALIGNN-FF,3257,448.0
ALIGNN-FF,3258,448.0
ALIGNN-FF,3259,448.0
ALIGNN-FF,3260,448.0
ALIGNN-FF,3261,448.0
ALIGNN-FF,3262,448.0
ALIGNN-FF,3263,448.0
ALIGNN-FF,3264,448.0
ALIGNN-FF,3265,448.0
ALIGNN-FF,3266,448.0
ALIGNN-FF,3267,448.0
ALIGNN-FF,3268,447.0
ALIGNN-FF,3269,448.0
ALIGNN-FF,3270,448.0
ALIGNN-FF,3271,449.0
ALIGNN-FF,3272,449.0
ALIGNN-FF,3273,449.0
ALIGNN-FF,3274,449.0
ALIGNN-FF,3275,450.0
ALIGNN-FF,3276,450.0
ALIGNN-FF,3277,450.0
ALIGNN-FF,3278,450.0
ALIGNN-FF,3279,451.0
ALIGNN-FF,3280,451.0
ALIGNN-FF,3281,450.0
ALIGNN-FF,3282,450.0
ALIGNN-FF,3283,450.0
ALIGNN-FF,3284,450.0
ALIGNN-FF,3285,450.0
ALIGNN-FF,3286,450.0
ALIGNN-FF,3287,450.0
ALIGNN-FF,3288,451.0
ALIGNN-FF,3289,451.0
ALIGNN-FF,3290,451.0
ALIGNN-FF,3291,452.0
ALIGNN-FF,3292,452.0
ALIGNN-FF,3293,452.0
ALIGNN-FF,3294,452.0
ALIGNN-FF,3295,452.0
ALIGNN-FF,3296,452.0
ALIGNN-FF,3297,452.0
ALIGNN-FF,3298,452.0
ALIGNN-FF,3299,452.0
ALIGNN-FF,3300,452.0
ALIGNN-FF,3301,452.0
ALIGNN-FF,3302,452.0
ALIGNN-FF,3303,452.0
ALIGNN-FF,3304,452.0
ALIGNN-FF,3305,452.0
ALIGNN-FF,3306,452.0
ALIGNN-FF,3307,452.0
ALIGNN-FF,3308,452.0
ALIGNN-FF,3309,453.0
ALIGNN-FF,3310,453.0
ALIGNN-FF,3311,453.0
ALIGNN-FF,3312,453.0
ALIGNN-FF,3313,453.0
ALIGNN-FF,3314,452.0
ALIGNN-FF,3315,452.0
ALIGNN-FF,3316,452.0
ALIGNN-FF,3317,452.0
ALIGNN-FF,3318,452.0
ALIGNN-FF,3319,452.0
ALIGNN-FF,3320,453.0
ALIGNN-FF,3321,454.0
ALIGNN-FF,3322,454.0
ALIGNN-FF,3323,454.0
ALIGNN-FF,3324,455.0
ALIGNN-FF,3325,456.0
ALIGNN-FF,3326,456.0
ALIGNN-FF,3327,456.0
ALIGNN-FF,3328,456.0
ALIGNN-FF,3329,456.0
ALIGNN-FF,3330,456.0
ALIGNN-FF,3331,456.0
ALIGNN-FF,3332,456.0
ALIGNN-FF,3333,456.0
ALIGNN-FF,3334,457.0
ALIGNN-FF,3335,457.0
ALIGNN-FF,3336,457.0
ALIGNN-FF,3337,457.0
ALIGNN-FF,3338,457.0
ALIGNN-FF,3339,457.0
ALIGNN-FF,3340,458.0
ALIGNN-FF,3341,458.0
ALIGNN-FF,3342,458.0
ALIGNN-FF,3343,458.0
ALIGNN-FF,3344,458.0
ALIGNN-FF,3345,458.0
ALIGNN-FF,3346,458.0
ALIGNN-FF,3347,458.0
ALIGNN-FF,3348,457.0
ALIGNN-FF,3349,458.0
ALIGNN-FF,3350,459.0
ALIGNN-FF,3351,460.0
ALIGNN-FF,3352,460.0
ALIGNN-FF,3353,460.0
ALIGNN-FF,3354,459.0
ALIGNN-FF,3355,459.0
ALIGNN-FF,3356,459.0
ALIGNN-FF,3357,458.0
ALIGNN-FF,3358,458.0
ALIGNN-FF,3359,458.0
ALIGNN-FF,3360,459.0
ALIGNN-FF,3361,459.0
ALIGNN-FF,3362,459.0
ALIGNN-FF,3363,459.0
ALIGNN-FF,3364,460.0
ALIGNN-FF,3365,460.0
ALIGNN-FF,3366,460.0
ALIGNN-FF,3367,460.0
ALIGNN-FF,3368,461.0
ALIGNN-FF,3369,461.0
ALIGNN-FF,3370,460.0
ALIGNN-FF,3371,460.0
ALIGNN-FF,3372,460.0
ALIGNN-FF,3373,460.0
ALIGNN-FF,3374,460.0
ALIGNN-FF,3375,460.0
ALIGNN-FF,3376,460.0
ALIGNN-FF,3377,460.0
ALIGNN-FF,3378,460.0
ALIGNN-FF,3379,461.0
ALIGNN-FF,3380,461.0
ALIGNN-FF,3381,462.0
ALIGNN-FF,3382,462.0
ALIGNN-FF,3383,463.0
ALIGNN-FF,3384,463.0
ALIGNN-FF,3385,463.0
ALIGNN-FF,3386,464.0
ALIGNN-FF,3387,464.0
ALIGNN-FF,3388,464.0
ALIGNN-FF,3389,465.0
ALIGNN-FF,3390,465.0
ALIGNN-FF,3391,465.0
ALIGNN-FF,3392,465.0
ALIGNN-FF,3393,465.0
ALIGNN-FF,3394,465.0
ALIGNN-FF,3395,465.0
ALIGNN-FF,3396,465.0
ALIGNN-FF,3397,465.0
ALIGNN-FF,3398,465.0
ALIGNN-FF,3399,466.0
ALIGNN-FF,3400,465.0
ALIGNN-FF,3401,465.0
ALIGNN-FF,3402,465.0
ALIGNN-FF,3403,465.0
ALIGNN-FF,3404,465.0
ALIGNN-FF,3405,465.0
ALIGNN-FF,3406,465.0
ALIGNN-FF,3407,465.0
ALIGNN-FF,3408,465.0
ALIGNN-FF,3409,465.0
ALIGNN-FF,3410,465.0
ALIGNN-FF,3411,465.0
ALIGNN-FF,3412,465.0
ALIGNN-FF,3413,465.0
ALIGNN-FF,3414,465.0
ALIGNN-FF,3415,465.0
ALIGNN-FF,3416,465.0
ALIGNN-FF,3417,465.0
ALIGNN-FF,3418,466.0
ALIGNN-FF,3419,466.0
ALIGNN-FF,3420,466.0
ALIGNN-FF,3421,466.0
ALIGNN-FF,3422,466.0
ALIGNN-FF,3423,466.0
ALIGNN-FF,3424,466.0
ALIGNN-FF,3425,466.0
ALIGNN-FF,3426,466.0
ALIGNN-FF,3427,467.0
ALIGNN-FF,3428,467.0
ALIGNN-FF,3429,467.0
ALIGNN-FF,3430,468.0
ALIGNN-FF,3431,468.0
ALIGNN-FF,3432,468.0
ALIGNN-FF,3433,469.0
ALIGNN-FF,3434,470.0
ALIGNN-FF,3435,470.0
ALIGNN-FF,3436,470.0
ALIGNN-FF,3437,471.0
ALIGNN-FF,3438,471.0
ALIGNN-FF,3439,471.0
ALIGNN-FF,3440,471.0
ALIGNN-FF,3441,472.0
ALIGNN-FF,3442,472.0
ALIGNN-FF,3443,473.0
ALIGNN-FF,3444,473.0
ALIGNN-FF,3445,474.0
ALIGNN-FF,3446,474.0
ALIGNN-FF,3447,474.0
ALIGNN-FF,3448,474.0
ALIGNN-FF,3449,475.0
ALIGNN-FF,3450,476.0
ALIGNN-FF,3451,476.0
ALIGNN-FF,3452,476.0
ALIGNN-FF,3453,476.0
ALIGNN-FF,3454,476.0
ALIGNN-FF,3455,476.0
ALIGNN-FF,3456,476.0
ALIGNN-FF,3457,476.0
ALIGNN-FF,3458,476.0
ALIGNN-FF,3459,476.0
ALIGNN-FF,3460,476.0
ALIGNN-FF,3461,477.0
ALIGNN-FF,3462,478.0
ALIGNN-FF,3463,478.0
ALIGNN-FF,3464,479.0
ALIGNN-FF,3465,479.0
ALIGNN-FF,3466,480.0
ALIGNN-FF,3467,481.0
ALIGNN-FF,3468,482.0
ALIGNN-FF,3469,482.0
ALIGNN-FF,3470,482.0
ALIGNN-FF,3471,482.0
ALIGNN-FF,3472,482.0
ALIGNN-FF,3473,482.0
ALIGNN-FF,3474,481.0
ALIGNN-FF,3475,481.0
ALIGNN-FF,3476,481.0
ALIGNN-FF,3477,481.0
ALIGNN-FF,3478,481.0
ALIGNN-FF,3479,481.0
ALIGNN-FF,3480,481.0
ALIGNN-FF,3481,481.0
ALIGNN-FF,3482,481.0
ALIGNN-FF,3483,481.0
ALIGNN-FF,3484,481.0
ALIGNN-FF,3485,481.0
ALIGNN-FF,3486,481.0
ALIGNN-FF,3487,481.0
ALIGNN-FF,3488,482.0
ALIGNN-FF,3489,483.0
ALIGNN-FF,3490,483.0
ALIGNN-FF,3491,483.0
ALIGNN-FF,3492,483.0
ALIGNN-FF,3493,483.0
ALIGNN-FF,3494,483.0
ALIGNN-FF,3495,482.0
ALIGNN-FF,3496,483.0
ALIGNN-FF,3497,483.0
ALIGNN-FF,3498,483.0
ALIGNN-FF,3499,483.0
ALIGNN-FF,3500,483.0
ALIGNN-FF,3501,483.0
ALIGNN-FF,3502,484.0
ALIGNN-FF,3503,484.0
ALIGNN-FF,3504,484.0
ALIGNN-FF,3505,484.0
ALIGNN-FF,3506,485.0
ALIGNN-FF,3507,485.0
ALIGNN-FF,3508,485.0
ALIGNN-FF,3509,485.0
ALIGNN-FF,3510,485.0
ALIGNN-FF,3511,485.0
ALIGNN-FF,3512,485.0
ALIGNN-FF,3513,485.0
ALIGNN-FF,3514,485.0
ALIGNN-FF,3515,485.0
ALIGNN-FF,3516,485.0
ALIGNN-FF,3517,485.0
ALIGNN-FF,3518,485.0
ALIGNN-FF,3519,486.0
ALIGNN-FF,3520,486.0
ALIGNN-FF,3521,486.0
ALIGNN-FF,3522,487.0
ALIGNN-FF,3523,488.0
ALIGNN-FF,3524,488.0
ALIGNN-FF,3525,488.0
ALIGNN-FF,3526,488.0
ALIGNN-FF,3527,488.0
ALIGNN-FF,3528,488.0
ALIGNN-FF,3529,488.0
ALIGNN-FF,3530,488.0
ALIGNN-FF,3531,488.0
ALIGNN-FF,3532,488.0
ALIGNN-FF,3533,488.0
ALIGNN-FF,3534,488.0
ALIGNN-FF,3535,489.0
ALIGNN-FF,3536,489.0
ALIGNN-FF,3537,490.0
ALIGNN-FF,3538,490.0
ALIGNN-FF,3539,490.0
ALIGNN-FF,3540,490.0
ALIGNN-FF,3541,490.0
ALIGNN-FF,3542,490.0
ALIGNN-FF,3543,490.0
ALIGNN-FF,3544,489.0
ALIGNN-FF,3545,489.0
ALIGNN-FF,3546,489.0
ALIGNN-FF,3547,489.0
ALIGNN-FF,3548,489.0
ALIGNN-FF,3549,489.0
ALIGNN-FF,3550,490.0
ALIGNN-FF,3551,490.0
ALIGNN-FF,3552,491.0
ALIGNN-FF,3553,491.0
ALIGNN-FF,3554,491.0
ALIGNN-FF,3555,492.0
ALIGNN-FF,3556,492.0
ALIGNN-FF,3557,492.0
ALIGNN-FF,3558,492.0
ALIGNN-FF,3559,492.0
ALIGNN-FF,3560,492.0
ALIGNN-FF,3561,492.0
ALIGNN-FF,3562,492.0
ALIGNN-FF,3563,492.0
ALIGNN-FF,3564,492.0
ALIGNN-FF,3565,492.0
ALIGNN-FF,3566,492.0
ALIGNN-FF,3567,492.0
ALIGNN-FF,3568,493.0
ALIGNN-FF,3569,494.0
ALIGNN-FF,3570,494.0
ALIGNN-FF,3571,494.0
ALIGNN-FF,3572,494.0
ALIGNN-FF,3573,495.0
ALIGNN-FF,3574,495.0
ALIGNN-FF,3575,495.0
ALIGNN-FF,3576,495.0
ALIGNN-FF,3577,496.0
ALIGNN-FF,3578,496.0
ALIGNN-FF,3579,496.0
ALIGNN-FF,3580,496.0
ALIGNN-FF,3581,496.0
ALIGNN-FF,3582,496.0
ALIGNN-FF,3583,497.0
ALIGNN-FF,3584,497.0
ALIGNN-FF,3585,497.0
ALIGNN-FF,3586,497.0
ALIGNN-FF,3587,496.0
ALIGNN-FF,3588,497.0
ALIGNN-FF,3589,497.0
ALIGNN-FF,3590,497.0
ALIGNN-FF,3591,496.0
ALIGNN-FF,3592,496.0
ALIGNN-FF,3593,496.0
ALIGNN-FF,3594,496.0
ALIGNN-FF,3595,496.0
ALIGNN-FF,3596,496.0
ALIGNN-FF,3597,496.0
ALIGNN-FF,3598,496.0
ALIGNN-FF,3599,497.0
ALIGNN-FF,3600,497.0
ALIGNN-FF,3601,497.0
ALIGNN-FF,3602,497.0
ALIGNN-FF,3603,497.0
ALIGNN-FF,3604,498.0
ALIGNN-FF,3605,498.0
ALIGNN-FF,3606,498.0
ALIGNN-FF,3607,498.0
ALIGNN-FF,3608,498.0
ALIGNN-FF,3609,498.0
ALIGNN-FF,3610,499.0
ALIGNN-FF,3611,499.0
ALIGNN-FF,3612,499.0
ALIGNN-FF,3613,500.0
ALIGNN-FF,3614,500.0
ALIGNN-FF,3615,500.0
ALIGNN-FF,3616,500.0
ALIGNN-FF,3617,500.0
ALIGNN-FF,3618,500.0
ALIGNN-FF,3619,499.0
ALIGNN-FF,3620,499.0
ALIGNN-FF,3621,499.0
ALIGNN-FF,3622,499.0
ALIGNN-FF,3623,499.0
ALIGNN-FF,3624,499.0
ALIGNN-FF,3625,499.0
ALIGNN-FF,3626,500.0
ALIGNN-FF,3627,500.0
ALIGNN-FF,3628,500.0
ALIGNN-FF,3629,500.0
ALIGNN-FF,3630,500.0
ALIGNN-FF,3631,500.0
ALIGNN-FF,3632,500.0
ALIGNN-FF,3633,501.0
ALIGNN-FF,3634,502.0
ALIGNN-FF,3635,503.0
ALIGNN-FF,3636,503.0
ALIGNN-FF,3637,504.0
ALIGNN-FF,3638,504.0
ALIGNN-FF,3639,504.0
ALIGNN-FF,3640,504.0
ALIGNN-FF,3641,504.0
ALIGNN-FF,3642,504.0
ALIGNN-FF,3643,504.0
ALIGNN-FF,3644,504.0
ALIGNN-FF,3645,505.0
ALIGNN-FF,3646,505.0
ALIGNN-FF,3647,505.0
ALIGNN-FF,3648,505.0
ALIGNN-FF,3649,505.0
ALIGNN-FF,3650,505.0
ALIGNN-FF,3651,505.0
ALIGNN-FF,3652,505.0
ALIGNN-FF,3653,506.0
ALIGNN-FF,3654,506.0
ALIGNN-FF,3655,506.0
ALIGNN-FF,3656,507.0
ALIGNN-FF,3657,507.0
ALIGNN-FF,3658,507.0
ALIGNN-FF,3659,507.0
ALIGNN-FF,3660,508.0
ALIGNN-FF,3661,508.0
ALIGNN-FF,3662,508.0
ALIGNN-FF,3663,508.0
ALIGNN-FF,3664,508.0
ALIGNN-FF,3665,508.0
ALIGNN-FF,3666,508.0
ALIGNN-FF,3667,508.0
ALIGNN-FF,3668,508.0
ALIGNN-FF,3669,508.0
ALIGNN-FF,3670,508.0
ALIGNN-FF,3671,508.0
ALIGNN-FF,3672,508.0
ALIGNN-FF,3673,508.0
ALIGNN-FF,3674,508.0
ALIGNN-FF,3675,508.0
ALIGNN-FF,3676,508.0
ALIGNN-FF,3677,508.0
ALIGNN-FF,3678,508.0
ALIGNN-FF,3679,508.0
ALIGNN-FF,3680,509.0
ALIGNN-FF,3681,509.0
ALIGNN-FF,3682,509.0
ALIGNN-FF,3683,509.0
ALIGNN-FF,3684,509.0
ALIGNN-FF,3685,509.0
ALIGNN-FF,3686,510.0
ALIGNN-FF,3687,510.0
ALIGNN-FF,3688,510.0
ALIGNN-FF,3689,511.0
ALIGNN-FF,3690,511.0
ALIGNN-FF,3691,512.0
ALIGNN-FF,3692,512.0
ALIGNN-FF,3693,512.0
ALIGNN-FF,3694,512.0
ALIGNN-FF,3695,513.0
ALIGNN-FF,3696,513.0
ALIGNN-FF,3697,513.0
ALIGNN-FF,3698,513.0
ALIGNN-FF,3699,513.0
ALIGNN-FF,3700,514.0
ALIGNN-FF,3701,515.0
ALIGNN-FF,3702,515.0
ALIGNN-FF,3703,515.0
ALIGNN-FF,3704,515.0
ALIGNN-FF,3705,515.0
ALIGNN-FF,3706,515.0
ALIGNN-FF,3707,515.0
ALIGNN-FF,3708,515.0
ALIGNN-FF,3709,515.0
ALIGNN-FF,3710,515.0
ALIGNN-FF,3711,516.0
ALIGNN-FF,3712,516.0
ALIGNN-FF,3713,516.0
ALIGNN-FF,3714,516.0
ALIGNN-FF,3715,516.0
ALIGNN-FF,3716,516.0
ALIGNN-FF,3717,517.0
ALIGNN-FF,3718,517.0
ALIGNN-FF,3719,517.0
ALIGNN-FF,3720,517.0
ALIGNN-FF,3721,517.0
ALIGNN-FF,3722,517.0
ALIGNN-FF,3723,518.0
ALIGNN-FF,3724,518.0
ALIGNN-FF,3725,519.0
ALIGNN-FF,3726,519.0
ALIGNN-FF,3727,519.0
ALIGNN-FF,3728,519.0
ALIGNN-FF,3729,519.0
ALIGNN-FF,3730,519.0
ALIGNN-FF,3731,519.0
ALIGNN-FF,3732,519.0
ALIGNN-FF,3733,519.0
ALIGNN-FF,3734,520.0
ALIGNN-FF,3735,520.0
ALIGNN-FF,3736,520.0
ALIGNN-FF,3737,521.0
ALIGNN-FF,3738,521.0
ALIGNN-FF,3739,521.0
ALIGNN-FF,3740,522.0
ALIGNN-FF,3741,522.0
ALIGNN-FF,3742,522.0
ALIGNN-FF,3743,521.0
ALIGNN-FF,3744,522.0
ALIGNN-FF,3745,522.0
ALIGNN-FF,3746,522.0
ALIGNN-FF,3747,523.0
ALIGNN-FF,3748,524.0
ALIGNN-FF,3749,524.0
ALIGNN-FF,3750,524.0
ALIGNN-FF,3751,524.0
ALIGNN-FF,3752,524.0
ALIGNN-FF,3753,524.0
ALIGNN-FF,3754,524.0
ALIGNN-FF,3755,524.0
ALIGNN-FF,3756,525.0
ALIGNN-FF,3757,525.0
ALIGNN-FF,3758,526.0
ALIGNN-FF,3759,526.0
ALIGNN-FF,3760,526.0
ALIGNN-FF,3761,526.0
ALIGNN-FF,3762,526.0
ALIGNN-FF,3763,526.0
ALIGNN-FF,3764,526.0
ALIGNN-FF,3765,526.0
ALIGNN-FF,3766,527.0
ALIGNN-FF,3767,527.0
ALIGNN-FF,3768,527.0
ALIGNN-FF,3769,527.0
ALIGNN-FF,3770,528.0
ALIGNN-FF,3771,528.0
ALIGNN-FF,3772,528.0
ALIGNN-FF,3773,527.0
ALIGNN-FF,3774,527.0
ALIGNN-FF,3775,527.0
ALIGNN-FF,3776,527.0
ALIGNN-FF,3777,527.0
ALIGNN-FF,3778,528.0
ALIGNN-FF,3779,528.0
ALIGNN-FF,3780,527.0
ALIGNN-FF,3781,527.0
ALIGNN-FF,3782,527.0
ALIGNN-FF,3783,527.0
ALIGNN-FF,3784,527.0
ALIGNN-FF,3785,527.0
ALIGNN-FF,3786,527.0
ALIGNN-FF,3787,527.0
ALIGNN-FF,3788,527.0
ALIGNN-FF,3789,527.0
ALIGNN-FF,3790,528.0
ALIGNN-FF,3791,528.0
ALIGNN-FF,3792,529.0
ALIGNN-FF,3793,529.0
ALIGNN-FF,3794,529.0
ALIGNN-FF,3795,529.0
ALIGNN-FF,3796,529.0
ALIGNN-FF,3797,529.0
ALIGNN-FF,3798,529.0
ALIGNN-FF,3799,529.0
ALIGNN-FF,3800,529.0
ALIGNN-FF,3801,529.0
ALIGNN-FF,3802,529.0
ALIGNN-FF,3803,530.0
ALIGNN-FF,3804,530.0
ALIGNN-FF,3805,530.0
ALIGNN-FF,3806,530.0
ALIGNN-FF,3807,530.0
ALIGNN-FF,3808,530.0
ALIGNN-FF,3809,530.0
ALIGNN-FF,3810,530.0
ALIGNN-FF,3811,530.0
ALIGNN-FF,3812,530.0
ALIGNN-FF,3813,530.0
ALIGNN-FF,3814,530.0
ALIGNN-FF,3815,530.0
ALIGNN-FF,3816,530.0
ALIGNN-FF,3817,531.0
ALIGNN-FF,3818,532.0
ALIGNN-FF,3819,532.0
ALIGNN-FF,3820,532.0
ALIGNN-FF,3821,532.0
ALIGNN-FF,3822,533.0
ALIGNN-FF,3823,533.0
ALIGNN-FF,3824,534.0
ALIGNN-FF,3825,534.0
ALIGNN-FF,3826,534.0
ALIGNN-FF,3827,534.0
ALIGNN-FF,3828,534.0
ALIGNN-FF,3829,534.0
ALIGNN-FF,3830,535.0
ALIGNN-FF,3831,535.0
ALIGNN-FF,3832,535.0
ALIGNN-FF,3833,535.0
ALIGNN-FF,3834,535.0
ALIGNN-FF,3835,535.0
ALIGNN-FF,3836,535.0
ALIGNN-FF,3837,535.0
ALIGNN-FF,3838,534.0
ALIGNN-FF,3839,534.0
ALIGNN-FF,3840,534.0
ALIGNN-FF,3841,534.0
ALIGNN-FF,3842,534.0
ALIGNN-FF,3843,534.0
ALIGNN-FF,3844,535.0
ALIGNN-FF,3845,536.0
ALIGNN-FF,3846,536.0
ALIGNN-FF,3847,536.0
ALIGNN-FF,3848,535.0
ALIGNN-FF,3849,535.0
ALIGNN-FF,3850,535.0
ALIGNN-FF,3851,535.0
ALIGNN-FF,3852,535.0
ALIGNN-FF,3853,535.0
ALIGNN-FF,3854,536.0
ALIGNN-FF,3855,536.0
ALIGNN-FF,3856,536.0
ALIGNN-FF,3857,537.0
ALIGNN-FF,3858,537.0
ALIGNN-FF,3859,537.0
ALIGNN-FF,3860,537.0
ALIGNN-FF,3861,537.0
ALIGNN-FF,3862,538.0
ALIGNN-FF,3863,538.0
ALIGNN-FF,3864,538.0
ALIGNN-FF,3865,538.0
ALIGNN-FF,3866,538.0
ALIGNN-FF,3867,538.0
ALIGNN-FF,3868,538.0
ALIGNN-FF,3869,538.0
ALIGNN-FF,3870,538.0
ALIGNN-FF,3871,538.0
ALIGNN-FF,3872,538.0
ALIGNN-FF,3873,538.0
ALIGNN-FF,3874,538.0
ALIGNN-FF,3875,538.0
ALIGNN-FF,3876,538.0
ALIGNN-FF,3877,538.0
ALIGNN-FF,3878,539.0
ALIGNN-FF,3879,539.0
ALIGNN-FF,3880,539.0
ALIGNN-FF,3881,539.0
ALIGNN-FF,3882,539.0
ALIGNN-FF,3883,539.0
ALIGNN-FF,3884,540.0
ALIGNN-FF,3885,540.0
ALIGNN-FF,3886,540.0
ALIGNN-FF,3887,540.0
ALIGNN-FF,3888,540.0
ALIGNN-FF,3889,540.0
ALIGNN-FF,3890,540.0
ALIGNN-FF,3891,540.0
ALIGNN-FF,3892,540.0
ALIGNN-FF,3893,541.0
ALIGNN-FF,3894,542.0
ALIGNN-FF,3895,542.0
ALIGNN-FF,3896,541.0
ALIGNN-FF,3897,541.0
ALIGNN-FF,3898,541.0
ALIGNN-FF,3899,541.0
ALIGNN-FF,3900,542.0
ALIGNN-FF,3901,542.0
ALIGNN-FF,3902,542.0
ALIGNN-FF,3903,542.0
ALIGNN-FF,3904,542.0
ALIGNN-FF,3905,542.0
ALIGNN-FF,3906,542.0
ALIGNN-FF,3907,541.0
ALIGNN-FF,3908,541.0
ALIGNN-FF,3909,541.0
ALIGNN-FF,3910,542.0
ALIGNN-FF,3911,543.0
ALIGNN-FF,3912,543.0
ALIGNN-FF,3913,542.0
ALIGNN-FF,3914,542.0
ALIGNN-FF,3915,542.0
ALIGNN-FF,3916,542.0
ALIGNN-FF,3917,542.0
ALIGNN-FF,3918,542.0
ALIGNN-FF,3919,542.0
ALIGNN-FF,3920,543.0
ALIGNN-FF,3921,543.0
ALIGNN-FF,3922,543.0
ALIGNN-FF,3923,544.0
ALIGNN-FF,3924,544.0
ALIGNN-FF,3925,544.0
ALIGNN-FF,3926,544.0
ALIGNN-FF,3927,545.0
ALIGNN-FF,3928,546.0
ALIGNN-FF,3929,546.0
ALIGNN-FF,3930,546.0
ALIGNN-FF,3931,546.0
ALIGNN-FF,3932,547.0
ALIGNN-FF,3933,547.0
ALIGNN-FF,3934,547.0
ALIGNN-FF,3935,547.0
ALIGNN-FF,3936,547.0
ALIGNN-FF,3937,547.0
ALIGNN-FF,3938,547.0
ALIGNN-FF,3939,547.0
ALIGNN-FF,3940,547.0
ALIGNN-FF,3941,547.0
ALIGNN-FF,3942,547.0
ALIGNN-FF,3943,548.0
ALIGNN-FF,3944,549.0
ALIGNN-FF,3945,550.0
ALIGNN-FF,3946,550.0
ALIGNN-FF,3947,551.0
ALIGNN-FF,3948,551.0
ALIGNN-FF,3949,551.0
ALIGNN-FF,3950,552.0
ALIGNN-FF,3951,551.0
ALIGNN-FF,3952,551.0
ALIGNN-FF,3953,551.0
ALIGNN-FF,3954,550.0
ALIGNN-FF,3955,549.0
ALIGNN-FF,3956,549.0
ALIGNN-FF,3957,550.0
ALIGNN-FF,3958,550.0
ALIGNN-FF,3959,549.0
ALIGNN-FF,3960,549.0
ALIGNN-FF,3961,549.0
ALIGNN-FF,3962,549.0
ALIGNN-FF,3963,549.0
ALIGNN-FF,3964,549.0
ALIGNN-FF,3965,549.0
ALIGNN-FF,3966,549.0
ALIGNN-FF,3967,549.0
ALIGNN-FF,3968,549.0
ALIGNN-FF,3969,549.0
ALIGNN-FF,3970,550.0
ALIGNN-FF,3971,550.0
ALIGNN-FF,3972,551.0
ALIGNN-FF,3973,551.0
ALIGNN-FF,3974,551.0
ALIGNN-FF,3975,551.0
ALIGNN-FF,3976,551.0
ALIGNN-FF,3977,552.0
ALIGNN-FF,3978,552.0
ALIGNN-FF,3979,553.0
ALIGNN-FF,3980,554.0
ALIGNN-FF,3981,554.0
ALIGNN-FF,3982,554.0
ALIGNN-FF,3983,554.0
ALIGNN-FF,3984,554.0
ALIGNN-FF,3985,555.0
ALIGNN-FF,3986,555.0
ALIGNN-FF,3987,555.0
ALIGNN-FF,3988,555.0
ALIGNN-FF,3989,555.0
ALIGNN-FF,3990,555.0
ALIGNN-FF,3991,555.0
ALIGNN-FF,3992,555.0
ALIGNN-FF,3993,555.0
ALIGNN-FF,3994,555.0
ALIGNN-FF,3995,555.0
ALIGNN-FF,3996,555.0
ALIGNN-FF,3997,555.0
ALIGNN-FF,3998,555.0
ALIGNN-FF,3999,555.0
ALIGNN-FF,4000,555.0
ALIGNN-FF,4001,555.0
ALIGNN-FF,4002,556.0
ALIGNN-FF,4003,555.0
ALIGNN-FF,4004,555.0
ALIGNN-FF,4005,555.0
ALIGNN-FF,4006,555.0
ALIGNN-FF,4007,555.0
ALIGNN-FF,4008,556.0
ALIGNN-FF,4009,557.0
ALIGNN-FF,4010,557.0
ALIGNN-FF,4011,558.0
ALIGNN-FF,4012,558.0
ALIGNN-FF,4013,558.0
ALIGNN-FF,4014,558.0
ALIGNN-FF,4015,559.0
ALIGNN-FF,4016,559.0
ALIGNN-FF,4017,559.0
ALIGNN-FF,4018,559.0
ALIGNN-FF,4019,559.0
ALIGNN-FF,4020,560.0
ALIGNN-FF,4021,560.0
ALIGNN-FF,4022,560.0
ALIGNN-FF,4023,560.0
ALIGNN-FF,4024,560.0
ALIGNN-FF,4025,560.0
ALIGNN-FF,4026,560.0
ALIGNN-FF,4027,560.0
ALIGNN-FF,4028,560.0
ALIGNN-FF,4029,560.0
ALIGNN-FF,4030,560.0
ALIGNN-FF,4031,560.0
ALIGNN-FF,4032,560.0
ALIGNN-FF,4033,560.0
ALIGNN-FF,4034,560.0
ALIGNN-FF,4035,560.0
ALIGNN-FF,4036,560.0
ALIGNN-FF,4037,560.0
ALIGNN-FF,4038,560.0
ALIGNN-FF,4039,559.0
ALIGNN-FF,4040,559.0
ALIGNN-FF,4041,559.0
ALIGNN-FF,4042,559.0
ALIGNN-FF,4043,560.0
ALIGNN-FF,4044,560.0
ALIGNN-FF,4045,560.0
ALIGNN-FF,4046,560.0
ALIGNN-FF,4047,561.0
ALIGNN-FF,4048,560.0
ALIGNN-FF,4049,560.0
ALIGNN-FF,4050,561.0
ALIGNN-FF,4051,561.0
ALIGNN-FF,4052,561.0
ALIGNN-FF,4053,561.0
ALIGNN-FF,4054,561.0
ALIGNN-FF,4055,561.0
ALIGNN-FF,4056,562.0
ALIGNN-FF,4057,562.0
ALIGNN-FF,4058,562.0
ALIGNN-FF,4059,562.0
ALIGNN-FF,4060,562.0
ALIGNN-FF,4061,562.0
ALIGNN-FF,4062,562.0
ALIGNN-FF,4063,562.0
ALIGNN-FF,4064,562.0
ALIGNN-FF,4065,562.0
ALIGNN-FF,4066,563.0
ALIGNN-FF,4067,563.0
ALIGNN-FF,4068,564.0
ALIGNN-FF,4069,564.0
ALIGNN-FF,4070,564.0
ALIGNN-FF,4071,564.0
ALIGNN-FF,4072,564.0
ALIGNN-FF,4073,564.0
ALIGNN-FF,4074,564.0
ALIGNN-FF,4075,564.0
ALIGNN-FF,4076,565.0
ALIGNN-FF,4077,565.0
ALIGNN-FF,4078,564.0
ALIGNN-FF,4079,564.0
ALIGNN-FF,4080,564.0
ALIGNN-FF,4081,565.0
ALIGNN-FF,4082,566.0
ALIGNN-FF,4083,566.0
ALIGNN-FF,4084,567.0
ALIGNN-FF,4085,567.0
ALIGNN-FF,4086,567.0
ALIGNN-FF,4087,567.0
ALIGNN-FF,4088,567.0
ALIGNN-FF,4089,567.0
ALIGNN-FF,4090,567.0
ALIGNN-FF,4091,567.0
ALIGNN-FF,4092,568.0
ALIGNN-FF,4093,569.0
ALIGNN-FF,4094,569.0
ALIGNN-FF,4095,569.0
ALIGNN-FF,4096,569.0
ALIGNN-FF,4097,569.0
ALIGNN-FF,4098,569.0
ALIGNN-FF,4099,569.0
ALIGNN-FF,4100,568.0
ALIGNN-FF,4101,568.0
ALIGNN-FF,4102,568.0
ALIGNN-FF,4103,568.0
ALIGNN-FF,4104,568.0
ALIGNN-FF,4105,568.0
ALIGNN-FF,4106,569.0
ALIGNN-FF,4107,570.0
ALIGNN-FF,4108,570.0
ALIGNN-FF,4109,570.0
ALIGNN-FF,4110,570.0
ALIGNN-FF,4111,570.0
ALIGNN-FF,4112,570.0
ALIGNN-FF,4113,570.0
ALIGNN-FF,4114,569.0
ALIGNN-FF,4115,569.0
ALIGNN-FF,4116,569.0
ALIGNN-FF,4117,569.0
ALIGNN-FF,4118,569.0
ALIGNN-FF,4119,569.0
ALIGNN-FF,4120,570.0
ALIGNN-FF,4121,570.0
ALIGNN-FF,4122,570.0
ALIGNN-FF,4123,570.0
ALIGNN-FF,4124,570.0
ALIGNN-FF,4125,570.0
ALIGNN-FF,4126,571.0
ALIGNN-FF,4127,571.0
ALIGNN-FF,4128,571.0
ALIGNN-FF,4129,570.0
ALIGNN-FF,4130,570.0
ALIGNN-FF,4131,570.0
ALIGNN-FF,4132,570.0
ALIGNN-FF,4133,569.0
ALIGNN-FF,4134,569.0
ALIGNN-FF,4135,570.0
ALIGNN-FF,4136,570.0
ALIGNN-FF,4137,570.0
ALIGNN-FF,4138,570.0
ALIGNN-FF,4139,570.0
ALIGNN-FF,4140,570.0
ALIGNN-FF,4141,570.0
ALIGNN-FF,4142,570.0
ALIGNN-FF,4143,570.0
ALIGNN-FF,4144,570.0
ALIGNN-FF,4145,570.0
ALIGNN-FF,4146,570.0
ALIGNN-FF,4147,570.0
ALIGNN-FF,4148,571.0
ALIGNN-FF,4149,571.0
ALIGNN-FF,4150,571.0
ALIGNN-FF,4151,571.0
ALIGNN-FF,4152,571.0
ALIGNN-FF,4153,571.0
ALIGNN-FF,4154,572.0
ALIGNN-FF,4155,572.0
ALIGNN-FF,4156,572.0
ALIGNN-FF,4157,572.0
ALIGNN-FF,4158,572.0
ALIGNN-FF,4159,572.0
ALIGNN-FF,4160,573.0
ALIGNN-FF,4161,573.0
ALIGNN-FF,4162,573.0
ALIGNN-FF,4163,573.0
ALIGNN-FF,4164,573.0
ALIGNN-FF,4165,573.0
ALIGNN-FF,4166,573.0
ALIGNN-FF,4167,573.0
ALIGNN-FF,4168,574.0
ALIGNN-FF,4169,575.0
ALIGNN-FF,4170,575.0
ALIGNN-FF,4171,576.0
ALIGNN-FF,4172,577.0
ALIGNN-FF,4173,577.0
ALIGNN-FF,4174,577.0
ALIGNN-FF,4175,577.0
ALIGNN-FF,4176,577.0
ALIGNN-FF,4177,577.0
ALIGNN-FF,4178,577.0
ALIGNN-FF,4179,577.0
ALIGNN-FF,4180,577.0
ALIGNN-FF,4181,577.0
ALIGNN-FF,4182,577.0
ALIGNN-FF,4183,577.0
ALIGNN-FF,4184,578.0
ALIGNN-FF,4185,578.0
ALIGNN-FF,4186,578.0
ALIGNN-FF,4187,578.0
ALIGNN-FF,4188,578.0
ALIGNN-FF,4189,578.0
ALIGNN-FF,4190,578.0
ALIGNN-FF,4191,579.0
ALIGNN-FF,4192,580.0
ALIGNN-FF,4193,580.0
ALIGNN-FF,4194,580.0
ALIGNN-FF,4195,580.0
ALIGNN-FF,4196,580.0
ALIGNN-FF,4197,580.0
ALIGNN-FF,4198,580.0
ALIGNN-FF,4199,580.0
ALIGNN-FF,4200,580.0
ALIGNN-FF,4201,580.0
ALIGNN-FF,4202,580.0
ALIGNN-FF,4203,580.0
ALIGNN-FF,4204,580.0
ALIGNN-FF,4205,581.0
ALIGNN-FF,4206,581.0
ALIGNN-FF,4207,581.0
ALIGNN-FF,4208,581.0
ALIGNN-FF,4209,581.0
ALIGNN-FF,4210,581.0
ALIGNN-FF,4211,581.0
ALIGNN-FF,4212,582.0
ALIGNN-FF,4213,581.0
ALIGNN-FF,4214,581.0
ALIGNN-FF,4215,581.0
ALIGNN-FF,4216,582.0
ALIGNN-FF,4217,582.0
ALIGNN-FF,4218,582.0
ALIGNN-FF,4219,583.0
ALIGNN-FF,4220,583.0
ALIGNN-FF,4221,583.0
ALIGNN-FF,4222,583.0
ALIGNN-FF,4223,583.0
ALIGNN-FF,4224,584.0
ALIGNN-FF,4225,584.0
ALIGNN-FF,4226,584.0
ALIGNN-FF,4227,584.0
ALIGNN-FF,4228,584.0
ALIGNN-FF,4229,584.0
ALIGNN-FF,4230,585.0
ALIGNN-FF,4231,586.0
ALIGNN-FF,4232,587.0
ALIGNN-FF,4233,587.0
ALIGNN-FF,4234,588.0
ALIGNN-FF,4235,587.0
ALIGNN-FF,4236,587.0
ALIGNN-FF,4237,587.0
ALIGNN-FF,4238,587.0
ALIGNN-FF,4239,587.0
ALIGNN-FF,4240,586.0
ALIGNN-FF,4241,585.0
ALIGNN-FF,4242,585.0
ALIGNN-FF,4243,586.0
ALIGNN-FF,4244,586.0
ALIGNN-FF,4245,587.0
ALIGNN-FF,4246,587.0
ALIGNN-FF,4247,587.0
ALIGNN-FF,4248,587.0
ALIGNN-FF,4249,587.0
ALIGNN-FF,4250,588.0
ALIGNN-FF,4251,588.0
ALIGNN-FF,4252,588.0
ALIGNN-FF,4253,588.0
ALIGNN-FF,4254,589.0
ALIGNN-FF,4255,589.0
ALIGNN-FF,4256,590.0
ALIGNN-FF,4257,590.0
ALIGNN-FF,4258,590.0
ALIGNN-FF,4259,590.0
ALIGNN-FF,4260,590.0
ALIGNN-FF,4261,590.0
ALIGNN-FF,4262,590.0
ALIGNN-FF,4263,590.0
ALIGNN-FF,4264,590.0
ALIGNN-FF,4265,590.0
ALIGNN-FF,4266,590.0
ALIGNN-FF,4267,591.0
ALIGNN-FF,4268,591.0
ALIGNN-FF,4269,591.0
ALIGNN-FF,4270,591.0
ALIGNN-FF,4271,592.0
ALIGNN-FF,4272,592.0
ALIGNN-FF,4273,593.0
ALIGNN-FF,4274,593.0
ALIGNN-FF,4275,594.0
ALIGNN-FF,4276,594.0
ALIGNN-FF,4277,594.0
ALIGNN-FF,4278,594.0
ALIGNN-FF,4279,594.0
ALIGNN-FF,4280,594.0
ALIGNN-FF,4281,595.0
ALIGNN-FF,4282,595.0
ALIGNN-FF,4283,595.0
ALIGNN-FF,4284,596.0
ALIGNN-FF,4285,596.0
ALIGNN-FF,4286,596.0
ALIGNN-FF,4287,596.0
ALIGNN-FF,4288,596.0
ALIGNN-FF,4289,596.0
ALIGNN-FF,4290,596.0
ALIGNN-FF,4291,596.0
ALIGNN-FF,4292,596.0
ALIGNN-FF,4293,596.0
ALIGNN-FF,4294,596.0
ALIGNN-FF,4295,596.0
ALIGNN-FF,4296,596.0
ALIGNN-FF,4297,596.0
ALIGNN-FF,4298,596.0
ALIGNN-FF,4299,596.0
ALIGNN-FF,4300,596.0
ALIGNN-FF,4301,596.0
ALIGNN-FF,4302,596.0
ALIGNN-FF,4303,597.0
ALIGNN-FF,4304,597.0
ALIGNN-FF,4305,597.0
ALIGNN-FF,4306,597.0
ALIGNN-FF,4307,596.0
ALIGNN-FF,4308,596.0
ALIGNN-FF,4309,596.0
ALIGNN-FF,4310,596.0
ALIGNN-FF,4311,596.0
ALIGNN-FF,4312,596.0
ALIGNN-FF,4313,596.0
ALIGNN-FF,4314,596.0
ALIGNN-FF,4315,596.0
ALIGNN-FF,4316,596.0
ALIGNN-FF,4317,596.0
ALIGNN-FF,4318,595.0
ALIGNN-FF,4319,595.0
ALIGNN-FF,4320,595.0
ALIGNN-FF,4321,595.0
ALIGNN-FF,4322,595.0
ALIGNN-FF,4323,595.0
ALIGNN-FF,4324,595.0
ALIGNN-FF,4325,595.0
ALIGNN-FF,4326,595.0
ALIGNN-FF,4327,595.0
ALIGNN-FF,4328,595.0
ALIGNN-FF,4329,595.0
ALIGNN-FF,4330,596.0
ALIGNN-FF,4331,596.0
ALIGNN-FF,4332,596.0
ALIGNN-FF,4333,597.0
ALIGNN-FF,4334,598.0
ALIGNN-FF,4335,598.0
ALIGNN-FF,4336,598.0
ALIGNN-FF,4337,598.0
ALIGNN-FF,4338,598.0
ALIGNN-FF,4339,599.0
ALIGNN-FF,4340,600.0
ALIGNN-FF,4341,600.0
ALIGNN-FF,4342,600.0
ALIGNN-FF,4343,600.0
ALIGNN-FF,4344,600.0
ALIGNN-FF,4345,600.0
ALIGNN-FF,4346,600.0
ALIGNN-FF,4347,600.0
ALIGNN-FF,4348,600.0
ALIGNN-FF,4349,600.0
ALIGNN-FF,4350,600.0
ALIGNN-FF,4351,600.0
ALIGNN-FF,4352,600.0
ALIGNN-FF,4353,600.0
ALIGNN-FF,4354,600.0
ALIGNN-FF,4355,600.0
ALIGNN-FF,4356,601.0
ALIGNN-FF,4357,601.0
ALIGNN-FF,4358,601.0
ALIGNN-FF,4359,601.0
ALIGNN-FF,4360,601.0
ALIGNN-FF,4361,601.0
ALIGNN-FF,4362,601.0
ALIGNN-FF,4363,601.0
ALIGNN-FF,4364,601.0
ALIGNN-FF,4365,601.0
ALIGNN-FF,4366,600.0
ALIGNN-FF,4367,600.0
ALIGNN-FF,4368,600.0
ALIGNN-FF,4369,600.0
ALIGNN-FF,4370,599.0
ALIGNN-FF,4371,600.0
ALIGNN-FF,4372,600.0
ALIGNN-FF,4373,599.0
ALIGNN-FF,4374,600.0
ALIGNN-FF,4375,600.0
ALIGNN-FF,4376,600.0
ALIGNN-FF,4377,600.0
ALIGNN-FF,4378,601.0
ALIGNN-FF,4379,602.0
ALIGNN-FF,4380,602.0
ALIGNN-FF,4381,602.0
ALIGNN-FF,4382,603.0
ALIGNN-FF,4383,604.0
ALIGNN-FF,4384,605.0
ALIGNN-FF,4385,606.0
ALIGNN-FF,4386,606.0
ALIGNN-FF,4387,606.0
ALIGNN-FF,4388,606.0
ALIGNN-FF,4389,606.0
ALIGNN-FF,4390,606.0
ALIGNN-FF,4391,606.0
ALIGNN-FF,4392,606.0
ALIGNN-FF,4393,606.0
ALIGNN-FF,4394,606.0
ALIGNN-FF,4395,606.0
ALIGNN-FF,4396,605.0
ALIGNN-FF,4397,605.0
ALIGNN-FF,4398,605.0
ALIGNN-FF,4399,605.0
ALIGNN-FF,4400,605.0
ALIGNN-FF,4401,606.0
ALIGNN-FF,4402,606.0
ALIGNN-FF,4403,606.0
ALIGNN-FF,4404,606.0
ALIGNN-FF,4405,607.0
ALIGNN-FF,4406,607.0
ALIGNN-FF,4407,607.0
ALIGNN-FF,4408,607.0
ALIGNN-FF,4409,607.0
ALIGNN-FF,4410,607.0
ALIGNN-FF,4411,607.0
ALIGNN-FF,4412,607.0
ALIGNN-FF,4413,607.0
ALIGNN-FF,4414,608.0
ALIGNN-FF,4415,609.0
ALIGNN-FF,4416,609.0
ALIGNN-FF,4417,610.0
ALIGNN-FF,4418,610.0
ALIGNN-FF,4419,609.0
ALIGNN-FF,4420,609.0
ALIGNN-FF,4421,610.0
ALIGNN-FF,4422,611.0
ALIGNN-FF,4423,612.0
ALIGNN-FF,4424,612.0
ALIGNN-FF,4425,612.0
ALIGNN-FF,4426,613.0
ALIGNN-FF,4427,613.0
ALIGNN-FF,4428,613.0
ALIGNN-FF,4429,613.0
ALIGNN-FF,4430,613.0
ALIGNN-FF,4431,613.0
ALIGNN-FF,4432,613.0
ALIGNN-FF,4433,613.0
ALIGNN-FF,4434,613.0
ALIGNN-FF,4435,613.0
ALIGNN-FF,4436,613.0
ALIGNN-FF,4437,613.0
ALIGNN-FF,4438,612.0
ALIGNN-FF,4439,613.0
ALIGNN-FF,4440,613.0
ALIGNN-FF,4441,613.0
ALIGNN-FF,4442,613.0
ALIGNN-FF,4443,613.0
ALIGNN-FF,4444,613.0
ALIGNN-FF,4445,613.0
ALIGNN-FF,4446,613.0
ALIGNN-FF,4447,613.0
ALIGNN-FF,4448,613.0
ALIGNN-FF,4449,613.0
ALIGNN-FF,4450,614.0
ALIGNN-FF,4451,614.0
ALIGNN-FF,4452,614.0
ALIGNN-FF,4453,614.0
ALIGNN-FF,4454,614.0
ALIGNN-FF,4455,614.0
ALIGNN-FF,4456,614.0
ALIGNN-FF,4457,614.0
ALIGNN-FF,4458,614.0
ALIGNN-FF,4459,614.0
ALIGNN-FF,4460,613.0
ALIGNN-FF,4461,613.0
ALIGNN-FF,4462,613.0
ALIGNN-FF,4463,613.0
ALIGNN-FF,4464,613.0
ALIGNN-FF,4465,613.0
ALIGNN-FF,4466,614.0
ALIGNN-FF,4467,614.0
ALIGNN-FF,4468,615.0
ALIGNN-FF,4469,615.0
ALIGNN-FF,4470,616.0
ALIGNN-FF,4471,616.0
ALIGNN-FF,4472,616.0
ALIGNN-FF,4473,616.0
ALIGNN-FF,4474,616.0
ALIGNN-FF,4475,617.0
ALIGNN-FF,4476,617.0
ALIGNN-FF,4477,617.0
ALIGNN-FF,4478,618.0
ALIGNN-FF,4479,618.0
ALIGNN-FF,4480,619.0
ALIGNN-FF,4481,619.0
ALIGNN-FF,4482,619.0
ALIGNN-FF,4483,619.0
ALIGNN-FF,4484,619.0
ALIGNN-FF,4485,619.0
ALIGNN-FF,4486,619.0
ALIGNN-FF,4487,619.0
ALIGNN-FF,4488,620.0
ALIGNN-FF,4489,620.0
ALIGNN-FF,4490,621.0
ALIGNN-FF,4491,621.0
ALIGNN-FF,4492,621.0
ALIGNN-FF,4493,621.0
ALIGNN-FF,4494,621.0
ALIGNN-FF,4495,621.0
ALIGNN-FF,4496,621.0
ALIGNN-FF,4497,621.0
ALIGNN-FF,4498,621.0
ALIGNN-FF,4499,621.0
ALIGNN-FF,4500,621.0
ALIGNN-FF,4501,622.0
ALIGNN-FF,4502,622.0
ALIGNN-FF,4503,622.0
ALIGNN-FF,4504,623.0
ALIGNN-FF,4505,624.0
ALIGNN-FF,4506,624.0
ALIGNN-FF,4507,624.0
ALIGNN-FF,4508,624.0
ALIGNN-FF,4509,625.0
ALIGNN-FF,4510,625.0
ALIGNN-FF,4511,626.0
ALIGNN-FF,4512,626.0
ALIGNN-FF,4513,626.0
ALIGNN-FF,4514,626.0
ALIGNN-FF,4515,626.0
ALIGNN-FF,4516,626.0
ALIGNN-FF,4517,626.0
ALIGNN-FF,4518,626.0
ALIGNN-FF,4519,626.0
ALIGNN-FF,4520,626.0
ALIGNN-FF,4521,626.0
ALIGNN-FF,4522,627.0
ALIGNN-FF,4523,627.0
ALIGNN-FF,4524,627.0
ALIGNN-FF,4525,627.0
ALIGNN-FF,4526,627.0
ALIGNN-FF,4527,627.0
ALIGNN-FF,4528,627.0
ALIGNN-FF,4529,627.0
ALIGNN-FF,4530,627.0
ALIGNN-FF,4531,627.0
ALIGNN-FF,4532,627.0
ALIGNN-FF,4533,627.0
ALIGNN-FF,4534,627.0
ALIGNN-FF,4535,626.0
ALIGNN-FF,4536,627.0
ALIGNN-FF,4537,628.0
ALIGNN-FF,4538,628.0
ALIGNN-FF,4539,629.0
ALIGNN-FF,4540,630.0
ALIGNN-FF,4541,630.0
ALIGNN-FF,4542,630.0
ALIGNN-FF,4543,630.0
ALIGNN-FF,4544,630.0
ALIGNN-FF,4545,630.0
ALIGNN-FF,4546,630.0
ALIGNN-FF,4547,630.0
ALIGNN-FF,4548,630.0
ALIGNN-FF,4549,630.0
ALIGNN-FF,4550,630.0
ALIGNN-FF,4551,630.0
ALIGNN-FF,4552,631.0
ALIGNN-FF,4553,632.0
ALIGNN-FF,4554,632.0
ALIGNN-FF,4555,632.0
ALIGNN-FF,4556,632.0
ALIGNN-FF,4557,632.0
ALIGNN-FF,4558,633.0
ALIGNN-FF,4559,633.0
ALIGNN-FF,4560,634.0
ALIGNN-FF,4561,634.0
ALIGNN-FF,4562,634.0
ALIGNN-FF,4563,634.0
ALIGNN-FF,4564,634.0
ALIGNN-FF,4565,634.0
ALIGNN-FF,4566,634.0
ALIGNN-FF,4567,634.0
ALIGNN-FF,4568,634.0
ALIGNN-FF,4569,634.0
ALIGNN-FF,4570,634.0
ALIGNN-FF,4571,634.0
ALIGNN-FF,4572,635.0
ALIGNN-FF,4573,635.0
ALIGNN-FF,4574,635.0
ALIGNN-FF,4575,635.0
ALIGNN-FF,4576,635.0
ALIGNN-FF,4577,635.0
ALIGNN-FF,4578,635.0
ALIGNN-FF,4579,635.0
ALIGNN-FF,4580,634.0
ALIGNN-FF,4581,634.0
ALIGNN-FF,4582,634.0
ALIGNN-FF,4583,634.0
ALIGNN-FF,4584,634.0
ALIGNN-FF,4585,634.0
ALIGNN-FF,4586,634.0
ALIGNN-FF,4587,634.0
ALIGNN-FF,4588,634.0
ALIGNN-FF,4589,634.0
ALIGNN-FF,4590,634.0
ALIGNN-FF,4591,634.0
ALIGNN-FF,4592,634.0
ALIGNN-FF,4593,634.0
ALIGNN-FF,4594,634.0
ALIGNN-FF,4595,634.0
ALIGNN-FF,4596,634.0
ALIGNN-FF,4597,634.0
ALIGNN-FF,4598,634.0
ALIGNN-FF,4599,634.0
ALIGNN-FF,4600,634.0
ALIGNN-FF,4601,634.0
ALIGNN-FF,4602,634.0
ALIGNN-FF,4603,634.0
ALIGNN-FF,4604,634.0
ALIGNN-FF,4605,634.0
ALIGNN-FF,4606,634.0
ALIGNN-FF,4607,634.0
ALIGNN-FF,4608,635.0
ALIGNN-FF,4609,635.0
ALIGNN-FF,4610,635.0
ALIGNN-FF,4611,635.0
ALIGNN-FF,4612,635.0
ALIGNN-FF,4613,635.0
ALIGNN-FF,4614,636.0
ALIGNN-FF,4615,636.0
ALIGNN-FF,4616,636.0
ALIGNN-FF,4617,636.0
ALIGNN-FF,4618,636.0
ALIGNN-FF,4619,636.0
ALIGNN-FF,4620,636.0
ALIGNN-FF,4621,635.0
ALIGNN-FF,4622,635.0
ALIGNN-FF,4623,636.0
ALIGNN-FF,4624,637.0
ALIGNN-FF,4625,638.0
ALIGNN-FF,4626,638.0
ALIGNN-FF,4627,638.0
ALIGNN-FF,4628,638.0
ALIGNN-FF,4629,637.0
ALIGNN-FF,4630,637.0
ALIGNN-FF,4631,638.0
ALIGNN-FF,4632,639.0
ALIGNN-FF,4633,640.0
ALIGNN-FF,4634,640.0
ALIGNN-FF,4635,641.0
ALIGNN-FF,4636,641.0
ALIGNN-FF,4637,642.0
ALIGNN-FF,4638,642.0
ALIGNN-FF,4639,642.0
ALIGNN-FF,4640,642.0
ALIGNN-FF,4641,642.0
ALIGNN-FF,4642,642.0
ALIGNN-FF,4643,643.0
ALIGNN-FF,4644,644.0
ALIGNN-FF,4645,644.0
ALIGNN-FF,4646,644.0
ALIGNN-FF,4647,644.0
ALIGNN-FF,4648,644.0
ALIGNN-FF,4649,643.0
ALIGNN-FF,4650,643.0
ALIGNN-FF,4651,643.0
ALIGNN-FF,4652,644.0
ALIGNN-FF,4653,644.0
ALIGNN-FF,4654,644.0
ALIGNN-FF,4655,643.0
ALIGNN-FF,4656,643.0
ALIGNN-FF,4657,643.0
ALIGNN-FF,4658,642.0
ALIGNN-FF,4659,642.0
ALIGNN-FF,4660,642.0
ALIGNN-FF,4661,642.0
ALIGNN-FF,4662,642.0
ALIGNN-FF,4663,642.0
ALIGNN-FF,4664,642.0
ALIGNN-FF,4665,642.0
ALIGNN-FF,4666,642.0
ALIGNN-FF,4667,642.0
ALIGNN-FF,4668,642.0
ALIGNN-FF,4669,642.0
ALIGNN-FF,4670,642.0
ALIGNN-FF,4671,642.0
ALIGNN-FF,4672,642.0
ALIGNN-FF,4673,642.0
ALIGNN-FF,4674,642.0
ALIGNN-FF,4675,642.0
ALIGNN-FF,4676,642.0
ALIGNN-FF,4677,642.0
ALIGNN-FF,4678,642.0
ALIGNN-FF,4679,642.0
ALIGNN-FF,4680,642.0
ALIGNN-FF,4681,642.0
ALIGNN-FF,4682,642.0
ALIGNN-FF,4683,642.0
ALIGNN-FF,4684,642.0
ALIGNN-FF,4685,642.0
ALIGNN-FF,4686,642.0
ALIGNN-FF,4687,642.0
ALIGNN-FF,4688,642.0
ALIGNN-FF,4689,642.0
ALIGNN-FF,4690,643.0
ALIGNN-FF,4691,644.0
ALIGNN-FF,4692,643.0
ALIGNN-FF,4693,643.0
ALIGNN-FF,4694,643.0
ALIGNN-FF,4695,643.0
ALIGNN-FF,4696,643.0
ALIGNN-FF,4697,643.0
ALIGNN-FF,4698,643.0
ALIGNN-FF,4699,643.0
ALIGNN-FF,4700,643.0
ALIGNN-FF,4701,642.0
ALIGNN-FF,4702,642.0
ALIGNN-FF,4703,641.0
ALIGNN-FF,4704,641.0
ALIGNN-FF,4705,641.0
ALIGNN-FF,4706,641.0
ALIGNN-FF,4707,641.0
ALIGNN-FF,4708,641.0
ALIGNN-FF,4709,641.0
ALIGNN-FF,4710,641.0
ALIGNN-FF,4711,641.0
ALIGNN-FF,4712,641.0
ALIGNN-FF,4713,641.0
ALIGNN-FF,4714,641.0
ALIGNN-FF,4715,641.0
ALIGNN-FF,4716,642.0
ALIGNN-FF,4717,642.0
ALIGNN-FF,4718,642.0
ALIGNN-FF,4719,642.0
ALIGNN-FF,4720,642.0
ALIGNN-FF,4721,643.0
ALIGNN-FF,4722,644.0
ALIGNN-FF,4723,644.0
ALIGNN-FF,4724,644.0
ALIGNN-FF,4725,645.0
ALIGNN-FF,4726,645.0
ALIGNN-FF,4727,645.0
ALIGNN-FF,4728,645.0
ALIGNN-FF,4729,645.0
ALIGNN-FF,4730,645.0
ALIGNN-FF,4731,645.0
ALIGNN-FF,4732,645.0
ALIGNN-FF,4733,646.0
ALIGNN-FF,4734,646.0
ALIGNN-FF,4735,646.0
ALIGNN-FF,4736,645.0
ALIGNN-FF,4737,645.0
ALIGNN-FF,4738,644.0
ALIGNN-FF,4739,645.0
ALIGNN-FF,4740,645.0
ALIGNN-FF,4741,645.0
ALIGNN-FF,4742,645.0
ALIGNN-FF,4743,645.0
ALIGNN-FF,4744,645.0
ALIGNN-FF,4745,645.0
ALIGNN-FF,4746,645.0
ALIGNN-FF,4747,645.0
ALIGNN-FF,4748,645.0
ALIGNN-FF,4749,645.0
ALIGNN-FF,4750,645.0
ALIGNN-FF,4751,645.0
ALIGNN-FF,4752,645.0
ALIGNN-FF,4753,645.0
ALIGNN-FF,4754,645.0
ALIGNN-FF,4755,645.0
ALIGNN-FF,4756,645.0
ALIGNN-FF,4757,646.0
ALIGNN-FF,4758,646.0
ALIGNN-FF,4759,646.0
ALIGNN-FF,4760,646.0
ALIGNN-FF,4761,646.0
ALIGNN-FF,4762,646.0
ALIGNN-FF,4763,646.0
ALIGNN-FF,4764,646.0
ALIGNN-FF,4765,646.0
ALIGNN-FF,4766,645.0
ALIGNN-FF,4767,645.0
ALIGNN-FF,4768,645.0
ALIGNN-FF,4769,645.0
ALIGNN-FF,4770,645.0
ALIGNN-FF,4771,645.0
ALIGNN-FF,4772,645.0
ALIGNN-FF,4773,646.0
ALIGNN-FF,4774,646.0
ALIGNN-FF,4775,646.0
ALIGNN-FF,4776,646.0
ALIGNN-FF,4777,647.0
ALIGNN-FF,4778,647.0
ALIGNN-FF,4779,647.0
ALIGNN-FF,4780,647.0
ALIGNN-FF,4781,647.0
ALIGNN-FF,4782,647.0
ALIGNN-FF,4783,647.0
ALIGNN-FF,4784,647.0
ALIGNN-FF,4785,647.0
ALIGNN-FF,4786,647.0
ALIGNN-FF,4787,647.0
ALIGNN-FF,4788,648.0
ALIGNN-FF,4789,648.0
ALIGNN-FF,4790,648.0
ALIGNN-FF,4791,648.0
ALIGNN-FF,4792,648.0
ALIGNN-FF,4793,649.0
ALIGNN-FF,4794,649.0
ALIGNN-FF,4795,649.0
ALIGNN-FF,4796,649.0
ALIGNN-FF,4797,650.0
ALIGNN-FF,4798,651.0
ALIGNN-FF,4799,652.0
ALIGNN-FF,4800,652.0
ALIGNN-FF,4801,652.0
ALIGNN-FF,4802,651.0
ALIGNN-FF,4803,652.0
ALIGNN-FF,4804,653.0
ALIGNN-FF,4805,653.0
ALIGNN-FF,4806,653.0
ALIGNN-FF,4807,653.0
ALIGNN-FF,4808,653.0
ALIGNN-FF,4809,653.0
ALIGNN-FF,4810,653.0
ALIGNN-FF,4811,653.0
ALIGNN-FF,4812,654.0
ALIGNN-FF,4813,654.0
ALIGNN-FF,4814,654.0
ALIGNN-FF,4815,654.0
ALIGNN-FF,4816,655.0
ALIGNN-FF,4817,655.0
ALIGNN-FF,4818,655.0
ALIGNN-FF,4819,655.0
ALIGNN-FF,4820,655.0
ALIGNN-FF,4821,655.0
ALIGNN-FF,4822,656.0
ALIGNN-FF,4823,657.0
ALIGNN-FF,4824,657.0
ALIGNN-FF,4825,656.0
ALIGNN-FF,4826,656.0
ALIGNN-FF,4827,656.0
ALIGNN-FF,4828,656.0
ALIGNN-FF,4829,656.0
ALIGNN-FF,4830,656.0
ALIGNN-FF,4831,656.0
ALIGNN-FF,4832,656.0
ALIGNN-FF,4833,656.0
ALIGNN-FF,4834,656.0
ALIGNN-FF,4835,656.0
ALIGNN-FF,4836,657.0
ALIGNN-FF,4837,657.0
ALIGNN-FF,4838,657.0
ALIGNN-FF,4839,657.0
ALIGNN-FF,4840,657.0
ALIGNN-FF,4841,657.0
ALIGNN-FF,4842,657.0
ALIGNN-FF,4843,657.0
ALIGNN-FF,4844,657.0
ALIGNN-FF,4845,657.0
ALIGNN-FF,4846,657.0
ALIGNN-FF,4847,657.0
ALIGNN-FF,4848,657.0
ALIGNN-FF,4849,657.0
ALIGNN-FF,4850,657.0
ALIGNN-FF,4851,657.0
ALIGNN-FF,4852,657.0
ALIGNN-FF,4853,657.0
ALIGNN-FF,4854,657.0
ALIGNN-FF,4855,657.0
ALIGNN-FF,4856,657.0
ALIGNN-FF,4857,657.0
ALIGNN-FF,4858,658.0
ALIGNN-FF,4859,658.0
ALIGNN-FF,4860,659.0
ALIGNN-FF,4861,659.0
ALIGNN-FF,4862,659.0
ALIGNN-FF,4863,659.0
ALIGNN-FF,4864,659.0
ALIGNN-FF,4865,659.0
ALIGNN-FF,4866,660.0
ALIGNN-FF,4867,660.0
ALIGNN-FF,4868,660.0
ALIGNN-FF,4869,659.0
ALIGNN-FF,4870,659.0
ALIGNN-FF,4871,659.0
ALIGNN-FF,4872,659.0
ALIGNN-FF,4873,659.0
ALIGNN-FF,4874,659.0
ALIGNN-FF,4875,659.0
ALIGNN-FF,4876,660.0
ALIGNN-FF,4877,661.0
ALIGNN-FF,4878,661.0
ALIGNN-FF,4879,661.0
ALIGNN-FF,4880,661.0
ALIGNN-FF,4881,661.0
ALIGNN-FF,4882,660.0
ALIGNN-FF,4883,660.0
ALIGNN-FF,4884,660.0
ALIGNN-FF,4885,661.0
ALIGNN-FF,4886,661.0
ALIGNN-FF,4887,661.0
ALIGNN-FF,4888,661.0
ALIGNN-FF,4889,661.0
ALIGNN-FF,4890,661.0
ALIGNN-FF,4891,662.0
ALIGNN-FF,4892,663.0
ALIGNN-FF,4893,664.0
ALIGNN-FF,4894,664.0
ALIGNN-FF,4895,664.0
ALIGNN-FF,4896,665.0
ALIGNN-FF,4897,665.0
ALIGNN-FF,4898,665.0
ALIGNN-FF,4899,666.0
ALIGNN-FF,4900,666.0
ALIGNN-FF,4901,666.0
ALIGNN-FF,4902,666.0
ALIGNN-FF,4903,666.0
ALIGNN-FF,4904,667.0
ALIGNN-FF,4905,667.0
ALIGNN-FF,4906,667.0
ALIGNN-FF,4907,667.0
ALIGNN-FF,4908,666.0
ALIGNN-FF,4909,667.0
ALIGNN-FF,4910,666.0
ALIGNN-FF,4911,666.0
ALIGNN-FF,4912,666.0
ALIGNN-FF,4913,666.0
ALIGNN-FF,4914,666.0
ALIGNN-FF,4915,666.0
ALIGNN-FF,4916,666.0
ALIGNN-FF,4917,666.0
ALIGNN-FF,4918,666.0
ALIGNN-FF,4919,666.0
ALIGNN-FF,4920,666.0
ALIGNN-FF,4921,666.0
ALIGNN-FF,4922,666.0
ALIGNN-FF,4923,666.0
ALIGNN-FF,4924,666.0
ALIGNN-FF,4925,666.0
ALIGNN-FF,4926,667.0
ALIGNN-FF,4927,667.0
ALIGNN-FF,4928,668.0
ALIGNN-FF,4929,668.0
ALIGNN-FF,4930,668.0
ALIGNN-FF,4931,668.0
ALIGNN-FF,4932,668.0
ALIGNN-FF,4933,668.0
ALIGNN-FF,4934,668.0
ALIGNN-FF,4935,668.0
ALIGNN-FF,4936,669.0
ALIGNN-FF,4937,669.0
ALIGNN-FF,4938,669.0
ALIGNN-FF,4939,670.0
ALIGNN-FF,4940,671.0
ALIGNN-FF,4941,672.0
ALIGNN-FF,4942,673.0
ALIGNN-FF,4943,673.0
ALIGNN-FF,4944,673.0
ALIGNN-FF,4945,673.0
ALIGNN-FF,4946,673.0
ALIGNN-FF,4947,674.0
ALIGNN-FF,4948,675.0
ALIGNN-FF,4949,675.0
ALIGNN-FF,4950,675.0
ALIGNN-FF,4951,676.0
ALIGNN-FF,4952,676.0
ALIGNN-FF,4953,676.0
ALIGNN-FF,4954,676.0
ALIGNN-FF,4955,676.0
ALIGNN-FF,4956,676.0
ALIGNN-FF,4957,677.0
ALIGNN-FF,4958,677.0
ALIGNN-FF,4959,677.0
ALIGNN-FF,4960,677.0
ALIGNN-FF,4961,678.0
ALIGNN-FF,4962,678.0
ALIGNN-FF,4963,678.0
ALIGNN-FF,4964,678.0
ALIGNN-FF,4965,678.0
ALIGNN-FF,4966,679.0
ALIGNN-FF,4967,679.0
ALIGNN-FF,4968,679.0
ALIGNN-FF,4969,679.0
ALIGNN-FF,4970,679.0
ALIGNN-FF,4971,679.0
ALIGNN-FF,4972,679.0
ALIGNN-FF,4973,679.0
ALIGNN-FF,4974,679.0
ALIGNN-FF,4975,679.0
ALIGNN-FF,4976,679.0
ALIGNN-FF,4977,678.0
ALIGNN-FF,4978,678.0
ALIGNN-FF,4979,678.0
ALIGNN-FF,4980,678.0
ALIGNN-FF,4981,678.0
ALIGNN-FF,4982,678.0
ALIGNN-FF,4983,678.0
ALIGNN-FF,4984,678.0
ALIGNN-FF,4985,678.0
ALIGNN-FF,4986,678.0
ALIGNN-FF,4987,678.0
ALIGNN-FF,4988,678.0
ALIGNN-FF,4989,678.0
ALIGNN-FF,4990,678.0
ALIGNN-FF,4991,678.0
ALIGNN-FF,4992,679.0
ALIGNN-FF,4993,679.0
ALIGNN-FF,4994,679.0
ALIGNN-FF,4995,680.0
ALIGNN-FF,4996,679.0
ALIGNN-FF,4997,679.0
ALIGNN-FF,4998,679.0
ALIGNN-FF,4999,679.0
ALIGNN-FF,5000,679.0
CHGNet,1,0.0
CHGNet,2,0.0
CHGNet,3,0.0
CHGNet,4,0.0
CHGNet,5,0.0
CHGNet,6,0.0
CHGNet,7,1.0
CHGNet,8,1.0
CHGNet,9,1.0
CHGNet,10,1.0
CHGNet,11,1.0
CHGNet,12,1.0
CHGNet,13,1.0
CHGNet,14,1.0
CHGNet,15,2.0
CHGNet,16,2.0
CHGNet,17,2.0
CHGNet,18,3.0
CHGNet,19,3.0
CHGNet,20,3.0
CHGNet,21,3.0
CHGNet,22,3.0
CHGNet,23,3.0
CHGNet,24,3.0
CHGNet,25,3.0
CHGNet,26,2.0
CHGNet,27,2.0
CHGNet,28,2.0
CHGNet,29,2.0
CHGNet,30,2.0
CHGNet,31,2.0
CHGNet,32,2.0
CHGNet,33,3.0
CHGNet,34,3.0
CHGNet,35,3.0
CHGNet,36,3.0
CHGNet,37,3.0
CHGNet,38,2.0
CHGNet,39,2.0
CHGNet,40,1.0
CHGNet,41,1.0
CHGNet,42,1.0
CHGNet,43,0.0
CHGNet,44,1.0
CHGNet,45,2.0
CHGNet,46,2.0
CHGNet,47,1.0
CHGNet,48,2.0
CHGNet,49,2.0
CHGNet,50,2.0
CHGNet,51,3.0
CHGNet,52,4.0
CHGNet,53,5.0
CHGNet,54,5.0
CHGNet,55,5.0
CHGNet,56,6.0
CHGNet,57,6.0
CHGNet,58,6.0
CHGNet,59,6.0
CHGNet,60,6.0
CHGNet,61,6.0
CHGNet,62,7.0
CHGNet,63,8.0
CHGNet,64,9.0
CHGNet,65,9.0
CHGNet,66,9.0
CHGNet,67,10.0
CHGNet,68,11.0
CHGNet,69,11.0
CHGNet,70,12.0
CHGNet,71,12.0
CHGNet,72,12.0
CHGNet,73,12.0
CHGNet,74,11.0
CHGNet,75,12.0
CHGNet,76,12.0
CHGNet,77,12.0
CHGNet,78,13.0
CHGNet,79,13.0
CHGNet,80,13.0
CHGNet,81,13.0
CHGNet,82,14.0
CHGNet,83,15.0
CHGNet,84,14.0
CHGNet,85,15.0
CHGNet,86,16.0
CHGNet,87,16.0
CHGNet,88,16.0
CHGNet,89,16.0
CHGNet,90,16.0
CHGNet,91,17.0
CHGNet,92,17.0
CHGNet,93,17.0
CHGNet,94,17.0
CHGNet,95,18.0
CHGNet,96,18.0
CHGNet,97,19.0
CHGNet,98,19.0
CHGNet,99,19.0
CHGNet,100,19.0
CHGNet,101,19.0
CHGNet,102,19.0
CHGNet,103,19.0
CHGNet,104,20.0
CHGNet,105,20.0
CHGNet,106,20.0
CHGNet,107,20.0
CHGNet,108,20.0
CHGNet,109,20.0
CHGNet,110,21.0
CHGNet,111,21.0
CHGNet,112,22.0
CHGNet,113,23.0
CHGNet,114,23.0
CHGNet,115,23.0
CHGNet,116,23.0
CHGNet,117,23.0
CHGNet,118,23.0
CHGNet,119,23.0
CHGNet,120,23.0
CHGNet,121,23.0
CHGNet,122,23.0
CHGNet,123,23.0
CHGNet,124,23.0
CHGNet,125,24.0
CHGNet,126,25.0
CHGNet,127,25.0
CHGNet,128,26.0
CHGNet,129,26.0
CHGNet,130,26.0
CHGNet,131,27.0
CHGNet,132,27.0
CHGNet,133,27.0
CHGNet,134,27.0
CHGNet,135,27.0
CHGNet,136,27.0
CHGNet,137,27.0
CHGNet,138,28.0
CHGNet,139,28.0
CHGNet,140,28.0
CHGNet,141,28.0
CHGNet,142,28.0
CHGNet,143,29.0
CHGNet,144,30.0
CHGNet,145,30.0
CHGNet,146,31.0
CHGNet,147,31.0
CHGNet,148,32.0
CHGNet,149,32.0
CHGNet,150,32.0
CHGNet,151,32.0
CHGNet,152,32.0
CHGNet,153,32.0
CHGNet,154,33.0
CHGNet,155,33.0
CHGNet,156,33.0
CHGNet,157,33.0
CHGNet,158,33.0
CHGNet,159,33.0
CHGNet,160,33.0
CHGNet,161,33.0
CHGNet,162,34.0
CHGNet,163,34.0
CHGNet,164,33.0
CHGNet,165,33.0
CHGNet,166,33.0
CHGNet,167,33.0
CHGNet,168,33.0
CHGNet,169,33.0
CHGNet,170,33.0
CHGNet,171,33.0
CHGNet,172,34.0
CHGNet,173,33.0
CHGNet,174,33.0
CHGNet,175,33.0
CHGNet,176,33.0
CHGNet,177,32.0
CHGNet,178,32.0
CHGNet,179,31.0
CHGNet,180,32.0
CHGNet,181,32.0
CHGNet,182,32.0
CHGNet,183,32.0
CHGNet,184,33.0
CHGNet,185,33.0
CHGNet,186,33.0
CHGNet,187,33.0
CHGNet,188,33.0
CHGNet,189,33.0
CHGNet,190,33.0
CHGNet,191,33.0
CHGNet,192,33.0
CHGNet,193,33.0
CHGNet,194,33.0
CHGNet,195,33.0
CHGNet,196,33.0
CHGNet,197,33.0
CHGNet,198,33.0
CHGNet,199,33.0
CHGNet,200,33.0
CHGNet,201,34.0
CHGNet,202,34.0
CHGNet,203,34.0
CHGNet,204,34.0
CHGNet,205,34.0
CHGNet,206,34.0
CHGNet,207,35.0
CHGNet,208,35.0
CHGNet,209,35.0
CHGNet,210,35.0
CHGNet,211,35.0
CHGNet,212,35.0
CHGNet,213,36.0
CHGNet,214,36.0
CHGNet,215,36.0
CHGNet,216,36.0
CHGNet,217,36.0
CHGNet,218,36.0
CHGNet,219,36.0
CHGNet,220,36.0
CHGNet,221,36.0
CHGNet,222,36.0
CHGNet,223,36.0
CHGNet,224,37.0
CHGNet,225,37.0
CHGNet,226,37.0
CHGNet,227,38.0
CHGNet,228,39.0
CHGNet,229,39.0
CHGNet,230,39.0
CHGNet,231,39.0
CHGNet,232,39.0
CHGNet,233,40.0
CHGNet,234,40.0
CHGNet,235,40.0
CHGNet,236,40.0
CHGNet,237,40.0
CHGNet,238,40.0
CHGNet,239,40.0
CHGNet,240,39.0
CHGNet,241,39.0
CHGNet,242,39.0
CHGNet,243,39.0
CHGNet,244,40.0
CHGNet,245,40.0
CHGNet,246,41.0
CHGNet,247,41.0
CHGNet,248,42.0
CHGNet,249,42.0
CHGNet,250,42.0
CHGNet,251,42.0
CHGNet,252,43.0
CHGNet,253,43.0
CHGNet,254,44.0
CHGNet,255,45.0
CHGNet,256,46.0
CHGNet,257,46.0
CHGNet,258,47.0
CHGNet,259,47.0
CHGNet,260,47.0
CHGNet,261,47.0
CHGNet,262,47.0
CHGNet,263,47.0
CHGNet,264,47.0
CHGNet,265,47.0
CHGNet,266,47.0
CHGNet,267,48.0
CHGNet,268,48.0
CHGNet,269,48.0
CHGNet,270,49.0
CHGNet,271,49.0
CHGNet,272,49.0
CHGNet,273,49.0
CHGNet,274,50.0
CHGNet,275,50.0
CHGNet,276,50.0
CHGNet,277,50.0
CHGNet,278,50.0
CHGNet,279,51.0
CHGNet,280,51.0
CHGNet,281,51.0
CHGNet,282,51.0
CHGNet,283,51.0
CHGNet,284,51.0
CHGNet,285,51.0
CHGNet,286,52.0
CHGNet,287,51.0
CHGNet,288,50.0
CHGNet,289,50.0
CHGNet,290,50.0
CHGNet,291,51.0
CHGNet,292,51.0
CHGNet,293,50.0
CHGNet,294,50.0
CHGNet,295,50.0
CHGNet,296,50.0
CHGNet,297,50.0
CHGNet,298,51.0
CHGNet,299,51.0
CHGNet,300,52.0
CHGNet,301,51.0
CHGNet,302,51.0
CHGNet,303,51.0
CHGNet,304,51.0
CHGNet,305,51.0
CHGNet,306,51.0
CHGNet,307,51.0
CHGNet,308,51.0
CHGNet,309,51.0
CHGNet,310,51.0
CHGNet,311,51.0
CHGNet,312,52.0
CHGNet,313,52.0
CHGNet,314,53.0
CHGNet,315,54.0
CHGNet,316,55.0
CHGNet,317,55.0
CHGNet,318,56.0
CHGNet,319,56.0
CHGNet,320,56.0
CHGNet,321,56.0
CHGNet,322,57.0
CHGNet,323,57.0
CHGNet,324,57.0
CHGNet,325,58.0
CHGNet,326,58.0
CHGNet,327,58.0
CHGNet,328,58.0
CHGNet,329,58.0
CHGNet,330,58.0
CHGNet,331,58.0
CHGNet,332,58.0
CHGNet,333,58.0
CHGNet,334,58.0
CHGNet,335,59.0
CHGNet,336,59.0
CHGNet,337,59.0
CHGNet,338,60.0
CHGNet,339,60.0
CHGNet,340,60.0
CHGNet,341,60.0
CHGNet,342,60.0
CHGNet,343,60.0
CHGNet,344,60.0
CHGNet,345,60.0
CHGNet,346,61.0
CHGNet,347,62.0
CHGNet,348,62.0
CHGNet,349,62.0
CHGNet,350,62.0
CHGNet,351,62.0
CHGNet,352,62.0
CHGNet,353,62.0
CHGNet,354,63.0
CHGNet,355,63.0
CHGNet,356,63.0
CHGNet,357,63.0
CHGNet,358,63.0
CHGNet,359,63.0
CHGNet,360,64.0
CHGNet,361,65.0
CHGNet,362,65.0
CHGNet,363,66.0
CHGNet,364,66.0
CHGNet,365,66.0
CHGNet,366,66.0
CHGNet,367,66.0
CHGNet,368,66.0
CHGNet,369,66.0
CHGNet,370,67.0
CHGNet,371,67.0
CHGNet,372,67.0
CHGNet,373,68.0
CHGNet,374,68.0
CHGNet,375,68.0
CHGNet,376,68.0
CHGNet,377,69.0
CHGNet,378,69.0
CHGNet,379,69.0
CHGNet,380,69.0
CHGNet,381,69.0
CHGNet,382,69.0
CHGNet,383,69.0
CHGNet,384,68.0
CHGNet,385,68.0
CHGNet,386,68.0
CHGNet,387,68.0
CHGNet,388,69.0
CHGNet,389,69.0
CHGNet,390,68.0
CHGNet,391,68.0
CHGNet,392,69.0
CHGNet,393,69.0
CHGNet,394,69.0
CHGNet,395,69.0
CHGNet,396,70.0
CHGNet,397,70.0
CHGNet,398,70.0
CHGNet,399,70.0
CHGNet,400,70.0
CHGNet,401,71.0
CHGNet,402,71.0
CHGNet,403,72.0
CHGNet,404,72.0
CHGNet,405,72.0
CHGNet,406,72.0
CHGNet,407,72.0
CHGNet,408,72.0
CHGNet,409,72.0
CHGNet,410,72.0
CHGNet,411,72.0
CHGNet,412,71.0
CHGNet,413,70.0
CHGNet,414,70.0
CHGNet,415,70.0
CHGNet,416,70.0
CHGNet,417,69.0
CHGNet,418,68.0
CHGNet,419,68.0
CHGNet,420,68.0
CHGNet,421,69.0
CHGNet,422,69.0
CHGNet,423,69.0
CHGNet,424,69.0
CHGNet,425,69.0
CHGNet,426,68.0
CHGNet,427,68.0
CHGNet,428,68.0
CHGNet,429,68.0
CHGNet,430,68.0
CHGNet,431,68.0
CHGNet,432,68.0
CHGNet,433,68.0
CHGNet,434,68.0
CHGNet,435,68.0
CHGNet,436,68.0
CHGNet,437,68.0
CHGNet,438,68.0
CHGNet,439,68.0
CHGNet,440,69.0
CHGNet,441,69.0
CHGNet,442,70.0
CHGNet,443,70.0
CHGNet,444,70.0
CHGNet,445,70.0
CHGNet,446,70.0
CHGNet,447,70.0
CHGNet,448,70.0
CHGNet,449,71.0
CHGNet,450,71.0
CHGNet,451,71.0
CHGNet,452,71.0
CHGNet,453,72.0
CHGNet,454,72.0
CHGNet,455,72.0
CHGNet,456,72.0
CHGNet,457,72.0
CHGNet,458,72.0
CHGNet,459,72.0
CHGNet,460,73.0
CHGNet,461,73.0
CHGNet,462,73.0
CHGNet,463,73.0
CHGNet,464,73.0
CHGNet,465,73.0
CHGNet,466,73.0
CHGNet,467,73.0
CHGNet,468,73.0
CHGNet,469,73.0
CHGNet,470,72.0
CHGNet,471,72.0
CHGNet,472,72.0
CHGNet,473,73.0
CHGNet,474,73.0
CHGNet,475,74.0
CHGNet,476,75.0
CHGNet,477,75.0
CHGNet,478,75.0
CHGNet,479,75.0
CHGNet,480,76.0
CHGNet,481,76.0
CHGNet,482,76.0
CHGNet,483,76.0
CHGNet,484,76.0
CHGNet,485,76.0
CHGNet,486,76.0
CHGNet,487,76.0
CHGNet,488,75.0
CHGNet,489,75.0
CHGNet,490,75.0
CHGNet,491,75.0
CHGNet,492,74.0
CHGNet,493,74.0
CHGNet,494,74.0
CHGNet,495,75.0
CHGNet,496,75.0
CHGNet,497,75.0
CHGNet,498,75.0
CHGNet,499,75.0
CHGNet,500,76.0
CHGNet,501,76.0
CHGNet,502,76.0
CHGNet,503,76.0
CHGNet,504,77.0
CHGNet,505,77.0
CHGNet,506,77.0
CHGNet,507,77.0
CHGNet,508,77.0
CHGNet,509,77.0
CHGNet,510,77.0
CHGNet,511,77.0
CHGNet,512,78.0
CHGNet,513,78.0
CHGNet,514,78.0
CHGNet,515,78.0
CHGNet,516,78.0
CHGNet,517,78.0
CHGNet,518,78.0
CHGNet,519,78.0
CHGNet,520,78.0
CHGNet,521,78.0
CHGNet,522,78.0
CHGNet,523,78.0
CHGNet,524,77.0
CHGNet,525,78.0
CHGNet,526,78.0
CHGNet,527,78.0
CHGNet,528,79.0
CHGNet,529,79.0
CHGNet,530,79.0
CHGNet,531,79.0
CHGNet,532,79.0
CHGNet,533,79.0
CHGNet,534,79.0
CHGNet,535,79.0
CHGNet,536,79.0
CHGNet,537,79.0
CHGNet,538,79.0
CHGNet,539,79.0
CHGNet,540,79.0
CHGNet,541,79.0
CHGNet,542,79.0
CHGNet,543,79.0
CHGNet,544,79.0
CHGNet,545,79.0
CHGNet,546,79.0
CHGNet,547,79.0
CHGNet,548,79.0
CHGNet,549,79.0
CHGNet,550,79.0
CHGNet,551,79.0
CHGNet,552,79.0
CHGNet,553,80.0
CHGNet,554,80.0
CHGNet,555,80.0
CHGNet,556,80.0
CHGNet,557,80.0
CHGNet,558,81.0
CHGNet,559,81.0
CHGNet,560,81.0
CHGNet,561,81.0
CHGNet,562,81.0
CHGNet,563,81.0
CHGNet,564,81.0
CHGNet,565,81.0
CHGNet,566,81.0
CHGNet,567,82.0
CHGNet,568,82.0
CHGNet,569,82.0
CHGNet,570,82.0
CHGNet,571,82.0
CHGNet,572,82.0
CHGNet,573,82.0
CHGNet,574,82.0
CHGNet,575,82.0
CHGNet,576,82.0
CHGNet,577,82.0
CHGNet,578,82.0
CHGNet,579,82.0
CHGNet,580,83.0
CHGNet,581,83.0
CHGNet,582,83.0
CHGNet,583,83.0
CHGNet,584,84.0
CHGNet,585,84.0
CHGNet,586,84.0
CHGNet,587,85.0
CHGNet,588,85.0
CHGNet,589,86.0
CHGNet,590,86.0
CHGNet,591,86.0
CHGNet,592,86.0
CHGNet,593,87.0
CHGNet,594,87.0
CHGNet,595,87.0
CHGNet,596,88.0
CHGNet,597,88.0
CHGNet,598,89.0
CHGNet,599,88.0
CHGNet,600,88.0
CHGNet,601,88.0
CHGNet,602,88.0
CHGNet,603,88.0
CHGNet,604,88.0
CHGNet,605,88.0
CHGNet,606,88.0
CHGNet,607,89.0
CHGNet,608,89.0
CHGNet,609,89.0
CHGNet,610,89.0
CHGNet,611,89.0
CHGNet,612,89.0
CHGNet,613,89.0
CHGNet,614,89.0
CHGNet,615,89.0
CHGNet,616,89.0
CHGNet,617,89.0
CHGNet,618,89.0
CHGNet,619,89.0
CHGNet,620,89.0
CHGNet,621,89.0
CHGNet,622,89.0
CHGNet,623,89.0
CHGNet,624,90.0
CHGNet,625,90.0
CHGNet,626,90.0
CHGNet,627,90.0
CHGNet,628,90.0
CHGNet,629,91.0
CHGNet,630,92.0
CHGNet,631,92.0
CHGNet,632,93.0
CHGNet,633,93.0
CHGNet,634,93.0
CHGNet,635,93.0
CHGNet,636,92.0
CHGNet,637,91.0
CHGNet,638,91.0
CHGNet,639,91.0
CHGNet,640,91.0
CHGNet,641,91.0
CHGNet,642,91.0
CHGNet,643,91.0
CHGNet,644,91.0
CHGNet,645,91.0
CHGNet,646,91.0
CHGNet,647,91.0
CHGNet,648,90.0
CHGNet,649,90.0
CHGNet,650,90.0
CHGNet,651,91.0
CHGNet,652,91.0
CHGNet,653,92.0
CHGNet,654,93.0
CHGNet,655,94.0
CHGNet,656,94.0
CHGNet,657,94.0
CHGNet,658,94.0
CHGNet,659,94.0
CHGNet,660,95.0
CHGNet,661,96.0
CHGNet,662,96.0
CHGNet,663,96.0
CHGNet,664,96.0
CHGNet,665,96.0
CHGNet,666,95.0
CHGNet,667,95.0
CHGNet,668,95.0
CHGNet,669,95.0
CHGNet,670,95.0
CHGNet,671,95.0
CHGNet,672,95.0
CHGNet,673,95.0
CHGNet,674,95.0
CHGNet,675,95.0
CHGNet,676,95.0
CHGNet,677,95.0
CHGNet,678,95.0
CHGNet,679,96.0
CHGNet,680,97.0
CHGNet,681,98.0
CHGNet,682,98.0
CHGNet,683,99.0
CHGNet,684,99.0
CHGNet,685,100.0
CHGNet,686,101.0
CHGNet,687,101.0
CHGNet,688,102.0
CHGNet,689,102.0
CHGNet,690,102.0
CHGNet,691,103.0
CHGNet,692,103.0
CHGNet,693,103.0
CHGNet,694,103.0
CHGNet,695,103.0
CHGNet,696,103.0
CHGNet,697,103.0
CHGNet,698,102.0
CHGNet,699,103.0
CHGNet,700,103.0
CHGNet,701,103.0
CHGNet,702,103.0
CHGNet,703,103.0
CHGNet,704,104.0
CHGNet,705,105.0
CHGNet,706,106.0
CHGNet,707,106.0
CHGNet,708,106.0
CHGNet,709,106.0
CHGNet,710,106.0
CHGNet,711,106.0
CHGNet,712,106.0
CHGNet,713,106.0
CHGNet,714,107.0
CHGNet,715,107.0
CHGNet,716,108.0
CHGNet,717,108.0
CHGNet,718,108.0
CHGNet,719,108.0
CHGNet,720,108.0
CHGNet,721,109.0
CHGNet,722,109.0
CHGNet,723,110.0
CHGNet,724,110.0
CHGNet,725,111.0
CHGNet,726,112.0
CHGNet,727,112.0
CHGNet,728,112.0
CHGNet,729,112.0
CHGNet,730,112.0
CHGNet,731,112.0
CHGNet,732,112.0
CHGNet,733,112.0
CHGNet,734,112.0
CHGNet,735,111.0
CHGNet,736,112.0
CHGNet,737,112.0
CHGNet,738,113.0
CHGNet,739,114.0
CHGNet,740,115.0
CHGNet,741,115.0
CHGNet,742,115.0
CHGNet,743,115.0
CHGNet,744,115.0
CHGNet,745,116.0
CHGNet,746,116.0
CHGNet,747,115.0
CHGNet,748,114.0
CHGNet,749,114.0
CHGNet,750,114.0
CHGNet,751,114.0
CHGNet,752,114.0
CHGNet,753,115.0
CHGNet,754,115.0
CHGNet,755,116.0
CHGNet,756,116.0
CHGNet,757,116.0
CHGNet,758,116.0
CHGNet,759,116.0
CHGNet,760,116.0
CHGNet,761,116.0
CHGNet,762,117.0
CHGNet,763,117.0
CHGNet,764,117.0
CHGNet,765,117.0
CHGNet,766,117.0
CHGNet,767,117.0
CHGNet,768,117.0
CHGNet,769,117.0
CHGNet,770,118.0
CHGNet,771,118.0
CHGNet,772,118.0
CHGNet,773,118.0
CHGNet,774,118.0
CHGNet,775,118.0
CHGNet,776,118.0
CHGNet,777,118.0
CHGNet,778,118.0
CHGNet,779,118.0
CHGNet,780,119.0
CHGNet,781,119.0
CHGNet,782,119.0
CHGNet,783,119.0
CHGNet,784,119.0
CHGNet,785,120.0
CHGNet,786,120.0
CHGNet,787,120.0
CHGNet,788,120.0
CHGNet,789,120.0
CHGNet,790,120.0
CHGNet,791,120.0
CHGNet,792,120.0
CHGNet,793,120.0
CHGNet,794,120.0
CHGNet,795,120.0
CHGNet,796,120.0
CHGNet,797,120.0
CHGNet,798,120.0
CHGNet,799,121.0
CHGNet,800,121.0
CHGNet,801,121.0
CHGNet,802,121.0
CHGNet,803,121.0
CHGNet,804,121.0
CHGNet,805,120.0
CHGNet,806,120.0
CHGNet,807,120.0
CHGNet,808,120.0
CHGNet,809,120.0
CHGNet,810,120.0
CHGNet,811,120.0
CHGNet,812,120.0
CHGNet,813,120.0
CHGNet,814,121.0
CHGNet,815,122.0
CHGNet,816,122.0
CHGNet,817,122.0
CHGNet,818,123.0
CHGNet,819,122.0
CHGNet,820,122.0
CHGNet,821,122.0
CHGNet,822,122.0
CHGNet,823,122.0
CHGNet,824,122.0
CHGNet,825,122.0
CHGNet,826,123.0
CHGNet,827,123.0
CHGNet,828,123.0
CHGNet,829,124.0
CHGNet,830,124.0
CHGNet,831,124.0
CHGNet,832,124.0
CHGNet,833,124.0
CHGNet,834,124.0
CHGNet,835,125.0
CHGNet,836,125.0
CHGNet,837,125.0
CHGNet,838,125.0
CHGNet,839,126.0
CHGNet,840,126.0
CHGNet,841,126.0
CHGNet,842,127.0
CHGNet,843,127.0
CHGNet,844,126.0
CHGNet,845,126.0
CHGNet,846,127.0
CHGNet,847,127.0
CHGNet,848,126.0
CHGNet,849,126.0
CHGNet,850,126.0
CHGNet,851,126.0
CHGNet,852,126.0
CHGNet,853,126.0
CHGNet,854,126.0
CHGNet,855,126.0
CHGNet,856,127.0
CHGNet,857,127.0
CHGNet,858,127.0
CHGNet,859,127.0
CHGNet,860,128.0
CHGNet,861,128.0
CHGNet,862,128.0
CHGNet,863,128.0
CHGNet,864,128.0
CHGNet,865,128.0
CHGNet,866,127.0
CHGNet,867,127.0
CHGNet,868,127.0
CHGNet,869,127.0
CHGNet,870,127.0
CHGNet,871,127.0
CHGNet,872,127.0
CHGNet,873,127.0
CHGNet,874,127.0
CHGNet,875,127.0
CHGNet,876,127.0
CHGNet,877,127.0
CHGNet,878,128.0
CHGNet,879,128.0
CHGNet,880,129.0
CHGNet,881,130.0
CHGNet,882,131.0
CHGNet,883,131.0
CHGNet,884,131.0
CHGNet,885,131.0
CHGNet,886,132.0
CHGNet,887,132.0
CHGNet,888,132.0
CHGNet,889,132.0
CHGNet,890,133.0
CHGNet,891,133.0
CHGNet,892,133.0
CHGNet,893,134.0
CHGNet,894,134.0
CHGNet,895,134.0
CHGNet,896,134.0
CHGNet,897,134.0
CHGNet,898,134.0
CHGNet,899,135.0
CHGNet,900,135.0
CHGNet,901,135.0
CHGNet,902,135.0
CHGNet,903,135.0
CHGNet,904,136.0
CHGNet,905,136.0
CHGNet,906,136.0
CHGNet,907,136.0
CHGNet,908,136.0
CHGNet,909,137.0
CHGNet,910,137.0
CHGNet,911,137.0
CHGNet,912,137.0
CHGNet,913,137.0
CHGNet,914,138.0
CHGNet,915,138.0
CHGNet,916,138.0
CHGNet,917,139.0
CHGNet,918,139.0
CHGNet,919,139.0
CHGNet,920,139.0
CHGNet,921,139.0
CHGNet,922,140.0
CHGNet,923,140.0
CHGNet,924,140.0
CHGNet,925,139.0
CHGNet,926,140.0
CHGNet,927,140.0
CHGNet,928,141.0
CHGNet,929,141.0
CHGNet,930,141.0
CHGNet,931,141.0
CHGNet,932,141.0
CHGNet,933,142.0
CHGNet,934,142.0
CHGNet,935,142.0
CHGNet,936,142.0
CHGNet,937,142.0
CHGNet,938,142.0
CHGNet,939,143.0
CHGNet,940,143.0
CHGNet,941,143.0
CHGNet,942,143.0
CHGNet,943,144.0
CHGNet,944,144.0
CHGNet,945,144.0
CHGNet,946,144.0
CHGNet,947,144.0
CHGNet,948,144.0
CHGNet,949,144.0
CHGNet,950,144.0
CHGNet,951,144.0
CHGNet,952,144.0
CHGNet,953,145.0
CHGNet,954,145.0
CHGNet,955,145.0
CHGNet,956,145.0
CHGNet,957,145.0
CHGNet,958,145.0
CHGNet,959,145.0
CHGNet,960,146.0
CHGNet,961,146.0
CHGNet,962,146.0
CHGNet,963,146.0
CHGNet,964,146.0
CHGNet,965,146.0
CHGNet,966,146.0
CHGNet,967,146.0
CHGNet,968,146.0
CHGNet,969,146.0
CHGNet,970,145.0
CHGNet,971,145.0
CHGNet,972,145.0
CHGNet,973,145.0
CHGNet,974,145.0
CHGNet,975,145.0
CHGNet,976,146.0
CHGNet,977,146.0
CHGNet,978,146.0
CHGNet,979,146.0
CHGNet,980,146.0
CHGNet,981,146.0
CHGNet,982,146.0
CHGNet,983,147.0
CHGNet,984,147.0
CHGNet,985,148.0
CHGNet,986,149.0
CHGNet,987,149.0
CHGNet,988,149.0
CHGNet,989,150.0
CHGNet,990,150.0
CHGNet,991,150.0
CHGNet,992,151.0
CHGNet,993,151.0
CHGNet,994,151.0
CHGNet,995,151.0
CHGNet,996,151.0
CHGNet,997,152.0
CHGNet,998,153.0
CHGNet,999,154.0
CHGNet,1000,153.0
CHGNet,1001,153.0
CHGNet,1002,153.0
CHGNet,1003,153.0
CHGNet,1004,154.0
CHGNet,1005,154.0
CHGNet,1006,154.0
CHGNet,1007,155.0
CHGNet,1008,155.0
CHGNet,1009,155.0
CHGNet,1010,155.0
CHGNet,1011,155.0
CHGNet,1012,155.0
CHGNet,1013,156.0
CHGNet,1014,156.0
CHGNet,1015,156.0
CHGNet,1016,156.0
CHGNet,1017,157.0
CHGNet,1018,157.0
CHGNet,1019,157.0
CHGNet,1020,157.0
CHGNet,1021,157.0
CHGNet,1022,157.0
CHGNet,1023,157.0
CHGNet,1024,157.0
CHGNet,1025,157.0
CHGNet,1026,157.0
CHGNet,1027,157.0
CHGNet,1028,157.0
CHGNet,1029,157.0
CHGNet,1030,157.0
CHGNet,1031,157.0
CHGNet,1032,157.0
CHGNet,1033,157.0
CHGNet,1034,157.0
CHGNet,1035,158.0
CHGNet,1036,158.0
CHGNet,1037,159.0
CHGNet,1038,159.0
CHGNet,1039,159.0
CHGNet,1040,160.0
CHGNet,1041,160.0
CHGNet,1042,160.0
CHGNet,1043,160.0
CHGNet,1044,160.0
CHGNet,1045,160.0
CHGNet,1046,160.0
CHGNet,1047,160.0
CHGNet,1048,159.0
CHGNet,1049,159.0
CHGNet,1050,160.0
CHGNet,1051,160.0
CHGNet,1052,160.0
CHGNet,1053,160.0
CHGNet,1054,161.0
CHGNet,1055,161.0
CHGNet,1056,162.0
CHGNet,1057,163.0
CHGNet,1058,163.0
CHGNet,1059,163.0
CHGNet,1060,163.0
CHGNet,1061,163.0
CHGNet,1062,163.0
CHGNet,1063,164.0
CHGNet,1064,164.0
CHGNet,1065,164.0
CHGNet,1066,164.0
CHGNet,1067,165.0
CHGNet,1068,165.0
CHGNet,1069,165.0
CHGNet,1070,165.0
CHGNet,1071,165.0
CHGNet,1072,164.0
CHGNet,1073,164.0
CHGNet,1074,164.0
CHGNet,1075,164.0
CHGNet,1076,164.0
CHGNet,1077,164.0
CHGNet,1078,164.0
CHGNet,1079,164.0
CHGNet,1080,165.0
CHGNet,1081,165.0
CHGNet,1082,165.0
CHGNet,1083,164.0
CHGNet,1084,165.0
CHGNet,1085,165.0
CHGNet,1086,165.0
CHGNet,1087,165.0
CHGNet,1088,166.0
CHGNet,1089,167.0
CHGNet,1090,167.0
CHGNet,1091,167.0
CHGNet,1092,167.0
CHGNet,1093,168.0
CHGNet,1094,169.0
CHGNet,1095,170.0
CHGNet,1096,171.0
CHGNet,1097,171.0
CHGNet,1098,171.0
CHGNet,1099,171.0
CHGNet,1100,171.0
CHGNet,1101,172.0
CHGNet,1102,173.0
CHGNet,1103,173.0
CHGNet,1104,173.0
CHGNet,1105,173.0
CHGNet,1106,173.0
CHGNet,1107,174.0
CHGNet,1108,174.0
CHGNet,1109,174.0
CHGNet,1110,175.0
CHGNet,1111,175.0
CHGNet,1112,175.0
CHGNet,1113,176.0
CHGNet,1114,176.0
CHGNet,1115,176.0
CHGNet,1116,177.0
CHGNet,1117,178.0
CHGNet,1118,179.0
CHGNet,1119,179.0
CHGNet,1120,180.0
CHGNet,1121,180.0
CHGNet,1122,180.0
CHGNet,1123,180.0
CHGNet,1124,181.0
CHGNet,1125,180.0
CHGNet,1126,180.0
CHGNet,1127,180.0
CHGNet,1128,180.0
CHGNet,1129,180.0
CHGNet,1130,181.0
CHGNet,1131,181.0
CHGNet,1132,182.0
CHGNet,1133,182.0
CHGNet,1134,182.0
CHGNet,1135,182.0
CHGNet,1136,182.0
CHGNet,1137,182.0
CHGNet,1138,183.0
CHGNet,1139,183.0
CHGNet,1140,183.0
CHGNet,1141,183.0
CHGNet,1142,183.0
CHGNet,1143,184.0
CHGNet,1144,184.0
CHGNet,1145,184.0
CHGNet,1146,184.0
CHGNet,1147,184.0
CHGNet,1148,184.0
CHGNet,1149,184.0
CHGNet,1150,185.0
CHGNet,1151,185.0
CHGNet,1152,185.0
CHGNet,1153,186.0
CHGNet,1154,186.0
CHGNet,1155,186.0
CHGNet,1156,186.0
CHGNet,1157,186.0
CHGNet,1158,186.0
CHGNet,1159,186.0
CHGNet,1160,186.0
CHGNet,1161,186.0
CHGNet,1162,186.0
CHGNet,1163,186.0
CHGNet,1164,186.0
CHGNet,1165,186.0
CHGNet,1166,186.0
CHGNet,1167,186.0
CHGNet,1168,186.0
CHGNet,1169,186.0
CHGNet,1170,185.0
CHGNet,1171,185.0
CHGNet,1172,185.0
CHGNet,1173,185.0
CHGNet,1174,185.0
CHGNet,1175,185.0
CHGNet,1176,185.0
CHGNet,1177,185.0
CHGNet,1178,185.0
CHGNet,1179,185.0
CHGNet,1180,185.0
CHGNet,1181,185.0
CHGNet,1182,186.0
CHGNet,1183,186.0
CHGNet,1184,186.0
CHGNet,1185,187.0
CHGNet,1186,187.0
CHGNet,1187,187.0
CHGNet,1188,187.0
CHGNet,1189,188.0
CHGNet,1190,189.0
CHGNet,1191,189.0
CHGNet,1192,189.0
CHGNet,1193,189.0
CHGNet,1194,190.0
CHGNet,1195,191.0
CHGNet,1196,191.0
CHGNet,1197,191.0
CHGNet,1198,191.0
CHGNet,1199,191.0
CHGNet,1200,191.0
CHGNet,1201,191.0
CHGNet,1202,192.0
CHGNet,1203,193.0
CHGNet,1204,193.0
CHGNet,1205,193.0
CHGNet,1206,193.0
CHGNet,1207,193.0
CHGNet,1208,193.0
CHGNet,1209,193.0
CHGNet,1210,193.0
CHGNet,1211,193.0
CHGNet,1212,193.0
CHGNet,1213,193.0
CHGNet,1214,193.0
CHGNet,1215,193.0
CHGNet,1216,193.0
CHGNet,1217,193.0
CHGNet,1218,193.0
CHGNet,1219,193.0
CHGNet,1220,193.0
CHGNet,1221,193.0
CHGNet,1222,193.0
CHGNet,1223,194.0
CHGNet,1224,195.0
CHGNet,1225,195.0
CHGNet,1226,195.0
CHGNet,1227,195.0
CHGNet,1228,196.0
CHGNet,1229,196.0
CHGNet,1230,197.0
CHGNet,1231,197.0
CHGNet,1232,197.0
CHGNet,1233,197.0
CHGNet,1234,197.0
CHGNet,1235,198.0
CHGNet,1236,198.0
CHGNet,1237,198.0
CHGNet,1238,198.0
CHGNet,1239,198.0
CHGNet,1240,198.0
CHGNet,1241,198.0
CHGNet,1242,197.0
CHGNet,1243,197.0
CHGNet,1244,197.0
CHGNet,1245,196.0
CHGNet,1246,196.0
CHGNet,1247,196.0
CHGNet,1248,196.0
CHGNet,1249,196.0
CHGNet,1250,196.0
CHGNet,1251,197.0
CHGNet,1252,198.0
CHGNet,1253,199.0
CHGNet,1254,199.0
CHGNet,1255,199.0
CHGNet,1256,199.0
CHGNet,1257,199.0
CHGNet,1258,199.0
CHGNet,1259,199.0
CHGNet,1260,199.0
CHGNet,1261,199.0
CHGNet,1262,198.0
CHGNet,1263,198.0
CHGNet,1264,198.0
CHGNet,1265,198.0
CHGNet,1266,198.0
CHGNet,1267,198.0
CHGNet,1268,198.0
CHGNet,1269,198.0
CHGNet,1270,199.0
CHGNet,1271,199.0
CHGNet,1272,199.0
CHGNet,1273,199.0
CHGNet,1274,199.0
CHGNet,1275,199.0
CHGNet,1276,199.0
CHGNet,1277,199.0
CHGNet,1278,199.0
CHGNet,1279,199.0
CHGNet,1280,198.0
CHGNet,1281,198.0
CHGNet,1282,198.0
CHGNet,1283,199.0
CHGNet,1284,199.0
CHGNet,1285,199.0
CHGNet,1286,199.0
CHGNet,1287,200.0
CHGNet,1288,200.0
CHGNet,1289,200.0
CHGNet,1290,200.0
CHGNet,1291,200.0
CHGNet,1292,200.0
CHGNet,1293,200.0
CHGNet,1294,200.0
CHGNet,1295,200.0
CHGNet,1296,200.0
CHGNet,1297,200.0
CHGNet,1298,200.0
CHGNet,1299,201.0
CHGNet,1300,202.0
CHGNet,1301,202.0
CHGNet,1302,201.0
CHGNet,1303,201.0
CHGNet,1304,201.0
CHGNet,1305,200.0
CHGNet,1306,199.0
CHGNet,1307,199.0
CHGNet,1308,199.0
CHGNet,1309,199.0
CHGNet,1310,199.0
CHGNet,1311,199.0
CHGNet,1312,200.0
CHGNet,1313,200.0
CHGNet,1314,200.0
CHGNet,1315,200.0
CHGNet,1316,201.0
CHGNet,1317,202.0
CHGNet,1318,202.0
CHGNet,1319,202.0
CHGNet,1320,202.0
CHGNet,1321,202.0
CHGNet,1322,203.0
CHGNet,1323,203.0
CHGNet,1324,203.0
CHGNet,1325,204.0
CHGNet,1326,204.0
CHGNet,1327,204.0
CHGNet,1328,204.0
CHGNet,1329,204.0
CHGNet,1330,204.0
CHGNet,1331,204.0
CHGNet,1332,204.0
CHGNet,1333,204.0
CHGNet,1334,204.0
CHGNet,1335,204.0
CHGNet,1336,205.0
CHGNet,1337,204.0
CHGNet,1338,204.0
CHGNet,1339,204.0
CHGNet,1340,204.0
CHGNet,1341,204.0
CHGNet,1342,204.0
CHGNet,1343,204.0
CHGNet,1344,205.0
CHGNet,1345,206.0
CHGNet,1346,206.0
CHGNet,1347,206.0
CHGNet,1348,206.0
CHGNet,1349,206.0
CHGNet,1350,206.0
CHGNet,1351,206.0
CHGNet,1352,206.0
CHGNet,1353,206.0
CHGNet,1354,206.0
CHGNet,1355,206.0
CHGNet,1356,207.0
CHGNet,1357,207.0
CHGNet,1358,208.0
CHGNet,1359,209.0
CHGNet,1360,209.0
CHGNet,1361,209.0
CHGNet,1362,209.0
CHGNet,1363,209.0
CHGNet,1364,209.0
CHGNet,1365,209.0
CHGNet,1366,209.0
CHGNet,1367,209.0
CHGNet,1368,209.0
CHGNet,1369,209.0
CHGNet,1370,209.0
CHGNet,1371,209.0
CHGNet,1372,209.0
CHGNet,1373,209.0
CHGNet,1374,209.0
CHGNet,1375,209.0
CHGNet,1376,210.0
CHGNet,1377,210.0
CHGNet,1378,210.0
CHGNet,1379,210.0
CHGNet,1380,210.0
CHGNet,1381,210.0
CHGNet,1382,210.0
CHGNet,1383,210.0
CHGNet,1384,210.0
CHGNet,1385,210.0
CHGNet,1386,210.0
CHGNet,1387,210.0
CHGNet,1388,210.0
CHGNet,1389,210.0
CHGNet,1390,210.0
CHGNet,1391,210.0
CHGNet,1392,210.0
CHGNet,1393,210.0
CHGNet,1394,210.0
CHGNet,1395,210.0
CHGNet,1396,210.0
CHGNet,1397,211.0
CHGNet,1398,211.0
CHGNet,1399,211.0
CHGNet,1400,211.0
CHGNet,1401,211.0
CHGNet,1402,211.0
CHGNet,1403,211.0
CHGNet,1404,211.0
CHGNet,1405,210.0
CHGNet,1406,210.0
CHGNet,1407,210.0
CHGNet,1408,210.0
CHGNet,1409,210.0
CHGNet,1410,210.0
CHGNet,1411,211.0
CHGNet,1412,211.0
CHGNet,1413,211.0
CHGNet,1414,211.0
CHGNet,1415,211.0
CHGNet,1416,211.0
CHGNet,1417,211.0
CHGNet,1418,210.0
CHGNet,1419,210.0
CHGNet,1420,210.0
CHGNet,1421,210.0
CHGNet,1422,210.0
CHGNet,1423,211.0
CHGNet,1424,211.0
CHGNet,1425,211.0
CHGNet,1426,211.0
CHGNet,1427,212.0
CHGNet,1428,212.0
CHGNet,1429,212.0
CHGNet,1430,211.0
CHGNet,1431,211.0
CHGNet,1432,211.0
CHGNet,1433,211.0
CHGNet,1434,211.0
CHGNet,1435,211.0
CHGNet,1436,211.0
CHGNet,1437,211.0
CHGNet,1438,212.0
CHGNet,1439,212.0
CHGNet,1440,213.0
CHGNet,1441,214.0
CHGNet,1442,214.0
CHGNet,1443,214.0
CHGNet,1444,215.0
CHGNet,1445,215.0
CHGNet,1446,215.0
CHGNet,1447,215.0
CHGNet,1448,215.0
CHGNet,1449,215.0
CHGNet,1450,215.0
CHGNet,1451,215.0
CHGNet,1452,216.0
CHGNet,1453,216.0
CHGNet,1454,216.0
CHGNet,1455,216.0
CHGNet,1456,216.0
CHGNet,1457,216.0
CHGNet,1458,217.0
CHGNet,1459,217.0
CHGNet,1460,217.0
CHGNet,1461,217.0
CHGNet,1462,217.0
CHGNet,1463,217.0
CHGNet,1464,217.0
CHGNet,1465,217.0
CHGNet,1466,217.0
CHGNet,1467,217.0
CHGNet,1468,217.0
CHGNet,1469,217.0
CHGNet,1470,217.0
CHGNet,1471,217.0
CHGNet,1472,218.0
CHGNet,1473,218.0
CHGNet,1474,217.0
CHGNet,1475,217.0
CHGNet,1476,217.0
CHGNet,1477,217.0
CHGNet,1478,217.0
CHGNet,1479,217.0
CHGNet,1480,217.0
CHGNet,1481,217.0
CHGNet,1482,217.0
CHGNet,1483,218.0
CHGNet,1484,219.0
CHGNet,1485,219.0
CHGNet,1486,219.0
CHGNet,1487,219.0
CHGNet,1488,219.0
CHGNet,1489,219.0
CHGNet,1490,219.0
CHGNet,1491,220.0
CHGNet,1492,220.0
CHGNet,1493,220.0
CHGNet,1494,221.0
CHGNet,1495,221.0
CHGNet,1496,221.0
CHGNet,1497,221.0
CHGNet,1498,221.0
CHGNet,1499,221.0
CHGNet,1500,222.0
CHGNet,1501,222.0
CHGNet,1502,222.0
CHGNet,1503,222.0
CHGNet,1504,222.0
CHGNet,1505,222.0
CHGNet,1506,223.0
CHGNet,1507,223.0
CHGNet,1508,223.0
CHGNet,1509,223.0
CHGNet,1510,224.0
CHGNet,1511,224.0
CHGNet,1512,224.0
CHGNet,1513,224.0
CHGNet,1514,225.0
CHGNet,1515,225.0
CHGNet,1516,225.0
CHGNet,1517,225.0
CHGNet,1518,225.0
CHGNet,1519,225.0
CHGNet,1520,225.0
CHGNet,1521,226.0
CHGNet,1522,226.0
CHGNet,1523,226.0
CHGNet,1524,226.0
CHGNet,1525,225.0
CHGNet,1526,225.0
CHGNet,1527,225.0
CHGNet,1528,225.0
CHGNet,1529,225.0
CHGNet,1530,225.0
CHGNet,1531,225.0
CHGNet,1532,225.0
CHGNet,1533,226.0
CHGNet,1534,227.0
CHGNet,1535,227.0
CHGNet,1536,227.0
CHGNet,1537,227.0
CHGNet,1538,227.0
CHGNet,1539,227.0
CHGNet,1540,227.0
CHGNet,1541,227.0
CHGNet,1542,226.0
CHGNet,1543,226.0
CHGNet,1544,226.0
CHGNet,1545,226.0
CHGNet,1546,225.0
CHGNet,1547,224.0
CHGNet,1548,224.0
CHGNet,1549,224.0
CHGNet,1550,224.0
CHGNet,1551,224.0
CHGNet,1552,224.0
CHGNet,1553,224.0
CHGNet,1554,224.0
CHGNet,1555,224.0
CHGNet,1556,224.0
CHGNet,1557,224.0
CHGNet,1558,224.0
CHGNet,1559,224.0
CHGNet,1560,224.0
CHGNet,1561,224.0
CHGNet,1562,224.0
CHGNet,1563,224.0
CHGNet,1564,224.0
CHGNet,1565,224.0
CHGNet,1566,224.0
CHGNet,1567,224.0
CHGNet,1568,224.0
CHGNet,1569,224.0
CHGNet,1570,224.0
CHGNet,1571,224.0
CHGNet,1572,225.0
CHGNet,1573,226.0
CHGNet,1574,227.0
CHGNet,1575,227.0
CHGNet,1576,227.0
CHGNet,1577,226.0
CHGNet,1578,226.0
CHGNet,1579,226.0
CHGNet,1580,226.0
CHGNet,1581,227.0
CHGNet,1582,227.0
CHGNet,1583,227.0
CHGNet,1584,227.0
CHGNet,1585,227.0
CHGNet,1586,228.0
CHGNet,1587,228.0
CHGNet,1588,227.0
CHGNet,1589,227.0
CHGNet,1590,227.0
CHGNet,1591,227.0
CHGNet,1592,227.0
CHGNet,1593,227.0
CHGNet,1594,227.0
CHGNet,1595,227.0
CHGNet,1596,227.0
CHGNet,1597,227.0
CHGNet,1598,228.0
CHGNet,1599,228.0
CHGNet,1600,228.0
CHGNet,1601,228.0
CHGNet,1602,229.0
CHGNet,1603,230.0
CHGNet,1604,230.0
CHGNet,1605,230.0
CHGNet,1606,230.0
CHGNet,1607,230.0
CHGNet,1608,230.0
CHGNet,1609,230.0
CHGNet,1610,231.0
CHGNet,1611,232.0
CHGNet,1612,232.0
CHGNet,1613,232.0
CHGNet,1614,233.0
CHGNet,1615,232.0
CHGNet,1616,232.0
CHGNet,1617,232.0
CHGNet,1618,232.0
CHGNet,1619,232.0
CHGNet,1620,232.0
CHGNet,1621,233.0
CHGNet,1622,233.0
CHGNet,1623,232.0
CHGNet,1624,232.0
CHGNet,1625,232.0
CHGNet,1626,232.0
CHGNet,1627,232.0
CHGNet,1628,232.0
CHGNet,1629,232.0
CHGNet,1630,232.0
CHGNet,1631,232.0
CHGNet,1632,232.0
CHGNet,1633,232.0
CHGNet,1634,233.0
CHGNet,1635,234.0
CHGNet,1636,233.0
CHGNet,1637,233.0
CHGNet,1638,233.0
CHGNet,1639,232.0
CHGNet,1640,231.0
CHGNet,1641,231.0
CHGNet,1642,231.0
CHGNet,1643,231.0
CHGNet,1644,231.0
CHGNet,1645,231.0
CHGNet,1646,231.0
CHGNet,1647,231.0
CHGNet,1648,232.0
CHGNet,1649,231.0
CHGNet,1650,232.0
CHGNet,1651,232.0
CHGNet,1652,233.0
CHGNet,1653,233.0
CHGNet,1654,233.0
CHGNet,1655,233.0
CHGNet,1656,234.0
CHGNet,1657,234.0
CHGNet,1658,234.0
CHGNet,1659,234.0
CHGNet,1660,234.0
CHGNet,1661,235.0
CHGNet,1662,235.0
CHGNet,1663,235.0
CHGNet,1664,235.0
CHGNet,1665,235.0
CHGNet,1666,235.0
CHGNet,1667,235.0
CHGNet,1668,235.0
CHGNet,1669,235.0
CHGNet,1670,235.0
CHGNet,1671,236.0
CHGNet,1672,236.0
CHGNet,1673,236.0
CHGNet,1674,237.0
CHGNet,1675,237.0
CHGNet,1676,237.0
CHGNet,1677,237.0
CHGNet,1678,238.0
CHGNet,1679,238.0
CHGNet,1680,238.0
CHGNet,1681,238.0
CHGNet,1682,238.0
CHGNet,1683,238.0
CHGNet,1684,238.0
CHGNet,1685,237.0
CHGNet,1686,237.0
CHGNet,1687,237.0
CHGNet,1688,237.0
CHGNet,1689,238.0
CHGNet,1690,239.0
CHGNet,1691,239.0
CHGNet,1692,239.0
CHGNet,1693,239.0
CHGNet,1694,238.0
CHGNet,1695,238.0
CHGNet,1696,238.0
CHGNet,1697,239.0
CHGNet,1698,239.0
CHGNet,1699,239.0
CHGNet,1700,239.0
CHGNet,1701,239.0
CHGNet,1702,239.0
CHGNet,1703,239.0
CHGNet,1704,240.0
CHGNet,1705,240.0
CHGNet,1706,241.0
CHGNet,1707,242.0
CHGNet,1708,242.0
CHGNet,1709,243.0
CHGNet,1710,243.0
CHGNet,1711,242.0
CHGNet,1712,243.0
CHGNet,1713,243.0
CHGNet,1714,243.0
CHGNet,1715,244.0
CHGNet,1716,244.0
CHGNet,1717,244.0
CHGNet,1718,244.0
CHGNet,1719,244.0
CHGNet,1720,244.0
CHGNet,1721,244.0
CHGNet,1722,244.0
CHGNet,1723,244.0
CHGNet,1724,244.0
CHGNet,1725,244.0
CHGNet,1726,244.0
CHGNet,1727,244.0
CHGNet,1728,244.0
CHGNet,1729,245.0
CHGNet,1730,246.0
CHGNet,1731,246.0
CHGNet,1732,246.0
CHGNet,1733,247.0
CHGNet,1734,248.0
CHGNet,1735,248.0
CHGNet,1736,248.0
CHGNet,1737,248.0
CHGNet,1738,248.0
CHGNet,1739,248.0
CHGNet,1740,248.0
CHGNet,1741,248.0
CHGNet,1742,248.0
CHGNet,1743,248.0
CHGNet,1744,248.0
CHGNet,1745,248.0
CHGNet,1746,247.0
CHGNet,1747,247.0
CHGNet,1748,248.0
CHGNet,1749,248.0
CHGNet,1750,248.0
CHGNet,1751,248.0
CHGNet,1752,248.0
CHGNet,1753,249.0
CHGNet,1754,249.0
CHGNet,1755,249.0
CHGNet,1756,249.0
CHGNet,1757,249.0
CHGNet,1758,249.0
CHGNet,1759,248.0
CHGNet,1760,248.0
CHGNet,1761,248.0
CHGNet,1762,248.0
CHGNet,1763,248.0
CHGNet,1764,249.0
CHGNet,1765,250.0
CHGNet,1766,250.0
CHGNet,1767,250.0
CHGNet,1768,250.0
CHGNet,1769,251.0
CHGNet,1770,251.0
CHGNet,1771,251.0
CHGNet,1772,252.0
CHGNet,1773,252.0
CHGNet,1774,253.0
CHGNet,1775,253.0
CHGNet,1776,253.0
CHGNet,1777,253.0
CHGNet,1778,253.0
CHGNet,1779,253.0
CHGNet,1780,253.0
CHGNet,1781,254.0
CHGNet,1782,254.0
CHGNet,1783,254.0
CHGNet,1784,254.0
CHGNet,1785,254.0
CHGNet,1786,255.0
CHGNet,1787,255.0
CHGNet,1788,255.0
CHGNet,1789,255.0
CHGNet,1790,255.0
CHGNet,1791,255.0
CHGNet,1792,255.0
CHGNet,1793,255.0
CHGNet,1794,255.0
CHGNet,1795,255.0
CHGNet,1796,255.0
CHGNet,1797,255.0
CHGNet,1798,255.0
CHGNet,1799,255.0
CHGNet,1800,255.0
CHGNet,1801,255.0
CHGNet,1802,255.0
CHGNet,1803,255.0
CHGNet,1804,255.0
CHGNet,1805,255.0
CHGNet,1806,255.0
CHGNet,1807,255.0
CHGNet,1808,256.0
CHGNet,1809,256.0
CHGNet,1810,256.0
CHGNet,1811,256.0
CHGNet,1812,256.0
CHGNet,1813,255.0
CHGNet,1814,255.0
CHGNet,1815,255.0
CHGNet,1816,255.0
CHGNet,1817,256.0
CHGNet,1818,256.0
CHGNet,1819,256.0
CHGNet,1820,257.0
CHGNet,1821,257.0
CHGNet,1822,257.0
CHGNet,1823,257.0
CHGNet,1824,257.0
CHGNet,1825,257.0
CHGNet,1826,257.0
CHGNet,1827,258.0
CHGNet,1828,258.0
CHGNet,1829,258.0
CHGNet,1830,258.0
CHGNet,1831,258.0
CHGNet,1832,258.0
CHGNet,1833,259.0
CHGNet,1834,259.0
CHGNet,1835,260.0
CHGNet,1836,261.0
CHGNet,1837,261.0
CHGNet,1838,261.0
CHGNet,1839,261.0
CHGNet,1840,261.0
CHGNet,1841,261.0
CHGNet,1842,261.0
CHGNet,1843,261.0
CHGNet,1844,261.0
CHGNet,1845,261.0
CHGNet,1846,260.0
CHGNet,1847,260.0
CHGNet,1848,260.0
CHGNet,1849,260.0
CHGNet,1850,260.0
CHGNet,1851,260.0
CHGNet,1852,260.0
CHGNet,1853,260.0
CHGNet,1854,260.0
CHGNet,1855,260.0
CHGNet,1856,260.0
CHGNet,1857,260.0
CHGNet,1858,260.0
CHGNet,1859,260.0
CHGNet,1860,260.0
CHGNet,1861,260.0
CHGNet,1862,260.0
CHGNet,1863,260.0
CHGNet,1864,261.0
CHGNet,1865,261.0
CHGNet,1866,260.0
CHGNet,1867,260.0
CHGNet,1868,260.0
CHGNet,1869,260.0
CHGNet,1870,260.0
CHGNet,1871,259.0
CHGNet,1872,259.0
CHGNet,1873,260.0
CHGNet,1874,260.0
CHGNet,1875,260.0
CHGNet,1876,260.0
CHGNet,1877,260.0
CHGNet,1878,260.0
CHGNet,1879,260.0
CHGNet,1880,261.0
CHGNet,1881,261.0
CHGNet,1882,261.0
CHGNet,1883,261.0
CHGNet,1884,261.0
CHGNet,1885,261.0
CHGNet,1886,262.0
CHGNet,1887,263.0
CHGNet,1888,263.0
CHGNet,1889,263.0
CHGNet,1890,262.0
CHGNet,1891,262.0
CHGNet,1892,262.0
CHGNet,1893,262.0
CHGNet,1894,262.0
CHGNet,1895,262.0
CHGNet,1896,263.0
CHGNet,1897,263.0
CHGNet,1898,262.0
CHGNet,1899,262.0
CHGNet,1900,262.0
CHGNet,1901,262.0
CHGNet,1902,262.0
CHGNet,1903,262.0
CHGNet,1904,262.0
CHGNet,1905,263.0
CHGNet,1906,263.0
CHGNet,1907,264.0
CHGNet,1908,264.0
CHGNet,1909,264.0
CHGNet,1910,264.0
CHGNet,1911,264.0
CHGNet,1912,265.0
CHGNet,1913,265.0
CHGNet,1914,265.0
CHGNet,1915,265.0
CHGNet,1916,265.0
CHGNet,1917,265.0
CHGNet,1918,265.0
CHGNet,1919,265.0
CHGNet,1920,265.0
CHGNet,1921,265.0
CHGNet,1922,265.0
CHGNet,1923,265.0
CHGNet,1924,265.0
CHGNet,1925,265.0
CHGNet,1926,266.0
CHGNet,1927,266.0
CHGNet,1928,266.0
CHGNet,1929,266.0
CHGNet,1930,266.0
CHGNet,1931,266.0
CHGNet,1932,266.0
CHGNet,1933,266.0
CHGNet,1934,266.0
CHGNet,1935,266.0
CHGNet,1936,266.0
CHGNet,1937,266.0
CHGNet,1938,265.0
CHGNet,1939,266.0
CHGNet,1940,266.0
CHGNet,1941,267.0
CHGNet,1942,267.0
CHGNet,1943,267.0
CHGNet,1944,267.0
CHGNet,1945,267.0
CHGNet,1946,267.0
CHGNet,1947,268.0
CHGNet,1948,268.0
CHGNet,1949,268.0
CHGNet,1950,268.0
CHGNet,1951,268.0
CHGNet,1952,268.0
CHGNet,1953,268.0
CHGNet,1954,268.0
CHGNet,1955,267.0
CHGNet,1956,267.0
CHGNet,1957,268.0
CHGNet,1958,269.0
CHGNet,1959,269.0
CHGNet,1960,269.0
CHGNet,1961,269.0
CHGNet,1962,270.0
CHGNet,1963,270.0
CHGNet,1964,270.0
CHGNet,1965,270.0
CHGNet,1966,270.0
CHGNet,1967,270.0
CHGNet,1968,270.0
CHGNet,1969,271.0
CHGNet,1970,272.0
CHGNet,1971,272.0
CHGNet,1972,272.0
CHGNet,1973,272.0
CHGNet,1974,273.0
CHGNet,1975,273.0
CHGNet,1976,273.0
CHGNet,1977,273.0
CHGNet,1978,273.0
CHGNet,1979,273.0
CHGNet,1980,273.0
CHGNet,1981,273.0
CHGNet,1982,273.0
CHGNet,1983,273.0
CHGNet,1984,273.0
CHGNet,1985,273.0
CHGNet,1986,273.0
CHGNet,1987,273.0
CHGNet,1988,273.0
CHGNet,1989,273.0
CHGNet,1990,274.0
CHGNet,1991,274.0
CHGNet,1992,274.0
CHGNet,1993,275.0
CHGNet,1994,275.0
CHGNet,1995,276.0
CHGNet,1996,276.0
CHGNet,1997,276.0
CHGNet,1998,276.0
CHGNet,1999,276.0
CHGNet,2000,276.0
CHGNet,2001,276.0
CHGNet,2002,276.0
CHGNet,2003,276.0
CHGNet,2004,276.0
CHGNet,2005,276.0
CHGNet,2006,277.0
CHGNet,2007,277.0
CHGNet,2008,278.0
CHGNet,2009,278.0
CHGNet,2010,278.0
CHGNet,2011,278.0
CHGNet,2012,278.0
CHGNet,2013,278.0
CHGNet,2014,277.0
CHGNet,2015,277.0
CHGNet,2016,277.0
CHGNet,2017,277.0
CHGNet,2018,277.0
CHGNet,2019,277.0
CHGNet,2020,278.0
CHGNet,2021,278.0
CHGNet,2022,278.0
CHGNet,2023,278.0
CHGNet,2024,278.0
CHGNet,2025,278.0
CHGNet,2026,278.0
CHGNet,2027,278.0
CHGNet,2028,278.0
CHGNet,2029,278.0
CHGNet,2030,278.0
CHGNet,2031,278.0
CHGNet,2032,278.0
CHGNet,2033,278.0
CHGNet,2034,278.0
CHGNet,2035,278.0
CHGNet,2036,278.0
CHGNet,2037,278.0
CHGNet,2038,279.0
CHGNet,2039,279.0
CHGNet,2040,279.0
CHGNet,2041,279.0
CHGNet,2042,279.0
CHGNet,2043,279.0
CHGNet,2044,279.0
CHGNet,2045,280.0
CHGNet,2046,280.0
CHGNet,2047,280.0
CHGNet,2048,280.0
CHGNet,2049,280.0
CHGNet,2050,280.0
CHGNet,2051,280.0
CHGNet,2052,280.0
CHGNet,2053,280.0
CHGNet,2054,281.0
CHGNet,2055,281.0
CHGNet,2056,281.0
CHGNet,2057,281.0
CHGNet,2058,281.0
CHGNet,2059,281.0
CHGNet,2060,281.0
CHGNet,2061,282.0
CHGNet,2062,281.0
CHGNet,2063,281.0
CHGNet,2064,282.0
CHGNet,2065,283.0
CHGNet,2066,283.0
CHGNet,2067,283.0
CHGNet,2068,282.0
CHGNet,2069,283.0
CHGNet,2070,283.0
CHGNet,2071,284.0
CHGNet,2072,284.0
CHGNet,2073,285.0
CHGNet,2074,285.0
CHGNet,2075,285.0
CHGNet,2076,285.0
CHGNet,2077,285.0
CHGNet,2078,285.0
CHGNet,2079,286.0
CHGNet,2080,286.0
CHGNet,2081,286.0
CHGNet,2082,287.0
CHGNet,2083,287.0
CHGNet,2084,287.0
CHGNet,2085,287.0
CHGNet,2086,287.0
CHGNet,2087,286.0
CHGNet,2088,286.0
CHGNet,2089,286.0
CHGNet,2090,285.0
CHGNet,2091,285.0
CHGNet,2092,285.0
CHGNet,2093,285.0
CHGNet,2094,285.0
CHGNet,2095,285.0
CHGNet,2096,285.0
CHGNet,2097,285.0
CHGNet,2098,285.0
CHGNet,2099,286.0
CHGNet,2100,286.0
CHGNet,2101,286.0
CHGNet,2102,286.0
CHGNet,2103,287.0
CHGNet,2104,287.0
CHGNet,2105,287.0
CHGNet,2106,287.0
CHGNet,2107,287.0
CHGNet,2108,287.0
CHGNet,2109,287.0
CHGNet,2110,288.0
CHGNet,2111,288.0
CHGNet,2112,289.0
CHGNet,2113,290.0
CHGNet,2114,291.0
CHGNet,2115,291.0
CHGNet,2116,292.0
CHGNet,2117,292.0
CHGNet,2118,292.0
CHGNet,2119,292.0
CHGNet,2120,293.0
CHGNet,2121,294.0
CHGNet,2122,294.0
CHGNet,2123,294.0
CHGNet,2124,295.0
CHGNet,2125,295.0
CHGNet,2126,295.0
CHGNet,2127,294.0
CHGNet,2128,294.0
CHGNet,2129,294.0
CHGNet,2130,294.0
CHGNet,2131,294.0
CHGNet,2132,294.0
CHGNet,2133,294.0
CHGNet,2134,294.0
CHGNet,2135,294.0
CHGNet,2136,294.0
CHGNet,2137,294.0
CHGNet,2138,294.0
CHGNet,2139,295.0
CHGNet,2140,295.0
CHGNet,2141,295.0
CHGNet,2142,295.0
CHGNet,2143,295.0
CHGNet,2144,295.0
CHGNet,2145,295.0
CHGNet,2146,295.0
CHGNet,2147,295.0
CHGNet,2148,296.0
CHGNet,2149,295.0
CHGNet,2150,295.0
CHGNet,2151,295.0
CHGNet,2152,295.0
CHGNet,2153,295.0
CHGNet,2154,295.0
CHGNet,2155,295.0
CHGNet,2156,296.0
CHGNet,2157,296.0
CHGNet,2158,295.0
CHGNet,2159,295.0
CHGNet,2160,295.0
CHGNet,2161,294.0
CHGNet,2162,295.0
CHGNet,2163,295.0
CHGNet,2164,296.0
CHGNet,2165,295.0
CHGNet,2166,295.0
CHGNet,2167,295.0
CHGNet,2168,296.0
CHGNet,2169,296.0
CHGNet,2170,296.0
CHGNet,2171,297.0
CHGNet,2172,297.0
CHGNet,2173,298.0
CHGNet,2174,297.0
CHGNet,2175,297.0
CHGNet,2176,297.0
CHGNet,2177,297.0
CHGNet,2178,298.0
CHGNet,2179,298.0
CHGNet,2180,298.0
CHGNet,2181,299.0
CHGNet,2182,299.0
CHGNet,2183,299.0
CHGNet,2184,299.0
CHGNet,2185,300.0
CHGNet,2186,300.0
CHGNet,2187,300.0
CHGNet,2188,300.0
CHGNet,2189,299.0
CHGNet,2190,299.0
CHGNet,2191,299.0
CHGNet,2192,299.0
CHGNet,2193,300.0
CHGNet,2194,300.0
CHGNet,2195,300.0
CHGNet,2196,300.0
CHGNet,2197,300.0
CHGNet,2198,300.0
CHGNet,2199,300.0
CHGNet,2200,300.0
CHGNet,2201,300.0
CHGNet,2202,300.0
CHGNet,2203,301.0
CHGNet,2204,301.0
CHGNet,2205,301.0
CHGNet,2206,302.0
CHGNet,2207,302.0
CHGNet,2208,303.0
CHGNet,2209,304.0
CHGNet,2210,304.0
CHGNet,2211,304.0
CHGNet,2212,304.0
CHGNet,2213,304.0
CHGNet,2214,304.0
CHGNet,2215,304.0
CHGNet,2216,304.0
CHGNet,2217,304.0
CHGNet,2218,305.0
CHGNet,2219,305.0
CHGNet,2220,306.0
CHGNet,2221,307.0
CHGNet,2222,307.0
CHGNet,2223,307.0
CHGNet,2224,307.0
CHGNet,2225,307.0
CHGNet,2226,308.0
CHGNet,2227,309.0
CHGNet,2228,309.0
CHGNet,2229,309.0
CHGNet,2230,309.0
CHGNet,2231,309.0
CHGNet,2232,309.0
CHGNet,2233,309.0
CHGNet,2234,309.0
CHGNet,2235,309.0
CHGNet,2236,309.0
CHGNet,2237,309.0
CHGNet,2238,309.0
CHGNet,2239,310.0
CHGNet,2240,310.0
CHGNet,2241,310.0
CHGNet,2242,310.0
CHGNet,2243,310.0
CHGNet,2244,310.0
CHGNet,2245,309.0
CHGNet,2246,309.0
CHGNet,2247,309.0
CHGNet,2248,309.0
CHGNet,2249,309.0
CHGNet,2250,310.0
CHGNet,2251,310.0
CHGNet,2252,310.0
CHGNet,2253,310.0
CHGNet,2254,311.0
CHGNet,2255,311.0
CHGNet,2256,311.0
CHGNet,2257,311.0
CHGNet,2258,311.0
CHGNet,2259,311.0
CHGNet,2260,312.0
CHGNet,2261,313.0
CHGNet,2262,313.0
CHGNet,2263,313.0
CHGNet,2264,313.0
CHGNet,2265,313.0
CHGNet,2266,313.0
CHGNet,2267,314.0
CHGNet,2268,314.0
CHGNet,2269,314.0
CHGNet,2270,315.0
CHGNet,2271,315.0
CHGNet,2272,315.0
CHGNet,2273,315.0
CHGNet,2274,316.0
CHGNet,2275,316.0
CHGNet,2276,315.0
CHGNet,2277,315.0
CHGNet,2278,315.0
CHGNet,2279,316.0
CHGNet,2280,316.0
CHGNet,2281,317.0
CHGNet,2282,316.0
CHGNet,2283,316.0
CHGNet,2284,316.0
CHGNet,2285,317.0
CHGNet,2286,318.0
CHGNet,2287,318.0
CHGNet,2288,318.0
CHGNet,2289,319.0
CHGNet,2290,319.0
CHGNet,2291,319.0
CHGNet,2292,319.0
CHGNet,2293,319.0
CHGNet,2294,319.0
CHGNet,2295,319.0
CHGNet,2296,319.0
CHGNet,2297,319.0
CHGNet,2298,319.0
CHGNet,2299,319.0
CHGNet,2300,320.0
CHGNet,2301,320.0
CHGNet,2302,319.0
CHGNet,2303,319.0
CHGNet,2304,319.0
CHGNet,2305,319.0
CHGNet,2306,319.0
CHGNet,2307,319.0
CHGNet,2308,319.0
CHGNet,2309,319.0
CHGNet,2310,319.0
CHGNet,2311,319.0
CHGNet,2312,319.0
CHGNet,2313,319.0
CHGNet,2314,319.0
CHGNet,2315,319.0
CHGNet,2316,319.0
CHGNet,2317,320.0
CHGNet,2318,321.0
CHGNet,2319,321.0
CHGNet,2320,321.0
CHGNet,2321,321.0
CHGNet,2322,321.0
CHGNet,2323,321.0
CHGNet,2324,320.0
CHGNet,2325,320.0
CHGNet,2326,320.0
CHGNet,2327,320.0
CHGNet,2328,320.0
CHGNet,2329,320.0
CHGNet,2330,320.0
CHGNet,2331,320.0
CHGNet,2332,320.0
CHGNet,2333,320.0
CHGNet,2334,320.0
CHGNet,2335,321.0
CHGNet,2336,321.0
CHGNet,2337,321.0
CHGNet,2338,321.0
CHGNet,2339,321.0
CHGNet,2340,320.0
CHGNet,2341,321.0
CHGNet,2342,321.0
CHGNet,2343,321.0
CHGNet,2344,322.0
CHGNet,2345,322.0
CHGNet,2346,322.0
CHGNet,2347,323.0
CHGNet,2348,323.0
CHGNet,2349,323.0
CHGNet,2350,323.0
CHGNet,2351,324.0
CHGNet,2352,325.0
CHGNet,2353,326.0
CHGNet,2354,326.0
CHGNet,2355,327.0
CHGNet,2356,327.0
CHGNet,2357,327.0
CHGNet,2358,327.0
CHGNet,2359,327.0
CHGNet,2360,327.0
CHGNet,2361,327.0
CHGNet,2362,327.0
CHGNet,2363,327.0
CHGNet,2364,328.0
CHGNet,2365,328.0
CHGNet,2366,328.0
CHGNet,2367,327.0
CHGNet,2368,327.0
CHGNet,2369,327.0
CHGNet,2370,327.0
CHGNet,2371,327.0
CHGNet,2372,327.0
CHGNet,2373,327.0
CHGNet,2374,327.0
CHGNet,2375,327.0
CHGNet,2376,327.0
CHGNet,2377,327.0
CHGNet,2378,327.0
CHGNet,2379,327.0
CHGNet,2380,327.0
CHGNet,2381,327.0
CHGNet,2382,327.0
CHGNet,2383,328.0
CHGNet,2384,328.0
CHGNet,2385,329.0
CHGNet,2386,329.0
CHGNet,2387,330.0
CHGNet,2388,330.0
CHGNet,2389,330.0
CHGNet,2390,331.0
CHGNet,2391,332.0
CHGNet,2392,332.0
CHGNet,2393,332.0
CHGNet,2394,332.0
CHGNet,2395,332.0
CHGNet,2396,331.0
CHGNet,2397,331.0
CHGNet,2398,332.0
CHGNet,2399,332.0
CHGNet,2400,332.0
CHGNet,2401,332.0
CHGNet,2402,332.0
CHGNet,2403,332.0
CHGNet,2404,332.0
CHGNet,2405,332.0
CHGNet,2406,332.0
CHGNet,2407,332.0
CHGNet,2408,332.0
CHGNet,2409,332.0
CHGNet,2410,332.0
CHGNet,2411,332.0
CHGNet,2412,333.0
CHGNet,2413,334.0
CHGNet,2414,334.0
CHGNet,2415,334.0
CHGNet,2416,334.0
CHGNet,2417,335.0
CHGNet,2418,335.0
CHGNet,2419,336.0
CHGNet,2420,336.0
CHGNet,2421,337.0
CHGNet,2422,337.0
CHGNet,2423,337.0
CHGNet,2424,337.0
CHGNet,2425,337.0
CHGNet,2426,338.0
CHGNet,2427,338.0
CHGNet,2428,338.0
CHGNet,2429,338.0
CHGNet,2430,338.0
CHGNet,2431,338.0
CHGNet,2432,338.0
CHGNet,2433,338.0
CHGNet,2434,337.0
CHGNet,2435,338.0
CHGNet,2436,338.0
CHGNet,2437,338.0
CHGNet,2438,338.0
CHGNet,2439,338.0
CHGNet,2440,338.0
CHGNet,2441,338.0
CHGNet,2442,339.0
CHGNet,2443,339.0
CHGNet,2444,339.0
CHGNet,2445,339.0
CHGNet,2446,339.0
CHGNet,2447,339.0
CHGNet,2448,339.0
CHGNet,2449,339.0
CHGNet,2450,339.0
CHGNet,2451,339.0
CHGNet,2452,339.0
CHGNet,2453,340.0
CHGNet,2454,340.0
CHGNet,2455,340.0
CHGNet,2456,340.0
CHGNet,2457,341.0
CHGNet,2458,341.0
CHGNet,2459,341.0
CHGNet,2460,341.0
CHGNet,2461,341.0
CHGNet,2462,341.0
CHGNet,2463,341.0
CHGNet,2464,341.0
CHGNet,2465,341.0
CHGNet,2466,340.0
CHGNet,2467,340.0
CHGNet,2468,340.0
CHGNet,2469,340.0
CHGNet,2470,340.0
CHGNet,2471,341.0
CHGNet,2472,341.0
CHGNet,2473,341.0
CHGNet,2474,341.0
CHGNet,2475,342.0
CHGNet,2476,343.0
CHGNet,2477,343.0
CHGNet,2478,343.0
CHGNet,2479,343.0
CHGNet,2480,343.0
CHGNet,2481,343.0
CHGNet,2482,343.0
CHGNet,2483,343.0
CHGNet,2484,343.0
CHGNet,2485,343.0
CHGNet,2486,343.0
CHGNet,2487,343.0
CHGNet,2488,343.0
CHGNet,2489,343.0
CHGNet,2490,343.0
CHGNet,2491,343.0
CHGNet,2492,343.0
CHGNet,2493,344.0
CHGNet,2494,344.0
CHGNet,2495,344.0
CHGNet,2496,345.0
CHGNet,2497,344.0
CHGNet,2498,344.0
CHGNet,2499,345.0
CHGNet,2500,345.0
CHGNet,2501,345.0
CHGNet,2502,345.0
CHGNet,2503,345.0
CHGNet,2504,346.0
CHGNet,2505,346.0
CHGNet,2506,346.0
CHGNet,2507,346.0
CHGNet,2508,347.0
CHGNet,2509,347.0
CHGNet,2510,348.0
CHGNet,2511,348.0
CHGNet,2512,348.0
CHGNet,2513,347.0
CHGNet,2514,347.0
CHGNet,2515,347.0
CHGNet,2516,347.0
CHGNet,2517,347.0
CHGNet,2518,348.0
CHGNet,2519,348.0
CHGNet,2520,348.0
CHGNet,2521,349.0
CHGNet,2522,349.0
CHGNet,2523,349.0
CHGNet,2524,349.0
CHGNet,2525,349.0
CHGNet,2526,349.0
CHGNet,2527,349.0
CHGNet,2528,348.0
CHGNet,2529,349.0
CHGNet,2530,349.0
CHGNet,2531,349.0
CHGNet,2532,350.0
CHGNet,2533,350.0
CHGNet,2534,350.0
CHGNet,2535,350.0
CHGNet,2536,350.0
CHGNet,2537,351.0
CHGNet,2538,351.0
CHGNet,2539,351.0
CHGNet,2540,351.0
CHGNet,2541,351.0
CHGNet,2542,351.0
CHGNet,2543,351.0
CHGNet,2544,351.0
CHGNet,2545,352.0
CHGNet,2546,352.0
CHGNet,2547,352.0
CHGNet,2548,352.0
CHGNet,2549,352.0
CHGNet,2550,352.0
CHGNet,2551,353.0
CHGNet,2552,353.0
CHGNet,2553,353.0
CHGNet,2554,353.0
CHGNet,2555,353.0
CHGNet,2556,353.0
CHGNet,2557,353.0
CHGNet,2558,354.0
CHGNet,2559,355.0
CHGNet,2560,355.0
CHGNet,2561,355.0
CHGNet,2562,355.0
CHGNet,2563,355.0
CHGNet,2564,356.0
CHGNet,2565,355.0
CHGNet,2566,355.0
CHGNet,2567,355.0
CHGNet,2568,355.0
CHGNet,2569,355.0
CHGNet,2570,355.0
CHGNet,2571,355.0
CHGNet,2572,355.0
CHGNet,2573,355.0
CHGNet,2574,354.0
CHGNet,2575,355.0
CHGNet,2576,355.0
CHGNet,2577,355.0
CHGNet,2578,356.0
CHGNet,2579,356.0
CHGNet,2580,356.0
CHGNet,2581,356.0
CHGNet,2582,356.0
CHGNet,2583,356.0
CHGNet,2584,356.0
CHGNet,2585,356.0
CHGNet,2586,356.0
CHGNet,2587,356.0
CHGNet,2588,356.0
CHGNet,2589,356.0
CHGNet,2590,356.0
CHGNet,2591,356.0
CHGNet,2592,356.0
CHGNet,2593,357.0
CHGNet,2594,357.0
CHGNet,2595,357.0
CHGNet,2596,358.0
CHGNet,2597,358.0
CHGNet,2598,359.0
CHGNet,2599,359.0
CHGNet,2600,359.0
CHGNet,2601,359.0
CHGNet,2602,358.0
CHGNet,2603,358.0
CHGNet,2604,358.0
CHGNet,2605,358.0
CHGNet,2606,358.0
CHGNet,2607,358.0
CHGNet,2608,358.0
CHGNet,2609,358.0
CHGNet,2610,357.0
CHGNet,2611,357.0
CHGNet,2612,357.0
CHGNet,2613,357.0
CHGNet,2614,357.0
CHGNet,2615,357.0
CHGNet,2616,356.0
CHGNet,2617,356.0
CHGNet,2618,357.0
CHGNet,2619,357.0
CHGNet,2620,357.0
CHGNet,2621,357.0
CHGNet,2622,357.0
CHGNet,2623,357.0
CHGNet,2624,358.0
CHGNet,2625,358.0
CHGNet,2626,357.0
CHGNet,2627,357.0
CHGNet,2628,357.0
CHGNet,2629,357.0
CHGNet,2630,357.0
CHGNet,2631,357.0
CHGNet,2632,358.0
CHGNet,2633,358.0
CHGNet,2634,358.0
CHGNet,2635,358.0
CHGNet,2636,358.0
CHGNet,2637,358.0
CHGNet,2638,358.0
CHGNet,2639,358.0
CHGNet,2640,358.0
CHGNet,2641,358.0
CHGNet,2642,358.0
CHGNet,2643,358.0
CHGNet,2644,358.0
CHGNet,2645,359.0
CHGNet,2646,359.0
CHGNet,2647,359.0
CHGNet,2648,360.0
CHGNet,2649,360.0
CHGNet,2650,360.0
CHGNet,2651,360.0
CHGNet,2652,361.0
CHGNet,2653,361.0
CHGNet,2654,361.0
CHGNet,2655,361.0
CHGNet,2656,361.0
CHGNet,2657,360.0
CHGNet,2658,360.0
CHGNet,2659,360.0
CHGNet,2660,360.0
CHGNet,2661,360.0
CHGNet,2662,360.0
CHGNet,2663,360.0
CHGNet,2664,360.0
CHGNet,2665,360.0
CHGNet,2666,360.0
CHGNet,2667,360.0
CHGNet,2668,360.0
CHGNet,2669,360.0
CHGNet,2670,359.0
CHGNet,2671,359.0
CHGNet,2672,359.0
CHGNet,2673,359.0
CHGNet,2674,360.0
CHGNet,2675,361.0
CHGNet,2676,361.0
CHGNet,2677,361.0
CHGNet,2678,361.0
CHGNet,2679,362.0
CHGNet,2680,362.0
CHGNet,2681,362.0
CHGNet,2682,362.0
CHGNet,2683,362.0
CHGNet,2684,363.0
CHGNet,2685,363.0
CHGNet,2686,363.0
CHGNet,2687,363.0
CHGNet,2688,363.0
CHGNet,2689,363.0
CHGNet,2690,363.0
CHGNet,2691,363.0
CHGNet,2692,363.0
CHGNet,2693,363.0
CHGNet,2694,363.0
CHGNet,2695,364.0
CHGNet,2696,364.0
CHGNet,2697,365.0
CHGNet,2698,365.0
CHGNet,2699,365.0
CHGNet,2700,365.0
CHGNet,2701,366.0
CHGNet,2702,365.0
CHGNet,2703,365.0
CHGNet,2704,365.0
CHGNet,2705,365.0
CHGNet,2706,365.0
CHGNet,2707,366.0
CHGNet,2708,366.0
CHGNet,2709,366.0
CHGNet,2710,366.0
CHGNet,2711,366.0
CHGNet,2712,366.0
CHGNet,2713,366.0
CHGNet,2714,366.0
CHGNet,2715,366.0
CHGNet,2716,366.0
CHGNet,2717,366.0
CHGNet,2718,367.0
CHGNet,2719,367.0
CHGNet,2720,367.0
CHGNet,2721,367.0
CHGNet,2722,366.0
CHGNet,2723,366.0
CHGNet,2724,366.0
CHGNet,2725,366.0
CHGNet,2726,367.0
CHGNet,2727,368.0
CHGNet,2728,368.0
CHGNet,2729,368.0
CHGNet,2730,368.0
CHGNet,2731,368.0
CHGNet,2732,368.0
CHGNet,2733,368.0
CHGNet,2734,368.0
CHGNet,2735,368.0
CHGNet,2736,368.0
CHGNet,2737,369.0
CHGNet,2738,369.0
CHGNet,2739,369.0
CHGNet,2740,369.0
CHGNet,2741,369.0
CHGNet,2742,369.0
CHGNet,2743,369.0
CHGNet,2744,369.0
CHGNet,2745,369.0
CHGNet,2746,370.0
CHGNet,2747,369.0
CHGNet,2748,369.0
CHGNet,2749,369.0
CHGNet,2750,369.0
CHGNet,2751,370.0
CHGNet,2752,370.0
CHGNet,2753,370.0
CHGNet,2754,370.0
CHGNet,2755,370.0
CHGNet,2756,370.0
CHGNet,2757,370.0
CHGNet,2758,370.0
CHGNet,2759,370.0
CHGNet,2760,370.0
CHGNet,2761,370.0
CHGNet,2762,370.0
CHGNet,2763,370.0
CHGNet,2764,369.0
CHGNet,2765,369.0
CHGNet,2766,370.0
CHGNet,2767,370.0
CHGNet,2768,370.0
CHGNet,2769,371.0
CHGNet,2770,371.0
CHGNet,2771,371.0
CHGNet,2772,371.0
CHGNet,2773,371.0
CHGNet,2774,371.0
CHGNet,2775,371.0
CHGNet,2776,371.0
CHGNet,2777,371.0
CHGNet,2778,371.0
CHGNet,2779,371.0
CHGNet,2780,371.0
CHGNet,2781,371.0
CHGNet,2782,370.0
CHGNet,2783,369.0
CHGNet,2784,369.0
CHGNet,2785,369.0
CHGNet,2786,369.0
CHGNet,2787,369.0
CHGNet,2788,369.0
CHGNet,2789,369.0
CHGNet,2790,369.0
CHGNet,2791,369.0
CHGNet,2792,369.0
CHGNet,2793,369.0
CHGNet,2794,369.0
CHGNet,2795,369.0
CHGNet,2796,369.0
CHGNet,2797,370.0
CHGNet,2798,370.0
CHGNet,2799,370.0
CHGNet,2800,370.0
CHGNet,2801,371.0
CHGNet,2802,371.0
CHGNet,2803,371.0
CHGNet,2804,371.0
CHGNet,2805,371.0
CHGNet,2806,371.0
CHGNet,2807,371.0
CHGNet,2808,371.0
CHGNet,2809,370.0
CHGNet,2810,370.0
CHGNet,2811,370.0
CHGNet,2812,371.0
CHGNet,2813,371.0
CHGNet,2814,371.0
CHGNet,2815,371.0
CHGNet,2816,370.0
CHGNet,2817,370.0
CHGNet,2818,370.0
CHGNet,2819,370.0
CHGNet,2820,370.0
CHGNet,2821,371.0
CHGNet,2822,371.0
CHGNet,2823,371.0
CHGNet,2824,371.0
CHGNet,2825,371.0
CHGNet,2826,372.0
CHGNet,2827,372.0
CHGNet,2828,372.0
CHGNet,2829,372.0
CHGNet,2830,372.0
CHGNet,2831,372.0
CHGNet,2832,372.0
CHGNet,2833,372.0
CHGNet,2834,372.0
CHGNet,2835,372.0
CHGNet,2836,373.0
CHGNet,2837,373.0
CHGNet,2838,373.0
CHGNet,2839,373.0
CHGNet,2840,373.0
CHGNet,2841,373.0
CHGNet,2842,373.0
CHGNet,2843,374.0
CHGNet,2844,374.0
CHGNet,2845,374.0
CHGNet,2846,374.0
CHGNet,2847,374.0
CHGNet,2848,374.0
CHGNet,2849,375.0
CHGNet,2850,375.0
CHGNet,2851,375.0
CHGNet,2852,375.0
CHGNet,2853,375.0
CHGNet,2854,374.0
CHGNet,2855,375.0
CHGNet,2856,375.0
CHGNet,2857,375.0
CHGNet,2858,375.0
CHGNet,2859,375.0
CHGNet,2860,375.0
CHGNet,2861,375.0
CHGNet,2862,375.0
CHGNet,2863,375.0
CHGNet,2864,376.0
CHGNet,2865,376.0
CHGNet,2866,376.0
CHGNet,2867,377.0
CHGNet,2868,378.0
CHGNet,2869,378.0
CHGNet,2870,377.0
CHGNet,2871,377.0
CHGNet,2872,378.0
CHGNet,2873,378.0
CHGNet,2874,378.0
CHGNet,2875,378.0
CHGNet,2876,378.0
CHGNet,2877,378.0
CHGNet,2878,378.0
CHGNet,2879,378.0
CHGNet,2880,378.0
CHGNet,2881,378.0
CHGNet,2882,379.0
CHGNet,2883,379.0
CHGNet,2884,379.0
CHGNet,2885,379.0
CHGNet,2886,380.0
CHGNet,2887,380.0
CHGNet,2888,380.0
CHGNet,2889,380.0
CHGNet,2890,380.0
CHGNet,2891,380.0
CHGNet,2892,380.0
CHGNet,2893,380.0
CHGNet,2894,380.0
CHGNet,2895,380.0
CHGNet,2896,380.0
CHGNet,2897,380.0
CHGNet,2898,380.0
CHGNet,2899,380.0
CHGNet,2900,380.0
CHGNet,2901,381.0
CHGNet,2902,381.0
CHGNet,2903,381.0
CHGNet,2904,381.0
CHGNet,2905,381.0
CHGNet,2906,381.0
CHGNet,2907,381.0
CHGNet,2908,381.0
CHGNet,2909,381.0
CHGNet,2910,382.0
CHGNet,2911,382.0
CHGNet,2912,382.0
CHGNet,2913,382.0
CHGNet,2914,382.0
CHGNet,2915,382.0
CHGNet,2916,382.0
CHGNet,2917,382.0
CHGNet,2918,382.0
CHGNet,2919,382.0
CHGNet,2920,382.0
CHGNet,2921,382.0
CHGNet,2922,381.0
CHGNet,2923,381.0
CHGNet,2924,381.0
CHGNet,2925,381.0
CHGNet,2926,380.0
CHGNet,2927,380.0
CHGNet,2928,380.0
CHGNet,2929,380.0
CHGNet,2930,380.0
CHGNet,2931,380.0
CHGNet,2932,380.0
CHGNet,2933,380.0
CHGNet,2934,380.0
CHGNet,2935,381.0
CHGNet,2936,382.0
CHGNet,2937,382.0
CHGNet,2938,382.0
CHGNet,2939,382.0
CHGNet,2940,382.0
CHGNet,2941,383.0
CHGNet,2942,383.0
CHGNet,2943,383.0
CHGNet,2944,383.0
CHGNet,2945,384.0
CHGNet,2946,384.0
CHGNet,2947,384.0
CHGNet,2948,384.0
CHGNet,2949,384.0
CHGNet,2950,384.0
CHGNet,2951,384.0
CHGNet,2952,384.0
CHGNet,2953,384.0
CHGNet,2954,384.0
CHGNet,2955,384.0
CHGNet,2956,384.0
CHGNet,2957,385.0
CHGNet,2958,385.0
CHGNet,2959,386.0
CHGNet,2960,385.0
CHGNet,2961,386.0
CHGNet,2962,386.0
CHGNet,2963,386.0
CHGNet,2964,386.0
CHGNet,2965,386.0
CHGNet,2966,386.0
CHGNet,2967,387.0
CHGNet,2968,387.0
CHGNet,2969,387.0
CHGNet,2970,388.0
CHGNet,2971,388.0
CHGNet,2972,388.0
CHGNet,2973,388.0
CHGNet,2974,388.0
CHGNet,2975,387.0
CHGNet,2976,388.0
CHGNet,2977,389.0
CHGNet,2978,389.0
CHGNet,2979,390.0
CHGNet,2980,390.0
CHGNet,2981,390.0
CHGNet,2982,390.0
CHGNet,2983,390.0
CHGNet,2984,389.0
CHGNet,2985,390.0
CHGNet,2986,390.0
CHGNet,2987,390.0
CHGNet,2988,390.0
CHGNet,2989,391.0
CHGNet,2990,391.0
CHGNet,2991,391.0
CHGNet,2992,391.0
CHGNet,2993,392.0
CHGNet,2994,392.0
CHGNet,2995,392.0
CHGNet,2996,392.0
CHGNet,2997,393.0
CHGNet,2998,393.0
CHGNet,2999,393.0
CHGNet,3000,393.0
CHGNet,3001,394.0
CHGNet,3002,394.0
CHGNet,3003,394.0
CHGNet,3004,394.0
CHGNet,3005,394.0
CHGNet,3006,394.0
CHGNet,3007,394.0
CHGNet,3008,394.0
CHGNet,3009,394.0
CHGNet,3010,394.0
CHGNet,3011,394.0
CHGNet,3012,395.0
CHGNet,3013,395.0
CHGNet,3014,395.0
CHGNet,3015,395.0
CHGNet,3016,395.0
CHGNet,3017,396.0
CHGNet,3018,396.0
CHGNet,3019,396.0
CHGNet,3020,396.0
CHGNet,3021,396.0
CHGNet,3022,397.0
CHGNet,3023,396.0
CHGNet,3024,397.0
CHGNet,3025,397.0
CHGNet,3026,398.0
CHGNet,3027,399.0
CHGNet,3028,398.0
CHGNet,3029,397.0
CHGNet,3030,398.0
CHGNet,3031,399.0
CHGNet,3032,400.0
CHGNet,3033,400.0
CHGNet,3034,400.0
CHGNet,3035,400.0
CHGNet,3036,400.0
CHGNet,3037,401.0
CHGNet,3038,401.0
CHGNet,3039,401.0
CHGNet,3040,401.0
CHGNet,3041,401.0
CHGNet,3042,401.0
CHGNet,3043,402.0
CHGNet,3044,402.0
CHGNet,3045,402.0
CHGNet,3046,402.0
CHGNet,3047,402.0
CHGNet,3048,403.0
CHGNet,3049,403.0
CHGNet,3050,403.0
CHGNet,3051,403.0
CHGNet,3052,403.0
CHGNet,3053,402.0
CHGNet,3054,402.0
CHGNet,3055,402.0
CHGNet,3056,402.0
CHGNet,3057,402.0
CHGNet,3058,401.0
CHGNet,3059,401.0
CHGNet,3060,401.0
CHGNet,3061,401.0
CHGNet,3062,402.0
CHGNet,3063,402.0
CHGNet,3064,402.0
CHGNet,3065,402.0
CHGNet,3066,402.0
CHGNet,3067,402.0
CHGNet,3068,403.0
CHGNet,3069,403.0
CHGNet,3070,403.0
CHGNet,3071,404.0
CHGNet,3072,404.0
CHGNet,3073,404.0
CHGNet,3074,404.0
CHGNet,3075,404.0
CHGNet,3076,404.0
CHGNet,3077,404.0
CHGNet,3078,404.0
CHGNet,3079,404.0
CHGNet,3080,404.0
CHGNet,3081,404.0
CHGNet,3082,403.0
CHGNet,3083,403.0
CHGNet,3084,403.0
CHGNet,3085,403.0
CHGNet,3086,404.0
CHGNet,3087,405.0
CHGNet,3088,406.0
CHGNet,3089,406.0
CHGNet,3090,406.0
CHGNet,3091,406.0
CHGNet,3092,406.0
CHGNet,3093,406.0
CHGNet,3094,406.0
CHGNet,3095,406.0
CHGNet,3096,407.0
CHGNet,3097,407.0
CHGNet,3098,407.0
CHGNet,3099,407.0
CHGNet,3100,407.0
CHGNet,3101,408.0
CHGNet,3102,408.0
CHGNet,3103,408.0
CHGNet,3104,409.0
CHGNet,3105,409.0
CHGNet,3106,409.0
CHGNet,3107,408.0
CHGNet,3108,407.0
CHGNet,3109,407.0
CHGNet,3110,407.0
CHGNet,3111,407.0
CHGNet,3112,407.0
CHGNet,3113,407.0
CHGNet,3114,407.0
CHGNet,3115,407.0
CHGNet,3116,408.0
CHGNet,3117,408.0
CHGNet,3118,409.0
CHGNet,3119,409.0
CHGNet,3120,408.0
CHGNet,3121,408.0
CHGNet,3122,408.0
CHGNet,3123,408.0
CHGNet,3124,407.0
CHGNet,3125,407.0
CHGNet,3126,408.0
CHGNet,3127,408.0
CHGNet,3128,408.0
CHGNet,3129,409.0
CHGNet,3130,409.0
CHGNet,3131,409.0
CHGNet,3132,409.0
CHGNet,3133,409.0
CHGNet,3134,409.0
CHGNet,3135,409.0
CHGNet,3136,409.0
CHGNet,3137,410.0
CHGNet,3138,410.0
CHGNet,3139,410.0
CHGNet,3140,410.0
CHGNet,3141,410.0
CHGNet,3142,411.0
CHGNet,3143,411.0
CHGNet,3144,412.0
CHGNet,3145,412.0
CHGNet,3146,412.0
CHGNet,3147,413.0
CHGNet,3148,414.0
CHGNet,3149,415.0
CHGNet,3150,416.0
CHGNet,3151,416.0
CHGNet,3152,416.0
CHGNet,3153,416.0
CHGNet,3154,416.0
CHGNet,3155,416.0
CHGNet,3156,416.0
CHGNet,3157,417.0
CHGNet,3158,418.0
CHGNet,3159,418.0
CHGNet,3160,418.0
CHGNet,3161,418.0
CHGNet,3162,417.0
CHGNet,3163,417.0
CHGNet,3164,417.0
CHGNet,3165,417.0
CHGNet,3166,417.0
CHGNet,3167,418.0
CHGNet,3168,418.0
CHGNet,3169,418.0
CHGNet,3170,418.0
CHGNet,3171,417.0
CHGNet,3172,417.0
CHGNet,3173,417.0
CHGNet,3174,417.0
CHGNet,3175,417.0
CHGNet,3176,417.0
CHGNet,3177,417.0
CHGNet,3178,417.0
CHGNet,3179,418.0
CHGNet,3180,418.0
CHGNet,3181,418.0
CHGNet,3182,418.0
CHGNet,3183,418.0
CHGNet,3184,418.0
CHGNet,3185,418.0
CHGNet,3186,418.0
CHGNet,3187,418.0
CHGNet,3188,418.0
CHGNet,3189,417.0
CHGNet,3190,417.0
CHGNet,3191,417.0
CHGNet,3192,417.0
CHGNet,3193,417.0
CHGNet,3194,417.0
CHGNet,3195,417.0
CHGNet,3196,417.0
CHGNet,3197,417.0
CHGNet,3198,417.0
CHGNet,3199,417.0
CHGNet,3200,418.0
CHGNet,3201,418.0
CHGNet,3202,418.0
CHGNet,3203,417.0
CHGNet,3204,417.0
CHGNet,3205,417.0
CHGNet,3206,418.0
CHGNet,3207,418.0
CHGNet,3208,418.0
CHGNet,3209,418.0
CHGNet,3210,419.0
CHGNet,3211,419.0
CHGNet,3212,419.0
CHGNet,3213,419.0
CHGNet,3214,419.0
CHGNet,3215,419.0
CHGNet,3216,419.0
CHGNet,3217,419.0
CHGNet,3218,419.0
CHGNet,3219,419.0
CHGNet,3220,419.0
CHGNet,3221,419.0
CHGNet,3222,419.0
CHGNet,3223,419.0
CHGNet,3224,419.0
CHGNet,3225,419.0
CHGNet,3226,419.0
CHGNet,3227,419.0
CHGNet,3228,420.0
CHGNet,3229,420.0
CHGNet,3230,419.0
CHGNet,3231,419.0
CHGNet,3232,419.0
CHGNet,3233,419.0
CHGNet,3234,419.0
CHGNet,3235,419.0
CHGNet,3236,420.0
CHGNet,3237,420.0
CHGNet,3238,419.0
CHGNet,3239,420.0
CHGNet,3240,419.0
CHGNet,3241,419.0
CHGNet,3242,419.0
CHGNet,3243,419.0
CHGNet,3244,419.0
CHGNet,3245,420.0
CHGNet,3246,420.0
CHGNet,3247,421.0
CHGNet,3248,421.0
CHGNet,3249,422.0
CHGNet,3250,422.0
CHGNet,3251,422.0
CHGNet,3252,422.0
CHGNet,3253,423.0
CHGNet,3254,423.0
CHGNet,3255,423.0
CHGNet,3256,423.0
CHGNet,3257,424.0
CHGNet,3258,424.0
CHGNet,3259,424.0
CHGNet,3260,423.0
CHGNet,3261,424.0
CHGNet,3262,424.0
CHGNet,3263,424.0
CHGNet,3264,425.0
CHGNet,3265,424.0
CHGNet,3266,424.0
CHGNet,3267,424.0
CHGNet,3268,424.0
CHGNet,3269,424.0
CHGNet,3270,424.0
CHGNet,3271,424.0
CHGNet,3272,425.0
CHGNet,3273,425.0
CHGNet,3274,425.0
CHGNet,3275,424.0
CHGNet,3276,424.0
CHGNet,3277,424.0
CHGNet,3278,424.0
CHGNet,3279,424.0
CHGNet,3280,424.0
CHGNet,3281,424.0
CHGNet,3282,424.0
CHGNet,3283,423.0
CHGNet,3284,423.0
CHGNet,3285,424.0
CHGNet,3286,424.0
CHGNet,3287,424.0
CHGNet,3288,425.0
CHGNet,3289,425.0
CHGNet,3290,426.0
CHGNet,3291,426.0
CHGNet,3292,426.0
CHGNet,3293,427.0
CHGNet,3294,428.0
CHGNet,3295,428.0
CHGNet,3296,428.0
CHGNet,3297,429.0
CHGNet,3298,429.0
CHGNet,3299,430.0
CHGNet,3300,430.0
CHGNet,3301,430.0
CHGNet,3302,430.0
CHGNet,3303,430.0
CHGNet,3304,431.0
CHGNet,3305,431.0
CHGNet,3306,432.0
CHGNet,3307,433.0
CHGNet,3308,433.0
CHGNet,3309,433.0
CHGNet,3310,434.0
CHGNet,3311,434.0
CHGNet,3312,434.0
CHGNet,3313,434.0
CHGNet,3314,434.0
CHGNet,3315,433.0
CHGNet,3316,434.0
CHGNet,3317,435.0
CHGNet,3318,435.0
CHGNet,3319,435.0
CHGNet,3320,435.0
CHGNet,3321,435.0
CHGNet,3322,435.0
CHGNet,3323,435.0
CHGNet,3324,436.0
CHGNet,3325,436.0
CHGNet,3326,436.0
CHGNet,3327,436.0
CHGNet,3328,437.0
CHGNet,3329,437.0
CHGNet,3330,437.0
CHGNet,3331,437.0
CHGNet,3332,437.0
CHGNet,3333,437.0
CHGNet,3334,437.0
CHGNet,3335,437.0
CHGNet,3336,437.0
CHGNet,3337,437.0
CHGNet,3338,436.0
CHGNet,3339,436.0
CHGNet,3340,436.0
CHGNet,3341,437.0
CHGNet,3342,437.0
CHGNet,3343,437.0
CHGNet,3344,438.0
CHGNet,3345,438.0
CHGNet,3346,438.0
CHGNet,3347,439.0
CHGNet,3348,439.0
CHGNet,3349,439.0
CHGNet,3350,439.0
CHGNet,3351,439.0
CHGNet,3352,439.0
CHGNet,3353,439.0
CHGNet,3354,439.0
CHGNet,3355,439.0
CHGNet,3356,439.0
CHGNet,3357,439.0
CHGNet,3358,439.0
CHGNet,3359,439.0
CHGNet,3360,439.0
CHGNet,3361,439.0
CHGNet,3362,439.0
CHGNet,3363,439.0
CHGNet,3364,440.0
CHGNet,3365,440.0
CHGNet,3366,440.0
CHGNet,3367,439.0
CHGNet,3368,439.0
CHGNet,3369,439.0
CHGNet,3370,439.0
CHGNet,3371,439.0
CHGNet,3372,440.0
CHGNet,3373,440.0
CHGNet,3374,440.0
CHGNet,3375,440.0
CHGNet,3376,440.0
CHGNet,3377,441.0
CHGNet,3378,440.0
CHGNet,3379,440.0
CHGNet,3380,440.0
CHGNet,3381,439.0
CHGNet,3382,439.0
CHGNet,3383,439.0
CHGNet,3384,439.0
CHGNet,3385,439.0
CHGNet,3386,439.0
CHGNet,3387,439.0
CHGNet,3388,439.0
CHGNet,3389,439.0
CHGNet,3390,439.0
CHGNet,3391,439.0
CHGNet,3392,439.0
CHGNet,3393,439.0
CHGNet,3394,439.0
CHGNet,3395,439.0
CHGNet,3396,440.0
CHGNet,3397,440.0
CHGNet,3398,440.0
CHGNet,3399,439.0
CHGNet,3400,438.0
CHGNet,3401,438.0
CHGNet,3402,438.0
CHGNet,3403,438.0
CHGNet,3404,438.0
CHGNet,3405,439.0
CHGNet,3406,439.0
CHGNet,3407,439.0
CHGNet,3408,439.0
CHGNet,3409,439.0
CHGNet,3410,439.0
CHGNet,3411,439.0
CHGNet,3412,439.0
CHGNet,3413,440.0
CHGNet,3414,441.0
CHGNet,3415,442.0
CHGNet,3416,442.0
CHGNet,3417,442.0
CHGNet,3418,442.0
CHGNet,3419,443.0
CHGNet,3420,443.0
CHGNet,3421,443.0
CHGNet,3422,443.0
CHGNet,3423,443.0
CHGNet,3424,443.0
CHGNet,3425,443.0
CHGNet,3426,443.0
CHGNet,3427,443.0
CHGNet,3428,444.0
CHGNet,3429,444.0
CHGNet,3430,445.0
CHGNet,3431,446.0
CHGNet,3432,446.0
CHGNet,3433,446.0
CHGNet,3434,446.0
CHGNet,3435,446.0
CHGNet,3436,446.0
CHGNet,3437,446.0
CHGNet,3438,446.0
CHGNet,3439,447.0
CHGNet,3440,447.0
CHGNet,3441,447.0
CHGNet,3442,447.0
CHGNet,3443,447.0
CHGNet,3444,447.0
CHGNet,3445,447.0
CHGNet,3446,448.0
CHGNet,3447,447.0
CHGNet,3448,447.0
CHGNet,3449,447.0
CHGNet,3450,448.0
CHGNet,3451,448.0
CHGNet,3452,448.0
CHGNet,3453,447.0
CHGNet,3454,447.0
CHGNet,3455,447.0
CHGNet,3456,447.0
CHGNet,3457,447.0
CHGNet,3458,447.0
CHGNet,3459,447.0
CHGNet,3460,447.0
CHGNet,3461,447.0
CHGNet,3462,447.0
CHGNet,3463,447.0
CHGNet,3464,448.0
CHGNet,3465,448.0
CHGNet,3466,448.0
CHGNet,3467,448.0
CHGNet,3468,448.0
CHGNet,3469,448.0
CHGNet,3470,448.0
CHGNet,3471,448.0
CHGNet,3472,449.0
CHGNet,3473,449.0
CHGNet,3474,449.0
CHGNet,3475,449.0
CHGNet,3476,449.0
CHGNet,3477,449.0
CHGNet,3478,449.0
CHGNet,3479,449.0
CHGNet,3480,449.0
CHGNet,3481,450.0
CHGNet,3482,451.0
CHGNet,3483,451.0
CHGNet,3484,451.0
CHGNet,3485,451.0
CHGNet,3486,452.0
CHGNet,3487,451.0
CHGNet,3488,452.0
CHGNet,3489,452.0
CHGNet,3490,452.0
CHGNet,3491,452.0
CHGNet,3492,453.0
CHGNet,3493,453.0
CHGNet,3494,453.0
CHGNet,3495,453.0
CHGNet,3496,453.0
CHGNet,3497,453.0
CHGNet,3498,453.0
CHGNet,3499,453.0
CHGNet,3500,453.0
CHGNet,3501,454.0
CHGNet,3502,454.0
CHGNet,3503,454.0
CHGNet,3504,454.0
CHGNet,3505,454.0
CHGNet,3506,454.0
CHGNet,3507,454.0
CHGNet,3508,454.0
CHGNet,3509,454.0
CHGNet,3510,454.0
CHGNet,3511,454.0
CHGNet,3512,455.0
CHGNet,3513,455.0
CHGNet,3514,455.0
CHGNet,3515,455.0
CHGNet,3516,455.0
CHGNet,3517,455.0
CHGNet,3518,455.0
CHGNet,3519,455.0
CHGNet,3520,455.0
CHGNet,3521,455.0
CHGNet,3522,455.0
CHGNet,3523,455.0
CHGNet,3524,455.0
CHGNet,3525,455.0
CHGNet,3526,455.0
CHGNet,3527,455.0
CHGNet,3528,456.0
CHGNet,3529,456.0
CHGNet,3530,456.0
CHGNet,3531,456.0
CHGNet,3532,456.0
CHGNet,3533,456.0
CHGNet,3534,456.0
CHGNet,3535,457.0
CHGNet,3536,456.0
CHGNet,3537,457.0
CHGNet,3538,457.0
CHGNet,3539,457.0
CHGNet,3540,458.0
CHGNet,3541,458.0
CHGNet,3542,458.0
CHGNet,3543,458.0
CHGNet,3544,458.0
CHGNet,3545,459.0
CHGNet,3546,459.0
CHGNet,3547,459.0
CHGNet,3548,459.0
CHGNet,3549,459.0
CHGNet,3550,459.0
CHGNet,3551,459.0
CHGNet,3552,459.0
CHGNet,3553,459.0
CHGNet,3554,459.0
CHGNet,3555,459.0
CHGNet,3556,459.0
CHGNet,3557,460.0
CHGNet,3558,460.0
CHGNet,3559,460.0
CHGNet,3560,460.0
CHGNet,3561,461.0
CHGNet,3562,461.0
CHGNet,3563,461.0
CHGNet,3564,461.0
CHGNet,3565,461.0
CHGNet,3566,461.0
CHGNet,3567,461.0
CHGNet,3568,461.0
CHGNet,3569,461.0
CHGNet,3570,462.0
CHGNet,3571,462.0
CHGNet,3572,462.0
CHGNet,3573,463.0
CHGNet,3574,464.0
CHGNet,3575,465.0
CHGNet,3576,465.0
CHGNet,3577,465.0
CHGNet,3578,465.0
CHGNet,3579,465.0
CHGNet,3580,465.0
CHGNet,3581,465.0
CHGNet,3582,465.0
CHGNet,3583,465.0
CHGNet,3584,465.0
CHGNet,3585,465.0
CHGNet,3586,465.0
CHGNet,3587,465.0
CHGNet,3588,465.0
CHGNet,3589,465.0
CHGNet,3590,465.0
CHGNet,3591,465.0
CHGNet,3592,465.0
CHGNet,3593,465.0
CHGNet,3594,465.0
CHGNet,3595,465.0
CHGNet,3596,466.0
CHGNet,3597,465.0
CHGNet,3598,464.0
CHGNet,3599,464.0
CHGNet,3600,464.0
CHGNet,3601,463.0
CHGNet,3602,463.0
CHGNet,3603,463.0
CHGNet,3604,462.0
CHGNet,3605,462.0
CHGNet,3606,462.0
CHGNet,3607,462.0
CHGNet,3608,463.0
CHGNet,3609,463.0
CHGNet,3610,463.0
CHGNet,3611,463.0
CHGNet,3612,463.0
CHGNet,3613,463.0
CHGNet,3614,463.0
CHGNet,3615,464.0
CHGNet,3616,464.0
CHGNet,3617,464.0
CHGNet,3618,464.0
CHGNet,3619,465.0
CHGNet,3620,465.0
CHGNet,3621,466.0
CHGNet,3622,466.0
CHGNet,3623,466.0
CHGNet,3624,467.0
CHGNet,3625,466.0
CHGNet,3626,466.0
CHGNet,3627,466.0
CHGNet,3628,466.0
CHGNet,3629,467.0
CHGNet,3630,468.0
CHGNet,3631,468.0
CHGNet,3632,468.0
CHGNet,3633,468.0
CHGNet,3634,468.0
CHGNet,3635,469.0
CHGNet,3636,469.0
CHGNet,3637,469.0
CHGNet,3638,469.0
CHGNet,3639,469.0
CHGNet,3640,469.0
CHGNet,3641,469.0
CHGNet,3642,469.0
CHGNet,3643,469.0
CHGNet,3644,469.0
CHGNet,3645,469.0
CHGNet,3646,469.0
CHGNet,3647,469.0
CHGNet,3648,469.0
CHGNet,3649,469.0
CHGNet,3650,469.0
CHGNet,3651,469.0
CHGNet,3652,469.0
CHGNet,3653,469.0
CHGNet,3654,469.0
CHGNet,3655,469.0
CHGNet,3656,469.0
CHGNet,3657,470.0
CHGNet,3658,470.0
CHGNet,3659,470.0
CHGNet,3660,470.0
CHGNet,3661,470.0
CHGNet,3662,471.0
CHGNet,3663,471.0
CHGNet,3664,471.0
CHGNet,3665,471.0
CHGNet,3666,471.0
CHGNet,3667,471.0
CHGNet,3668,471.0
CHGNet,3669,471.0
CHGNet,3670,471.0
CHGNet,3671,472.0
CHGNet,3672,473.0
CHGNet,3673,473.0
CHGNet,3674,473.0
CHGNet,3675,473.0
CHGNet,3676,473.0
CHGNet,3677,473.0
CHGNet,3678,473.0
CHGNet,3679,473.0
CHGNet,3680,474.0
CHGNet,3681,474.0
CHGNet,3682,475.0
CHGNet,3683,475.0
CHGNet,3684,476.0
CHGNet,3685,476.0
CHGNet,3686,477.0
CHGNet,3687,477.0
CHGNet,3688,477.0
CHGNet,3689,477.0
CHGNet,3690,477.0
CHGNet,3691,477.0
CHGNet,3692,478.0
CHGNet,3693,478.0
CHGNet,3694,478.0
CHGNet,3695,478.0
CHGNet,3696,478.0
CHGNet,3697,478.0
CHGNet,3698,478.0
CHGNet,3699,478.0
CHGNet,3700,478.0
CHGNet,3701,478.0
CHGNet,3702,478.0
CHGNet,3703,478.0
CHGNet,3704,478.0
CHGNet,3705,478.0
CHGNet,3706,478.0
CHGNet,3707,478.0
CHGNet,3708,478.0
CHGNet,3709,478.0
CHGNet,3710,478.0
CHGNet,3711,478.0
CHGNet,3712,478.0
CHGNet,3713,479.0
CHGNet,3714,479.0
CHGNet,3715,480.0
CHGNet,3716,480.0
CHGNet,3717,480.0
CHGNet,3718,480.0
CHGNet,3719,480.0
CHGNet,3720,480.0
CHGNet,3721,480.0
CHGNet,3722,480.0
CHGNet,3723,480.0
CHGNet,3724,480.0
CHGNet,3725,480.0
CHGNet,3726,480.0
CHGNet,3727,481.0
CHGNet,3728,481.0
CHGNet,3729,481.0
CHGNet,3730,481.0
CHGNet,3731,481.0
CHGNet,3732,481.0
CHGNet,3733,481.0
CHGNet,3734,481.0
CHGNet,3735,481.0
CHGNet,3736,481.0
CHGNet,3737,482.0
CHGNet,3738,482.0
CHGNet,3739,482.0
CHGNet,3740,482.0
CHGNet,3741,482.0
CHGNet,3742,483.0
CHGNet,3743,483.0
CHGNet,3744,483.0
CHGNet,3745,483.0
CHGNet,3746,484.0
CHGNet,3747,484.0
CHGNet,3748,484.0
CHGNet,3749,484.0
CHGNet,3750,484.0
CHGNet,3751,484.0
CHGNet,3752,484.0
CHGNet,3753,484.0
CHGNet,3754,484.0
CHGNet,3755,484.0
CHGNet,3756,484.0
CHGNet,3757,484.0
CHGNet,3758,485.0
CHGNet,3759,485.0
CHGNet,3760,485.0
CHGNet,3761,485.0
CHGNet,3762,485.0
CHGNet,3763,485.0
CHGNet,3764,485.0
CHGNet,3765,485.0
CHGNet,3766,485.0
CHGNet,3767,486.0
CHGNet,3768,486.0
CHGNet,3769,486.0
CHGNet,3770,486.0
CHGNet,3771,486.0
CHGNet,3772,486.0
CHGNet,3773,486.0
CHGNet,3774,486.0
CHGNet,3775,486.0
CHGNet,3776,487.0
CHGNet,3777,487.0
CHGNet,3778,488.0
CHGNet,3779,488.0
CHGNet,3780,488.0
CHGNet,3781,488.0
CHGNet,3782,488.0
CHGNet,3783,488.0
CHGNet,3784,488.0
CHGNet,3785,488.0
CHGNet,3786,488.0
CHGNet,3787,488.0
CHGNet,3788,488.0
CHGNet,3789,487.0
CHGNet,3790,487.0
CHGNet,3791,487.0
CHGNet,3792,487.0
CHGNet,3793,487.0
CHGNet,3794,487.0
CHGNet,3795,488.0
CHGNet,3796,488.0
CHGNet,3797,488.0
CHGNet,3798,488.0
CHGNet,3799,489.0
CHGNet,3800,489.0
CHGNet,3801,489.0
CHGNet,3802,489.0
CHGNet,3803,489.0
CHGNet,3804,489.0
CHGNet,3805,489.0
CHGNet,3806,490.0
CHGNet,3807,490.0
CHGNet,3808,490.0
CHGNet,3809,490.0
CHGNet,3810,489.0
CHGNet,3811,489.0
CHGNet,3812,489.0
CHGNet,3813,489.0
CHGNet,3814,489.0
CHGNet,3815,490.0
CHGNet,3816,490.0
CHGNet,3817,490.0
CHGNet,3818,490.0
CHGNet,3819,490.0
CHGNet,3820,490.0
CHGNet,3821,490.0
CHGNet,3822,490.0
CHGNet,3823,490.0
CHGNet,3824,490.0
CHGNet,3825,491.0
CHGNet,3826,491.0
CHGNet,3827,491.0
CHGNet,3828,492.0
CHGNet,3829,492.0
CHGNet,3830,491.0
CHGNet,3831,491.0
CHGNet,3832,491.0
CHGNet,3833,491.0
CHGNet,3834,491.0
CHGNet,3835,491.0
CHGNet,3836,491.0
CHGNet,3837,491.0
CHGNet,3838,491.0
CHGNet,3839,491.0
CHGNet,3840,492.0
CHGNet,3841,492.0
CHGNet,3842,493.0
CHGNet,3843,493.0
CHGNet,3844,493.0
CHGNet,3845,493.0
CHGNet,3846,493.0
CHGNet,3847,493.0
CHGNet,3848,493.0
CHGNet,3849,493.0
CHGNet,3850,494.0
CHGNet,3851,495.0
CHGNet,3852,496.0
CHGNet,3853,496.0
CHGNet,3854,497.0
CHGNet,3855,497.0
CHGNet,3856,497.0
CHGNet,3857,497.0
CHGNet,3858,498.0
CHGNet,3859,497.0
CHGNet,3860,497.0
CHGNet,3861,497.0
CHGNet,3862,497.0
CHGNet,3863,498.0
CHGNet,3864,498.0
CHGNet,3865,498.0
CHGNet,3866,498.0
CHGNet,3867,498.0
CHGNet,3868,498.0
CHGNet,3869,498.0
CHGNet,3870,498.0
CHGNet,3871,498.0
CHGNet,3872,498.0
CHGNet,3873,497.0
CHGNet,3874,498.0
CHGNet,3875,497.0
CHGNet,3876,497.0
CHGNet,3877,497.0
CHGNet,3878,497.0
CHGNet,3879,497.0
CHGNet,3880,498.0
CHGNet,3881,498.0
CHGNet,3882,498.0
CHGNet,3883,498.0
CHGNet,3884,499.0
CHGNet,3885,500.0
CHGNet,3886,500.0
CHGNet,3887,500.0
CHGNet,3888,500.0
CHGNet,3889,500.0
CHGNet,3890,500.0
CHGNet,3891,501.0
CHGNet,3892,501.0
CHGNet,3893,501.0
CHGNet,3894,501.0
CHGNet,3895,501.0
CHGNet,3896,502.0
CHGNet,3897,502.0
CHGNet,3898,502.0
CHGNet,3899,503.0
CHGNet,3900,503.0
CHGNet,3901,503.0
CHGNet,3902,504.0
CHGNet,3903,504.0
CHGNet,3904,504.0
CHGNet,3905,504.0
CHGNet,3906,504.0
CHGNet,3907,504.0
CHGNet,3908,504.0
CHGNet,3909,504.0
CHGNet,3910,504.0
CHGNet,3911,505.0
CHGNet,3912,506.0
CHGNet,3913,507.0
CHGNet,3914,507.0
CHGNet,3915,507.0
CHGNet,3916,507.0
CHGNet,3917,507.0
CHGNet,3918,507.0
CHGNet,3919,507.0
CHGNet,3920,507.0
CHGNet,3921,507.0
CHGNet,3922,507.0
CHGNet,3923,507.0
CHGNet,3924,508.0
CHGNet,3925,508.0
CHGNet,3926,508.0
CHGNet,3927,508.0
CHGNet,3928,508.0
CHGNet,3929,508.0
CHGNet,3930,509.0
CHGNet,3931,509.0
CHGNet,3932,509.0
CHGNet,3933,509.0
CHGNet,3934,509.0
CHGNet,3935,509.0
CHGNet,3936,510.0
CHGNet,3937,509.0
CHGNet,3938,509.0
CHGNet,3939,508.0
CHGNet,3940,508.0
CHGNet,3941,508.0
CHGNet,3942,508.0
CHGNet,3943,508.0
CHGNet,3944,508.0
CHGNet,3945,508.0
CHGNet,3946,508.0
CHGNet,3947,508.0
CHGNet,3948,508.0
CHGNet,3949,509.0
CHGNet,3950,509.0
CHGNet,3951,509.0
CHGNet,3952,509.0
CHGNet,3953,509.0
CHGNet,3954,509.0
CHGNet,3955,508.0
CHGNet,3956,508.0
CHGNet,3957,508.0
CHGNet,3958,509.0
CHGNet,3959,509.0
CHGNet,3960,509.0
CHGNet,3961,509.0
CHGNet,3962,509.0
CHGNet,3963,509.0
CHGNet,3964,509.0
CHGNet,3965,509.0
CHGNet,3966,509.0
CHGNet,3967,509.0
CHGNet,3968,509.0
CHGNet,3969,509.0
CHGNet,3970,509.0
CHGNet,3971,509.0
CHGNet,3972,509.0
CHGNet,3973,509.0
CHGNet,3974,510.0
CHGNet,3975,510.0
CHGNet,3976,511.0
CHGNet,3977,512.0
CHGNet,3978,512.0
CHGNet,3979,512.0
CHGNet,3980,513.0
CHGNet,3981,513.0
CHGNet,3982,514.0
CHGNet,3983,514.0
CHGNet,3984,514.0
CHGNet,3985,514.0
CHGNet,3986,514.0
CHGNet,3987,514.0
CHGNet,3988,514.0
CHGNet,3989,514.0
CHGNet,3990,514.0
CHGNet,3991,515.0
CHGNet,3992,515.0
CHGNet,3993,515.0
CHGNet,3994,515.0
CHGNet,3995,515.0
CHGNet,3996,515.0
CHGNet,3997,516.0
CHGNet,3998,516.0
CHGNet,3999,516.0
CHGNet,4000,516.0
CHGNet,4001,516.0
CHGNet,4002,516.0
CHGNet,4003,516.0
CHGNet,4004,516.0
CHGNet,4005,517.0
CHGNet,4006,517.0
CHGNet,4007,517.0
CHGNet,4008,517.0
CHGNet,4009,517.0
CHGNet,4010,518.0
CHGNet,4011,518.0
CHGNet,4012,518.0
CHGNet,4013,518.0
CHGNet,4014,518.0
CHGNet,4015,518.0
CHGNet,4016,519.0
CHGNet,4017,520.0
CHGNet,4018,520.0
CHGNet,4019,521.0
CHGNet,4020,521.0
CHGNet,4021,521.0
CHGNet,4022,522.0
CHGNet,4023,522.0
CHGNet,4024,522.0
CHGNet,4025,523.0
CHGNet,4026,523.0
CHGNet,4027,524.0
CHGNet,4028,524.0
CHGNet,4029,525.0
CHGNet,4030,526.0
CHGNet,4031,526.0
CHGNet,4032,526.0
CHGNet,4033,527.0
CHGNet,4034,527.0
CHGNet,4035,527.0
CHGNet,4036,527.0
CHGNet,4037,527.0
CHGNet,4038,527.0
CHGNet,4039,527.0
CHGNet,4040,527.0
CHGNet,4041,527.0
CHGNet,4042,527.0
CHGNet,4043,528.0
CHGNet,4044,528.0
CHGNet,4045,529.0
CHGNet,4046,529.0
CHGNet,4047,529.0
CHGNet,4048,529.0
CHGNet,4049,529.0
CHGNet,4050,529.0
CHGNet,4051,529.0
CHGNet,4052,530.0
CHGNet,4053,530.0
CHGNet,4054,531.0
CHGNet,4055,531.0
CHGNet,4056,531.0
CHGNet,4057,531.0
CHGNet,4058,531.0
CHGNet,4059,531.0
CHGNet,4060,531.0
CHGNet,4061,531.0
CHGNet,4062,531.0
CHGNet,4063,532.0
CHGNet,4064,532.0
CHGNet,4065,532.0
CHGNet,4066,532.0
CHGNet,4067,532.0
CHGNet,4068,532.0
CHGNet,4069,532.0
CHGNet,4070,532.0
CHGNet,4071,532.0
CHGNet,4072,532.0
CHGNet,4073,532.0
CHGNet,4074,532.0
CHGNet,4075,531.0
CHGNet,4076,531.0
CHGNet,4077,532.0
CHGNet,4078,532.0
CHGNet,4079,532.0
CHGNet,4080,532.0
CHGNet,4081,532.0
CHGNet,4082,533.0
CHGNet,4083,533.0
CHGNet,4084,533.0
CHGNet,4085,534.0
CHGNet,4086,534.0
CHGNet,4087,534.0
CHGNet,4088,535.0
CHGNet,4089,535.0
CHGNet,4090,535.0
CHGNet,4091,536.0
CHGNet,4092,536.0
CHGNet,4093,536.0
CHGNet,4094,536.0
CHGNet,4095,537.0
CHGNet,4096,538.0
CHGNet,4097,537.0
CHGNet,4098,538.0
CHGNet,4099,538.0
CHGNet,4100,538.0
CHGNet,4101,538.0
CHGNet,4102,538.0
CHGNet,4103,538.0
CHGNet,4104,538.0
CHGNet,4105,538.0
CHGNet,4106,538.0
CHGNet,4107,538.0
CHGNet,4108,538.0
CHGNet,4109,538.0
CHGNet,4110,539.0
CHGNet,4111,539.0
CHGNet,4112,539.0
CHGNet,4113,539.0
CHGNet,4114,539.0
CHGNet,4115,539.0
CHGNet,4116,539.0
CHGNet,4117,540.0
CHGNet,4118,540.0
CHGNet,4119,540.0
CHGNet,4120,540.0
CHGNet,4121,540.0
CHGNet,4122,540.0
CHGNet,4123,540.0
CHGNet,4124,541.0
CHGNet,4125,541.0
CHGNet,4126,541.0
CHGNet,4127,541.0
CHGNet,4128,541.0
CHGNet,4129,541.0
CHGNet,4130,541.0
CHGNet,4131,541.0
CHGNet,4132,541.0
CHGNet,4133,541.0
CHGNet,4134,542.0
CHGNet,4135,542.0
CHGNet,4136,542.0
CHGNet,4137,542.0
CHGNet,4138,543.0
CHGNet,4139,543.0
CHGNet,4140,543.0
CHGNet,4141,543.0
CHGNet,4142,543.0
CHGNet,4143,543.0
CHGNet,4144,544.0
CHGNet,4145,544.0
CHGNet,4146,544.0
CHGNet,4147,544.0
CHGNet,4148,544.0
CHGNet,4149,543.0
CHGNet,4150,543.0
CHGNet,4151,543.0
CHGNet,4152,543.0
CHGNet,4153,543.0
CHGNet,4154,543.0
CHGNet,4155,543.0
CHGNet,4156,543.0
CHGNet,4157,544.0
CHGNet,4158,544.0
CHGNet,4159,544.0
CHGNet,4160,544.0
CHGNet,4161,544.0
CHGNet,4162,544.0
CHGNet,4163,544.0
CHGNet,4164,544.0
CHGNet,4165,544.0
CHGNet,4166,544.0
CHGNet,4167,544.0
CHGNet,4168,545.0
CHGNet,4169,545.0
CHGNet,4170,545.0
CHGNet,4171,546.0
CHGNet,4172,546.0
CHGNet,4173,546.0
CHGNet,4174,546.0
CHGNet,4175,546.0
CHGNet,4176,546.0
CHGNet,4177,546.0
CHGNet,4178,546.0
CHGNet,4179,546.0
CHGNet,4180,546.0
CHGNet,4181,547.0
CHGNet,4182,548.0
CHGNet,4183,548.0
CHGNet,4184,549.0
CHGNet,4185,549.0
CHGNet,4186,549.0
CHGNet,4187,549.0
CHGNet,4188,549.0
CHGNet,4189,549.0
CHGNet,4190,549.0
CHGNet,4191,549.0
CHGNet,4192,549.0
CHGNet,4193,549.0
CHGNet,4194,549.0
CHGNet,4195,550.0
CHGNet,4196,550.0
CHGNet,4197,550.0
CHGNet,4198,550.0
CHGNet,4199,550.0
CHGNet,4200,551.0
CHGNet,4201,552.0
CHGNet,4202,552.0
CHGNet,4203,552.0
CHGNet,4204,553.0
CHGNet,4205,553.0
CHGNet,4206,553.0
CHGNet,4207,553.0
CHGNet,4208,553.0
CHGNet,4209,553.0
CHGNet,4210,553.0
CHGNet,4211,553.0
CHGNet,4212,553.0
CHGNet,4213,554.0
CHGNet,4214,554.0
CHGNet,4215,554.0
CHGNet,4216,553.0
CHGNet,4217,553.0
CHGNet,4218,553.0
CHGNet,4219,553.0
CHGNet,4220,554.0
CHGNet,4221,554.0
CHGNet,4222,554.0
CHGNet,4223,553.0
CHGNet,4224,552.0
CHGNet,4225,552.0
CHGNet,4226,552.0
CHGNet,4227,553.0
CHGNet,4228,553.0
CHGNet,4229,553.0
CHGNet,4230,553.0
CHGNet,4231,552.0
CHGNet,4232,552.0
CHGNet,4233,552.0
CHGNet,4234,552.0
CHGNet,4235,552.0
CHGNet,4236,553.0
CHGNet,4237,553.0
CHGNet,4238,553.0
CHGNet,4239,553.0
CHGNet,4240,553.0
CHGNet,4241,554.0
CHGNet,4242,555.0
CHGNet,4243,555.0
CHGNet,4244,555.0
CHGNet,4245,555.0
CHGNet,4246,555.0
CHGNet,4247,555.0
CHGNet,4248,555.0
CHGNet,4249,556.0
CHGNet,4250,556.0
CHGNet,4251,556.0
CHGNet,4252,557.0
CHGNet,4253,557.0
CHGNet,4254,557.0
CHGNet,4255,557.0
CHGNet,4256,556.0
CHGNet,4257,556.0
CHGNet,4258,557.0
CHGNet,4259,557.0
CHGNet,4260,557.0
CHGNet,4261,557.0
CHGNet,4262,557.0
CHGNet,4263,557.0
CHGNet,4264,558.0
CHGNet,4265,558.0
CHGNet,4266,559.0
CHGNet,4267,559.0
CHGNet,4268,559.0
CHGNet,4269,559.0
CHGNet,4270,558.0
CHGNet,4271,559.0
CHGNet,4272,560.0
CHGNet,4273,560.0
CHGNet,4274,560.0
CHGNet,4275,561.0
CHGNet,4276,561.0
CHGNet,4277,562.0
CHGNet,4278,562.0
CHGNet,4279,562.0
CHGNet,4280,562.0
CHGNet,4281,562.0
CHGNet,4282,563.0
CHGNet,4283,563.0
CHGNet,4284,563.0
CHGNet,4285,563.0
CHGNet,4286,563.0
CHGNet,4287,563.0
CHGNet,4288,563.0
CHGNet,4289,563.0
CHGNet,4290,563.0
CHGNet,4291,564.0
CHGNet,4292,565.0
CHGNet,4293,565.0
CHGNet,4294,565.0
CHGNet,4295,565.0
CHGNet,4296,565.0
CHGNet,4297,566.0
CHGNet,4298,566.0
CHGNet,4299,567.0
CHGNet,4300,567.0
CHGNet,4301,567.0
CHGNet,4302,567.0
CHGNet,4303,567.0
CHGNet,4304,567.0
CHGNet,4305,567.0
CHGNet,4306,567.0
CHGNet,4307,567.0
CHGNet,4308,567.0
CHGNet,4309,567.0
CHGNet,4310,567.0
CHGNet,4311,568.0
CHGNet,4312,568.0
CHGNet,4313,568.0
CHGNet,4314,568.0
CHGNet,4315,569.0
CHGNet,4316,569.0
CHGNet,4317,569.0
CHGNet,4318,569.0
CHGNet,4319,569.0
CHGNet,4320,570.0
CHGNet,4321,570.0
CHGNet,4322,570.0
CHGNet,4323,570.0
CHGNet,4324,570.0
CHGNet,4325,570.0
CHGNet,4326,571.0
CHGNet,4327,571.0
CHGNet,4328,572.0
CHGNet,4329,572.0
CHGNet,4330,571.0
CHGNet,4331,571.0
CHGNet,4332,572.0
CHGNet,4333,573.0
CHGNet,4334,573.0
CHGNet,4335,573.0
CHGNet,4336,573.0
CHGNet,4337,573.0
CHGNet,4338,573.0
CHGNet,4339,573.0
CHGNet,4340,573.0
CHGNet,4341,573.0
CHGNet,4342,574.0
CHGNet,4343,574.0
CHGNet,4344,574.0
CHGNet,4345,574.0
CHGNet,4346,574.0
CHGNet,4347,573.0
CHGNet,4348,573.0
CHGNet,4349,573.0
CHGNet,4350,573.0
CHGNet,4351,573.0
CHGNet,4352,574.0
CHGNet,4353,574.0
CHGNet,4354,574.0
CHGNet,4355,574.0
CHGNet,4356,574.0
CHGNet,4357,574.0
CHGNet,4358,574.0
CHGNet,4359,574.0
CHGNet,4360,574.0
CHGNet,4361,574.0
CHGNet,4362,574.0
CHGNet,4363,574.0
CHGNet,4364,574.0
CHGNet,4365,575.0
CHGNet,4366,575.0
CHGNet,4367,575.0
CHGNet,4368,575.0
CHGNet,4369,575.0
CHGNet,4370,575.0
CHGNet,4371,575.0
CHGNet,4372,575.0
CHGNet,4373,575.0
CHGNet,4374,575.0
CHGNet,4375,576.0
CHGNet,4376,577.0
CHGNet,4377,577.0
CHGNet,4378,578.0
CHGNet,4379,578.0
CHGNet,4380,577.0
CHGNet,4381,577.0
CHGNet,4382,576.0
CHGNet,4383,575.0
CHGNet,4384,575.0
CHGNet,4385,575.0
CHGNet,4386,575.0
CHGNet,4387,575.0
CHGNet,4388,575.0
CHGNet,4389,575.0
CHGNet,4390,575.0
CHGNet,4391,575.0
CHGNet,4392,576.0
CHGNet,4393,576.0
CHGNet,4394,576.0
CHGNet,4395,576.0
CHGNet,4396,576.0
CHGNet,4397,576.0
CHGNet,4398,576.0
CHGNet,4399,576.0
CHGNet,4400,576.0
CHGNet,4401,577.0
CHGNet,4402,577.0
CHGNet,4403,577.0
CHGNet,4404,577.0
CHGNet,4405,578.0
CHGNet,4406,579.0
CHGNet,4407,579.0
CHGNet,4408,579.0
CHGNet,4409,579.0
CHGNet,4410,578.0
CHGNet,4411,578.0
CHGNet,4412,578.0
CHGNet,4413,578.0
CHGNet,4414,579.0
CHGNet,4415,579.0
CHGNet,4416,579.0
CHGNet,4417,579.0
CHGNet,4418,579.0
CHGNet,4419,579.0
CHGNet,4420,579.0
CHGNet,4421,579.0
CHGNet,4422,579.0
CHGNet,4423,579.0
CHGNet,4424,579.0
CHGNet,4425,579.0
CHGNet,4426,580.0
CHGNet,4427,580.0
CHGNet,4428,580.0
CHGNet,4429,579.0
CHGNet,4430,580.0
CHGNet,4431,580.0
CHGNet,4432,580.0
CHGNet,4433,580.0
CHGNet,4434,580.0
CHGNet,4435,579.0
CHGNet,4436,580.0
CHGNet,4437,580.0
CHGNet,4438,581.0
CHGNet,4439,581.0
CHGNet,4440,582.0
CHGNet,4441,582.0
CHGNet,4442,582.0
CHGNet,4443,582.0
CHGNet,4444,582.0
CHGNet,4445,582.0
CHGNet,4446,582.0
CHGNet,4447,582.0
CHGNet,4448,582.0
CHGNet,4449,582.0
CHGNet,4450,582.0
CHGNet,4451,582.0
CHGNet,4452,582.0
CHGNet,4453,582.0
CHGNet,4454,582.0
CHGNet,4455,582.0
CHGNet,4456,582.0
CHGNet,4457,582.0
CHGNet,4458,583.0
CHGNet,4459,584.0
CHGNet,4460,583.0
CHGNet,4461,583.0
CHGNet,4462,583.0
CHGNet,4463,583.0
CHGNet,4464,583.0
CHGNet,4465,583.0
CHGNet,4466,584.0
CHGNet,4467,584.0
CHGNet,4468,584.0
CHGNet,4469,583.0
CHGNet,4470,584.0
CHGNet,4471,584.0
CHGNet,4472,585.0
CHGNet,4473,585.0
CHGNet,4474,584.0
CHGNet,4475,584.0
CHGNet,4476,584.0
CHGNet,4477,584.0
CHGNet,4478,584.0
CHGNet,4479,584.0
CHGNet,4480,584.0
CHGNet,4481,585.0
CHGNet,4482,586.0
CHGNet,4483,586.0
CHGNet,4484,586.0
CHGNet,4485,586.0
CHGNet,4486,586.0
CHGNet,4487,586.0
CHGNet,4488,586.0
CHGNet,4489,586.0
CHGNet,4490,586.0
CHGNet,4491,586.0
CHGNet,4492,587.0
CHGNet,4493,587.0
CHGNet,4494,588.0
CHGNet,4495,588.0
CHGNet,4496,588.0
CHGNet,4497,588.0
CHGNet,4498,588.0
CHGNet,4499,588.0
CHGNet,4500,588.0
CHGNet,4501,588.0
CHGNet,4502,588.0
CHGNet,4503,588.0
CHGNet,4504,587.0
CHGNet,4505,587.0
CHGNet,4506,587.0
CHGNet,4507,587.0
CHGNet,4508,587.0
CHGNet,4509,587.0
CHGNet,4510,586.0
CHGNet,4511,586.0
CHGNet,4512,586.0
CHGNet,4513,586.0
CHGNet,4514,586.0
CHGNet,4515,586.0
CHGNet,4516,586.0
CHGNet,4517,586.0
CHGNet,4518,586.0
CHGNet,4519,586.0
CHGNet,4520,587.0
CHGNet,4521,587.0
CHGNet,4522,588.0
CHGNet,4523,588.0
CHGNet,4524,588.0
CHGNet,4525,588.0
CHGNet,4526,588.0
CHGNet,4527,588.0
CHGNet,4528,588.0
CHGNet,4529,588.0
CHGNet,4530,588.0
CHGNet,4531,589.0
CHGNet,4532,589.0
CHGNet,4533,589.0
CHGNet,4534,589.0
CHGNet,4535,589.0
CHGNet,4536,589.0
CHGNet,4537,589.0
CHGNet,4538,589.0
CHGNet,4539,589.0
CHGNet,4540,589.0
CHGNet,4541,589.0
CHGNet,4542,589.0
CHGNet,4543,589.0
CHGNet,4544,589.0
CHGNet,4545,590.0
CHGNet,4546,590.0
CHGNet,4547,590.0
CHGNet,4548,590.0
CHGNet,4549,590.0
CHGNet,4550,590.0
CHGNet,4551,590.0
CHGNet,4552,590.0
CHGNet,4553,590.0
CHGNet,4554,590.0
CHGNet,4555,590.0
CHGNet,4556,589.0
CHGNet,4557,589.0
CHGNet,4558,589.0
CHGNet,4559,589.0
CHGNet,4560,589.0
CHGNet,4561,590.0
CHGNet,4562,590.0
CHGNet,4563,590.0
CHGNet,4564,591.0
CHGNet,4565,590.0
CHGNet,4566,590.0
CHGNet,4567,590.0
CHGNet,4568,590.0
CHGNet,4569,590.0
CHGNet,4570,591.0
CHGNet,4571,592.0
CHGNet,4572,592.0
CHGNet,4573,593.0
CHGNet,4574,593.0
CHGNet,4575,593.0
CHGNet,4576,593.0
CHGNet,4577,594.0
CHGNet,4578,595.0
CHGNet,4579,596.0
CHGNet,4580,597.0
CHGNet,4581,596.0
CHGNet,4582,596.0
CHGNet,4583,596.0
CHGNet,4584,596.0
CHGNet,4585,596.0
CHGNet,4586,596.0
CHGNet,4587,596.0
CHGNet,4588,596.0
CHGNet,4589,596.0
CHGNet,4590,595.0
CHGNet,4591,595.0
CHGNet,4592,595.0
CHGNet,4593,595.0
CHGNet,4594,595.0
CHGNet,4595,595.0
CHGNet,4596,595.0
CHGNet,4597,595.0
CHGNet,4598,595.0
CHGNet,4599,596.0
CHGNet,4600,596.0
CHGNet,4601,596.0
CHGNet,4602,596.0
CHGNet,4603,596.0
CHGNet,4604,596.0
CHGNet,4605,596.0
CHGNet,4606,597.0
CHGNet,4607,598.0
CHGNet,4608,598.0
CHGNet,4609,598.0
CHGNet,4610,597.0
CHGNet,4611,596.0
CHGNet,4612,596.0
CHGNet,4613,597.0
CHGNet,4614,597.0
CHGNet,4615,598.0
CHGNet,4616,598.0
CHGNet,4617,598.0
CHGNet,4618,597.0
CHGNet,4619,597.0
CHGNet,4620,597.0
CHGNet,4621,597.0
CHGNet,4622,597.0
CHGNet,4623,597.0
CHGNet,4624,598.0
CHGNet,4625,598.0
CHGNet,4626,599.0
CHGNet,4627,600.0
CHGNet,4628,599.0
CHGNet,4629,599.0
CHGNet,4630,599.0
CHGNet,4631,599.0
CHGNet,4632,599.0
CHGNet,4633,599.0
CHGNet,4634,599.0
CHGNet,4635,599.0
CHGNet,4636,599.0
CHGNet,4637,599.0
CHGNet,4638,598.0
CHGNet,4639,599.0
CHGNet,4640,599.0
CHGNet,4641,600.0
CHGNet,4642,600.0
CHGNet,4643,600.0
CHGNet,4644,600.0
CHGNet,4645,601.0
CHGNet,4646,601.0
CHGNet,4647,601.0
CHGNet,4648,601.0
CHGNet,4649,601.0
CHGNet,4650,601.0
CHGNet,4651,601.0
CHGNet,4652,601.0
CHGNet,4653,601.0
CHGNet,4654,601.0
CHGNet,4655,601.0
CHGNet,4656,601.0
CHGNet,4657,601.0
CHGNet,4658,602.0
CHGNet,4659,602.0
CHGNet,4660,602.0
CHGNet,4661,602.0
CHGNet,4662,602.0
CHGNet,4663,603.0
CHGNet,4664,603.0
CHGNet,4665,603.0
CHGNet,4666,603.0
CHGNet,4667,603.0
CHGNet,4668,603.0
CHGNet,4669,603.0
CHGNet,4670,604.0
CHGNet,4671,604.0
CHGNet,4672,604.0
CHGNet,4673,605.0
CHGNet,4674,605.0
CHGNet,4675,605.0
CHGNet,4676,605.0
CHGNet,4677,606.0
CHGNet,4678,607.0
CHGNet,4679,607.0
CHGNet,4680,608.0
CHGNet,4681,608.0
CHGNet,4682,608.0
CHGNet,4683,608.0
CHGNet,4684,608.0
CHGNet,4685,608.0
CHGNet,4686,608.0
CHGNet,4687,608.0
CHGNet,4688,608.0
CHGNet,4689,608.0
CHGNet,4690,608.0
CHGNet,4691,609.0
CHGNet,4692,609.0
CHGNet,4693,610.0
CHGNet,4694,610.0
CHGNet,4695,610.0
CHGNet,4696,610.0
CHGNet,4697,611.0
CHGNet,4698,611.0
CHGNet,4699,611.0
CHGNet,4700,611.0
CHGNet,4701,611.0
CHGNet,4702,611.0
CHGNet,4703,611.0
CHGNet,4704,612.0
CHGNet,4705,612.0
CHGNet,4706,612.0
CHGNet,4707,612.0
CHGNet,4708,612.0
CHGNet,4709,612.0
CHGNet,4710,612.0
CHGNet,4711,612.0
CHGNet,4712,613.0
CHGNet,4713,613.0
CHGNet,4714,613.0
CHGNet,4715,613.0
CHGNet,4716,614.0
CHGNet,4717,614.0
CHGNet,4718,614.0
CHGNet,4719,614.0
CHGNet,4720,614.0
CHGNet,4721,614.0
CHGNet,4722,615.0
CHGNet,4723,615.0
CHGNet,4724,615.0
CHGNet,4725,615.0
CHGNet,4726,616.0
CHGNet,4727,616.0
CHGNet,4728,616.0
CHGNet,4729,617.0
CHGNet,4730,617.0
CHGNet,4731,617.0
CHGNet,4732,618.0
CHGNet,4733,618.0
CHGNet,4734,619.0
CHGNet,4735,619.0
CHGNet,4736,619.0
CHGNet,4737,619.0
CHGNet,4738,619.0
CHGNet,4739,619.0
CHGNet,4740,619.0
CHGNet,4741,619.0
CHGNet,4742,619.0
CHGNet,4743,619.0
CHGNet,4744,619.0
CHGNet,4745,619.0
CHGNet,4746,619.0
CHGNet,4747,619.0
CHGNet,4748,619.0
CHGNet,4749,619.0
CHGNet,4750,619.0
CHGNet,4751,619.0
CHGNet,4752,619.0
CHGNet,4753,619.0
CHGNet,4754,620.0
CHGNet,4755,620.0
CHGNet,4756,621.0
CHGNet,4757,621.0
CHGNet,4758,621.0
CHGNet,4759,621.0
CHGNet,4760,621.0
CHGNet,4761,621.0
CHGNet,4762,622.0
CHGNet,4763,623.0
CHGNet,4764,623.0
CHGNet,4765,623.0
CHGNet,4766,623.0
CHGNet,4767,623.0
CHGNet,4768,623.0
CHGNet,4769,623.0
CHGNet,4770,623.0
CHGNet,4771,623.0
CHGNet,4772,623.0
CHGNet,4773,623.0
CHGNet,4774,623.0
CHGNet,4775,622.0
CHGNet,4776,622.0
CHGNet,4777,622.0
CHGNet,4778,623.0
CHGNet,4779,623.0
CHGNet,4780,623.0
CHGNet,4781,623.0
CHGNet,4782,623.0
CHGNet,4783,623.0
CHGNet,4784,624.0
CHGNet,4785,624.0
CHGNet,4786,625.0
CHGNet,4787,625.0
CHGNet,4788,625.0
CHGNet,4789,625.0
CHGNet,4790,625.0
CHGNet,4791,625.0
CHGNet,4792,625.0
CHGNet,4793,625.0
CHGNet,4794,625.0
CHGNet,4795,624.0
CHGNet,4796,624.0
CHGNet,4797,624.0
CHGNet,4798,624.0
CHGNet,4799,624.0
CHGNet,4800,624.0
CHGNet,4801,624.0
CHGNet,4802,623.0
CHGNet,4803,623.0
CHGNet,4804,624.0
CHGNet,4805,624.0
CHGNet,4806,624.0
CHGNet,4807,625.0
CHGNet,4808,625.0
CHGNet,4809,626.0
CHGNet,4810,626.0
CHGNet,4811,627.0
CHGNet,4812,627.0
CHGNet,4813,627.0
CHGNet,4814,628.0
CHGNet,4815,628.0
CHGNet,4816,628.0
CHGNet,4817,628.0
CHGNet,4818,628.0
CHGNet,4819,628.0
CHGNet,4820,628.0
CHGNet,4821,628.0
CHGNet,4822,628.0
CHGNet,4823,628.0
CHGNet,4824,628.0
CHGNet,4825,628.0
CHGNet,4826,628.0
CHGNet,4827,628.0
CHGNet,4828,628.0
CHGNet,4829,629.0
CHGNet,4830,629.0
CHGNet,4831,630.0
CHGNet,4832,630.0
CHGNet,4833,631.0
CHGNet,4834,632.0
CHGNet,4835,632.0
CHGNet,4836,632.0
CHGNet,4837,632.0
CHGNet,4838,632.0
CHGNet,4839,632.0
CHGNet,4840,632.0
CHGNet,4841,632.0
CHGNet,4842,632.0
CHGNet,4843,633.0
CHGNet,4844,633.0
CHGNet,4845,633.0
CHGNet,4846,633.0
CHGNet,4847,632.0
CHGNet,4848,633.0
CHGNet,4849,633.0
CHGNet,4850,633.0
CHGNet,4851,633.0
CHGNet,4852,633.0
CHGNet,4853,634.0
CHGNet,4854,634.0
CHGNet,4855,634.0
CHGNet,4856,634.0
CHGNet,4857,633.0
CHGNet,4858,633.0
CHGNet,4859,633.0
CHGNet,4860,633.0
CHGNet,4861,633.0
CHGNet,4862,634.0
CHGNet,4863,634.0
CHGNet,4864,634.0
CHGNet,4865,634.0
CHGNet,4866,635.0
CHGNet,4867,635.0
CHGNet,4868,634.0
CHGNet,4869,634.0
CHGNet,4870,635.0
CHGNet,4871,635.0
CHGNet,4872,636.0
CHGNet,4873,636.0
CHGNet,4874,636.0
CHGNet,4875,636.0
CHGNet,4876,636.0
CHGNet,4877,637.0
CHGNet,4878,637.0
CHGNet,4879,636.0
CHGNet,4880,636.0
CHGNet,4881,637.0
CHGNet,4882,637.0
CHGNet,4883,637.0
CHGNet,4884,638.0
CHGNet,4885,638.0
CHGNet,4886,638.0
CHGNet,4887,638.0
CHGNet,4888,638.0
CHGNet,4889,638.0
CHGNet,4890,639.0
CHGNet,4891,639.0
CHGNet,4892,639.0
CHGNet,4893,639.0
CHGNet,4894,639.0
CHGNet,4895,638.0
CHGNet,4896,639.0
CHGNet,4897,640.0
CHGNet,4898,640.0
CHGNet,4899,640.0
CHGNet,4900,641.0
CHGNet,4901,641.0
CHGNet,4902,641.0
CHGNet,4903,641.0
CHGNet,4904,641.0
CHGNet,4905,641.0
CHGNet,4906,641.0
CHGNet,4907,641.0
CHGNet,4908,641.0
CHGNet,4909,641.0
CHGNet,4910,641.0
CHGNet,4911,641.0
CHGNet,4912,641.0
CHGNet,4913,641.0
CHGNet,4914,642.0
CHGNet,4915,642.0
CHGNet,4916,642.0
CHGNet,4917,642.0
CHGNet,4918,642.0
CHGNet,4919,642.0
CHGNet,4920,642.0
CHGNet,4921,642.0
CHGNet,4922,643.0
CHGNet,4923,643.0
CHGNet,4924,643.0
CHGNet,4925,643.0
CHGNet,4926,643.0
CHGNet,4927,643.0
CHGNet,4928,643.0
CHGNet,4929,643.0
CHGNet,4930,643.0
CHGNet,4931,644.0
CHGNet,4932,644.0
CHGNet,4933,644.0
CHGNet,4934,644.0
CHGNet,4935,644.0
CHGNet,4936,644.0
CHGNet,4937,644.0
CHGNet,4938,644.0
CHGNet,4939,644.0
CHGNet,4940,644.0
CHGNet,4941,644.0
CHGNet,4942,644.0
CHGNet,4943,644.0
CHGNet,4944,644.0
CHGNet,4945,645.0
CHGNet,4946,645.0
CHGNet,4947,645.0
CHGNet,4948,646.0
CHGNet,4949,645.0
CHGNet,4950,645.0
CHGNet,4951,645.0
CHGNet,4952,645.0
CHGNet,4953,645.0
CHGNet,4954,644.0
CHGNet,4955,644.0
CHGNet,4956,644.0
CHGNet,4957,644.0
CHGNet,4958,644.0
CHGNet,4959,644.0
CHGNet,4960,644.0
CHGNet,4961,644.0
CHGNet,4962,644.0
CHGNet,4963,644.0
CHGNet,4964,645.0
CHGNet,4965,645.0
CHGNet,4966,645.0
CHGNet,4967,645.0
CHGNet,4968,645.0
CHGNet,4969,645.0
CHGNet,4970,645.0
CHGNet,4971,645.0
CHGNet,4972,645.0
CHGNet,4973,646.0
CHGNet,4974,647.0
CHGNet,4975,647.0
CHGNet,4976,647.0
CHGNet,4977,647.0
CHGNet,4978,647.0
CHGNet,4979,647.0
CHGNet,4980,647.0
CHGNet,4981,648.0
CHGNet,4982,649.0
CHGNet,4983,649.0
CHGNet,4984,649.0
CHGNet,4985,649.0
CHGNet,4986,649.0
CHGNet,4987,650.0
CHGNet,4988,650.0
CHGNet,4989,650.0
CHGNet,4990,650.0
CHGNet,4991,650.0
CHGNet,4992,650.0
CHGNet,4993,650.0
CHGNet,4994,650.0
CHGNet,4995,651.0
CHGNet,4996,651.0
CHGNet,4997,651.0
CHGNet,4998,652.0
CHGNet,4999,652.0
CHGNet,5000,652.0
M3GNet,1,0.0
M3GNet,2,0.0
M3GNet,3,0.0
M3GNet,4,0.0
M3GNet,5,0.0
M3GNet,6,0.0
M3GNet,7,0.0
M3GNet,8,1.0
M3GNet,9,1.0
M3GNet,10,1.0
M3GNet,11,1.0
M3GNet,12,1.0
M3GNet,13,2.0
M3GNet,14,2.0
M3GNet,15,2.0
M3GNet,16,2.0
M3GNet,17,2.0
M3GNet,18,2.0
M3GNet,19,3.0
M3GNet,20,3.0
M3GNet,21,3.0
M3GNet,22,3.0
M3GNet,23,3.0
M3GNet,24,3.0
M3GNet,25,2.0
M3GNet,26,2.0
M3GNet,27,2.0
M3GNet,28,2.0
M3GNet,29,2.0
M3GNet,30,2.0
M3GNet,31,2.0
M3GNet,32,2.0
M3GNet,33,2.0
M3GNet,34,2.0
M3GNet,35,2.0
M3GNet,36,3.0
M3GNet,37,2.0
M3GNet,38,2.0
M3GNet,39,1.0
M3GNet,40,1.0
M3GNet,41,1.0
M3GNet,42,2.0
M3GNet,43,3.0
M3GNet,44,3.0
M3GNet,45,3.0
M3GNet,46,3.0
M3GNet,47,3.0
M3GNet,48,4.0
M3GNet,49,5.0
M3GNet,50,5.0
M3GNet,51,5.0
M3GNet,52,5.0
M3GNet,53,6.0
M3GNet,54,6.0
M3GNet,55,7.0
M3GNet,56,8.0
M3GNet,57,8.0
M3GNet,58,7.0
M3GNet,59,6.0
M3GNet,60,6.0
M3GNet,61,6.0
M3GNet,62,6.0
M3GNet,63,6.0
M3GNet,64,6.0
M3GNet,65,7.0
M3GNet,66,7.0
M3GNet,67,7.0
M3GNet,68,8.0
M3GNet,69,8.0
M3GNet,70,7.0
M3GNet,71,8.0
M3GNet,72,8.0
M3GNet,73,9.0
M3GNet,74,9.0
M3GNet,75,9.0
M3GNet,76,9.0
M3GNet,77,10.0
M3GNet,78,11.0
M3GNet,79,11.0
M3GNet,80,12.0
M3GNet,81,12.0
M3GNet,82,12.0
M3GNet,83,12.0
M3GNet,84,13.0
M3GNet,85,14.0
M3GNet,86,15.0
M3GNet,87,16.0
M3GNet,88,17.0
M3GNet,89,17.0
M3GNet,90,18.0
M3GNet,91,18.0
M3GNet,92,18.0
M3GNet,93,18.0
M3GNet,94,17.0
M3GNet,95,17.0
M3GNet,96,17.0
M3GNet,97,17.0
M3GNet,98,17.0
M3GNet,99,18.0
M3GNet,100,18.0
M3GNet,101,18.0
M3GNet,102,19.0
M3GNet,103,19.0
M3GNet,104,19.0
M3GNet,105,20.0
M3GNet,106,20.0
M3GNet,107,21.0
M3GNet,108,21.0
M3GNet,109,21.0
M3GNet,110,21.0
M3GNet,111,22.0
M3GNet,112,22.0
M3GNet,113,22.0
M3GNet,114,22.0
M3GNet,115,22.0
M3GNet,116,22.0
M3GNet,117,22.0
M3GNet,118,23.0
M3GNet,119,24.0
M3GNet,120,24.0
M3GNet,121,24.0
M3GNet,122,24.0
M3GNet,123,24.0
M3GNet,124,24.0
M3GNet,125,24.0
M3GNet,126,24.0
M3GNet,127,24.0
M3GNet,128,24.0
M3GNet,129,25.0
M3GNet,130,26.0
M3GNet,131,26.0
M3GNet,132,26.0
M3GNet,133,26.0
M3GNet,134,26.0
M3GNet,135,26.0
M3GNet,136,26.0
M3GNet,137,27.0
M3GNet,138,27.0
M3GNet,139,27.0
M3GNet,140,27.0
M3GNet,141,27.0
M3GNet,142,27.0
M3GNet,143,27.0
M3GNet,144,27.0
M3GNet,145,27.0
M3GNet,146,27.0
M3GNet,147,28.0
M3GNet,148,28.0
M3GNet,149,29.0
M3GNet,150,29.0
M3GNet,151,29.0
M3GNet,152,30.0
M3GNet,153,30.0
M3GNet,154,30.0
M3GNet,155,30.0
M3GNet,156,31.0
M3GNet,157,31.0
M3GNet,158,31.0
M3GNet,159,31.0
M3GNet,160,31.0
M3GNet,161,32.0
M3GNet,162,33.0
M3GNet,163,34.0
M3GNet,164,34.0
M3GNet,165,34.0
M3GNet,166,34.0
M3GNet,167,35.0
M3GNet,168,35.0
M3GNet,169,35.0
M3GNet,170,35.0
M3GNet,171,35.0
M3GNet,172,35.0
M3GNet,173,35.0
M3GNet,174,35.0
M3GNet,175,35.0
M3GNet,176,35.0
M3GNet,177,35.0
M3GNet,178,35.0
M3GNet,179,35.0
M3GNet,180,35.0
M3GNet,181,35.0
M3GNet,182,35.0
M3GNet,183,35.0
M3GNet,184,34.0
M3GNet,185,34.0
M3GNet,186,34.0
M3GNet,187,33.0
M3GNet,188,33.0
M3GNet,189,33.0
M3GNet,190,33.0
M3GNet,191,33.0
M3GNet,192,33.0
M3GNet,193,33.0
M3GNet,194,33.0
M3GNet,195,34.0
M3GNet,196,35.0
M3GNet,197,35.0
M3GNet,198,35.0
M3GNet,199,35.0
M3GNet,200,35.0
M3GNet,201,36.0
M3GNet,202,36.0
M3GNet,203,36.0
M3GNet,204,36.0
M3GNet,205,36.0
M3GNet,206,36.0
M3GNet,207,36.0
M3GNet,208,36.0
M3GNet,209,36.0
M3GNet,210,36.0
M3GNet,211,36.0
M3GNet,212,36.0
M3GNet,213,36.0
M3GNet,214,36.0
M3GNet,215,36.0
M3GNet,216,36.0
M3GNet,217,36.0
M3GNet,218,36.0
M3GNet,219,36.0
M3GNet,220,36.0
M3GNet,221,36.0
M3GNet,222,36.0
M3GNet,223,35.0
M3GNet,224,35.0
M3GNet,225,35.0
M3GNet,226,35.0
M3GNet,227,34.0
M3GNet,228,34.0
M3GNet,229,34.0
M3GNet,230,34.0
M3GNet,231,35.0
M3GNet,232,35.0
M3GNet,233,35.0
M3GNet,234,34.0
M3GNet,235,34.0
M3GNet,236,35.0
M3GNet,237,35.0
M3GNet,238,35.0
M3GNet,239,35.0
M3GNet,240,36.0
M3GNet,241,36.0
M3GNet,242,36.0
M3GNet,243,36.0
M3GNet,244,36.0
M3GNet,245,37.0
M3GNet,246,37.0
M3GNet,247,37.0
M3GNet,248,37.0
M3GNet,249,37.0
M3GNet,250,37.0
M3GNet,251,37.0
M3GNet,252,36.0
M3GNet,253,37.0
M3GNet,254,37.0
M3GNet,255,37.0
M3GNet,256,36.0
M3GNet,257,36.0
M3GNet,258,36.0
M3GNet,259,37.0
M3GNet,260,37.0
M3GNet,261,37.0
M3GNet,262,37.0
M3GNet,263,38.0
M3GNet,264,39.0
M3GNet,265,39.0
M3GNet,266,40.0
M3GNet,267,40.0
M3GNet,268,40.0
M3GNet,269,40.0
M3GNet,270,40.0
M3GNet,271,41.0
M3GNet,272,41.0
M3GNet,273,42.0
M3GNet,274,42.0
M3GNet,275,43.0
M3GNet,276,44.0
M3GNet,277,44.0
M3GNet,278,44.0
M3GNet,279,44.0
M3GNet,280,44.0
M3GNet,281,45.0
M3GNet,282,45.0
M3GNet,283,46.0
M3GNet,284,47.0
M3GNet,285,47.0
M3GNet,286,47.0
M3GNet,287,47.0
M3GNet,288,48.0
M3GNet,289,48.0
M3GNet,290,48.0
M3GNet,291,49.0
M3GNet,292,49.0
M3GNet,293,49.0
M3GNet,294,49.0
M3GNet,295,49.0
M3GNet,296,49.0
M3GNet,297,49.0
M3GNet,298,49.0
M3GNet,299,50.0
M3GNet,300,50.0
M3GNet,301,50.0
M3GNet,302,50.0
M3GNet,303,51.0
M3GNet,304,52.0
M3GNet,305,52.0
M3GNet,306,51.0
M3GNet,307,51.0
M3GNet,308,51.0
M3GNet,309,51.0
M3GNet,310,50.0
M3GNet,311,50.0
M3GNet,312,50.0
M3GNet,313,51.0
M3GNet,314,52.0
M3GNet,315,52.0
M3GNet,316,53.0
M3GNet,317,53.0
M3GNet,318,53.0
M3GNet,319,53.0
M3GNet,320,53.0
M3GNet,321,53.0
M3GNet,322,53.0
M3GNet,323,53.0
M3GNet,324,54.0
M3GNet,325,54.0
M3GNet,326,54.0
M3GNet,327,54.0
M3GNet,328,54.0
M3GNet,329,54.0
M3GNet,330,54.0
M3GNet,331,54.0
M3GNet,332,54.0
M3GNet,333,54.0
M3GNet,334,54.0
M3GNet,335,54.0
M3GNet,336,54.0
M3GNet,337,55.0
M3GNet,338,55.0
M3GNet,339,55.0
M3GNet,340,56.0
M3GNet,341,56.0
M3GNet,342,56.0
M3GNet,343,56.0
M3GNet,344,56.0
M3GNet,345,56.0
M3GNet,346,57.0
M3GNet,347,57.0
M3GNet,348,57.0
M3GNet,349,58.0
M3GNet,350,58.0
M3GNet,351,58.0
M3GNet,352,58.0
M3GNet,353,58.0
M3GNet,354,58.0
M3GNet,355,58.0
M3GNet,356,58.0
M3GNet,357,58.0
M3GNet,358,58.0
M3GNet,359,59.0
M3GNet,360,59.0
M3GNet,361,59.0
M3GNet,362,60.0
M3GNet,363,60.0
M3GNet,364,60.0
M3GNet,365,60.0
M3GNet,366,60.0
M3GNet,367,60.0
M3GNet,368,60.0
M3GNet,369,60.0
M3GNet,370,60.0
M3GNet,371,60.0
M3GNet,372,60.0
M3GNet,373,60.0
M3GNet,374,60.0
M3GNet,375,60.0
M3GNet,376,61.0
M3GNet,377,62.0
M3GNet,378,62.0
M3GNet,379,62.0
M3GNet,380,63.0
M3GNet,381,63.0
M3GNet,382,63.0
M3GNet,383,63.0
M3GNet,384,63.0
M3GNet,385,63.0
M3GNet,386,63.0
M3GNet,387,63.0
M3GNet,388,63.0
M3GNet,389,63.0
M3GNet,390,63.0
M3GNet,391,63.0
M3GNet,392,64.0
M3GNet,393,64.0
M3GNet,394,63.0
M3GNet,395,63.0
M3GNet,396,63.0
M3GNet,397,63.0
M3GNet,398,63.0
M3GNet,399,64.0
M3GNet,400,64.0
M3GNet,401,64.0
M3GNet,402,63.0
M3GNet,403,63.0
M3GNet,404,63.0
M3GNet,405,64.0
M3GNet,406,64.0
M3GNet,407,65.0
M3GNet,408,65.0
M3GNet,409,65.0
M3GNet,410,65.0
M3GNet,411,65.0
M3GNet,412,65.0
M3GNet,413,65.0
M3GNet,414,65.0
M3GNet,415,65.0
M3GNet,416,66.0
M3GNet,417,66.0
M3GNet,418,66.0
M3GNet,419,66.0
M3GNet,420,66.0
M3GNet,421,66.0
M3GNet,422,66.0
M3GNet,423,66.0
M3GNet,424,66.0
M3GNet,425,66.0
M3GNet,426,66.0
M3GNet,427,66.0
M3GNet,428,66.0
M3GNet,429,66.0
M3GNet,430,67.0
M3GNet,431,67.0
M3GNet,432,67.0
M3GNet,433,67.0
M3GNet,434,66.0
M3GNet,435,65.0
M3GNet,436,64.0
M3GNet,437,64.0
M3GNet,438,65.0
M3GNet,439,64.0
M3GNet,440,63.0
M3GNet,441,63.0
M3GNet,442,63.0
M3GNet,443,63.0
M3GNet,444,63.0
M3GNet,445,63.0
M3GNet,446,64.0
M3GNet,447,64.0
M3GNet,448,64.0
M3GNet,449,64.0
M3GNet,450,64.0
M3GNet,451,64.0
M3GNet,452,64.0
M3GNet,453,64.0
M3GNet,454,64.0
M3GNet,455,64.0
M3GNet,456,64.0
M3GNet,457,64.0
M3GNet,458,65.0
M3GNet,459,65.0
M3GNet,460,66.0
M3GNet,461,66.0
M3GNet,462,66.0
M3GNet,463,66.0
M3GNet,464,66.0
M3GNet,465,66.0
M3GNet,466,66.0
M3GNet,467,66.0
M3GNet,468,66.0
M3GNet,469,66.0
M3GNet,470,66.0
M3GNet,471,66.0
M3GNet,472,66.0
M3GNet,473,66.0
M3GNet,474,66.0
M3GNet,475,66.0
M3GNet,476,66.0
M3GNet,477,67.0
M3GNet,478,67.0
M3GNet,479,67.0
M3GNet,480,67.0
M3GNet,481,67.0
M3GNet,482,68.0
M3GNet,483,68.0
M3GNet,484,68.0
M3GNet,485,69.0
M3GNet,486,69.0
M3GNet,487,69.0
M3GNet,488,69.0
M3GNet,489,69.0
M3GNet,490,70.0
M3GNet,491,70.0
M3GNet,492,70.0
M3GNet,493,70.0
M3GNet,494,70.0
M3GNet,495,71.0
M3GNet,496,71.0
M3GNet,497,72.0
M3GNet,498,72.0
M3GNet,499,72.0
M3GNet,500,72.0
M3GNet,501,72.0
M3GNet,502,73.0
M3GNet,503,73.0
M3GNet,504,73.0
M3GNet,505,73.0
M3GNet,506,73.0
M3GNet,507,73.0
M3GNet,508,73.0
M3GNet,509,73.0
M3GNet,510,74.0
M3GNet,511,74.0
M3GNet,512,74.0
M3GNet,513,74.0
M3GNet,514,74.0
M3GNet,515,74.0
M3GNet,516,74.0
M3GNet,517,74.0
M3GNet,518,74.0
M3GNet,519,74.0
M3GNet,520,75.0
M3GNet,521,75.0
M3GNet,522,75.0
M3GNet,523,76.0
M3GNet,524,76.0
M3GNet,525,76.0
M3GNet,526,76.0
M3GNet,527,76.0
M3GNet,528,76.0
M3GNet,529,76.0
M3GNet,530,76.0
M3GNet,531,76.0
M3GNet,532,76.0
M3GNet,533,76.0
M3GNet,534,76.0
M3GNet,535,76.0
M3GNet,536,76.0
M3GNet,537,77.0
M3GNet,538,77.0
M3GNet,539,76.0
M3GNet,540,77.0
M3GNet,541,77.0
M3GNet,542,77.0
M3GNet,543,78.0
M3GNet,544,78.0
M3GNet,545,78.0
M3GNet,546,79.0
M3GNet,547,79.0
M3GNet,548,79.0
M3GNet,549,80.0
M3GNet,550,81.0
M3GNet,551,81.0
M3GNet,552,82.0
M3GNet,553,82.0
M3GNet,554,82.0
M3GNet,555,82.0
M3GNet,556,82.0
M3GNet,557,82.0
M3GNet,558,82.0
M3GNet,559,83.0
M3GNet,560,84.0
M3GNet,561,84.0
M3GNet,562,84.0
M3GNet,563,85.0
M3GNet,564,86.0
M3GNet,565,87.0
M3GNet,566,87.0
M3GNet,567,88.0
M3GNet,568,88.0
M3GNet,569,88.0
M3GNet,570,88.0
M3GNet,571,88.0
M3GNet,572,88.0
M3GNet,573,88.0
M3GNet,574,88.0
M3GNet,575,88.0
M3GNet,576,89.0
M3GNet,577,88.0
M3GNet,578,88.0
M3GNet,579,89.0
M3GNet,580,89.0
M3GNet,581,89.0
M3GNet,582,89.0
M3GNet,583,90.0
M3GNet,584,90.0
M3GNet,585,90.0
M3GNet,586,90.0
M3GNet,587,91.0
M3GNet,588,91.0
M3GNet,589,91.0
M3GNet,590,91.0
M3GNet,591,91.0
M3GNet,592,91.0
M3GNet,593,91.0
M3GNet,594,91.0
M3GNet,595,91.0
M3GNet,596,91.0
M3GNet,597,91.0
M3GNet,598,91.0
M3GNet,599,91.0
M3GNet,600,91.0
M3GNet,601,91.0
M3GNet,602,91.0
M3GNet,603,91.0
M3GNet,604,91.0
M3GNet,605,91.0
M3GNet,606,91.0
M3GNet,607,91.0
M3GNet,608,92.0
M3GNet,609,92.0
M3GNet,610,92.0
M3GNet,611,92.0
M3GNet,612,91.0
M3GNet,613,91.0
M3GNet,614,92.0
M3GNet,615,92.0
M3GNet,616,92.0
M3GNet,617,93.0
M3GNet,618,93.0
M3GNet,619,93.0
M3GNet,620,93.0
M3GNet,621,93.0
M3GNet,622,93.0
M3GNet,623,93.0
M3GNet,624,93.0
M3GNet,625,94.0
M3GNet,626,94.0
M3GNet,627,94.0
M3GNet,628,93.0
M3GNet,629,93.0
M3GNet,630,92.0
M3GNet,631,92.0
M3GNet,632,93.0
M3GNet,633,94.0
M3GNet,634,94.0
M3GNet,635,95.0
M3GNet,636,95.0
M3GNet,637,95.0
M3GNet,638,95.0
M3GNet,639,95.0
M3GNet,640,95.0
M3GNet,641,94.0
M3GNet,642,94.0
M3GNet,643,94.0
M3GNet,644,95.0
M3GNet,645,95.0
M3GNet,646,95.0
M3GNet,647,95.0
M3GNet,648,95.0
M3GNet,649,95.0
M3GNet,650,96.0
M3GNet,651,96.0
M3GNet,652,96.0
M3GNet,653,96.0
M3GNet,654,96.0
M3GNet,655,96.0
M3GNet,656,96.0
M3GNet,657,96.0
M3GNet,658,96.0
M3GNet,659,96.0
M3GNet,660,97.0
M3GNet,661,97.0
M3GNet,662,97.0
M3GNet,663,97.0
M3GNet,664,98.0
M3GNet,665,98.0
M3GNet,666,98.0
M3GNet,667,98.0
M3GNet,668,98.0
M3GNet,669,98.0
M3GNet,670,98.0
M3GNet,671,98.0
M3GNet,672,98.0
M3GNet,673,98.0
M3GNet,674,98.0
M3GNet,675,98.0
M3GNet,676,98.0
M3GNet,677,99.0
M3GNet,678,99.0
M3GNet,679,99.0
M3GNet,680,99.0
M3GNet,681,100.0
M3GNet,682,100.0
M3GNet,683,100.0
M3GNet,684,101.0
M3GNet,685,101.0
M3GNet,686,102.0
M3GNet,687,102.0
M3GNet,688,102.0
M3GNet,689,102.0
M3GNet,690,102.0
M3GNet,691,103.0
M3GNet,692,103.0
M3GNet,693,104.0
M3GNet,694,105.0
M3GNet,695,105.0
M3GNet,696,105.0
M3GNet,697,106.0
M3GNet,698,106.0
M3GNet,699,106.0
M3GNet,700,105.0
M3GNet,701,105.0
M3GNet,702,105.0
M3GNet,703,105.0
M3GNet,704,105.0
M3GNet,705,105.0
M3GNet,706,104.0
M3GNet,707,104.0
M3GNet,708,104.0
M3GNet,709,104.0
M3GNet,710,104.0
M3GNet,711,104.0
M3GNet,712,105.0
M3GNet,713,105.0
M3GNet,714,105.0
M3GNet,715,105.0
M3GNet,716,105.0
M3GNet,717,105.0
M3GNet,718,105.0
M3GNet,719,105.0
M3GNet,720,105.0
M3GNet,721,106.0
M3GNet,722,106.0
M3GNet,723,106.0
M3GNet,724,106.0
M3GNet,725,106.0
M3GNet,726,106.0
M3GNet,727,106.0
M3GNet,728,105.0
M3GNet,729,104.0
M3GNet,730,105.0
M3GNet,731,105.0
M3GNet,732,105.0
M3GNet,733,106.0
M3GNet,734,106.0
M3GNet,735,106.0
M3GNet,736,106.0
M3GNet,737,106.0
M3GNet,738,106.0
M3GNet,739,106.0
M3GNet,740,106.0
M3GNet,741,106.0
M3GNet,742,106.0
M3GNet,743,106.0
M3GNet,744,107.0
M3GNet,745,107.0
M3GNet,746,107.0
M3GNet,747,107.0
M3GNet,748,108.0
M3GNet,749,108.0
M3GNet,750,108.0
M3GNet,751,109.0
M3GNet,752,109.0
M3GNet,753,109.0
M3GNet,754,109.0
M3GNet,755,109.0
M3GNet,756,109.0
M3GNet,757,109.0
M3GNet,758,108.0
M3GNet,759,108.0
M3GNet,760,108.0
M3GNet,761,109.0
M3GNet,762,109.0
M3GNet,763,110.0
M3GNet,764,110.0
M3GNet,765,111.0
M3GNet,766,112.0
M3GNet,767,112.0
M3GNet,768,113.0
M3GNet,769,113.0
M3GNet,770,113.0
M3GNet,771,113.0
M3GNet,772,113.0
M3GNet,773,113.0
M3GNet,774,113.0
M3GNet,775,112.0
M3GNet,776,113.0
M3GNet,777,113.0
M3GNet,778,114.0
M3GNet,779,114.0
M3GNet,780,114.0
M3GNet,781,114.0
M3GNet,782,114.0
M3GNet,783,114.0
M3GNet,784,114.0
M3GNet,785,114.0
M3GNet,786,114.0
M3GNet,787,114.0
M3GNet,788,114.0
M3GNet,789,114.0
M3GNet,790,114.0
M3GNet,791,114.0
M3GNet,792,114.0
M3GNet,793,114.0
M3GNet,794,114.0
M3GNet,795,114.0
M3GNet,796,114.0
M3GNet,797,115.0
M3GNet,798,115.0
M3GNet,799,114.0
M3GNet,800,114.0
M3GNet,801,114.0
M3GNet,802,114.0
M3GNet,803,114.0
M3GNet,804,115.0
M3GNet,805,115.0
M3GNet,806,115.0
M3GNet,807,115.0
M3GNet,808,115.0
M3GNet,809,116.0
M3GNet,810,116.0
M3GNet,811,116.0
M3GNet,812,116.0
M3GNet,813,116.0
M3GNet,814,116.0
M3GNet,815,117.0
M3GNet,816,117.0
M3GNet,817,117.0
M3GNet,818,117.0
M3GNet,819,117.0
M3GNet,820,117.0
M3GNet,821,118.0
M3GNet,822,119.0
M3GNet,823,119.0
M3GNet,824,119.0
M3GNet,825,119.0
M3GNet,826,119.0
M3GNet,827,119.0
M3GNet,828,119.0
M3GNet,829,119.0
M3GNet,830,120.0
M3GNet,831,120.0
M3GNet,832,121.0
M3GNet,833,122.0
M3GNet,834,122.0
M3GNet,835,122.0
M3GNet,836,122.0
M3GNet,837,122.0
M3GNet,838,123.0
M3GNet,839,124.0
M3GNet,840,124.0
M3GNet,841,125.0
M3GNet,842,124.0
M3GNet,843,124.0
M3GNet,844,124.0
M3GNet,845,124.0
M3GNet,846,125.0
M3GNet,847,125.0
M3GNet,848,125.0
M3GNet,849,125.0
M3GNet,850,125.0
M3GNet,851,126.0
M3GNet,852,126.0
M3GNet,853,126.0
M3GNet,854,126.0
M3GNet,855,126.0
M3GNet,856,126.0
M3GNet,857,126.0
M3GNet,858,127.0
M3GNet,859,127.0
M3GNet,860,127.0
M3GNet,861,127.0
M3GNet,862,127.0
M3GNet,863,126.0
M3GNet,864,127.0
M3GNet,865,127.0
M3GNet,866,127.0
M3GNet,867,127.0
M3GNet,868,127.0
M3GNet,869,127.0
M3GNet,870,127.0
M3GNet,871,127.0
M3GNet,872,127.0
M3GNet,873,127.0
M3GNet,874,127.0
M3GNet,875,127.0
M3GNet,876,127.0
M3GNet,877,127.0
M3GNet,878,128.0
M3GNet,879,128.0
M3GNet,880,128.0
M3GNet,881,128.0
M3GNet,882,128.0
M3GNet,883,129.0
M3GNet,884,129.0
M3GNet,885,129.0
M3GNet,886,129.0
M3GNet,887,130.0
M3GNet,888,131.0
M3GNet,889,131.0
M3GNet,890,132.0
M3GNet,891,133.0
M3GNet,892,133.0
M3GNet,893,133.0
M3GNet,894,134.0
M3GNet,895,134.0
M3GNet,896,135.0
M3GNet,897,135.0
M3GNet,898,135.0
M3GNet,899,135.0
M3GNet,900,135.0
M3GNet,901,136.0
M3GNet,902,136.0
M3GNet,903,136.0
M3GNet,904,135.0
M3GNet,905,136.0
M3GNet,906,137.0
M3GNet,907,137.0
M3GNet,908,137.0
M3GNet,909,138.0
M3GNet,910,138.0
M3GNet,911,139.0
M3GNet,912,139.0
M3GNet,913,139.0
M3GNet,914,139.0
M3GNet,915,139.0
M3GNet,916,139.0
M3GNet,917,139.0
M3GNet,918,138.0
M3GNet,919,139.0
M3GNet,920,139.0
M3GNet,921,140.0
M3GNet,922,140.0
M3GNet,923,140.0
M3GNet,924,140.0
M3GNet,925,141.0
M3GNet,926,141.0
M3GNet,927,141.0
M3GNet,928,141.0
M3GNet,929,142.0
M3GNet,930,142.0
M3GNet,931,142.0
M3GNet,932,142.0
M3GNet,933,142.0
M3GNet,934,142.0
M3GNet,935,142.0
M3GNet,936,143.0
M3GNet,937,143.0
M3GNet,938,143.0
M3GNet,939,143.0
M3GNet,940,143.0
M3GNet,941,143.0
M3GNet,942,143.0
M3GNet,943,143.0
M3GNet,944,144.0
M3GNet,945,144.0
M3GNet,946,144.0
M3GNet,947,144.0
M3GNet,948,145.0
M3GNet,949,146.0
M3GNet,950,146.0
M3GNet,951,146.0
M3GNet,952,147.0
M3GNet,953,147.0
M3GNet,954,147.0
M3GNet,955,147.0
M3GNet,956,147.0
M3GNet,957,147.0
M3GNet,958,147.0
M3GNet,959,147.0
M3GNet,960,147.0
M3GNet,961,147.0
M3GNet,962,147.0
M3GNet,963,147.0
M3GNet,964,147.0
M3GNet,965,147.0
M3GNet,966,147.0
M3GNet,967,148.0
M3GNet,968,148.0
M3GNet,969,147.0
M3GNet,970,147.0
M3GNet,971,147.0
M3GNet,972,147.0
M3GNet,973,147.0
M3GNet,974,147.0
M3GNet,975,148.0
M3GNet,976,148.0
M3GNet,977,148.0
M3GNet,978,148.0
M3GNet,979,148.0
M3GNet,980,148.0
M3GNet,981,148.0
M3GNet,982,148.0
M3GNet,983,148.0
M3GNet,984,148.0
M3GNet,985,148.0
M3GNet,986,149.0
M3GNet,987,148.0
M3GNet,988,149.0
M3GNet,989,149.0
M3GNet,990,150.0
M3GNet,991,150.0
M3GNet,992,150.0
M3GNet,993,150.0
M3GNet,994,150.0
M3GNet,995,150.0
M3GNet,996,150.0
M3GNet,997,150.0
M3GNet,998,149.0
M3GNet,999,149.0
M3GNet,1000,149.0
M3GNet,1001,149.0
M3GNet,1002,149.0
M3GNet,1003,149.0
M3GNet,1004,149.0
M3GNet,1005,149.0
M3GNet,1006,149.0
M3GNet,1007,149.0
M3GNet,1008,149.0
M3GNet,1009,149.0
M3GNet,1010,149.0
M3GNet,1011,149.0
M3GNet,1012,149.0
M3GNet,1013,150.0
M3GNet,1014,150.0
M3GNet,1015,149.0
M3GNet,1016,150.0
M3GNet,1017,150.0
M3GNet,1018,150.0
M3GNet,1019,150.0
M3GNet,1020,150.0
M3GNet,1021,150.0
M3GNet,1022,150.0
M3GNet,1023,150.0
M3GNet,1024,150.0
M3GNet,1025,150.0
M3GNet,1026,151.0
M3GNet,1027,151.0
M3GNet,1028,151.0
M3GNet,1029,151.0
M3GNet,1030,151.0
M3GNet,1031,151.0
M3GNet,1032,151.0
M3GNet,1033,151.0
M3GNet,1034,151.0
M3GNet,1035,151.0
M3GNet,1036,151.0
M3GNet,1037,151.0
M3GNet,1038,152.0
M3GNet,1039,152.0
M3GNet,1040,152.0
M3GNet,1041,151.0
M3GNet,1042,151.0
M3GNet,1043,151.0
M3GNet,1044,151.0
M3GNet,1045,151.0
M3GNet,1046,151.0
M3GNet,1047,151.0
M3GNet,1048,152.0
M3GNet,1049,152.0
M3GNet,1050,151.0
M3GNet,1051,151.0
M3GNet,1052,152.0
M3GNet,1053,153.0
M3GNet,1054,153.0
M3GNet,1055,152.0
M3GNet,1056,153.0
M3GNet,1057,153.0
M3GNet,1058,153.0
M3GNet,1059,153.0
M3GNet,1060,153.0
M3GNet,1061,154.0
M3GNet,1062,154.0
M3GNet,1063,154.0
M3GNet,1064,154.0
M3GNet,1065,154.0
M3GNet,1066,154.0
M3GNet,1067,154.0
M3GNet,1068,154.0
M3GNet,1069,155.0
M3GNet,1070,155.0
M3GNet,1071,155.0
M3GNet,1072,155.0
M3GNet,1073,155.0
M3GNet,1074,155.0
M3GNet,1075,155.0
M3GNet,1076,155.0
M3GNet,1077,155.0
M3GNet,1078,155.0
M3GNet,1079,155.0
M3GNet,1080,156.0
M3GNet,1081,156.0
M3GNet,1082,156.0
M3GNet,1083,156.0
M3GNet,1084,157.0
M3GNet,1085,157.0
M3GNet,1086,157.0
M3GNet,1087,157.0
M3GNet,1088,158.0
M3GNet,1089,158.0
M3GNet,1090,158.0
M3GNet,1091,158.0
M3GNet,1092,158.0
M3GNet,1093,158.0
M3GNet,1094,158.0
M3GNet,1095,158.0
M3GNet,1096,158.0
M3GNet,1097,158.0
M3GNet,1098,159.0
M3GNet,1099,159.0
M3GNet,1100,159.0
M3GNet,1101,159.0
M3GNet,1102,159.0
M3GNet,1103,159.0
M3GNet,1104,159.0
M3GNet,1105,159.0
M3GNet,1106,159.0
M3GNet,1107,159.0
M3GNet,1108,159.0
M3GNet,1109,159.0
M3GNet,1110,159.0
M3GNet,1111,159.0
M3GNet,1112,160.0
M3GNet,1113,160.0
M3GNet,1114,161.0
M3GNet,1115,161.0
M3GNet,1116,161.0
M3GNet,1117,161.0
M3GNet,1118,161.0
M3GNet,1119,161.0
M3GNet,1120,162.0
M3GNet,1121,163.0
M3GNet,1122,164.0
M3GNet,1123,164.0
M3GNet,1124,164.0
M3GNet,1125,164.0
M3GNet,1126,165.0
M3GNet,1127,165.0
M3GNet,1128,165.0
M3GNet,1129,165.0
M3GNet,1130,165.0
M3GNet,1131,165.0
M3GNet,1132,165.0
M3GNet,1133,166.0
M3GNet,1134,166.0
M3GNet,1135,166.0
M3GNet,1136,165.0
M3GNet,1137,166.0
M3GNet,1138,167.0
M3GNet,1139,167.0
M3GNet,1140,167.0
M3GNet,1141,167.0
M3GNet,1142,167.0
M3GNet,1143,167.0
M3GNet,1144,167.0
M3GNet,1145,167.0
M3GNet,1146,168.0
M3GNet,1147,168.0
M3GNet,1148,168.0
M3GNet,1149,167.0
M3GNet,1150,167.0
M3GNet,1151,167.0
M3GNet,1152,167.0
M3GNet,1153,168.0
M3GNet,1154,169.0
M3GNet,1155,169.0
M3GNet,1156,169.0
M3GNet,1157,169.0
M3GNet,1158,169.0
M3GNet,1159,169.0
M3GNet,1160,169.0
M3GNet,1161,169.0
M3GNet,1162,170.0
M3GNet,1163,170.0
M3GNet,1164,170.0
M3GNet,1165,170.0
M3GNet,1166,170.0
M3GNet,1167,170.0
M3GNet,1168,170.0
M3GNet,1169,170.0
M3GNet,1170,171.0
M3GNet,1171,171.0
M3GNet,1172,171.0
M3GNet,1173,171.0
M3GNet,1174,171.0
M3GNet,1175,171.0
M3GNet,1176,171.0
M3GNet,1177,171.0
M3GNet,1178,171.0
M3GNet,1179,171.0
M3GNet,1180,172.0
M3GNet,1181,172.0
M3GNet,1182,172.0
M3GNet,1183,172.0
M3GNet,1184,172.0
M3GNet,1185,172.0
M3GNet,1186,172.0
M3GNet,1187,172.0
M3GNet,1188,172.0
M3GNet,1189,172.0
M3GNet,1190,172.0
M3GNet,1191,172.0
M3GNet,1192,172.0
M3GNet,1193,172.0
M3GNet,1194,172.0
M3GNet,1195,173.0
M3GNet,1196,174.0
M3GNet,1197,174.0
M3GNet,1198,174.0
M3GNet,1199,175.0
M3GNet,1200,175.0
M3GNet,1201,175.0
M3GNet,1202,175.0
M3GNet,1203,175.0
M3GNet,1204,176.0
M3GNet,1205,176.0
M3GNet,1206,176.0
M3GNet,1207,176.0
M3GNet,1208,176.0
M3GNet,1209,176.0
M3GNet,1210,177.0
M3GNet,1211,177.0
M3GNet,1212,177.0
M3GNet,1213,178.0
M3GNet,1214,177.0
M3GNet,1215,177.0
M3GNet,1216,178.0
M3GNet,1217,178.0
M3GNet,1218,178.0
M3GNet,1219,178.0
M3GNet,1220,179.0
M3GNet,1221,179.0
M3GNet,1222,179.0
M3GNet,1223,179.0
M3GNet,1224,180.0
M3GNet,1225,180.0
M3GNet,1226,180.0
M3GNet,1227,180.0
M3GNet,1228,180.0
M3GNet,1229,180.0
M3GNet,1230,180.0
M3GNet,1231,180.0
M3GNet,1232,180.0
M3GNet,1233,181.0
M3GNet,1234,181.0
M3GNet,1235,181.0
M3GNet,1236,182.0
M3GNet,1237,183.0
M3GNet,1238,183.0
M3GNet,1239,183.0
M3GNet,1240,183.0
M3GNet,1241,183.0
M3GNet,1242,184.0
M3GNet,1243,184.0
M3GNet,1244,184.0
M3GNet,1245,184.0
M3GNet,1246,185.0
M3GNet,1247,185.0
M3GNet,1248,185.0
M3GNet,1249,185.0
M3GNet,1250,185.0
M3GNet,1251,185.0
M3GNet,1252,185.0
M3GNet,1253,185.0
M3GNet,1254,185.0
M3GNet,1255,185.0
M3GNet,1256,185.0
M3GNet,1257,185.0
M3GNet,1258,185.0
M3GNet,1259,185.0
M3GNet,1260,186.0
M3GNet,1261,187.0
M3GNet,1262,187.0
M3GNet,1263,187.0
M3GNet,1264,188.0
M3GNet,1265,188.0
M3GNet,1266,188.0
M3GNet,1267,189.0
M3GNet,1268,189.0
M3GNet,1269,189.0
M3GNet,1270,189.0
M3GNet,1271,189.0
M3GNet,1272,189.0
M3GNet,1273,189.0
M3GNet,1274,189.0
M3GNet,1275,189.0
M3GNet,1276,190.0
M3GNet,1277,190.0
M3GNet,1278,190.0
M3GNet,1279,191.0
M3GNet,1280,192.0
M3GNet,1281,192.0
M3GNet,1282,192.0
M3GNet,1283,191.0
M3GNet,1284,191.0
M3GNet,1285,191.0
M3GNet,1286,191.0
M3GNet,1287,191.0
M3GNet,1288,191.0
M3GNet,1289,191.0
M3GNet,1290,191.0
M3GNet,1291,191.0
M3GNet,1292,191.0
M3GNet,1293,190.0
M3GNet,1294,190.0
M3GNet,1295,190.0
M3GNet,1296,190.0
M3GNet,1297,191.0
M3GNet,1298,191.0
M3GNet,1299,191.0
M3GNet,1300,191.0
M3GNet,1301,190.0
M3GNet,1302,191.0
M3GNet,1303,191.0
M3GNet,1304,191.0
M3GNet,1305,192.0
M3GNet,1306,192.0
M3GNet,1307,193.0
M3GNet,1308,192.0
M3GNet,1309,192.0
M3GNet,1310,192.0
M3GNet,1311,192.0
M3GNet,1312,192.0
M3GNet,1313,192.0
M3GNet,1314,192.0
M3GNet,1315,192.0
M3GNet,1316,192.0
M3GNet,1317,192.0
M3GNet,1318,192.0
M3GNet,1319,192.0
M3GNet,1320,193.0
M3GNet,1321,193.0
M3GNet,1322,193.0
M3GNet,1323,193.0
M3GNet,1324,193.0
M3GNet,1325,193.0
M3GNet,1326,193.0
M3GNet,1327,193.0
M3GNet,1328,193.0
M3GNet,1329,193.0
M3GNet,1330,194.0
M3GNet,1331,194.0
M3GNet,1332,194.0
M3GNet,1333,194.0
M3GNet,1334,194.0
M3GNet,1335,195.0
M3GNet,1336,195.0
M3GNet,1337,195.0
M3GNet,1338,195.0
M3GNet,1339,195.0
M3GNet,1340,196.0
M3GNet,1341,196.0
M3GNet,1342,196.0
M3GNet,1343,196.0
M3GNet,1344,196.0
M3GNet,1345,196.0
M3GNet,1346,197.0
M3GNet,1347,197.0
M3GNet,1348,197.0
M3GNet,1349,197.0
M3GNet,1350,197.0
M3GNet,1351,197.0
M3GNet,1352,197.0
M3GNet,1353,198.0
M3GNet,1354,198.0
M3GNet,1355,199.0
M3GNet,1356,199.0
M3GNet,1357,199.0
M3GNet,1358,199.0
M3GNet,1359,199.0
M3GNet,1360,199.0
M3GNet,1361,199.0
M3GNet,1362,199.0
M3GNet,1363,199.0
M3GNet,1364,199.0
M3GNet,1365,200.0
M3GNet,1366,200.0
M3GNet,1367,200.0
M3GNet,1368,200.0
M3GNet,1369,201.0
M3GNet,1370,201.0
M3GNet,1371,201.0
M3GNet,1372,201.0
M3GNet,1373,202.0
M3GNet,1374,202.0
M3GNet,1375,203.0
M3GNet,1376,203.0
M3GNet,1377,203.0
M3GNet,1378,204.0
M3GNet,1379,205.0
M3GNet,1380,205.0
M3GNet,1381,205.0
M3GNet,1382,205.0
M3GNet,1383,205.0
M3GNet,1384,205.0
M3GNet,1385,206.0
M3GNet,1386,206.0
M3GNet,1387,207.0
M3GNet,1388,208.0
M3GNet,1389,208.0
M3GNet,1390,208.0
M3GNet,1391,209.0
M3GNet,1392,209.0
M3GNet,1393,209.0
M3GNet,1394,209.0
M3GNet,1395,209.0
M3GNet,1396,209.0
M3GNet,1397,209.0
M3GNet,1398,209.0
M3GNet,1399,210.0
M3GNet,1400,210.0
M3GNet,1401,211.0
M3GNet,1402,211.0
M3GNet,1403,211.0
M3GNet,1404,211.0
M3GNet,1405,211.0
M3GNet,1406,211.0
M3GNet,1407,211.0
M3GNet,1408,211.0
M3GNet,1409,211.0
M3GNet,1410,212.0
M3GNet,1411,213.0
M3GNet,1412,213.0
M3GNet,1413,214.0
M3GNet,1414,214.0
M3GNet,1415,215.0
M3GNet,1416,215.0
M3GNet,1417,215.0
M3GNet,1418,215.0
M3GNet,1419,215.0
M3GNet,1420,215.0
M3GNet,1421,215.0
M3GNet,1422,215.0
M3GNet,1423,215.0
M3GNet,1424,214.0
M3GNet,1425,214.0
M3GNet,1426,214.0
M3GNet,1427,214.0
M3GNet,1428,214.0
M3GNet,1429,214.0
M3GNet,1430,214.0
M3GNet,1431,214.0
M3GNet,1432,214.0
M3GNet,1433,214.0
M3GNet,1434,214.0
M3GNet,1435,214.0
M3GNet,1436,214.0
M3GNet,1437,215.0
M3GNet,1438,215.0
M3GNet,1439,215.0
M3GNet,1440,215.0
M3GNet,1441,215.0
M3GNet,1442,215.0
M3GNet,1443,215.0
M3GNet,1444,215.0
M3GNet,1445,215.0
M3GNet,1446,215.0
M3GNet,1447,215.0
M3GNet,1448,216.0
M3GNet,1449,216.0
M3GNet,1450,216.0
M3GNet,1451,216.0
M3GNet,1452,216.0
M3GNet,1453,216.0
M3GNet,1454,216.0
M3GNet,1455,216.0
M3GNet,1456,216.0
M3GNet,1457,216.0
M3GNet,1458,216.0
M3GNet,1459,216.0
M3GNet,1460,216.0
M3GNet,1461,216.0
M3GNet,1462,216.0
M3GNet,1463,216.0
M3GNet,1464,216.0
M3GNet,1465,216.0
M3GNet,1466,216.0
M3GNet,1467,216.0
M3GNet,1468,217.0
M3GNet,1469,217.0
M3GNet,1470,217.0
M3GNet,1471,218.0
M3GNet,1472,219.0
M3GNet,1473,219.0
M3GNet,1474,219.0
M3GNet,1475,219.0
M3GNet,1476,219.0
M3GNet,1477,220.0
M3GNet,1478,220.0
M3GNet,1479,221.0
M3GNet,1480,221.0
M3GNet,1481,221.0
M3GNet,1482,221.0
M3GNet,1483,220.0
M3GNet,1484,219.0
M3GNet,1485,219.0
M3GNet,1486,219.0
M3GNet,1487,219.0
M3GNet,1488,219.0
M3GNet,1489,219.0
M3GNet,1490,219.0
M3GNet,1491,220.0
M3GNet,1492,220.0
M3GNet,1493,220.0
M3GNet,1494,220.0
M3GNet,1495,220.0
M3GNet,1496,220.0
M3GNet,1497,220.0
M3GNet,1498,220.0
M3GNet,1499,220.0
M3GNet,1500,220.0
M3GNet,1501,220.0
M3GNet,1502,221.0
M3GNet,1503,221.0
M3GNet,1504,221.0
M3GNet,1505,221.0
M3GNet,1506,221.0
M3GNet,1507,221.0
M3GNet,1508,221.0
M3GNet,1509,221.0
M3GNet,1510,221.0
M3GNet,1511,221.0
M3GNet,1512,221.0
M3GNet,1513,222.0
M3GNet,1514,222.0
M3GNet,1515,222.0
M3GNet,1516,221.0
M3GNet,1517,221.0
M3GNet,1518,222.0
M3GNet,1519,222.0
M3GNet,1520,222.0
M3GNet,1521,222.0
M3GNet,1522,222.0
M3GNet,1523,222.0
M3GNet,1524,223.0
M3GNet,1525,223.0
M3GNet,1526,223.0
M3GNet,1527,223.0
M3GNet,1528,222.0
M3GNet,1529,222.0
M3GNet,1530,223.0
M3GNet,1531,222.0
M3GNet,1532,222.0
M3GNet,1533,222.0
M3GNet,1534,222.0
M3GNet,1535,222.0
M3GNet,1536,222.0
M3GNet,1537,222.0
M3GNet,1538,222.0
M3GNet,1539,222.0
M3GNet,1540,222.0
M3GNet,1541,222.0
M3GNet,1542,222.0
M3GNet,1543,222.0
M3GNet,1544,222.0
M3GNet,1545,222.0
M3GNet,1546,223.0
M3GNet,1547,223.0
M3GNet,1548,223.0
M3GNet,1549,223.0
M3GNet,1550,223.0
M3GNet,1551,223.0
M3GNet,1552,223.0
M3GNet,1553,224.0
M3GNet,1554,224.0
M3GNet,1555,225.0
M3GNet,1556,225.0
M3GNet,1557,225.0
M3GNet,1558,225.0
M3GNet,1559,226.0
M3GNet,1560,226.0
M3GNet,1561,226.0
M3GNet,1562,226.0
M3GNet,1563,227.0
M3GNet,1564,227.0
M3GNet,1565,227.0
M3GNet,1566,227.0
M3GNet,1567,227.0
M3GNet,1568,227.0
M3GNet,1569,227.0
M3GNet,1570,227.0
M3GNet,1571,226.0
M3GNet,1572,227.0
M3GNet,1573,227.0
M3GNet,1574,227.0
M3GNet,1575,227.0
M3GNet,1576,227.0
M3GNet,1577,227.0
M3GNet,1578,228.0
M3GNet,1579,228.0
M3GNet,1580,228.0
M3GNet,1581,228.0
M3GNet,1582,228.0
M3GNet,1583,227.0
M3GNet,1584,227.0
M3GNet,1585,227.0
M3GNet,1586,227.0
M3GNet,1587,227.0
M3GNet,1588,227.0
M3GNet,1589,227.0
M3GNet,1590,227.0
M3GNet,1591,227.0
M3GNet,1592,228.0
M3GNet,1593,228.0
M3GNet,1594,228.0
M3GNet,1595,228.0
M3GNet,1596,228.0
M3GNet,1597,228.0
M3GNet,1598,228.0
M3GNet,1599,228.0
M3GNet,1600,228.0
M3GNet,1601,228.0
M3GNet,1602,228.0
M3GNet,1603,228.0
M3GNet,1604,229.0
M3GNet,1605,229.0
M3GNet,1606,229.0
M3GNet,1607,229.0
M3GNet,1608,229.0
M3GNet,1609,229.0
M3GNet,1610,229.0
M3GNet,1611,229.0
M3GNet,1612,229.0
M3GNet,1613,229.0
M3GNet,1614,229.0
M3GNet,1615,229.0
M3GNet,1616,229.0
M3GNet,1617,228.0
M3GNet,1618,228.0
M3GNet,1619,228.0
M3GNet,1620,229.0
M3GNet,1621,228.0
M3GNet,1622,228.0
M3GNet,1623,228.0
M3GNet,1624,228.0
M3GNet,1625,228.0
M3GNet,1626,228.0
M3GNet,1627,228.0
M3GNet,1628,228.0
M3GNet,1629,228.0
M3GNet,1630,228.0
M3GNet,1631,228.0
M3GNet,1632,228.0
M3GNet,1633,228.0
M3GNet,1634,229.0
M3GNet,1635,228.0
M3GNet,1636,228.0
M3GNet,1637,229.0
M3GNet,1638,230.0
M3GNet,1639,230.0
M3GNet,1640,230.0
M3GNet,1641,230.0
M3GNet,1642,230.0
M3GNet,1643,230.0
M3GNet,1644,230.0
M3GNet,1645,231.0
M3GNet,1646,231.0
M3GNet,1647,232.0
M3GNet,1648,231.0
M3GNet,1649,231.0
M3GNet,1650,231.0
M3GNet,1651,231.0
M3GNet,1652,231.0
M3GNet,1653,231.0
M3GNet,1654,231.0
M3GNet,1655,231.0
M3GNet,1656,231.0
M3GNet,1657,231.0
M3GNet,1658,231.0
M3GNet,1659,232.0
M3GNet,1660,232.0
M3GNet,1661,233.0
M3GNet,1662,233.0
M3GNet,1663,233.0
M3GNet,1664,233.0
M3GNet,1665,234.0
M3GNet,1666,234.0
M3GNet,1667,233.0
M3GNet,1668,233.0
M3GNet,1669,233.0
M3GNet,1670,233.0
M3GNet,1671,233.0
M3GNet,1672,233.0
M3GNet,1673,233.0
M3GNet,1674,233.0
M3GNet,1675,232.0
M3GNet,1676,232.0
M3GNet,1677,232.0
M3GNet,1678,232.0
M3GNet,1679,232.0
M3GNet,1680,232.0
M3GNet,1681,232.0
M3GNet,1682,232.0
M3GNet,1683,232.0
M3GNet,1684,232.0
M3GNet,1685,232.0
M3GNet,1686,232.0
M3GNet,1687,233.0
M3GNet,1688,232.0
M3GNet,1689,232.0
M3GNet,1690,232.0
M3GNet,1691,232.0
M3GNet,1692,232.0
M3GNet,1693,232.0
M3GNet,1694,232.0
M3GNet,1695,232.0
M3GNet,1696,232.0
M3GNet,1697,232.0
M3GNet,1698,232.0
M3GNet,1699,233.0
M3GNet,1700,233.0
M3GNet,1701,233.0
M3GNet,1702,234.0
M3GNet,1703,234.0
M3GNet,1704,234.0
M3GNet,1705,234.0
M3GNet,1706,234.0
M3GNet,1707,234.0
M3GNet,1708,233.0
M3GNet,1709,233.0
M3GNet,1710,233.0
M3GNet,1711,233.0
M3GNet,1712,233.0
M3GNet,1713,233.0
M3GNet,1714,233.0
M3GNet,1715,233.0
M3GNet,1716,233.0
M3GNet,1717,233.0
M3GNet,1718,234.0
M3GNet,1719,234.0
M3GNet,1720,234.0
M3GNet,1721,234.0
M3GNet,1722,234.0
M3GNet,1723,234.0
M3GNet,1724,234.0
M3GNet,1725,235.0
M3GNet,1726,235.0
M3GNet,1727,235.0
M3GNet,1728,235.0
M3GNet,1729,235.0
M3GNet,1730,235.0
M3GNet,1731,235.0
M3GNet,1732,235.0
M3GNet,1733,235.0
M3GNet,1734,236.0
M3GNet,1735,236.0
M3GNet,1736,236.0
M3GNet,1737,236.0
M3GNet,1738,237.0
M3GNet,1739,237.0
M3GNet,1740,237.0
M3GNet,1741,238.0
M3GNet,1742,239.0
M3GNet,1743,239.0
M3GNet,1744,239.0
M3GNet,1745,239.0
M3GNet,1746,240.0
M3GNet,1747,240.0
M3GNet,1748,240.0
M3GNet,1749,240.0
M3GNet,1750,240.0
M3GNet,1751,240.0
M3GNet,1752,240.0
M3GNet,1753,240.0
M3GNet,1754,240.0
M3GNet,1755,240.0
M3GNet,1756,240.0
M3GNet,1757,240.0
M3GNet,1758,240.0
M3GNet,1759,240.0
M3GNet,1760,240.0
M3GNet,1761,240.0
M3GNet,1762,240.0
M3GNet,1763,240.0
M3GNet,1764,240.0
M3GNet,1765,239.0
M3GNet,1766,239.0
M3GNet,1767,239.0
M3GNet,1768,239.0
M3GNet,1769,239.0
M3GNet,1770,238.0
M3GNet,1771,238.0
M3GNet,1772,238.0
M3GNet,1773,238.0
M3GNet,1774,238.0
M3GNet,1775,239.0
M3GNet,1776,239.0
M3GNet,1777,240.0
M3GNet,1778,240.0
M3GNet,1779,240.0
M3GNet,1780,240.0
M3GNet,1781,239.0
M3GNet,1782,239.0
M3GNet,1783,239.0
M3GNet,1784,240.0
M3GNet,1785,239.0
M3GNet,1786,239.0
M3GNet,1787,239.0
M3GNet,1788,239.0
M3GNet,1789,239.0
M3GNet,1790,239.0
M3GNet,1791,240.0
M3GNet,1792,240.0
M3GNet,1793,240.0
M3GNet,1794,240.0
M3GNet,1795,240.0
M3GNet,1796,240.0
M3GNet,1797,240.0
M3GNet,1798,239.0
M3GNet,1799,239.0
M3GNet,1800,238.0
M3GNet,1801,238.0
M3GNet,1802,238.0
M3GNet,1803,238.0
M3GNet,1804,237.0
M3GNet,1805,238.0
M3GNet,1806,238.0
M3GNet,1807,238.0
M3GNet,1808,237.0
M3GNet,1809,237.0
M3GNet,1810,237.0
M3GNet,1811,237.0
M3GNet,1812,238.0
M3GNet,1813,238.0
M3GNet,1814,237.0
M3GNet,1815,237.0
M3GNet,1816,237.0
M3GNet,1817,238.0
M3GNet,1818,239.0
M3GNet,1819,239.0
M3GNet,1820,239.0
M3GNet,1821,240.0
M3GNet,1822,240.0
M3GNet,1823,240.0
M3GNet,1824,240.0
M3GNet,1825,241.0
M3GNet,1826,241.0
M3GNet,1827,241.0
M3GNet,1828,242.0
M3GNet,1829,242.0
M3GNet,1830,243.0
M3GNet,1831,243.0
M3GNet,1832,243.0
M3GNet,1833,243.0
M3GNet,1834,244.0
M3GNet,1835,244.0
M3GNet,1836,244.0
M3GNet,1837,245.0
M3GNet,1838,246.0
M3GNet,1839,246.0
M3GNet,1840,246.0
M3GNet,1841,246.0
M3GNet,1842,246.0
M3GNet,1843,246.0
M3GNet,1844,247.0
M3GNet,1845,247.0
M3GNet,1846,247.0
M3GNet,1847,247.0
M3GNet,1848,247.0
M3GNet,1849,247.0
M3GNet,1850,247.0
M3GNet,1851,248.0
M3GNet,1852,248.0
M3GNet,1853,248.0
M3GNet,1854,248.0
M3GNet,1855,248.0
M3GNet,1856,248.0
M3GNet,1857,249.0
M3GNet,1858,249.0
M3GNet,1859,249.0
M3GNet,1860,249.0
M3GNet,1861,249.0
M3GNet,1862,249.0
M3GNet,1863,249.0
M3GNet,1864,250.0
M3GNet,1865,249.0
M3GNet,1866,249.0
M3GNet,1867,249.0
M3GNet,1868,249.0
M3GNet,1869,249.0
M3GNet,1870,249.0
M3GNet,1871,249.0
M3GNet,1872,249.0
M3GNet,1873,249.0
M3GNet,1874,249.0
M3GNet,1875,249.0
M3GNet,1876,249.0
M3GNet,1877,249.0
M3GNet,1878,249.0
M3GNet,1879,249.0
M3GNet,1880,248.0
M3GNet,1881,248.0
M3GNet,1882,249.0
M3GNet,1883,249.0
M3GNet,1884,249.0
M3GNet,1885,249.0
M3GNet,1886,249.0
M3GNet,1887,249.0
M3GNet,1888,250.0
M3GNet,1889,250.0
M3GNet,1890,250.0
M3GNet,1891,250.0
M3GNet,1892,250.0
M3GNet,1893,250.0
M3GNet,1894,250.0
M3GNet,1895,250.0
M3GNet,1896,250.0
M3GNet,1897,250.0
M3GNet,1898,250.0
M3GNet,1899,250.0
M3GNet,1900,251.0
M3GNet,1901,251.0
M3GNet,1902,252.0
M3GNet,1903,252.0
M3GNet,1904,252.0
M3GNet,1905,252.0
M3GNet,1906,252.0
M3GNet,1907,252.0
M3GNet,1908,252.0
M3GNet,1909,252.0
M3GNet,1910,252.0
M3GNet,1911,252.0
M3GNet,1912,253.0
M3GNet,1913,253.0
M3GNet,1914,253.0
M3GNet,1915,253.0
M3GNet,1916,253.0
M3GNet,1917,254.0
M3GNet,1918,254.0
M3GNet,1919,254.0
M3GNet,1920,255.0
M3GNet,1921,255.0
M3GNet,1922,255.0
M3GNet,1923,255.0
M3GNet,1924,255.0
M3GNet,1925,255.0
M3GNet,1926,255.0
M3GNet,1927,255.0
M3GNet,1928,255.0
M3GNet,1929,255.0
M3GNet,1930,255.0
M3GNet,1931,255.0
M3GNet,1932,255.0
M3GNet,1933,256.0
M3GNet,1934,256.0
M3GNet,1935,256.0
M3GNet,1936,256.0
M3GNet,1937,256.0
M3GNet,1938,256.0
M3GNet,1939,256.0
M3GNet,1940,256.0
M3GNet,1941,256.0
M3GNet,1942,257.0
M3GNet,1943,258.0
M3GNet,1944,258.0
M3GNet,1945,259.0
M3GNet,1946,260.0
M3GNet,1947,261.0
M3GNet,1948,261.0
M3GNet,1949,261.0
M3GNet,1950,261.0
M3GNet,1951,262.0
M3GNet,1952,262.0
M3GNet,1953,262.0
M3GNet,1954,262.0
M3GNet,1955,261.0
M3GNet,1956,261.0
M3GNet,1957,261.0
M3GNet,1958,261.0
M3GNet,1959,262.0
M3GNet,1960,262.0
M3GNet,1961,262.0
M3GNet,1962,261.0
M3GNet,1963,261.0
M3GNet,1964,262.0
M3GNet,1965,262.0
M3GNet,1966,262.0
M3GNet,1967,262.0
M3GNet,1968,262.0
M3GNet,1969,262.0
M3GNet,1970,262.0
M3GNet,1971,263.0
M3GNet,1972,264.0
M3GNet,1973,264.0
M3GNet,1974,264.0
M3GNet,1975,264.0
M3GNet,1976,264.0
M3GNet,1977,264.0
M3GNet,1978,265.0
M3GNet,1979,265.0
M3GNet,1980,266.0
M3GNet,1981,266.0
M3GNet,1982,267.0
M3GNet,1983,268.0
M3GNet,1984,268.0
M3GNet,1985,268.0
M3GNet,1986,268.0
M3GNet,1987,269.0
M3GNet,1988,269.0
M3GNet,1989,270.0
M3GNet,1990,270.0
M3GNet,1991,270.0
M3GNet,1992,270.0
M3GNet,1993,270.0
M3GNet,1994,270.0
M3GNet,1995,270.0
M3GNet,1996,270.0
M3GNet,1997,270.0
M3GNet,1998,270.0
M3GNet,1999,270.0
M3GNet,2000,270.0
M3GNet,2001,270.0
M3GNet,2002,270.0
M3GNet,2003,270.0
M3GNet,2004,270.0
M3GNet,2005,270.0
M3GNet,2006,270.0
M3GNet,2007,270.0
M3GNet,2008,270.0
M3GNet,2009,270.0
M3GNet,2010,270.0
M3GNet,2011,270.0
M3GNet,2012,270.0
M3GNet,2013,270.0
M3GNet,2014,270.0
M3GNet,2015,270.0
M3GNet,2016,270.0
M3GNet,2017,270.0
M3GNet,2018,270.0
M3GNet,2019,270.0
M3GNet,2020,270.0
M3GNet,2021,270.0
M3GNet,2022,270.0
M3GNet,2023,270.0
M3GNet,2024,270.0
M3GNet,2025,270.0
M3GNet,2026,270.0
M3GNet,2027,270.0
M3GNet,2028,270.0
M3GNet,2029,270.0
M3GNet,2030,270.0
M3GNet,2031,270.0
M3GNet,2032,270.0
M3GNet,2033,270.0
M3GNet,2034,270.0
M3GNet,2035,271.0
M3GNet,2036,271.0
M3GNet,2037,271.0
M3GNet,2038,271.0
M3GNet,2039,271.0
M3GNet,2040,271.0
M3GNet,2041,271.0
M3GNet,2042,271.0
M3GNet,2043,271.0
M3GNet,2044,271.0
M3GNet,2045,271.0
M3GNet,2046,271.0
M3GNet,2047,272.0
M3GNet,2048,273.0
M3GNet,2049,273.0
M3GNet,2050,274.0
M3GNet,2051,275.0
M3GNet,2052,275.0
M3GNet,2053,275.0
M3GNet,2054,274.0
M3GNet,2055,274.0
M3GNet,2056,274.0
M3GNet,2057,274.0
M3GNet,2058,274.0
M3GNet,2059,274.0
M3GNet,2060,274.0
M3GNet,2061,275.0
M3GNet,2062,275.0
M3GNet,2063,275.0
M3GNet,2064,275.0
M3GNet,2065,275.0
M3GNet,2066,275.0
M3GNet,2067,275.0
M3GNet,2068,274.0
M3GNet,2069,274.0
M3GNet,2070,274.0
M3GNet,2071,275.0
M3GNet,2072,275.0
M3GNet,2073,275.0
M3GNet,2074,275.0
M3GNet,2075,275.0
M3GNet,2076,275.0
M3GNet,2077,275.0
M3GNet,2078,274.0
M3GNet,2079,274.0
M3GNet,2080,274.0
M3GNet,2081,274.0
M3GNet,2082,274.0
M3GNet,2083,274.0
M3GNet,2084,274.0
M3GNet,2085,274.0
M3GNet,2086,275.0
M3GNet,2087,275.0
M3GNet,2088,276.0
M3GNet,2089,276.0
M3GNet,2090,276.0
M3GNet,2091,276.0
M3GNet,2092,276.0
M3GNet,2093,277.0
M3GNet,2094,277.0
M3GNet,2095,277.0
M3GNet,2096,277.0
M3GNet,2097,277.0
M3GNet,2098,277.0
M3GNet,2099,278.0
M3GNet,2100,279.0
M3GNet,2101,280.0
M3GNet,2102,281.0
M3GNet,2103,281.0
M3GNet,2104,281.0
M3GNet,2105,281.0
M3GNet,2106,281.0
M3GNet,2107,281.0
M3GNet,2108,281.0
M3GNet,2109,282.0
M3GNet,2110,283.0
M3GNet,2111,283.0
M3GNet,2112,283.0
M3GNet,2113,283.0
M3GNet,2114,283.0
M3GNet,2115,283.0
M3GNet,2116,283.0
M3GNet,2117,283.0
M3GNet,2118,283.0
M3GNet,2119,284.0
M3GNet,2120,285.0
M3GNet,2121,285.0
M3GNet,2122,285.0
M3GNet,2123,284.0
M3GNet,2124,284.0
M3GNet,2125,284.0
M3GNet,2126,284.0
M3GNet,2127,284.0
M3GNet,2128,284.0
M3GNet,2129,285.0
M3GNet,2130,286.0
M3GNet,2131,286.0
M3GNet,2132,286.0
M3GNet,2133,286.0
M3GNet,2134,286.0
M3GNet,2135,287.0
M3GNet,2136,287.0
M3GNet,2137,288.0
M3GNet,2138,288.0
M3GNet,2139,288.0
M3GNet,2140,288.0
M3GNet,2141,289.0
M3GNet,2142,289.0
M3GNet,2143,289.0
M3GNet,2144,289.0
M3GNet,2145,290.0
M3GNet,2146,290.0
M3GNet,2147,290.0
M3GNet,2148,290.0
M3GNet,2149,290.0
M3GNet,2150,290.0
M3GNet,2151,290.0
M3GNet,2152,290.0
M3GNet,2153,290.0
M3GNet,2154,290.0
M3GNet,2155,290.0
M3GNet,2156,290.0
M3GNet,2157,290.0
M3GNet,2158,291.0
M3GNet,2159,292.0
M3GNet,2160,292.0
M3GNet,2161,292.0
M3GNet,2162,293.0
M3GNet,2163,293.0
M3GNet,2164,294.0
M3GNet,2165,294.0
M3GNet,2166,294.0
M3GNet,2167,294.0
M3GNet,2168,295.0
M3GNet,2169,295.0
M3GNet,2170,296.0
M3GNet,2171,296.0
M3GNet,2172,296.0
M3GNet,2173,297.0
M3GNet,2174,297.0
M3GNet,2175,297.0
M3GNet,2176,297.0
M3GNet,2177,297.0
M3GNet,2178,297.0
M3GNet,2179,297.0
M3GNet,2180,297.0
M3GNet,2181,297.0
M3GNet,2182,297.0
M3GNet,2183,297.0
M3GNet,2184,298.0
M3GNet,2185,297.0
M3GNet,2186,297.0
M3GNet,2187,298.0
M3GNet,2188,298.0
M3GNet,2189,298.0
M3GNet,2190,298.0
M3GNet,2191,298.0
M3GNet,2192,299.0
M3GNet,2193,299.0
M3GNet,2194,299.0
M3GNet,2195,300.0
M3GNet,2196,299.0
M3GNet,2197,299.0
M3GNet,2198,299.0
M3GNet,2199,299.0
M3GNet,2200,299.0
M3GNet,2201,299.0
M3GNet,2202,299.0
M3GNet,2203,299.0
M3GNet,2204,299.0
M3GNet,2205,298.0
M3GNet,2206,298.0
M3GNet,2207,298.0
M3GNet,2208,298.0
M3GNet,2209,298.0
M3GNet,2210,298.0
M3GNet,2211,298.0
M3GNet,2212,298.0
M3GNet,2213,298.0
M3GNet,2214,298.0
M3GNet,2215,298.0
M3GNet,2216,298.0
M3GNet,2217,298.0
M3GNet,2218,298.0
M3GNet,2219,298.0
M3GNet,2220,298.0
M3GNet,2221,297.0
M3GNet,2222,297.0
M3GNet,2223,297.0
M3GNet,2224,297.0
M3GNet,2225,297.0
M3GNet,2226,298.0
M3GNet,2227,298.0
M3GNet,2228,298.0
M3GNet,2229,298.0
M3GNet,2230,298.0
M3GNet,2231,298.0
M3GNet,2232,298.0
M3GNet,2233,298.0
M3GNet,2234,298.0
M3GNet,2235,298.0
M3GNet,2236,298.0
M3GNet,2237,298.0
M3GNet,2238,299.0
M3GNet,2239,299.0
M3GNet,2240,299.0
M3GNet,2241,299.0
M3GNet,2242,299.0
M3GNet,2243,299.0
M3GNet,2244,300.0
M3GNet,2245,300.0
M3GNet,2246,300.0
M3GNet,2247,301.0
M3GNet,2248,301.0
M3GNet,2249,301.0
M3GNet,2250,301.0
M3GNet,2251,301.0
M3GNet,2252,301.0
M3GNet,2253,301.0
M3GNet,2254,302.0
M3GNet,2255,302.0
M3GNet,2256,302.0
M3GNet,2257,302.0
M3GNet,2258,302.0
M3GNet,2259,303.0
M3GNet,2260,303.0
M3GNet,2261,303.0
M3GNet,2262,302.0
M3GNet,2263,301.0
M3GNet,2264,301.0
M3GNet,2265,302.0
M3GNet,2266,302.0
M3GNet,2267,302.0
M3GNet,2268,302.0
M3GNet,2269,303.0
M3GNet,2270,304.0
M3GNet,2271,304.0
M3GNet,2272,304.0
M3GNet,2273,304.0
M3GNet,2274,304.0
M3GNet,2275,304.0
M3GNet,2276,303.0
M3GNet,2277,303.0
M3GNet,2278,303.0
M3GNet,2279,303.0
M3GNet,2280,303.0
M3GNet,2281,304.0
M3GNet,2282,304.0
M3GNet,2283,304.0
M3GNet,2284,304.0
M3GNet,2285,304.0
M3GNet,2286,304.0
M3GNet,2287,304.0
M3GNet,2288,304.0
M3GNet,2289,304.0
M3GNet,2290,304.0
M3GNet,2291,304.0
M3GNet,2292,304.0
M3GNet,2293,304.0
M3GNet,2294,304.0
M3GNet,2295,305.0
M3GNet,2296,305.0
M3GNet,2297,305.0
M3GNet,2298,305.0
M3GNet,2299,305.0
M3GNet,2300,305.0
M3GNet,2301,305.0
M3GNet,2302,305.0
M3GNet,2303,305.0
M3GNet,2304,305.0
M3GNet,2305,305.0
M3GNet,2306,305.0
M3GNet,2307,305.0
M3GNet,2308,305.0
M3GNet,2309,305.0
M3GNet,2310,305.0
M3GNet,2311,306.0
M3GNet,2312,306.0
M3GNet,2313,306.0
M3GNet,2314,305.0
M3GNet,2315,306.0
M3GNet,2316,306.0
M3GNet,2317,306.0
M3GNet,2318,306.0
M3GNet,2319,306.0
M3GNet,2320,306.0
M3GNet,2321,306.0
M3GNet,2322,306.0
M3GNet,2323,306.0
M3GNet,2324,306.0
M3GNet,2325,306.0
M3GNet,2326,306.0
M3GNet,2327,306.0
M3GNet,2328,306.0
M3GNet,2329,306.0
M3GNet,2330,306.0
M3GNet,2331,306.0
M3GNet,2332,306.0
M3GNet,2333,306.0
M3GNet,2334,306.0
M3GNet,2335,306.0
M3GNet,2336,306.0
M3GNet,2337,306.0
M3GNet,2338,307.0
M3GNet,2339,307.0
M3GNet,2340,307.0
M3GNet,2341,307.0
M3GNet,2342,307.0
M3GNet,2343,308.0
M3GNet,2344,308.0
M3GNet,2345,308.0
M3GNet,2346,308.0
M3GNet,2347,308.0
M3GNet,2348,308.0
M3GNet,2349,308.0
M3GNet,2350,308.0
M3GNet,2351,308.0
M3GNet,2352,307.0
M3GNet,2353,307.0
M3GNet,2354,308.0
M3GNet,2355,308.0
M3GNet,2356,308.0
M3GNet,2357,309.0
M3GNet,2358,309.0
M3GNet,2359,309.0
M3GNet,2360,309.0
M3GNet,2361,309.0
M3GNet,2362,309.0
M3GNet,2363,309.0
M3GNet,2364,309.0
M3GNet,2365,309.0
M3GNet,2366,309.0
M3GNet,2367,310.0
M3GNet,2368,311.0
M3GNet,2369,311.0
M3GNet,2370,312.0
M3GNet,2371,312.0
M3GNet,2372,312.0
M3GNet,2373,313.0
M3GNet,2374,313.0
M3GNet,2375,313.0
M3GNet,2376,314.0
M3GNet,2377,314.0
M3GNet,2378,315.0
M3GNet,2379,315.0
M3GNet,2380,315.0
M3GNet,2381,316.0
M3GNet,2382,316.0
M3GNet,2383,316.0
M3GNet,2384,316.0
M3GNet,2385,316.0
M3GNet,2386,317.0
M3GNet,2387,317.0
M3GNet,2388,317.0
M3GNet,2389,317.0
M3GNet,2390,317.0
M3GNet,2391,317.0
M3GNet,2392,317.0
M3GNet,2393,317.0
M3GNet,2394,317.0
M3GNet,2395,317.0
M3GNet,2396,317.0
M3GNet,2397,317.0
M3GNet,2398,317.0
M3GNet,2399,317.0
M3GNet,2400,317.0
M3GNet,2401,318.0
M3GNet,2402,318.0
M3GNet,2403,318.0
M3GNet,2404,319.0
M3GNet,2405,319.0
M3GNet,2406,319.0
M3GNet,2407,320.0
M3GNet,2408,320.0
M3GNet,2409,319.0
M3GNet,2410,319.0
M3GNet,2411,318.0
M3GNet,2412,319.0
M3GNet,2413,319.0
M3GNet,2414,318.0
M3GNet,2415,318.0
M3GNet,2416,319.0
M3GNet,2417,320.0
M3GNet,2418,320.0
M3GNet,2419,320.0
M3GNet,2420,320.0
M3GNet,2421,320.0
M3GNet,2422,320.0
M3GNet,2423,320.0
M3GNet,2424,320.0
M3GNet,2425,320.0
M3GNet,2426,320.0
M3GNet,2427,320.0
M3GNet,2428,320.0
M3GNet,2429,320.0
M3GNet,2430,320.0
M3GNet,2431,320.0
M3GNet,2432,320.0
M3GNet,2433,320.0
M3GNet,2434,320.0
M3GNet,2435,320.0
M3GNet,2436,320.0
M3GNet,2437,320.0
M3GNet,2438,320.0
M3GNet,2439,320.0
M3GNet,2440,321.0
M3GNet,2441,321.0
M3GNet,2442,321.0
M3GNet,2443,321.0
M3GNet,2444,321.0
M3GNet,2445,321.0
M3GNet,2446,321.0
M3GNet,2447,322.0
M3GNet,2448,321.0
M3GNet,2449,322.0
M3GNet,2450,322.0
M3GNet,2451,322.0
M3GNet,2452,322.0
M3GNet,2453,322.0
M3GNet,2454,322.0
M3GNet,2455,322.0
M3GNet,2456,323.0
M3GNet,2457,323.0
M3GNet,2458,323.0
M3GNet,2459,323.0
M3GNet,2460,323.0
M3GNet,2461,323.0
M3GNet,2462,324.0
M3GNet,2463,325.0
M3GNet,2464,326.0
M3GNet,2465,326.0
M3GNet,2466,327.0
M3GNet,2467,327.0
M3GNet,2468,327.0
M3GNet,2469,328.0
M3GNet,2470,328.0
M3GNet,2471,328.0
M3GNet,2472,329.0
M3GNet,2473,329.0
M3GNet,2474,330.0
M3GNet,2475,330.0
M3GNet,2476,330.0
M3GNet,2477,330.0
M3GNet,2478,330.0
M3GNet,2479,330.0
M3GNet,2480,331.0
M3GNet,2481,331.0
M3GNet,2482,332.0
M3GNet,2483,332.0
M3GNet,2484,332.0
M3GNet,2485,333.0
M3GNet,2486,333.0
M3GNet,2487,332.0
M3GNet,2488,333.0
M3GNet,2489,334.0
M3GNet,2490,335.0
M3GNet,2491,335.0
M3GNet,2492,335.0
M3GNet,2493,335.0
M3GNet,2494,335.0
M3GNet,2495,335.0
M3GNet,2496,335.0
M3GNet,2497,335.0
M3GNet,2498,336.0
M3GNet,2499,336.0
M3GNet,2500,336.0
M3GNet,2501,337.0
M3GNet,2502,337.0
M3GNet,2503,337.0
M3GNet,2504,337.0
M3GNet,2505,338.0
M3GNet,2506,338.0
M3GNet,2507,338.0
M3GNet,2508,338.0
M3GNet,2509,339.0
M3GNet,2510,339.0
M3GNet,2511,339.0
M3GNet,2512,339.0
M3GNet,2513,339.0
M3GNet,2514,339.0
M3GNet,2515,339.0
M3GNet,2516,339.0
M3GNet,2517,339.0
M3GNet,2518,339.0
M3GNet,2519,339.0
M3GNet,2520,339.0
M3GNet,2521,339.0
M3GNet,2522,339.0
M3GNet,2523,339.0
M3GNet,2524,338.0
M3GNet,2525,338.0
M3GNet,2526,339.0
M3GNet,2527,339.0
M3GNet,2528,340.0
M3GNet,2529,341.0
M3GNet,2530,341.0
M3GNet,2531,341.0
M3GNet,2532,341.0
M3GNet,2533,341.0
M3GNet,2534,342.0
M3GNet,2535,343.0
M3GNet,2536,343.0
M3GNet,2537,343.0
M3GNet,2538,342.0
M3GNet,2539,342.0
M3GNet,2540,343.0
M3GNet,2541,343.0
M3GNet,2542,342.0
M3GNet,2543,342.0
M3GNet,2544,342.0
M3GNet,2545,343.0
M3GNet,2546,343.0
M3GNet,2547,343.0
M3GNet,2548,343.0
M3GNet,2549,344.0
M3GNet,2550,343.0
M3GNet,2551,343.0
M3GNet,2552,343.0
M3GNet,2553,343.0
M3GNet,2554,343.0
M3GNet,2555,343.0
M3GNet,2556,343.0
M3GNet,2557,343.0
M3GNet,2558,343.0
M3GNet,2559,343.0
M3GNet,2560,343.0
M3GNet,2561,343.0
M3GNet,2562,342.0
M3GNet,2563,342.0
M3GNet,2564,342.0
M3GNet,2565,341.0
M3GNet,2566,341.0
M3GNet,2567,341.0
M3GNet,2568,341.0
M3GNet,2569,341.0
M3GNet,2570,341.0
M3GNet,2571,341.0
M3GNet,2572,341.0
M3GNet,2573,341.0
M3GNet,2574,341.0
M3GNet,2575,342.0
M3GNet,2576,342.0
M3GNet,2577,342.0
M3GNet,2578,342.0
M3GNet,2579,341.0
M3GNet,2580,342.0
M3GNet,2581,342.0
M3GNet,2582,342.0
M3GNet,2583,343.0
M3GNet,2584,343.0
M3GNet,2585,343.0
M3GNet,2586,343.0
M3GNet,2587,343.0
M3GNet,2588,343.0
M3GNet,2589,343.0
M3GNet,2590,343.0
M3GNet,2591,344.0
M3GNet,2592,344.0
M3GNet,2593,344.0
M3GNet,2594,344.0
M3GNet,2595,345.0
M3GNet,2596,345.0
M3GNet,2597,345.0
M3GNet,2598,346.0
M3GNet,2599,347.0
M3GNet,2600,347.0
M3GNet,2601,347.0
M3GNet,2602,346.0
M3GNet,2603,347.0
M3GNet,2604,347.0
M3GNet,2605,347.0
M3GNet,2606,347.0
M3GNet,2607,347.0
M3GNet,2608,348.0
M3GNet,2609,349.0
M3GNet,2610,349.0
M3GNet,2611,349.0
M3GNet,2612,350.0
M3GNet,2613,350.0
M3GNet,2614,350.0
M3GNet,2615,350.0
M3GNet,2616,351.0
M3GNet,2617,350.0
M3GNet,2618,350.0
M3GNet,2619,350.0
M3GNet,2620,350.0
M3GNet,2621,350.0
M3GNet,2622,350.0
M3GNet,2623,349.0
M3GNet,2624,349.0
M3GNet,2625,349.0
M3GNet,2626,349.0
M3GNet,2627,349.0
M3GNet,2628,349.0
M3GNet,2629,349.0
M3GNet,2630,349.0
M3GNet,2631,349.0
M3GNet,2632,349.0
M3GNet,2633,349.0
M3GNet,2634,349.0
M3GNet,2635,349.0
M3GNet,2636,349.0
M3GNet,2637,349.0
M3GNet,2638,349.0
M3GNet,2639,349.0
M3GNet,2640,349.0
M3GNet,2641,349.0
M3GNet,2642,349.0
M3GNet,2643,349.0
M3GNet,2644,349.0
M3GNet,2645,349.0
M3GNet,2646,349.0
M3GNet,2647,349.0
M3GNet,2648,349.0
M3GNet,2649,349.0
M3GNet,2650,349.0
M3GNet,2651,349.0
M3GNet,2652,349.0
M3GNet,2653,349.0
M3GNet,2654,348.0
M3GNet,2655,348.0
M3GNet,2656,348.0
M3GNet,2657,348.0
M3GNet,2658,348.0
M3GNet,2659,348.0
M3GNet,2660,348.0
M3GNet,2661,348.0
M3GNet,2662,348.0
M3GNet,2663,349.0
M3GNet,2664,348.0
M3GNet,2665,348.0
M3GNet,2666,348.0
M3GNet,2667,348.0
M3GNet,2668,349.0
M3GNet,2669,348.0
M3GNet,2670,348.0
M3GNet,2671,348.0
M3GNet,2672,348.0
M3GNet,2673,348.0
M3GNet,2674,348.0
M3GNet,2675,348.0
M3GNet,2676,348.0
M3GNet,2677,348.0
M3GNet,2678,348.0
M3GNet,2679,348.0
M3GNet,2680,348.0
M3GNet,2681,348.0
M3GNet,2682,349.0
M3GNet,2683,349.0
M3GNet,2684,349.0
M3GNet,2685,349.0
M3GNet,2686,350.0
M3GNet,2687,350.0
M3GNet,2688,350.0
M3GNet,2689,350.0
M3GNet,2690,351.0
M3GNet,2691,351.0
M3GNet,2692,351.0
M3GNet,2693,351.0
M3GNet,2694,351.0
M3GNet,2695,351.0
M3GNet,2696,351.0
M3GNet,2697,351.0
M3GNet,2698,351.0
M3GNet,2699,350.0
M3GNet,2700,350.0
M3GNet,2701,350.0
M3GNet,2702,351.0
M3GNet,2703,352.0
M3GNet,2704,352.0
M3GNet,2705,352.0
M3GNet,2706,352.0
M3GNet,2707,352.0
M3GNet,2708,352.0
M3GNet,2709,352.0
M3GNet,2710,352.0
M3GNet,2711,352.0
M3GNet,2712,352.0
M3GNet,2713,352.0
M3GNet,2714,352.0
M3GNet,2715,352.0
M3GNet,2716,353.0
M3GNet,2717,353.0
M3GNet,2718,354.0
M3GNet,2719,354.0
M3GNet,2720,354.0
M3GNet,2721,354.0
M3GNet,2722,355.0
M3GNet,2723,355.0
M3GNet,2724,355.0
M3GNet,2725,356.0
M3GNet,2726,356.0
M3GNet,2727,357.0
M3GNet,2728,357.0
M3GNet,2729,357.0
M3GNet,2730,357.0
M3GNet,2731,358.0
M3GNet,2732,358.0
M3GNet,2733,358.0
M3GNet,2734,358.0
M3GNet,2735,358.0
M3GNet,2736,358.0
M3GNet,2737,358.0
M3GNet,2738,358.0
M3GNet,2739,358.0
M3GNet,2740,359.0
M3GNet,2741,359.0
M3GNet,2742,359.0
M3GNet,2743,360.0
M3GNet,2744,360.0
M3GNet,2745,360.0
M3GNet,2746,360.0
M3GNet,2747,360.0
M3GNet,2748,361.0
M3GNet,2749,361.0
M3GNet,2750,361.0
M3GNet,2751,361.0
M3GNet,2752,361.0
M3GNet,2753,361.0
M3GNet,2754,362.0
M3GNet,2755,361.0
M3GNet,2756,361.0
M3GNet,2757,361.0
M3GNet,2758,360.0
M3GNet,2759,360.0
M3GNet,2760,360.0
M3GNet,2761,360.0
M3GNet,2762,360.0
M3GNet,2763,360.0
M3GNet,2764,360.0
M3GNet,2765,360.0
M3GNet,2766,360.0
M3GNet,2767,360.0
M3GNet,2768,360.0
M3GNet,2769,359.0
M3GNet,2770,359.0
M3GNet,2771,359.0
M3GNet,2772,359.0
M3GNet,2773,359.0
M3GNet,2774,359.0
M3GNet,2775,359.0
M3GNet,2776,359.0
M3GNet,2777,359.0
M3GNet,2778,359.0
M3GNet,2779,359.0
M3GNet,2780,359.0
M3GNet,2781,360.0
M3GNet,2782,361.0
M3GNet,2783,361.0
M3GNet,2784,362.0
M3GNet,2785,362.0
M3GNet,2786,362.0
M3GNet,2787,363.0
M3GNet,2788,363.0
M3GNet,2789,364.0
M3GNet,2790,364.0
M3GNet,2791,364.0
M3GNet,2792,365.0
M3GNet,2793,365.0
M3GNet,2794,365.0
M3GNet,2795,365.0
M3GNet,2796,365.0
M3GNet,2797,365.0
M3GNet,2798,365.0
M3GNet,2799,365.0
M3GNet,2800,365.0
M3GNet,2801,365.0
M3GNet,2802,365.0
M3GNet,2803,365.0
M3GNet,2804,366.0
M3GNet,2805,366.0
M3GNet,2806,366.0
M3GNet,2807,366.0
M3GNet,2808,367.0
M3GNet,2809,367.0
M3GNet,2810,367.0
M3GNet,2811,367.0
M3GNet,2812,367.0
M3GNet,2813,367.0
M3GNet,2814,367.0
M3GNet,2815,367.0
M3GNet,2816,367.0
M3GNet,2817,367.0
M3GNet,2818,367.0
M3GNet,2819,367.0
M3GNet,2820,368.0
M3GNet,2821,368.0
M3GNet,2822,368.0
M3GNet,2823,369.0
M3GNet,2824,369.0
M3GNet,2825,369.0
M3GNet,2826,369.0
M3GNet,2827,369.0
M3GNet,2828,370.0
M3GNet,2829,370.0
M3GNet,2830,371.0
M3GNet,2831,371.0
M3GNet,2832,371.0
M3GNet,2833,371.0
M3GNet,2834,371.0
M3GNet,2835,371.0
M3GNet,2836,372.0
M3GNet,2837,372.0
M3GNet,2838,373.0
M3GNet,2839,372.0
M3GNet,2840,372.0
M3GNet,2841,372.0
M3GNet,2842,373.0
M3GNet,2843,373.0
M3GNet,2844,373.0
M3GNet,2845,373.0
M3GNet,2846,373.0
M3GNet,2847,373.0
M3GNet,2848,373.0
M3GNet,2849,373.0
M3GNet,2850,374.0
M3GNet,2851,375.0
M3GNet,2852,375.0
M3GNet,2853,375.0
M3GNet,2854,375.0
M3GNet,2855,375.0
M3GNet,2856,375.0
M3GNet,2857,375.0
M3GNet,2858,375.0
M3GNet,2859,375.0
M3GNet,2860,375.0
M3GNet,2861,375.0
M3GNet,2862,375.0
M3GNet,2863,375.0
M3GNet,2864,375.0
M3GNet,2865,375.0
M3GNet,2866,375.0
M3GNet,2867,375.0
M3GNet,2868,376.0
M3GNet,2869,376.0
M3GNet,2870,376.0
M3GNet,2871,377.0
M3GNet,2872,377.0
M3GNet,2873,377.0
M3GNet,2874,377.0
M3GNet,2875,376.0
M3GNet,2876,376.0
M3GNet,2877,377.0
M3GNet,2878,377.0
M3GNet,2879,377.0
M3GNet,2880,377.0
M3GNet,2881,377.0
M3GNet,2882,377.0
M3GNet,2883,377.0
M3GNet,2884,377.0
M3GNet,2885,377.0
M3GNet,2886,377.0
M3GNet,2887,377.0
M3GNet,2888,378.0
M3GNet,2889,378.0
M3GNet,2890,378.0
M3GNet,2891,378.0
M3GNet,2892,378.0
M3GNet,2893,378.0
M3GNet,2894,377.0
M3GNet,2895,377.0
M3GNet,2896,377.0
M3GNet,2897,377.0
M3GNet,2898,378.0
M3GNet,2899,379.0
M3GNet,2900,380.0
M3GNet,2901,380.0
M3GNet,2902,380.0
M3GNet,2903,380.0
M3GNet,2904,380.0
M3GNet,2905,380.0
M3GNet,2906,381.0
M3GNet,2907,381.0
M3GNet,2908,381.0
M3GNet,2909,382.0
M3GNet,2910,382.0
M3GNet,2911,383.0
M3GNet,2912,383.0
M3GNet,2913,384.0
M3GNet,2914,384.0
M3GNet,2915,384.0
M3GNet,2916,384.0
M3GNet,2917,384.0
M3GNet,2918,384.0
M3GNet,2919,384.0
M3GNet,2920,384.0
M3GNet,2921,384.0
M3GNet,2922,384.0
M3GNet,2923,384.0
M3GNet,2924,384.0
M3GNet,2925,384.0
M3GNet,2926,384.0
M3GNet,2927,385.0
M3GNet,2928,385.0
M3GNet,2929,385.0
M3GNet,2930,385.0
M3GNet,2931,385.0
M3GNet,2932,385.0
M3GNet,2933,385.0
M3GNet,2934,385.0
M3GNet,2935,385.0
M3GNet,2936,385.0
M3GNet,2937,385.0
M3GNet,2938,385.0
M3GNet,2939,385.0
M3GNet,2940,385.0
M3GNet,2941,386.0
M3GNet,2942,386.0
M3GNet,2943,386.0
M3GNet,2944,387.0
M3GNet,2945,387.0
M3GNet,2946,387.0
M3GNet,2947,387.0
M3GNet,2948,387.0
M3GNet,2949,387.0
M3GNet,2950,387.0
M3GNet,2951,387.0
M3GNet,2952,387.0
M3GNet,2953,387.0
M3GNet,2954,387.0
M3GNet,2955,387.0
M3GNet,2956,387.0
M3GNet,2957,387.0
M3GNet,2958,387.0
M3GNet,2959,387.0
M3GNet,2960,387.0
M3GNet,2961,387.0
M3GNet,2962,387.0
M3GNet,2963,388.0
M3GNet,2964,388.0
M3GNet,2965,388.0
M3GNet,2966,388.0
M3GNet,2967,388.0
M3GNet,2968,388.0
M3GNet,2969,388.0
M3GNet,2970,388.0
M3GNet,2971,388.0
M3GNet,2972,388.0
M3GNet,2973,388.0
M3GNet,2974,388.0
M3GNet,2975,388.0
M3GNet,2976,388.0
M3GNet,2977,388.0
M3GNet,2978,388.0
M3GNet,2979,389.0
M3GNet,2980,389.0
M3GNet,2981,389.0
M3GNet,2982,389.0
M3GNet,2983,390.0
M3GNet,2984,390.0
M3GNet,2985,391.0
M3GNet,2986,391.0
M3GNet,2987,391.0
M3GNet,2988,392.0
M3GNet,2989,392.0
M3GNet,2990,392.0
M3GNet,2991,392.0
M3GNet,2992,393.0
M3GNet,2993,393.0
M3GNet,2994,393.0
M3GNet,2995,393.0
M3GNet,2996,393.0
M3GNet,2997,394.0
M3GNet,2998,394.0
M3GNet,2999,394.0
M3GNet,3000,394.0
M3GNet,3001,395.0
M3GNet,3002,396.0
M3GNet,3003,396.0
M3GNet,3004,396.0
M3GNet,3005,396.0
M3GNet,3006,395.0
M3GNet,3007,395.0
M3GNet,3008,395.0
M3GNet,3009,395.0
M3GNet,3010,396.0
M3GNet,3011,396.0
M3GNet,3012,396.0
M3GNet,3013,396.0
M3GNet,3014,396.0
M3GNet,3015,396.0
M3GNet,3016,396.0
M3GNet,3017,395.0
M3GNet,3018,395.0
M3GNet,3019,396.0
M3GNet,3020,397.0
M3GNet,3021,396.0
M3GNet,3022,396.0
M3GNet,3023,396.0
M3GNet,3024,397.0
M3GNet,3025,397.0
M3GNet,3026,397.0
M3GNet,3027,397.0
M3GNet,3028,397.0
M3GNet,3029,398.0
M3GNet,3030,398.0
M3GNet,3031,398.0
M3GNet,3032,398.0
M3GNet,3033,398.0
M3GNet,3034,398.0
M3GNet,3035,398.0
M3GNet,3036,398.0
M3GNet,3037,398.0
M3GNet,3038,399.0
M3GNet,3039,400.0
M3GNet,3040,400.0
M3GNet,3041,401.0
M3GNet,3042,402.0
M3GNet,3043,402.0
M3GNet,3044,402.0
M3GNet,3045,402.0
M3GNet,3046,402.0
M3GNet,3047,402.0
M3GNet,3048,402.0
M3GNet,3049,402.0
M3GNet,3050,402.0
M3GNet,3051,402.0
M3GNet,3052,402.0
M3GNet,3053,402.0
M3GNet,3054,402.0
M3GNet,3055,402.0
M3GNet,3056,403.0
M3GNet,3057,404.0
M3GNet,3058,404.0
M3GNet,3059,404.0
M3GNet,3060,404.0
M3GNet,3061,404.0
M3GNet,3062,404.0
M3GNet,3063,404.0
M3GNet,3064,404.0
M3GNet,3065,404.0
M3GNet,3066,404.0
M3GNet,3067,404.0
M3GNet,3068,404.0
M3GNet,3069,404.0
M3GNet,3070,404.0
M3GNet,3071,404.0
M3GNet,3072,403.0
M3GNet,3073,403.0
M3GNet,3074,403.0
M3GNet,3075,403.0
M3GNet,3076,403.0
M3GNet,3077,404.0
M3GNet,3078,404.0
M3GNet,3079,404.0
M3GNet,3080,403.0
M3GNet,3081,403.0
M3GNet,3082,403.0
M3GNet,3083,403.0
M3GNet,3084,403.0
M3GNet,3085,403.0
M3GNet,3086,403.0
M3GNet,3087,403.0
M3GNet,3088,403.0
M3GNet,3089,403.0
M3GNet,3090,403.0
M3GNet,3091,403.0
M3GNet,3092,404.0
M3GNet,3093,404.0
M3GNet,3094,404.0
M3GNet,3095,404.0
M3GNet,3096,404.0
M3GNet,3097,404.0
M3GNet,3098,404.0
M3GNet,3099,404.0
M3GNet,3100,404.0
M3GNet,3101,405.0
M3GNet,3102,405.0
M3GNet,3103,405.0
M3GNet,3104,405.0
M3GNet,3105,405.0
M3GNet,3106,406.0
M3GNet,3107,406.0
M3GNet,3108,407.0
M3GNet,3109,407.0
M3GNet,3110,407.0
M3GNet,3111,407.0
M3GNet,3112,407.0
M3GNet,3113,407.0
M3GNet,3114,407.0
M3GNet,3115,408.0
M3GNet,3116,408.0
M3GNet,3117,408.0
M3GNet,3118,409.0
M3GNet,3119,409.0
M3GNet,3120,409.0
M3GNet,3121,409.0
M3GNet,3122,410.0
M3GNet,3123,410.0
M3GNet,3124,410.0
M3GNet,3125,410.0
M3GNet,3126,410.0
M3GNet,3127,410.0
M3GNet,3128,410.0
M3GNet,3129,410.0
M3GNet,3130,410.0
M3GNet,3131,410.0
M3GNet,3132,410.0
M3GNet,3133,410.0
M3GNet,3134,410.0
M3GNet,3135,411.0
M3GNet,3136,411.0
M3GNet,3137,411.0
M3GNet,3138,411.0
M3GNet,3139,411.0
M3GNet,3140,411.0
M3GNet,3141,410.0
M3GNet,3142,410.0
M3GNet,3143,410.0
M3GNet,3144,410.0
M3GNet,3145,409.0
M3GNet,3146,410.0
M3GNet,3147,410.0
M3GNet,3148,411.0
M3GNet,3149,411.0
M3GNet,3150,411.0
M3GNet,3151,411.0
M3GNet,3152,412.0
M3GNet,3153,413.0
M3GNet,3154,413.0
M3GNet,3155,412.0
M3GNet,3156,412.0
M3GNet,3157,412.0
M3GNet,3158,412.0
M3GNet,3159,412.0
M3GNet,3160,412.0
M3GNet,3161,412.0
M3GNet,3162,412.0
M3GNet,3163,412.0
M3GNet,3164,412.0
M3GNet,3165,412.0
M3GNet,3166,413.0
M3GNet,3167,413.0
M3GNet,3168,413.0
M3GNet,3169,413.0
M3GNet,3170,413.0
M3GNet,3171,413.0
M3GNet,3172,414.0
M3GNet,3173,414.0
M3GNet,3174,414.0
M3GNet,3175,414.0
M3GNet,3176,414.0
M3GNet,3177,414.0
M3GNet,3178,414.0
M3GNet,3179,414.0
M3GNet,3180,414.0
M3GNet,3181,414.0
M3GNet,3182,414.0
M3GNet,3183,414.0
M3GNet,3184,414.0
M3GNet,3185,414.0
M3GNet,3186,414.0
M3GNet,3187,414.0
M3GNet,3188,414.0
M3GNet,3189,414.0
M3GNet,3190,415.0
M3GNet,3191,415.0
M3GNet,3192,415.0
M3GNet,3193,415.0
M3GNet,3194,415.0
M3GNet,3195,415.0
M3GNet,3196,415.0
M3GNet,3197,416.0
M3GNet,3198,416.0
M3GNet,3199,416.0
M3GNet,3200,416.0
M3GNet,3201,416.0
M3GNet,3202,416.0
M3GNet,3203,416.0
M3GNet,3204,416.0
M3GNet,3205,416.0
M3GNet,3206,416.0
M3GNet,3207,416.0
M3GNet,3208,416.0
M3GNet,3209,416.0
M3GNet,3210,416.0
M3GNet,3211,416.0
M3GNet,3212,416.0
M3GNet,3213,416.0
M3GNet,3214,416.0
M3GNet,3215,416.0
M3GNet,3216,417.0
M3GNet,3217,417.0
M3GNet,3218,417.0
M3GNet,3219,417.0
M3GNet,3220,418.0
M3GNet,3221,418.0
M3GNet,3222,419.0
M3GNet,3223,419.0
M3GNet,3224,419.0
M3GNet,3225,419.0
M3GNet,3226,419.0
M3GNet,3227,420.0
M3GNet,3228,420.0
M3GNet,3229,420.0
M3GNet,3230,420.0
M3GNet,3231,420.0
M3GNet,3232,420.0
M3GNet,3233,421.0
M3GNet,3234,421.0
M3GNet,3235,422.0
M3GNet,3236,422.0
M3GNet,3237,422.0
M3GNet,3238,422.0
M3GNet,3239,422.0
M3GNet,3240,422.0
M3GNet,3241,422.0
M3GNet,3242,422.0
M3GNet,3243,422.0
M3GNet,3244,422.0
M3GNet,3245,422.0
M3GNet,3246,422.0
M3GNet,3247,422.0
M3GNet,3248,422.0
M3GNet,3249,422.0
M3GNet,3250,422.0
M3GNet,3251,423.0
M3GNet,3252,423.0
M3GNet,3253,423.0
M3GNet,3254,423.0
M3GNet,3255,423.0
M3GNet,3256,423.0
M3GNet,3257,423.0
M3GNet,3258,424.0
M3GNet,3259,424.0
M3GNet,3260,424.0
M3GNet,3261,425.0
M3GNet,3262,425.0
M3GNet,3263,425.0
M3GNet,3264,425.0
M3GNet,3265,425.0
M3GNet,3266,425.0
M3GNet,3267,425.0
M3GNet,3268,425.0
M3GNet,3269,425.0
M3GNet,3270,425.0
M3GNet,3271,425.0
M3GNet,3272,425.0
M3GNet,3273,426.0
M3GNet,3274,426.0
M3GNet,3275,426.0
M3GNet,3276,426.0
M3GNet,3277,426.0
M3GNet,3278,426.0
M3GNet,3279,427.0
M3GNet,3280,427.0
M3GNet,3281,427.0
M3GNet,3282,428.0
M3GNet,3283,428.0
M3GNet,3284,429.0
M3GNet,3285,430.0
M3GNet,3286,430.0
M3GNet,3287,431.0
M3GNet,3288,431.0
M3GNet,3289,431.0
M3GNet,3290,430.0
M3GNet,3291,430.0
M3GNet,3292,430.0
M3GNet,3293,430.0
M3GNet,3294,430.0
M3GNet,3295,430.0
M3GNet,3296,430.0
M3GNet,3297,430.0
M3GNet,3298,430.0
M3GNet,3299,430.0
M3GNet,3300,430.0
M3GNet,3301,430.0
M3GNet,3302,430.0
M3GNet,3303,430.0
M3GNet,3304,430.0
M3GNet,3305,430.0
M3GNet,3306,430.0
M3GNet,3307,430.0
M3GNet,3308,430.0
M3GNet,3309,430.0
M3GNet,3310,430.0
M3GNet,3311,430.0
M3GNet,3312,430.0
M3GNet,3313,430.0
M3GNet,3314,430.0
M3GNet,3315,430.0
M3GNet,3316,430.0
M3GNet,3317,430.0
M3GNet,3318,430.0
M3GNet,3319,431.0
M3GNet,3320,431.0
M3GNet,3321,431.0
M3GNet,3322,431.0
M3GNet,3323,431.0
M3GNet,3324,431.0
M3GNet,3325,431.0
M3GNet,3326,431.0
M3GNet,3327,432.0
M3GNet,3328,432.0
M3GNet,3329,433.0
M3GNet,3330,433.0
M3GNet,3331,433.0
M3GNet,3332,434.0
M3GNet,3333,434.0
M3GNet,3334,434.0
M3GNet,3335,434.0
M3GNet,3336,434.0
M3GNet,3337,434.0
M3GNet,3338,434.0
M3GNet,3339,434.0
M3GNet,3340,434.0
M3GNet,3341,434.0
M3GNet,3342,434.0
M3GNet,3343,433.0
M3GNet,3344,434.0
M3GNet,3345,435.0
M3GNet,3346,435.0
M3GNet,3347,435.0
M3GNet,3348,435.0
M3GNet,3349,435.0
M3GNet,3350,436.0
M3GNet,3351,437.0
M3GNet,3352,437.0
M3GNet,3353,437.0
M3GNet,3354,437.0
M3GNet,3355,437.0
M3GNet,3356,437.0
M3GNet,3357,437.0
M3GNet,3358,437.0
M3GNet,3359,438.0
M3GNet,3360,438.0
M3GNet,3361,438.0
M3GNet,3362,438.0
M3GNet,3363,438.0
M3GNet,3364,439.0
M3GNet,3365,439.0
M3GNet,3366,439.0
M3GNet,3367,439.0
M3GNet,3368,439.0
M3GNet,3369,439.0
M3GNet,3370,440.0
M3GNet,3371,441.0
M3GNet,3372,441.0
M3GNet,3373,441.0
M3GNet,3374,442.0
M3GNet,3375,442.0
M3GNet,3376,442.0
M3GNet,3377,442.0
M3GNet,3378,442.0
M3GNet,3379,442.0
M3GNet,3380,442.0
M3GNet,3381,441.0
M3GNet,3382,441.0
M3GNet,3383,441.0
M3GNet,3384,442.0
M3GNet,3385,443.0
M3GNet,3386,443.0
M3GNet,3387,443.0
M3GNet,3388,443.0
M3GNet,3389,443.0
M3GNet,3390,443.0
M3GNet,3391,443.0
M3GNet,3392,442.0
M3GNet,3393,442.0
M3GNet,3394,441.0
M3GNet,3395,441.0
M3GNet,3396,441.0
M3GNet,3397,441.0
M3GNet,3398,441.0
M3GNet,3399,441.0
M3GNet,3400,440.0
M3GNet,3401,440.0
M3GNet,3402,440.0
M3GNet,3403,440.0
M3GNet,3404,440.0
M3GNet,3405,440.0
M3GNet,3406,440.0
M3GNet,3407,440.0
M3GNet,3408,441.0
M3GNet,3409,441.0
M3GNet,3410,441.0
M3GNet,3411,441.0
M3GNet,3412,441.0
M3GNet,3413,441.0
M3GNet,3414,440.0
M3GNet,3415,440.0
M3GNet,3416,440.0
M3GNet,3417,439.0
M3GNet,3418,439.0
M3GNet,3419,440.0
M3GNet,3420,439.0
M3GNet,3421,439.0
M3GNet,3422,439.0
M3GNet,3423,439.0
M3GNet,3424,439.0
M3GNet,3425,439.0
M3GNet,3426,439.0
M3GNet,3427,440.0
M3GNet,3428,440.0
M3GNet,3429,440.0
M3GNet,3430,441.0
M3GNet,3431,441.0
M3GNet,3432,441.0
M3GNet,3433,441.0
M3GNet,3434,441.0
M3GNet,3435,440.0
M3GNet,3436,440.0
M3GNet,3437,440.0
M3GNet,3438,440.0
M3GNet,3439,439.0
M3GNet,3440,439.0
M3GNet,3441,439.0
M3GNet,3442,439.0
M3GNet,3443,439.0
M3GNet,3444,439.0
M3GNet,3445,439.0
M3GNet,3446,440.0
M3GNet,3447,440.0
M3GNet,3448,440.0
M3GNet,3449,440.0
M3GNet,3450,440.0
M3GNet,3451,440.0
M3GNet,3452,440.0
M3GNet,3453,440.0
M3GNet,3454,439.0
M3GNet,3455,440.0
M3GNet,3456,440.0
M3GNet,3457,441.0
M3GNet,3458,441.0
M3GNet,3459,441.0
M3GNet,3460,441.0
M3GNet,3461,441.0
M3GNet,3462,442.0
M3GNet,3463,441.0
M3GNet,3464,441.0
M3GNet,3465,441.0
M3GNet,3466,441.0
M3GNet,3467,442.0
M3GNet,3468,443.0
M3GNet,3469,443.0
M3GNet,3470,443.0
M3GNet,3471,444.0
M3GNet,3472,443.0
M3GNet,3473,443.0
M3GNet,3474,443.0
M3GNet,3475,443.0
M3GNet,3476,443.0
M3GNet,3477,443.0
M3GNet,3478,444.0
M3GNet,3479,444.0
M3GNet,3480,444.0
M3GNet,3481,444.0
M3GNet,3482,443.0
M3GNet,3483,443.0
M3GNet,3484,443.0
M3GNet,3485,443.0
M3GNet,3486,443.0
M3GNet,3487,443.0
M3GNet,3488,442.0
M3GNet,3489,442.0
M3GNet,3490,442.0
M3GNet,3491,442.0
M3GNet,3492,442.0
M3GNet,3493,442.0
M3GNet,3494,442.0
M3GNet,3495,442.0
M3GNet,3496,442.0
M3GNet,3497,442.0
M3GNet,3498,442.0
M3GNet,3499,442.0
M3GNet,3500,441.0
M3GNet,3501,441.0
M3GNet,3502,441.0
M3GNet,3503,441.0
M3GNet,3504,442.0
M3GNet,3505,443.0
M3GNet,3506,443.0
M3GNet,3507,444.0
M3GNet,3508,444.0
M3GNet,3509,444.0
M3GNet,3510,444.0
M3GNet,3511,444.0
M3GNet,3512,444.0
M3GNet,3513,445.0
M3GNet,3514,445.0
M3GNet,3515,445.0
M3GNet,3516,445.0
M3GNet,3517,445.0
M3GNet,3518,445.0
M3GNet,3519,445.0
M3GNet,3520,446.0
M3GNet,3521,446.0
M3GNet,3522,446.0
M3GNet,3523,447.0
M3GNet,3524,447.0
M3GNet,3525,447.0
M3GNet,3526,447.0
M3GNet,3527,447.0
M3GNet,3528,447.0
M3GNet,3529,447.0
M3GNet,3530,447.0
M3GNet,3531,447.0
M3GNet,3532,447.0
M3GNet,3533,447.0
M3GNet,3534,447.0
M3GNet,3535,446.0
M3GNet,3536,445.0
M3GNet,3537,445.0
M3GNet,3538,445.0
M3GNet,3539,445.0
M3GNet,3540,445.0
M3GNet,3541,446.0
M3GNet,3542,446.0
M3GNet,3543,446.0
M3GNet,3544,445.0
M3GNet,3545,446.0
M3GNet,3546,446.0
M3GNet,3547,445.0
M3GNet,3548,446.0
M3GNet,3549,446.0
M3GNet,3550,446.0
M3GNet,3551,446.0
M3GNet,3552,446.0
M3GNet,3553,445.0
M3GNet,3554,445.0
M3GNet,3555,445.0
M3GNet,3556,445.0
M3GNet,3557,445.0
M3GNet,3558,445.0
M3GNet,3559,445.0
M3GNet,3560,446.0
M3GNet,3561,446.0
M3GNet,3562,446.0
M3GNet,3563,446.0
M3GNet,3564,446.0
M3GNet,3565,447.0
M3GNet,3566,447.0
M3GNet,3567,447.0
M3GNet,3568,447.0
M3GNet,3569,447.0
M3GNet,3570,447.0
M3GNet,3571,447.0
M3GNet,3572,448.0
M3GNet,3573,448.0
M3GNet,3574,448.0
M3GNet,3575,448.0
M3GNet,3576,448.0
M3GNet,3577,448.0
M3GNet,3578,448.0
M3GNet,3579,448.0
M3GNet,3580,448.0
M3GNet,3581,448.0
M3GNet,3582,448.0
M3GNet,3583,449.0
M3GNet,3584,449.0
M3GNet,3585,450.0
M3GNet,3586,451.0
M3GNet,3587,451.0
M3GNet,3588,451.0
M3GNet,3589,451.0
M3GNet,3590,451.0
M3GNet,3591,451.0
M3GNet,3592,451.0
M3GNet,3593,451.0
M3GNet,3594,451.0
M3GNet,3595,452.0
M3GNet,3596,453.0
M3GNet,3597,453.0
M3GNet,3598,454.0
M3GNet,3599,454.0
M3GNet,3600,454.0
M3GNet,3601,455.0
M3GNet,3602,455.0
M3GNet,3603,455.0
M3GNet,3604,455.0
M3GNet,3605,456.0
M3GNet,3606,457.0
M3GNet,3607,457.0
M3GNet,3608,457.0
M3GNet,3609,457.0
M3GNet,3610,458.0
M3GNet,3611,458.0
M3GNet,3612,458.0
M3GNet,3613,459.0
M3GNet,3614,459.0
M3GNet,3615,459.0
M3GNet,3616,458.0
M3GNet,3617,458.0
M3GNet,3618,457.0
M3GNet,3619,457.0
M3GNet,3620,458.0
M3GNet,3621,458.0
M3GNet,3622,458.0
M3GNet,3623,459.0
M3GNet,3624,459.0
M3GNet,3625,459.0
M3GNet,3626,459.0
M3GNet,3627,459.0
M3GNet,3628,459.0
M3GNet,3629,459.0
M3GNet,3630,460.0
M3GNet,3631,460.0
M3GNet,3632,460.0
M3GNet,3633,460.0
M3GNet,3634,461.0
M3GNet,3635,461.0
M3GNet,3636,461.0
M3GNet,3637,461.0
M3GNet,3638,461.0
M3GNet,3639,461.0
M3GNet,3640,461.0
M3GNet,3641,461.0
M3GNet,3642,461.0
M3GNet,3643,462.0
M3GNet,3644,463.0
M3GNet,3645,464.0
M3GNet,3646,464.0
M3GNet,3647,464.0
M3GNet,3648,464.0
M3GNet,3649,463.0
M3GNet,3650,463.0
M3GNet,3651,463.0
M3GNet,3652,463.0
M3GNet,3653,463.0
M3GNet,3654,463.0
M3GNet,3655,463.0
M3GNet,3656,463.0
M3GNet,3657,463.0
M3GNet,3658,463.0
M3GNet,3659,463.0
M3GNet,3660,463.0
M3GNet,3661,463.0
M3GNet,3662,463.0
M3GNet,3663,463.0
M3GNet,3664,463.0
M3GNet,3665,463.0
M3GNet,3666,464.0
M3GNet,3667,464.0
M3GNet,3668,463.0
M3GNet,3669,463.0
M3GNet,3670,463.0
M3GNet,3671,463.0
M3GNet,3672,464.0
M3GNet,3673,464.0
M3GNet,3674,464.0
M3GNet,3675,464.0
M3GNet,3676,464.0
M3GNet,3677,464.0
M3GNet,3678,464.0
M3GNet,3679,464.0
M3GNet,3680,463.0
M3GNet,3681,463.0
M3GNet,3682,463.0
M3GNet,3683,463.0
M3GNet,3684,463.0
M3GNet,3685,463.0
M3GNet,3686,462.0
M3GNet,3687,462.0
M3GNet,3688,462.0
M3GNet,3689,462.0
M3GNet,3690,462.0
M3GNet,3691,462.0
M3GNet,3692,462.0
M3GNet,3693,462.0
M3GNet,3694,462.0
M3GNet,3695,462.0
M3GNet,3696,463.0
M3GNet,3697,463.0
M3GNet,3698,463.0
M3GNet,3699,463.0
M3GNet,3700,463.0
M3GNet,3701,464.0
M3GNet,3702,464.0
M3GNet,3703,465.0
M3GNet,3704,466.0
M3GNet,3705,466.0
M3GNet,3706,467.0
M3GNet,3707,467.0
M3GNet,3708,468.0
M3GNet,3709,468.0
M3GNet,3710,468.0
M3GNet,3711,468.0
M3GNet,3712,468.0
M3GNet,3713,468.0
M3GNet,3714,467.0
M3GNet,3715,467.0
M3GNet,3716,467.0
M3GNet,3717,467.0
M3GNet,3718,467.0
M3GNet,3719,467.0
M3GNet,3720,467.0
M3GNet,3721,467.0
M3GNet,3722,467.0
M3GNet,3723,467.0
M3GNet,3724,468.0
M3GNet,3725,469.0
M3GNet,3726,468.0
M3GNet,3727,468.0
M3GNet,3728,469.0
M3GNet,3729,469.0
M3GNet,3730,468.0
M3GNet,3731,467.0
M3GNet,3732,467.0
M3GNet,3733,466.0
M3GNet,3734,465.0
M3GNet,3735,465.0
M3GNet,3736,465.0
M3GNet,3737,465.0
M3GNet,3738,465.0
M3GNet,3739,465.0
M3GNet,3740,465.0
M3GNet,3741,465.0
M3GNet,3742,465.0
M3GNet,3743,465.0
M3GNet,3744,465.0
M3GNet,3745,465.0
M3GNet,3746,465.0
M3GNet,3747,465.0
M3GNet,3748,465.0
M3GNet,3749,466.0
M3GNet,3750,466.0
M3GNet,3751,466.0
M3GNet,3752,466.0
M3GNet,3753,466.0
M3GNet,3754,466.0
M3GNet,3755,466.0
M3GNet,3756,466.0
M3GNet,3757,466.0
M3GNet,3758,466.0
M3GNet,3759,466.0
M3GNet,3760,466.0
M3GNet,3761,466.0
M3GNet,3762,467.0
M3GNet,3763,468.0
M3GNet,3764,468.0
M3GNet,3765,468.0
M3GNet,3766,468.0
M3GNet,3767,468.0
M3GNet,3768,469.0
M3GNet,3769,469.0
M3GNet,3770,470.0
M3GNet,3771,470.0
M3GNet,3772,470.0
M3GNet,3773,470.0
M3GNet,3774,470.0
M3GNet,3775,470.0
M3GNet,3776,470.0
M3GNet,3777,470.0
M3GNet,3778,469.0
M3GNet,3779,469.0
M3GNet,3780,469.0
M3GNet,3781,469.0
M3GNet,3782,469.0
M3GNet,3783,470.0
M3GNet,3784,470.0
M3GNet,3785,470.0
M3GNet,3786,470.0
M3GNet,3787,471.0
M3GNet,3788,472.0
M3GNet,3789,473.0
M3GNet,3790,473.0
M3GNet,3791,474.0
M3GNet,3792,474.0
M3GNet,3793,475.0
M3GNet,3794,475.0
M3GNet,3795,475.0
M3GNet,3796,475.0
M3GNet,3797,475.0
M3GNet,3798,474.0
M3GNet,3799,474.0
M3GNet,3800,474.0
M3GNet,3801,474.0
M3GNet,3802,474.0
M3GNet,3803,473.0
M3GNet,3804,473.0
M3GNet,3805,473.0
M3GNet,3806,473.0
M3GNet,3807,473.0
M3GNet,3808,473.0
M3GNet,3809,473.0
M3GNet,3810,474.0
M3GNet,3811,473.0
M3GNet,3812,473.0
M3GNet,3813,474.0
M3GNet,3814,473.0
M3GNet,3815,474.0
M3GNet,3816,474.0
M3GNet,3817,474.0
M3GNet,3818,474.0
M3GNet,3819,474.0
M3GNet,3820,474.0
M3GNet,3821,475.0
M3GNet,3822,475.0
M3GNet,3823,475.0
M3GNet,3824,474.0
M3GNet,3825,474.0
M3GNet,3826,474.0
M3GNet,3827,474.0
M3GNet,3828,474.0
M3GNet,3829,474.0
M3GNet,3830,474.0
M3GNet,3831,474.0
M3GNet,3832,474.0
M3GNet,3833,474.0
M3GNet,3834,474.0
M3GNet,3835,474.0
M3GNet,3836,474.0
M3GNet,3837,474.0
M3GNet,3838,474.0
M3GNet,3839,474.0
M3GNet,3840,473.0
M3GNet,3841,474.0
M3GNet,3842,474.0
M3GNet,3843,475.0
M3GNet,3844,475.0
M3GNet,3845,474.0
M3GNet,3846,474.0
M3GNet,3847,474.0
M3GNet,3848,475.0
M3GNet,3849,475.0
M3GNet,3850,475.0
M3GNet,3851,475.0
M3GNet,3852,475.0
M3GNet,3853,475.0
M3GNet,3854,475.0
M3GNet,3855,476.0
M3GNet,3856,476.0
M3GNet,3857,476.0
M3GNet,3858,477.0
M3GNet,3859,477.0
M3GNet,3860,477.0
M3GNet,3861,477.0
M3GNet,3862,477.0
M3GNet,3863,477.0
M3GNet,3864,477.0
M3GNet,3865,477.0
M3GNet,3866,477.0
M3GNet,3867,477.0
M3GNet,3868,477.0
M3GNet,3869,477.0
M3GNet,3870,477.0
M3GNet,3871,477.0
M3GNet,3872,477.0
M3GNet,3873,477.0
M3GNet,3874,476.0
M3GNet,3875,477.0
M3GNet,3876,477.0
M3GNet,3877,477.0
M3GNet,3878,477.0
M3GNet,3879,477.0
M3GNet,3880,477.0
M3GNet,3881,478.0
M3GNet,3882,478.0
M3GNet,3883,479.0
M3GNet,3884,479.0
M3GNet,3885,479.0
M3GNet,3886,479.0
M3GNet,3887,479.0
M3GNet,3888,479.0
M3GNet,3889,479.0
M3GNet,3890,479.0
M3GNet,3891,479.0
M3GNet,3892,479.0
M3GNet,3893,479.0
M3GNet,3894,479.0
M3GNet,3895,479.0
M3GNet,3896,479.0
M3GNet,3897,480.0
M3GNet,3898,480.0
M3GNet,3899,480.0
M3GNet,3900,480.0
M3GNet,3901,480.0
M3GNet,3902,480.0
M3GNet,3903,481.0
M3GNet,3904,481.0
M3GNet,3905,481.0
M3GNet,3906,481.0
M3GNet,3907,481.0
M3GNet,3908,481.0
M3GNet,3909,481.0
M3GNet,3910,481.0
M3GNet,3911,481.0
M3GNet,3912,481.0
M3GNet,3913,480.0
M3GNet,3914,480.0
M3GNet,3915,480.0
M3GNet,3916,480.0
M3GNet,3917,480.0
M3GNet,3918,480.0
M3GNet,3919,479.0
M3GNet,3920,479.0
M3GNet,3921,479.0
M3GNet,3922,479.0
M3GNet,3923,479.0
M3GNet,3924,479.0
M3GNet,3925,479.0
M3GNet,3926,480.0
M3GNet,3927,479.0
M3GNet,3928,479.0
M3GNet,3929,479.0
M3GNet,3930,479.0
M3GNet,3931,479.0
M3GNet,3932,479.0
M3GNet,3933,480.0
M3GNet,3934,480.0
M3GNet,3935,480.0
M3GNet,3936,480.0
M3GNet,3937,480.0
M3GNet,3938,480.0
M3GNet,3939,481.0
M3GNet,3940,482.0
M3GNet,3941,482.0
M3GNet,3942,482.0
M3GNet,3943,482.0
M3GNet,3944,482.0
M3GNet,3945,482.0
M3GNet,3946,482.0
M3GNet,3947,482.0
M3GNet,3948,482.0
M3GNet,3949,482.0
M3GNet,3950,482.0
M3GNet,3951,481.0
M3GNet,3952,481.0
M3GNet,3953,481.0
M3GNet,3954,481.0
M3GNet,3955,481.0
M3GNet,3956,481.0
M3GNet,3957,481.0
M3GNet,3958,481.0
M3GNet,3959,481.0
M3GNet,3960,481.0
M3GNet,3961,481.0
M3GNet,3962,481.0
M3GNet,3963,481.0
M3GNet,3964,482.0
M3GNet,3965,482.0
M3GNet,3966,482.0
M3GNet,3967,482.0
M3GNet,3968,483.0
M3GNet,3969,483.0
M3GNet,3970,482.0
M3GNet,3971,483.0
M3GNet,3972,483.0
M3GNet,3973,483.0
M3GNet,3974,484.0
M3GNet,3975,484.0
M3GNet,3976,484.0
M3GNet,3977,483.0
M3GNet,3978,483.0
M3GNet,3979,483.0
M3GNet,3980,483.0
M3GNet,3981,484.0
M3GNet,3982,484.0
M3GNet,3983,485.0
M3GNet,3984,485.0
M3GNet,3985,485.0
M3GNet,3986,485.0
M3GNet,3987,486.0
M3GNet,3988,487.0
M3GNet,3989,487.0
M3GNet,3990,487.0
M3GNet,3991,487.0
M3GNet,3992,487.0
M3GNet,3993,487.0
M3GNet,3994,487.0
M3GNet,3995,487.0
M3GNet,3996,487.0
M3GNet,3997,487.0
M3GNet,3998,486.0
M3GNet,3999,486.0
M3GNet,4000,486.0
M3GNet,4001,486.0
M3GNet,4002,487.0
M3GNet,4003,487.0
M3GNet,4004,486.0
M3GNet,4005,486.0
M3GNet,4006,486.0
M3GNet,4007,486.0
M3GNet,4008,487.0
M3GNet,4009,488.0
M3GNet,4010,488.0
M3GNet,4011,488.0
M3GNet,4012,488.0
M3GNet,4013,488.0
M3GNet,4014,488.0
M3GNet,4015,489.0
M3GNet,4016,489.0
M3GNet,4017,489.0
M3GNet,4018,489.0
M3GNet,4019,489.0
M3GNet,4020,490.0
M3GNet,4021,489.0
M3GNet,4022,489.0
M3GNet,4023,489.0
M3GNet,4024,490.0
M3GNet,4025,490.0
M3GNet,4026,490.0
M3GNet,4027,490.0
M3GNet,4028,490.0
M3GNet,4029,490.0
M3GNet,4030,490.0
M3GNet,4031,490.0
M3GNet,4032,490.0
M3GNet,4033,490.0
M3GNet,4034,490.0
M3GNet,4035,490.0
M3GNet,4036,490.0
M3GNet,4037,490.0
M3GNet,4038,490.0
M3GNet,4039,490.0
M3GNet,4040,491.0
M3GNet,4041,491.0
M3GNet,4042,492.0
M3GNet,4043,491.0
M3GNet,4044,491.0
M3GNet,4045,491.0
M3GNet,4046,490.0
M3GNet,4047,491.0
M3GNet,4048,491.0
M3GNet,4049,491.0
M3GNet,4050,491.0
M3GNet,4051,491.0
M3GNet,4052,491.0
M3GNet,4053,491.0
M3GNet,4054,491.0
M3GNet,4055,491.0
M3GNet,4056,491.0
M3GNet,4057,491.0
M3GNet,4058,492.0
M3GNet,4059,492.0
M3GNet,4060,492.0
M3GNet,4061,492.0
M3GNet,4062,492.0
M3GNet,4063,493.0
M3GNet,4064,493.0
M3GNet,4065,493.0
M3GNet,4066,493.0
M3GNet,4067,493.0
M3GNet,4068,493.0
M3GNet,4069,493.0
M3GNet,4070,493.0
M3GNet,4071,493.0
M3GNet,4072,493.0
M3GNet,4073,493.0
M3GNet,4074,493.0
M3GNet,4075,493.0
M3GNet,4076,494.0
M3GNet,4077,495.0
M3GNet,4078,495.0
M3GNet,4079,495.0
M3GNet,4080,496.0
M3GNet,4081,496.0
M3GNet,4082,496.0
M3GNet,4083,496.0
M3GNet,4084,496.0
M3GNet,4085,497.0
M3GNet,4086,497.0
M3GNet,4087,497.0
M3GNet,4088,496.0
M3GNet,4089,496.0
M3GNet,4090,497.0
M3GNet,4091,497.0
M3GNet,4092,497.0
M3GNet,4093,497.0
M3GNet,4094,497.0
M3GNet,4095,497.0
M3GNet,4096,497.0
M3GNet,4097,498.0
M3GNet,4098,498.0
M3GNet,4099,498.0
M3GNet,4100,498.0
M3GNet,4101,498.0
M3GNet,4102,498.0
M3GNet,4103,498.0
M3GNet,4104,498.0
M3GNet,4105,498.0
M3GNet,4106,498.0
M3GNet,4107,498.0
M3GNet,4108,498.0
M3GNet,4109,498.0
M3GNet,4110,499.0
M3GNet,4111,499.0
M3GNet,4112,499.0
M3GNet,4113,498.0
M3GNet,4114,499.0
M3GNet,4115,499.0
M3GNet,4116,499.0
M3GNet,4117,499.0
M3GNet,4118,499.0
M3GNet,4119,499.0
M3GNet,4120,499.0
M3GNet,4121,499.0
M3GNet,4122,500.0
M3GNet,4123,500.0
M3GNet,4124,500.0
M3GNet,4125,500.0
M3GNet,4126,500.0
M3GNet,4127,500.0
M3GNet,4128,501.0
M3GNet,4129,501.0
M3GNet,4130,502.0
M3GNet,4131,502.0
M3GNet,4132,502.0
M3GNet,4133,502.0
M3GNet,4134,502.0
M3GNet,4135,503.0
M3GNet,4136,503.0
M3GNet,4137,503.0
M3GNet,4138,503.0
M3GNet,4139,504.0
M3GNet,4140,504.0
M3GNet,4141,504.0
M3GNet,4142,503.0
M3GNet,4143,503.0
M3GNet,4144,503.0
M3GNet,4145,503.0
M3GNet,4146,504.0
M3GNet,4147,505.0
M3GNet,4148,506.0
M3GNet,4149,506.0
M3GNet,4150,506.0
M3GNet,4151,506.0
M3GNet,4152,506.0
M3GNet,4153,506.0
M3GNet,4154,506.0
M3GNet,4155,506.0
M3GNet,4156,506.0
M3GNet,4157,506.0
M3GNet,4158,506.0
M3GNet,4159,506.0
M3GNet,4160,506.0
M3GNet,4161,506.0
M3GNet,4162,506.0
M3GNet,4163,507.0
M3GNet,4164,507.0
M3GNet,4165,507.0
M3GNet,4166,507.0
M3GNet,4167,507.0
M3GNet,4168,507.0
M3GNet,4169,507.0
M3GNet,4170,508.0
M3GNet,4171,508.0
M3GNet,4172,509.0
M3GNet,4173,510.0
M3GNet,4174,510.0
M3GNet,4175,511.0
M3GNet,4176,511.0
M3GNet,4177,511.0
M3GNet,4178,512.0
M3GNet,4179,512.0
M3GNet,4180,512.0
M3GNet,4181,511.0
M3GNet,4182,512.0
M3GNet,4183,512.0
M3GNet,4184,512.0
M3GNet,4185,512.0
M3GNet,4186,513.0
M3GNet,4187,513.0
M3GNet,4188,513.0
M3GNet,4189,514.0
M3GNet,4190,515.0
M3GNet,4191,514.0
M3GNet,4192,514.0
M3GNet,4193,514.0
M3GNet,4194,514.0
M3GNet,4195,514.0
M3GNet,4196,514.0
M3GNet,4197,514.0
M3GNet,4198,514.0
M3GNet,4199,515.0
M3GNet,4200,516.0
M3GNet,4201,516.0
M3GNet,4202,515.0
M3GNet,4203,515.0
M3GNet,4204,515.0
M3GNet,4205,515.0
M3GNet,4206,515.0
M3GNet,4207,514.0
M3GNet,4208,514.0
M3GNet,4209,514.0
M3GNet,4210,514.0
M3GNet,4211,514.0
M3GNet,4212,514.0
M3GNet,4213,514.0
M3GNet,4214,514.0
M3GNet,4215,514.0
M3GNet,4216,515.0
M3GNet,4217,515.0
M3GNet,4218,516.0
M3GNet,4219,516.0
M3GNet,4220,517.0
M3GNet,4221,518.0
M3GNet,4222,518.0
M3GNet,4223,517.0
M3GNet,4224,517.0
M3GNet,4225,517.0
M3GNet,4226,518.0
M3GNet,4227,518.0
M3GNet,4228,518.0
M3GNet,4229,517.0
M3GNet,4230,517.0
M3GNet,4231,517.0
M3GNet,4232,517.0
M3GNet,4233,518.0
M3GNet,4234,518.0
M3GNet,4235,518.0
M3GNet,4236,518.0
M3GNet,4237,518.0
M3GNet,4238,518.0
M3GNet,4239,518.0
M3GNet,4240,518.0
M3GNet,4241,519.0
M3GNet,4242,519.0
M3GNet,4243,519.0
M3GNet,4244,519.0
M3GNet,4245,520.0
M3GNet,4246,520.0
M3GNet,4247,521.0
M3GNet,4248,520.0
M3GNet,4249,521.0
M3GNet,4250,522.0
M3GNet,4251,522.0
M3GNet,4252,522.0
M3GNet,4253,522.0
M3GNet,4254,521.0
M3GNet,4255,521.0
M3GNet,4256,522.0
M3GNet,4257,522.0
M3GNet,4258,522.0
M3GNet,4259,522.0
M3GNet,4260,523.0
M3GNet,4261,523.0
M3GNet,4262,523.0
M3GNet,4263,523.0
M3GNet,4264,523.0
M3GNet,4265,523.0
M3GNet,4266,523.0
M3GNet,4267,523.0
M3GNet,4268,524.0
M3GNet,4269,524.0
M3GNet,4270,524.0
M3GNet,4271,524.0
M3GNet,4272,524.0
M3GNet,4273,524.0
M3GNet,4274,524.0
M3GNet,4275,524.0
M3GNet,4276,524.0
M3GNet,4277,524.0
M3GNet,4278,525.0
M3GNet,4279,525.0
M3GNet,4280,525.0
M3GNet,4281,525.0
M3GNet,4282,524.0
M3GNet,4283,524.0
M3GNet,4284,523.0
M3GNet,4285,523.0
M3GNet,4286,523.0
M3GNet,4287,523.0
M3GNet,4288,523.0
M3GNet,4289,522.0
M3GNet,4290,522.0
M3GNet,4291,523.0
M3GNet,4292,523.0
M3GNet,4293,523.0
M3GNet,4294,523.0
M3GNet,4295,523.0
M3GNet,4296,523.0
M3GNet,4297,523.0
M3GNet,4298,523.0
M3GNet,4299,523.0
M3GNet,4300,523.0
M3GNet,4301,523.0
M3GNet,4302,523.0
M3GNet,4303,523.0
M3GNet,4304,523.0
M3GNet,4305,523.0
M3GNet,4306,523.0
M3GNet,4307,523.0
M3GNet,4308,523.0
M3GNet,4309,523.0
M3GNet,4310,523.0
M3GNet,4311,523.0
M3GNet,4312,524.0
M3GNet,4313,525.0
M3GNet,4314,525.0
M3GNet,4315,526.0
M3GNet,4316,526.0
M3GNet,4317,526.0
M3GNet,4318,526.0
M3GNet,4319,526.0
M3GNet,4320,526.0
M3GNet,4321,526.0
M3GNet,4322,526.0
M3GNet,4323,527.0
M3GNet,4324,527.0
M3GNet,4325,527.0
M3GNet,4326,527.0
M3GNet,4327,527.0
M3GNet,4328,528.0
M3GNet,4329,528.0
M3GNet,4330,528.0
M3GNet,4331,528.0
M3GNet,4332,528.0
M3GNet,4333,528.0
M3GNet,4334,528.0
M3GNet,4335,528.0
M3GNet,4336,529.0
M3GNet,4337,528.0
M3GNet,4338,528.0
M3GNet,4339,528.0
M3GNet,4340,528.0
M3GNet,4341,527.0
M3GNet,4342,527.0
M3GNet,4343,527.0
M3GNet,4344,528.0
M3GNet,4345,529.0
M3GNet,4346,529.0
M3GNet,4347,528.0
M3GNet,4348,528.0
M3GNet,4349,528.0
M3GNet,4350,528.0
M3GNet,4351,529.0
M3GNet,4352,529.0
M3GNet,4353,529.0
M3GNet,4354,529.0
M3GNet,4355,530.0
M3GNet,4356,530.0
M3GNet,4357,530.0
M3GNet,4358,530.0
M3GNet,4359,530.0
M3GNet,4360,530.0
M3GNet,4361,530.0
M3GNet,4362,530.0
M3GNet,4363,530.0
M3GNet,4364,530.0
M3GNet,4365,530.0
M3GNet,4366,530.0
M3GNet,4367,530.0
M3GNet,4368,530.0
M3GNet,4369,531.0
M3GNet,4370,530.0
M3GNet,4371,530.0
M3GNet,4372,530.0
M3GNet,4373,530.0
M3GNet,4374,530.0
M3GNet,4375,530.0
M3GNet,4376,530.0
M3GNet,4377,531.0
M3GNet,4378,531.0
M3GNet,4379,532.0
M3GNet,4380,532.0
M3GNet,4381,531.0
M3GNet,4382,531.0
M3GNet,4383,531.0
M3GNet,4384,531.0
M3GNet,4385,531.0
M3GNet,4386,531.0
M3GNet,4387,531.0
M3GNet,4388,531.0
M3GNet,4389,531.0
M3GNet,4390,531.0
M3GNet,4391,531.0
M3GNet,4392,532.0
M3GNet,4393,533.0
M3GNet,4394,533.0
M3GNet,4395,533.0
M3GNet,4396,533.0
M3GNet,4397,533.0
M3GNet,4398,533.0
M3GNet,4399,532.0
M3GNet,4400,532.0
M3GNet,4401,532.0
M3GNet,4402,532.0
M3GNet,4403,532.0
M3GNet,4404,533.0
M3GNet,4405,533.0
M3GNet,4406,533.0
M3GNet,4407,533.0
M3GNet,4408,533.0
M3GNet,4409,533.0
M3GNet,4410,533.0
M3GNet,4411,534.0
M3GNet,4412,534.0
M3GNet,4413,534.0
M3GNet,4414,535.0
M3GNet,4415,535.0
M3GNet,4416,535.0
M3GNet,4417,536.0
M3GNet,4418,536.0
M3GNet,4419,537.0
M3GNet,4420,538.0
M3GNet,4421,539.0
M3GNet,4422,539.0
M3GNet,4423,540.0
M3GNet,4424,540.0
M3GNet,4425,540.0
M3GNet,4426,540.0
M3GNet,4427,540.0
M3GNet,4428,540.0
M3GNet,4429,540.0
M3GNet,4430,540.0
M3GNet,4431,540.0
M3GNet,4432,540.0
M3GNet,4433,540.0
M3GNet,4434,540.0
M3GNet,4435,540.0
M3GNet,4436,540.0
M3GNet,4437,540.0
M3GNet,4438,540.0
M3GNet,4439,540.0
M3GNet,4440,541.0
M3GNet,4441,541.0
M3GNet,4442,541.0
M3GNet,4443,541.0
M3GNet,4444,542.0
M3GNet,4445,543.0
M3GNet,4446,543.0
M3GNet,4447,543.0
M3GNet,4448,544.0
M3GNet,4449,544.0
M3GNet,4450,544.0
M3GNet,4451,545.0
M3GNet,4452,545.0
M3GNet,4453,546.0
M3GNet,4454,546.0
M3GNet,4455,546.0
M3GNet,4456,546.0
M3GNet,4457,546.0
M3GNet,4458,546.0
M3GNet,4459,546.0
M3GNet,4460,546.0
M3GNet,4461,546.0
M3GNet,4462,546.0
M3GNet,4463,547.0
M3GNet,4464,547.0
M3GNet,4465,547.0
M3GNet,4466,548.0
M3GNet,4467,548.0
M3GNet,4468,548.0
M3GNet,4469,548.0
M3GNet,4470,548.0
M3GNet,4471,547.0
M3GNet,4472,547.0
M3GNet,4473,546.0
M3GNet,4474,546.0
M3GNet,4475,546.0
M3GNet,4476,546.0
M3GNet,4477,547.0
M3GNet,4478,546.0
M3GNet,4479,547.0
M3GNet,4480,548.0
M3GNet,4481,548.0
M3GNet,4482,548.0
M3GNet,4483,548.0
M3GNet,4484,548.0
M3GNet,4485,549.0
M3GNet,4486,549.0
M3GNet,4487,549.0
M3GNet,4488,550.0
M3GNet,4489,550.0
M3GNet,4490,550.0
M3GNet,4491,550.0
M3GNet,4492,551.0
M3GNet,4493,551.0
M3GNet,4494,551.0
M3GNet,4495,550.0
M3GNet,4496,550.0
M3GNet,4497,550.0
M3GNet,4498,550.0
M3GNet,4499,550.0
M3GNet,4500,550.0
M3GNet,4501,550.0
M3GNet,4502,550.0
M3GNet,4503,550.0
M3GNet,4504,550.0
M3GNet,4505,550.0
M3GNet,4506,550.0
M3GNet,4507,551.0
M3GNet,4508,551.0
M3GNet,4509,551.0
M3GNet,4510,551.0
M3GNet,4511,550.0
M3GNet,4512,550.0
M3GNet,4513,551.0
M3GNet,4514,551.0
M3GNet,4515,551.0
M3GNet,4516,551.0
M3GNet,4517,551.0
M3GNet,4518,551.0
M3GNet,4519,551.0
M3GNet,4520,551.0
M3GNet,4521,551.0
M3GNet,4522,551.0
M3GNet,4523,551.0
M3GNet,4524,551.0
M3GNet,4525,551.0
M3GNet,4526,551.0
M3GNet,4527,551.0
M3GNet,4528,551.0
M3GNet,4529,551.0
M3GNet,4530,552.0
M3GNet,4531,552.0
M3GNet,4532,552.0
M3GNet,4533,552.0
M3GNet,4534,552.0
M3GNet,4535,552.0
M3GNet,4536,553.0
M3GNet,4537,553.0
M3GNet,4538,553.0
M3GNet,4539,553.0
M3GNet,4540,553.0
M3GNet,4541,554.0
M3GNet,4542,554.0
M3GNet,4543,554.0
M3GNet,4544,554.0
M3GNet,4545,554.0
M3GNet,4546,554.0
M3GNet,4547,554.0
M3GNet,4548,554.0
M3GNet,4549,554.0
M3GNet,4550,554.0
M3GNet,4551,554.0
M3GNet,4552,554.0
M3GNet,4553,555.0
M3GNet,4554,555.0
M3GNet,4555,555.0
M3GNet,4556,555.0
M3GNet,4557,555.0
M3GNet,4558,555.0
M3GNet,4559,555.0
M3GNet,4560,555.0
M3GNet,4561,555.0
M3GNet,4562,555.0
M3GNet,4563,556.0
M3GNet,4564,556.0
M3GNet,4565,556.0
M3GNet,4566,556.0
M3GNet,4567,557.0
M3GNet,4568,557.0
M3GNet,4569,556.0
M3GNet,4570,557.0
M3GNet,4571,557.0
M3GNet,4572,558.0
M3GNet,4573,558.0
M3GNet,4574,558.0
M3GNet,4575,557.0
M3GNet,4576,557.0
M3GNet,4577,557.0
M3GNet,4578,557.0
M3GNet,4579,557.0
M3GNet,4580,557.0
M3GNet,4581,557.0
M3GNet,4582,557.0
M3GNet,4583,557.0
M3GNet,4584,557.0
M3GNet,4585,558.0
M3GNet,4586,557.0
M3GNet,4587,558.0
M3GNet,4588,558.0
M3GNet,4589,558.0
M3GNet,4590,558.0
M3GNet,4591,558.0
M3GNet,4592,558.0
M3GNet,4593,559.0
M3GNet,4594,559.0
M3GNet,4595,559.0
M3GNet,4596,559.0
M3GNet,4597,559.0
M3GNet,4598,559.0
M3GNet,4599,559.0
M3GNet,4600,559.0
M3GNet,4601,559.0
M3GNet,4602,560.0
M3GNet,4603,560.0
M3GNet,4604,560.0
M3GNet,4605,560.0
M3GNet,4606,560.0
M3GNet,4607,559.0
M3GNet,4608,559.0
M3GNet,4609,560.0
M3GNet,4610,560.0
M3GNet,4611,560.0
M3GNet,4612,560.0
M3GNet,4613,560.0
M3GNet,4614,559.0
M3GNet,4615,559.0
M3GNet,4616,559.0
M3GNet,4617,559.0
M3GNet,4618,559.0
M3GNet,4619,559.0
M3GNet,4620,559.0
M3GNet,4621,559.0
M3GNet,4622,559.0
M3GNet,4623,559.0
M3GNet,4624,559.0
M3GNet,4625,560.0
M3GNet,4626,560.0
M3GNet,4627,560.0
M3GNet,4628,561.0
M3GNet,4629,561.0
M3GNet,4630,561.0
M3GNet,4631,561.0
M3GNet,4632,561.0
M3GNet,4633,561.0
M3GNet,4634,561.0
M3GNet,4635,560.0
M3GNet,4636,560.0
M3GNet,4637,561.0
M3GNet,4638,562.0
M3GNet,4639,562.0
M3GNet,4640,562.0
M3GNet,4641,563.0
M3GNet,4642,563.0
M3GNet,4643,563.0
M3GNet,4644,563.0
M3GNet,4645,563.0
M3GNet,4646,563.0
M3GNet,4647,563.0
M3GNet,4648,563.0
M3GNet,4649,563.0
M3GNet,4650,562.0
M3GNet,4651,562.0
M3GNet,4652,562.0
M3GNet,4653,562.0
M3GNet,4654,561.0
M3GNet,4655,561.0
M3GNet,4656,561.0
M3GNet,4657,561.0
M3GNet,4658,560.0
M3GNet,4659,561.0
M3GNet,4660,561.0
M3GNet,4661,562.0
M3GNet,4662,562.0
M3GNet,4663,562.0
M3GNet,4664,562.0
M3GNet,4665,562.0
M3GNet,4666,562.0
M3GNet,4667,562.0
M3GNet,4668,562.0
M3GNet,4669,562.0
M3GNet,4670,562.0
M3GNet,4671,562.0
M3GNet,4672,562.0
M3GNet,4673,562.0
M3GNet,4674,561.0
M3GNet,4675,562.0
M3GNet,4676,562.0
M3GNet,4677,562.0
M3GNet,4678,562.0
M3GNet,4679,562.0
M3GNet,4680,563.0
M3GNet,4681,564.0
M3GNet,4682,564.0
M3GNet,4683,564.0
M3GNet,4684,564.0
M3GNet,4685,564.0
M3GNet,4686,564.0
M3GNet,4687,564.0
M3GNet,4688,564.0
M3GNet,4689,564.0
M3GNet,4690,564.0
M3GNet,4691,564.0
M3GNet,4692,564.0
M3GNet,4693,565.0
M3GNet,4694,565.0
M3GNet,4695,565.0
M3GNet,4696,565.0
M3GNet,4697,565.0
M3GNet,4698,566.0
M3GNet,4699,566.0
M3GNet,4700,566.0
M3GNet,4701,566.0
M3GNet,4702,566.0
M3GNet,4703,567.0
M3GNet,4704,567.0
M3GNet,4705,567.0
M3GNet,4706,567.0
M3GNet,4707,567.0
M3GNet,4708,567.0
M3GNet,4709,567.0
M3GNet,4710,568.0
M3GNet,4711,569.0
M3GNet,4712,569.0
M3GNet,4713,569.0
M3GNet,4714,570.0
M3GNet,4715,571.0
M3GNet,4716,571.0
M3GNet,4717,571.0
M3GNet,4718,571.0
M3GNet,4719,571.0
M3GNet,4720,571.0
M3GNet,4721,571.0
M3GNet,4722,570.0
M3GNet,4723,570.0
M3GNet,4724,570.0
M3GNet,4725,571.0
M3GNet,4726,572.0
M3GNet,4727,572.0
M3GNet,4728,572.0
M3GNet,4729,573.0
M3GNet,4730,573.0
M3GNet,4731,573.0
M3GNet,4732,573.0
M3GNet,4733,573.0
M3GNet,4734,573.0
M3GNet,4735,574.0
M3GNet,4736,574.0
M3GNet,4737,573.0
M3GNet,4738,573.0
M3GNet,4739,573.0
M3GNet,4740,573.0
M3GNet,4741,574.0
M3GNet,4742,574.0
M3GNet,4743,574.0
M3GNet,4744,574.0
M3GNet,4745,574.0
M3GNet,4746,574.0
M3GNet,4747,574.0
M3GNet,4748,574.0
M3GNet,4749,575.0
M3GNet,4750,575.0
M3GNet,4751,575.0
M3GNet,4752,575.0
M3GNet,4753,576.0
M3GNet,4754,576.0
M3GNet,4755,576.0
M3GNet,4756,577.0
M3GNet,4757,578.0
M3GNet,4758,578.0
M3GNet,4759,578.0
M3GNet,4760,578.0
M3GNet,4761,578.0
M3GNet,4762,578.0
M3GNet,4763,578.0
M3GNet,4764,578.0
M3GNet,4765,579.0
M3GNet,4766,579.0
M3GNet,4767,579.0
M3GNet,4768,579.0
M3GNet,4769,580.0
M3GNet,4770,580.0
M3GNet,4771,580.0
M3GNet,4772,580.0
M3GNet,4773,580.0
M3GNet,4774,580.0
M3GNet,4775,580.0
M3GNet,4776,581.0
M3GNet,4777,581.0
M3GNet,4778,582.0
M3GNet,4779,582.0
M3GNet,4780,582.0
M3GNet,4781,582.0
M3GNet,4782,582.0
M3GNet,4783,582.0
M3GNet,4784,582.0
M3GNet,4785,582.0
M3GNet,4786,583.0
M3GNet,4787,582.0
M3GNet,4788,583.0
M3GNet,4789,583.0
M3GNet,4790,583.0
M3GNet,4791,584.0
M3GNet,4792,584.0
M3GNet,4793,585.0
M3GNet,4794,585.0
M3GNet,4795,586.0
M3GNet,4796,586.0
M3GNet,4797,586.0
M3GNet,4798,586.0
M3GNet,4799,585.0
M3GNet,4800,585.0
M3GNet,4801,586.0
M3GNet,4802,586.0
M3GNet,4803,587.0
M3GNet,4804,587.0
M3GNet,4805,587.0
M3GNet,4806,587.0
M3GNet,4807,588.0
M3GNet,4808,588.0
M3GNet,4809,588.0
M3GNet,4810,588.0
M3GNet,4811,588.0
M3GNet,4812,589.0
M3GNet,4813,589.0
M3GNet,4814,589.0
M3GNet,4815,589.0
M3GNet,4816,588.0
M3GNet,4817,588.0
M3GNet,4818,588.0
M3GNet,4819,588.0
M3GNet,4820,588.0
M3GNet,4821,589.0
M3GNet,4822,589.0
M3GNet,4823,590.0
M3GNet,4824,591.0
M3GNet,4825,592.0
M3GNet,4826,592.0
M3GNet,4827,593.0
M3GNet,4828,594.0
M3GNet,4829,594.0
M3GNet,4830,594.0
M3GNet,4831,595.0
M3GNet,4832,595.0
M3GNet,4833,595.0
M3GNet,4834,595.0
M3GNet,4835,595.0
M3GNet,4836,595.0
M3GNet,4837,595.0
M3GNet,4838,596.0
M3GNet,4839,596.0
M3GNet,4840,597.0
M3GNet,4841,597.0
M3GNet,4842,597.0
M3GNet,4843,597.0
M3GNet,4844,597.0
M3GNet,4845,597.0
M3GNet,4846,597.0
M3GNet,4847,597.0
M3GNet,4848,597.0
M3GNet,4849,598.0
M3GNet,4850,597.0
M3GNet,4851,597.0
M3GNet,4852,597.0
M3GNet,4853,597.0
M3GNet,4854,597.0
M3GNet,4855,597.0
M3GNet,4856,597.0
M3GNet,4857,597.0
M3GNet,4858,597.0
M3GNet,4859,597.0
M3GNet,4860,597.0
M3GNet,4861,597.0
M3GNet,4862,597.0
M3GNet,4863,597.0
M3GNet,4864,597.0
M3GNet,4865,598.0
M3GNet,4866,599.0
M3GNet,4867,599.0
M3GNet,4868,598.0
M3GNet,4869,599.0
M3GNet,4870,599.0
M3GNet,4871,600.0
M3GNet,4872,600.0
M3GNet,4873,600.0
M3GNet,4874,600.0
M3GNet,4875,600.0
M3GNet,4876,600.0
M3GNet,4877,600.0
M3GNet,4878,600.0
M3GNet,4879,600.0
M3GNet,4880,600.0
M3GNet,4881,600.0
M3GNet,4882,600.0
M3GNet,4883,601.0
M3GNet,4884,600.0
M3GNet,4885,601.0
M3GNet,4886,601.0
M3GNet,4887,602.0
M3GNet,4888,602.0
M3GNet,4889,602.0
M3GNet,4890,602.0
M3GNet,4891,602.0
M3GNet,4892,602.0
M3GNet,4893,602.0
M3GNet,4894,603.0
M3GNet,4895,603.0
M3GNet,4896,604.0
M3GNet,4897,604.0
M3GNet,4898,604.0
M3GNet,4899,604.0
M3GNet,4900,605.0
M3GNet,4901,605.0
M3GNet,4902,605.0
M3GNet,4903,606.0
M3GNet,4904,607.0
M3GNet,4905,607.0
M3GNet,4906,607.0
M3GNet,4907,608.0
M3GNet,4908,608.0
M3GNet,4909,608.0
M3GNet,4910,608.0
M3GNet,4911,607.0
M3GNet,4912,607.0
M3GNet,4913,607.0
M3GNet,4914,607.0
M3GNet,4915,607.0
M3GNet,4916,607.0
M3GNet,4917,607.0
M3GNet,4918,607.0
M3GNet,4919,607.0
M3GNet,4920,607.0
M3GNet,4921,607.0
M3GNet,4922,607.0
M3GNet,4923,607.0
M3GNet,4924,607.0
M3GNet,4925,607.0
M3GNet,4926,607.0
M3GNet,4927,607.0
M3GNet,4928,607.0
M3GNet,4929,607.0
M3GNet,4930,607.0
M3GNet,4931,608.0
M3GNet,4932,607.0
M3GNet,4933,607.0
M3GNet,4934,607.0
M3GNet,4935,606.0
M3GNet,4936,606.0
M3GNet,4937,606.0
M3GNet,4938,606.0
M3GNet,4939,606.0
M3GNet,4940,606.0
M3GNet,4941,606.0
M3GNet,4942,606.0
M3GNet,4943,607.0
M3GNet,4944,607.0
M3GNet,4945,607.0
M3GNet,4946,608.0
M3GNet,4947,608.0
M3GNet,4948,609.0
M3GNet,4949,609.0
M3GNet,4950,609.0
M3GNet,4951,609.0
M3GNet,4952,609.0
M3GNet,4953,609.0
M3GNet,4954,609.0
M3GNet,4955,609.0
M3GNet,4956,609.0
M3GNet,4957,609.0
M3GNet,4958,610.0
M3GNet,4959,610.0
M3GNet,4960,610.0
M3GNet,4961,610.0
M3GNet,4962,610.0
M3GNet,4963,610.0
M3GNet,4964,610.0
M3GNet,4965,610.0
M3GNet,4966,610.0
M3GNet,4967,610.0
M3GNet,4968,610.0
M3GNet,4969,610.0
M3GNet,4970,610.0
M3GNet,4971,610.0
M3GNet,4972,610.0
M3GNet,4973,609.0
M3GNet,4974,609.0
M3GNet,4975,609.0
M3GNet,4976,609.0
M3GNet,4977,609.0
M3GNet,4978,609.0
M3GNet,4979,610.0
M3GNet,4980,610.0
M3GNet,4981,610.0
M3GNet,4982,609.0
M3GNet,4983,609.0
M3GNet,4984,610.0
M3GNet,4985,611.0
M3GNet,4986,611.0
M3GNet,4987,611.0
M3GNet,4988,612.0
M3GNet,4989,612.0
M3GNet,4990,612.0
M3GNet,4991,612.0
M3GNet,4992,612.0
M3GNet,4993,612.0
M3GNet,4994,612.0
M3GNet,4995,612.0
M3GNet,4996,612.0
M3GNet,4997,612.0
M3GNet,4998,612.0
M3GNet,4999,613.0
M3GNet,5000,613.0
MACE-MP,1,0.0
MACE-MP,2,0.0
MACE-MP,3,0.0
MACE-MP,4,0.0
MACE-MP,5,0.0
MACE-MP,6,0.0
MACE-MP,7,1.0
MACE-MP,8,1.0
MACE-MP,9,1.0
MACE-MP,10,1.0
MACE-MP,11,1.0
MACE-MP,12,1.0
MACE-MP,13,1.0
MACE-MP,14,1.0
MACE-MP,15,2.0
MACE-MP,16,2.0
MACE-MP,17,2.0
MACE-MP,18,3.0
MACE-MP,19,3.0
MACE-MP,20,3.0
MACE-MP,21,3.0
MACE-MP,22,3.0
MACE-MP,23,3.0
MACE-MP,24,3.0
MACE-MP,25,3.0
MACE-MP,26,2.0
MACE-MP,27,2.0
MACE-MP,28,2.0
MACE-MP,29,2.0
MACE-MP,30,2.0
MACE-MP,31,2.0
MACE-MP,32,2.0
MACE-MP,33,2.0
MACE-MP,34,3.0
MACE-MP,35,3.0
MACE-MP,36,3.0
MACE-MP,37,2.0
MACE-MP,38,2.0
MACE-MP,39,2.0
MACE-MP,40,2.0
MACE-MP,41,3.0
MACE-MP,42,2.0
MACE-MP,43,1.0
MACE-MP,44,1.0
MACE-MP,45,1.0
MACE-MP,46,2.0
MACE-MP,47,2.0
MACE-MP,48,3.0
MACE-MP,49,4.0
MACE-MP,50,5.0
MACE-MP,51,5.0
MACE-MP,52,5.0
MACE-MP,53,5.0
MACE-MP,54,6.0
MACE-MP,55,6.0
MACE-MP,56,7.0
MACE-MP,57,7.0
MACE-MP,58,7.0
MACE-MP,59,7.0
MACE-MP,60,7.0
MACE-MP,61,8.0
MACE-MP,62,8.0
MACE-MP,63,8.0
MACE-MP,64,8.0
MACE-MP,65,9.0
MACE-MP,66,9.0
MACE-MP,67,9.0
MACE-MP,68,8.0
MACE-MP,69,8.0
MACE-MP,70,8.0
MACE-MP,71,8.0
MACE-MP,72,8.0
MACE-MP,73,9.0
MACE-MP,74,10.0
MACE-MP,75,11.0
MACE-MP,76,12.0
MACE-MP,77,12.0
MACE-MP,78,12.0
MACE-MP,79,13.0
MACE-MP,80,13.0
MACE-MP,81,13.0
MACE-MP,82,14.0
MACE-MP,83,14.0
MACE-MP,84,14.0
MACE-MP,85,14.0
MACE-MP,86,14.0
MACE-MP,87,15.0
MACE-MP,88,16.0
MACE-MP,89,17.0
MACE-MP,90,17.0
MACE-MP,91,17.0
MACE-MP,92,18.0
MACE-MP,93,18.0
MACE-MP,94,19.0
MACE-MP,95,19.0
MACE-MP,96,20.0
MACE-MP,97,20.0
MACE-MP,98,20.0
MACE-MP,99,20.0
MACE-MP,100,20.0
MACE-MP,101,20.0
MACE-MP,102,19.0
MACE-MP,103,19.0
MACE-MP,104,19.0
MACE-MP,105,19.0
MACE-MP,106,20.0
MACE-MP,107,20.0
MACE-MP,108,20.0
MACE-MP,109,20.0
MACE-MP,110,20.0
MACE-MP,111,20.0
MACE-MP,112,20.0
MACE-MP,113,21.0
MACE-MP,114,21.0
MACE-MP,115,21.0
MACE-MP,116,21.0
MACE-MP,117,22.0
MACE-MP,118,22.0
MACE-MP,119,22.0
MACE-MP,120,23.0
MACE-MP,121,23.0
MACE-MP,122,23.0
MACE-MP,123,24.0
MACE-MP,124,24.0
MACE-MP,125,24.0
MACE-MP,126,24.0
MACE-MP,127,24.0
MACE-MP,128,25.0
MACE-MP,129,25.0
MACE-MP,130,25.0
MACE-MP,131,25.0
MACE-MP,132,25.0
MACE-MP,133,25.0
MACE-MP,134,25.0
MACE-MP,135,25.0
MACE-MP,136,25.0
MACE-MP,137,25.0
MACE-MP,138,25.0
MACE-MP,139,25.0
MACE-MP,140,26.0
MACE-MP,141,27.0
MACE-MP,142,27.0
MACE-MP,143,28.0
MACE-MP,144,28.0
MACE-MP,145,28.0
MACE-MP,146,28.0
MACE-MP,147,28.0
MACE-MP,148,28.0
MACE-MP,149,29.0
MACE-MP,150,29.0
MACE-MP,151,29.0
MACE-MP,152,29.0
MACE-MP,153,29.0
MACE-MP,154,30.0
MACE-MP,155,30.0
MACE-MP,156,30.0
MACE-MP,157,29.0
MACE-MP,158,29.0
MACE-MP,159,29.0
MACE-MP,160,29.0
MACE-MP,161,30.0
MACE-MP,162,30.0
MACE-MP,163,30.0
MACE-MP,164,30.0
MACE-MP,165,29.0
MACE-MP,166,29.0
MACE-MP,167,29.0
MACE-MP,168,29.0
MACE-MP,169,28.0
MACE-MP,170,29.0
MACE-MP,171,29.0
MACE-MP,172,29.0
MACE-MP,173,29.0
MACE-MP,174,29.0
MACE-MP,175,29.0
MACE-MP,176,29.0
MACE-MP,177,29.0
MACE-MP,178,29.0
MACE-MP,179,29.0
MACE-MP,180,29.0
MACE-MP,181,29.0
MACE-MP,182,29.0
MACE-MP,183,29.0
MACE-MP,184,29.0
MACE-MP,185,29.0
MACE-MP,186,29.0
MACE-MP,187,29.0
MACE-MP,188,29.0
MACE-MP,189,29.0
MACE-MP,190,29.0
MACE-MP,191,29.0
MACE-MP,192,29.0
MACE-MP,193,29.0
MACE-MP,194,29.0
MACE-MP,195,29.0
MACE-MP,196,30.0
MACE-MP,197,30.0
MACE-MP,198,31.0
MACE-MP,199,31.0
MACE-MP,200,31.0
MACE-MP,201,32.0
MACE-MP,202,33.0
MACE-MP,203,33.0
MACE-MP,204,33.0
MACE-MP,205,34.0
MACE-MP,206,34.0
MACE-MP,207,35.0
MACE-MP,208,35.0
MACE-MP,209,35.0
MACE-MP,210,36.0
MACE-MP,211,36.0
MACE-MP,212,36.0
MACE-MP,213,36.0
MACE-MP,214,36.0
MACE-MP,215,36.0
MACE-MP,216,36.0
MACE-MP,217,36.0
MACE-MP,218,36.0
MACE-MP,219,36.0
MACE-MP,220,36.0
MACE-MP,221,35.0
MACE-MP,222,35.0
MACE-MP,223,34.0
MACE-MP,224,34.0
MACE-MP,225,34.0
MACE-MP,226,34.0
MACE-MP,227,34.0
MACE-MP,228,34.0
MACE-MP,229,34.0
MACE-MP,230,34.0
MACE-MP,231,35.0
MACE-MP,232,35.0
MACE-MP,233,34.0
MACE-MP,234,34.0
MACE-MP,235,34.0
MACE-MP,236,34.0
MACE-MP,237,34.0
MACE-MP,238,35.0
MACE-MP,239,35.0
MACE-MP,240,35.0
MACE-MP,241,35.0
MACE-MP,242,35.0
MACE-MP,243,36.0
MACE-MP,244,36.0
MACE-MP,245,36.0
MACE-MP,246,37.0
MACE-MP,247,37.0
MACE-MP,248,37.0
MACE-MP,249,38.0
MACE-MP,250,39.0
MACE-MP,251,39.0
MACE-MP,252,39.0
MACE-MP,253,39.0
MACE-MP,254,39.0
MACE-MP,255,40.0
MACE-MP,256,40.0
MACE-MP,257,40.0
MACE-MP,258,41.0
MACE-MP,259,41.0
MACE-MP,260,42.0
MACE-MP,261,42.0
MACE-MP,262,42.0
MACE-MP,263,42.0
MACE-MP,264,43.0
MACE-MP,265,42.0
MACE-MP,266,43.0
MACE-MP,267,43.0
MACE-MP,268,43.0
MACE-MP,269,43.0
MACE-MP,270,43.0
MACE-MP,271,43.0
MACE-MP,272,43.0
MACE-MP,273,44.0
MACE-MP,274,45.0
MACE-MP,275,46.0
MACE-MP,276,47.0
MACE-MP,277,47.0
MACE-MP,278,48.0
MACE-MP,279,48.0
MACE-MP,280,48.0
MACE-MP,281,48.0
MACE-MP,282,48.0
MACE-MP,283,48.0
MACE-MP,284,49.0
MACE-MP,285,49.0
MACE-MP,286,49.0
MACE-MP,287,49.0
MACE-MP,288,49.0
MACE-MP,289,49.0
MACE-MP,290,49.0
MACE-MP,291,49.0
MACE-MP,292,50.0
MACE-MP,293,51.0
MACE-MP,294,51.0
MACE-MP,295,50.0
MACE-MP,296,51.0
MACE-MP,297,51.0
MACE-MP,298,51.0
MACE-MP,299,52.0
MACE-MP,300,52.0
MACE-MP,301,52.0
MACE-MP,302,52.0
MACE-MP,303,52.0
MACE-MP,304,52.0
MACE-MP,305,52.0
MACE-MP,306,52.0
MACE-MP,307,52.0
MACE-MP,308,53.0
MACE-MP,309,53.0
MACE-MP,310,53.0
MACE-MP,311,53.0
MACE-MP,312,53.0
MACE-MP,313,54.0
MACE-MP,314,54.0
MACE-MP,315,54.0
MACE-MP,316,55.0
MACE-MP,317,55.0
MACE-MP,318,54.0
MACE-MP,319,54.0
MACE-MP,320,54.0
MACE-MP,321,54.0
MACE-MP,322,53.0
MACE-MP,323,54.0
MACE-MP,324,54.0
MACE-MP,325,54.0
MACE-MP,326,54.0
MACE-MP,327,54.0
MACE-MP,328,54.0
MACE-MP,329,54.0
MACE-MP,330,54.0
MACE-MP,331,54.0
MACE-MP,332,54.0
MACE-MP,333,55.0
MACE-MP,334,55.0
MACE-MP,335,55.0
MACE-MP,336,55.0
MACE-MP,337,56.0
MACE-MP,338,56.0
MACE-MP,339,56.0
MACE-MP,340,56.0
MACE-MP,341,56.0
MACE-MP,342,56.0
MACE-MP,343,56.0
MACE-MP,344,56.0
MACE-MP,345,56.0
MACE-MP,346,56.0
MACE-MP,347,56.0
MACE-MP,348,56.0
MACE-MP,349,56.0
MACE-MP,350,57.0
MACE-MP,351,57.0
MACE-MP,352,57.0
MACE-MP,353,57.0
MACE-MP,354,58.0
MACE-MP,355,58.0
MACE-MP,356,58.0
MACE-MP,357,58.0
MACE-MP,358,59.0
MACE-MP,359,59.0
MACE-MP,360,60.0
MACE-MP,361,61.0
MACE-MP,362,61.0
MACE-MP,363,61.0
MACE-MP,364,61.0
MACE-MP,365,61.0
MACE-MP,366,61.0
MACE-MP,367,61.0
MACE-MP,368,61.0
MACE-MP,369,61.0
MACE-MP,370,61.0
MACE-MP,371,62.0
MACE-MP,372,62.0
MACE-MP,373,62.0
MACE-MP,374,62.0
MACE-MP,375,62.0
MACE-MP,376,61.0
MACE-MP,377,61.0
MACE-MP,378,61.0
MACE-MP,379,61.0
MACE-MP,380,61.0
MACE-MP,381,62.0
MACE-MP,382,62.0
MACE-MP,383,62.0
MACE-MP,384,62.0
MACE-MP,385,62.0
MACE-MP,386,62.0
MACE-MP,387,62.0
MACE-MP,388,62.0
MACE-MP,389,63.0
MACE-MP,390,63.0
MACE-MP,391,63.0
MACE-MP,392,63.0
MACE-MP,393,63.0
MACE-MP,394,64.0
MACE-MP,395,64.0
MACE-MP,396,64.0
MACE-MP,397,63.0
MACE-MP,398,63.0
MACE-MP,399,63.0
MACE-MP,400,64.0
MACE-MP,401,65.0
MACE-MP,402,65.0
MACE-MP,403,65.0
MACE-MP,404,65.0
MACE-MP,405,65.0
MACE-MP,406,65.0
MACE-MP,407,65.0
MACE-MP,408,65.0
MACE-MP,409,65.0
MACE-MP,410,66.0
MACE-MP,411,66.0
MACE-MP,412,67.0
MACE-MP,413,67.0
MACE-MP,414,67.0
MACE-MP,415,67.0
MACE-MP,416,68.0
MACE-MP,417,68.0
MACE-MP,418,68.0
MACE-MP,419,68.0
MACE-MP,420,68.0
MACE-MP,421,68.0
MACE-MP,422,68.0
MACE-MP,423,68.0
MACE-MP,424,68.0
MACE-MP,425,68.0
MACE-MP,426,68.0
MACE-MP,427,68.0
MACE-MP,428,68.0
MACE-MP,429,68.0
MACE-MP,430,68.0
MACE-MP,431,69.0
MACE-MP,432,69.0
MACE-MP,433,69.0
MACE-MP,434,69.0
MACE-MP,435,69.0
MACE-MP,436,69.0
MACE-MP,437,69.0
MACE-MP,438,69.0
MACE-MP,439,69.0
MACE-MP,440,69.0
MACE-MP,441,69.0
MACE-MP,442,69.0
MACE-MP,443,69.0
MACE-MP,444,69.0
MACE-MP,445,69.0
MACE-MP,446,69.0
MACE-MP,447,69.0
MACE-MP,448,70.0
MACE-MP,449,70.0
MACE-MP,450,70.0
MACE-MP,451,71.0
MACE-MP,452,71.0
MACE-MP,453,71.0
MACE-MP,454,71.0
MACE-MP,455,71.0
MACE-MP,456,72.0
MACE-MP,457,73.0
MACE-MP,458,73.0
MACE-MP,459,73.0
MACE-MP,460,73.0
MACE-MP,461,73.0
MACE-MP,462,73.0
MACE-MP,463,73.0
MACE-MP,464,73.0
MACE-MP,465,73.0
MACE-MP,466,73.0
MACE-MP,467,73.0
MACE-MP,468,73.0
MACE-MP,469,74.0
MACE-MP,470,73.0
MACE-MP,471,73.0
MACE-MP,472,72.0
MACE-MP,473,72.0
MACE-MP,474,72.0
MACE-MP,475,72.0
MACE-MP,476,71.0
MACE-MP,477,70.0
MACE-MP,478,70.0
MACE-MP,479,70.0
MACE-MP,480,70.0
MACE-MP,481,70.0
MACE-MP,482,71.0
MACE-MP,483,71.0
MACE-MP,484,71.0
MACE-MP,485,72.0
MACE-MP,486,72.0
MACE-MP,487,72.0
MACE-MP,488,72.0
MACE-MP,489,73.0
MACE-MP,490,73.0
MACE-MP,491,74.0
MACE-MP,492,74.0
MACE-MP,493,74.0
MACE-MP,494,74.0
MACE-MP,495,74.0
MACE-MP,496,74.0
MACE-MP,497,74.0
MACE-MP,498,74.0
MACE-MP,499,74.0
MACE-MP,500,74.0
MACE-MP,501,74.0
MACE-MP,502,74.0
MACE-MP,503,74.0
MACE-MP,504,74.0
MACE-MP,505,74.0
MACE-MP,506,74.0
MACE-MP,507,74.0
MACE-MP,508,74.0
MACE-MP,509,74.0
MACE-MP,510,74.0
MACE-MP,511,74.0
MACE-MP,512,75.0
MACE-MP,513,75.0
MACE-MP,514,75.0
MACE-MP,515,75.0
MACE-MP,516,75.0
MACE-MP,517,75.0
MACE-MP,518,75.0
MACE-MP,519,75.0
MACE-MP,520,75.0
MACE-MP,521,75.0
MACE-MP,522,75.0
MACE-MP,523,75.0
MACE-MP,524,75.0
MACE-MP,525,75.0
MACE-MP,526,75.0
MACE-MP,527,75.0
MACE-MP,528,75.0
MACE-MP,529,75.0
MACE-MP,530,75.0
MACE-MP,531,75.0
MACE-MP,532,75.0
MACE-MP,533,75.0
MACE-MP,534,76.0
MACE-MP,535,77.0
MACE-MP,536,77.0
MACE-MP,537,77.0
MACE-MP,538,78.0
MACE-MP,539,78.0
MACE-MP,540,78.0
MACE-MP,541,78.0
MACE-MP,542,78.0
MACE-MP,543,78.0
MACE-MP,544,78.0
MACE-MP,545,79.0
MACE-MP,546,80.0
MACE-MP,547,80.0
MACE-MP,548,80.0
MACE-MP,549,80.0
MACE-MP,550,80.0
MACE-MP,551,80.0
MACE-MP,552,81.0
MACE-MP,553,80.0
MACE-MP,554,80.0
MACE-MP,555,80.0
MACE-MP,556,80.0
MACE-MP,557,81.0
MACE-MP,558,82.0
MACE-MP,559,82.0
MACE-MP,560,82.0
MACE-MP,561,83.0
MACE-MP,562,82.0
MACE-MP,563,82.0
MACE-MP,564,81.0
MACE-MP,565,81.0
MACE-MP,566,81.0
MACE-MP,567,81.0
MACE-MP,568,82.0
MACE-MP,569,82.0
MACE-MP,570,83.0
MACE-MP,571,83.0
MACE-MP,572,84.0
MACE-MP,573,84.0
MACE-MP,574,85.0
MACE-MP,575,85.0
MACE-MP,576,86.0
MACE-MP,577,87.0
MACE-MP,578,87.0
MACE-MP,579,87.0
MACE-MP,580,87.0
MACE-MP,581,87.0
MACE-MP,582,88.0
MACE-MP,583,88.0
MACE-MP,584,88.0
MACE-MP,585,88.0
MACE-MP,586,88.0
MACE-MP,587,89.0
MACE-MP,588,89.0
MACE-MP,589,89.0
MACE-MP,590,89.0
MACE-MP,591,89.0
MACE-MP,592,89.0
MACE-MP,593,88.0
MACE-MP,594,88.0
MACE-MP,595,89.0
MACE-MP,596,89.0
MACE-MP,597,89.0
MACE-MP,598,89.0
MACE-MP,599,89.0
MACE-MP,600,90.0
MACE-MP,601,90.0
MACE-MP,602,91.0
MACE-MP,603,91.0
MACE-MP,604,91.0
MACE-MP,605,91.0
MACE-MP,606,91.0
MACE-MP,607,91.0
MACE-MP,608,91.0
MACE-MP,609,92.0
MACE-MP,610,92.0
MACE-MP,611,92.0
MACE-MP,612,93.0
MACE-MP,613,93.0
MACE-MP,614,93.0
MACE-MP,615,93.0
MACE-MP,616,93.0
MACE-MP,617,94.0
MACE-MP,618,94.0
MACE-MP,619,94.0
MACE-MP,620,95.0
MACE-MP,621,96.0
MACE-MP,622,95.0
MACE-MP,623,96.0
MACE-MP,624,96.0
MACE-MP,625,96.0
MACE-MP,626,97.0
MACE-MP,627,97.0
MACE-MP,628,97.0
MACE-MP,629,97.0
MACE-MP,630,97.0
MACE-MP,631,97.0
MACE-MP,632,97.0
MACE-MP,633,97.0
MACE-MP,634,97.0
MACE-MP,635,97.0
MACE-MP,636,97.0
MACE-MP,637,97.0
MACE-MP,638,97.0
MACE-MP,639,97.0
MACE-MP,640,97.0
MACE-MP,641,97.0
MACE-MP,642,97.0
MACE-MP,643,98.0
MACE-MP,644,98.0
MACE-MP,645,98.0
MACE-MP,646,98.0
MACE-MP,647,98.0
MACE-MP,648,98.0
MACE-MP,649,99.0
MACE-MP,650,98.0
MACE-MP,651,98.0
MACE-MP,652,99.0
MACE-MP,653,99.0
MACE-MP,654,99.0
MACE-MP,655,99.0
MACE-MP,656,100.0
MACE-MP,657,100.0
MACE-MP,658,100.0
MACE-MP,659,100.0
MACE-MP,660,100.0
MACE-MP,661,101.0
MACE-MP,662,102.0
MACE-MP,663,102.0
MACE-MP,664,103.0
MACE-MP,665,103.0
MACE-MP,666,103.0
MACE-MP,667,103.0
MACE-MP,668,103.0
MACE-MP,669,103.0
MACE-MP,670,103.0
MACE-MP,671,103.0
MACE-MP,672,103.0
MACE-MP,673,103.0
MACE-MP,674,104.0
MACE-MP,675,105.0
MACE-MP,676,105.0
MACE-MP,677,105.0
MACE-MP,678,105.0
MACE-MP,679,104.0
MACE-MP,680,104.0
MACE-MP,681,103.0
MACE-MP,682,103.0
MACE-MP,683,103.0
MACE-MP,684,103.0
MACE-MP,685,103.0
MACE-MP,686,103.0
MACE-MP,687,103.0
MACE-MP,688,103.0
MACE-MP,689,104.0
MACE-MP,690,104.0
MACE-MP,691,104.0
MACE-MP,692,104.0
MACE-MP,693,104.0
MACE-MP,694,104.0
MACE-MP,695,104.0
MACE-MP,696,104.0
MACE-MP,697,104.0
MACE-MP,698,104.0
MACE-MP,699,105.0
MACE-MP,700,105.0
MACE-MP,701,105.0
MACE-MP,702,105.0
MACE-MP,703,106.0
MACE-MP,704,106.0
MACE-MP,705,107.0
MACE-MP,706,107.0
MACE-MP,707,107.0
MACE-MP,708,107.0
MACE-MP,709,107.0
MACE-MP,710,107.0
MACE-MP,711,107.0
MACE-MP,712,107.0
MACE-MP,713,107.0
MACE-MP,714,107.0
MACE-MP,715,107.0
MACE-MP,716,107.0
MACE-MP,717,107.0
MACE-MP,718,107.0
MACE-MP,719,107.0
MACE-MP,720,107.0
MACE-MP,721,108.0
MACE-MP,722,108.0
MACE-MP,723,108.0
MACE-MP,724,108.0
MACE-MP,725,109.0
MACE-MP,726,110.0
MACE-MP,727,110.0
MACE-MP,728,110.0
MACE-MP,729,110.0
MACE-MP,730,110.0
MACE-MP,731,110.0
MACE-MP,732,110.0
MACE-MP,733,111.0
MACE-MP,734,111.0
MACE-MP,735,111.0
MACE-MP,736,111.0
MACE-MP,737,111.0
MACE-MP,738,111.0
MACE-MP,739,111.0
MACE-MP,740,111.0
MACE-MP,741,111.0
MACE-MP,742,111.0
MACE-MP,743,112.0
MACE-MP,744,113.0
MACE-MP,745,113.0
MACE-MP,746,113.0
MACE-MP,747,114.0
MACE-MP,748,114.0
MACE-MP,749,114.0
MACE-MP,750,115.0
MACE-MP,751,115.0
MACE-MP,752,115.0
MACE-MP,753,115.0
MACE-MP,754,115.0
MACE-MP,755,116.0
MACE-MP,756,116.0
MACE-MP,757,116.0
MACE-MP,758,117.0
MACE-MP,759,118.0
MACE-MP,760,118.0
MACE-MP,761,118.0
MACE-MP,762,118.0
MACE-MP,763,118.0
MACE-MP,764,119.0
MACE-MP,765,119.0
MACE-MP,766,119.0
MACE-MP,767,119.0
MACE-MP,768,119.0
MACE-MP,769,120.0
MACE-MP,770,120.0
MACE-MP,771,120.0
MACE-MP,772,121.0
MACE-MP,773,121.0
MACE-MP,774,121.0
MACE-MP,775,121.0
MACE-MP,776,121.0
MACE-MP,777,121.0
MACE-MP,778,122.0
MACE-MP,779,122.0
MACE-MP,780,122.0
MACE-MP,781,122.0
MACE-MP,782,123.0
MACE-MP,783,123.0
MACE-MP,784,123.0
MACE-MP,785,123.0
MACE-MP,786,123.0
MACE-MP,787,123.0
MACE-MP,788,124.0
MACE-MP,789,125.0
MACE-MP,790,125.0
MACE-MP,791,125.0
MACE-MP,792,126.0
MACE-MP,793,127.0
MACE-MP,794,127.0
MACE-MP,795,127.0
MACE-MP,796,127.0
MACE-MP,797,127.0
MACE-MP,798,127.0
MACE-MP,799,128.0
MACE-MP,800,128.0
MACE-MP,801,129.0
MACE-MP,802,129.0
MACE-MP,803,129.0
MACE-MP,804,129.0
MACE-MP,805,129.0
MACE-MP,806,129.0
MACE-MP,807,129.0
MACE-MP,808,128.0
MACE-MP,809,128.0
MACE-MP,810,128.0
MACE-MP,811,128.0
MACE-MP,812,129.0
MACE-MP,813,129.0
MACE-MP,814,130.0
MACE-MP,815,130.0
MACE-MP,816,130.0
MACE-MP,817,131.0
MACE-MP,818,131.0
MACE-MP,819,132.0
MACE-MP,820,132.0
MACE-MP,821,133.0
MACE-MP,822,133.0
MACE-MP,823,133.0
MACE-MP,824,133.0
MACE-MP,825,133.0
MACE-MP,826,133.0
MACE-MP,827,133.0
MACE-MP,828,133.0
MACE-MP,829,133.0
MACE-MP,830,133.0
MACE-MP,831,133.0
MACE-MP,832,133.0
MACE-MP,833,133.0
MACE-MP,834,133.0
MACE-MP,835,133.0
MACE-MP,836,133.0
MACE-MP,837,134.0
MACE-MP,838,134.0
MACE-MP,839,134.0
MACE-MP,840,135.0
MACE-MP,841,136.0
MACE-MP,842,137.0
MACE-MP,843,137.0
MACE-MP,844,137.0
MACE-MP,845,137.0
MACE-MP,846,137.0
MACE-MP,847,137.0
MACE-MP,848,137.0
MACE-MP,849,137.0
MACE-MP,850,137.0
MACE-MP,851,137.0
MACE-MP,852,137.0
MACE-MP,853,137.0
MACE-MP,854,138.0
MACE-MP,855,138.0
MACE-MP,856,138.0
MACE-MP,857,139.0
MACE-MP,858,139.0
MACE-MP,859,139.0
MACE-MP,860,139.0
MACE-MP,861,138.0
MACE-MP,862,138.0
MACE-MP,863,138.0
MACE-MP,864,138.0
MACE-MP,865,138.0
MACE-MP,866,139.0
MACE-MP,867,139.0
MACE-MP,868,138.0
MACE-MP,869,138.0
MACE-MP,870,138.0
MACE-MP,871,138.0
MACE-MP,872,138.0
MACE-MP,873,138.0
MACE-MP,874,138.0
MACE-MP,875,138.0
MACE-MP,876,138.0
MACE-MP,877,138.0
MACE-MP,878,138.0
MACE-MP,879,138.0
MACE-MP,880,138.0
MACE-MP,881,138.0
MACE-MP,882,137.0
MACE-MP,883,138.0
MACE-MP,884,138.0
MACE-MP,885,139.0
MACE-MP,886,140.0
MACE-MP,887,140.0
MACE-MP,888,140.0
MACE-MP,889,140.0
MACE-MP,890,140.0
MACE-MP,891,140.0
MACE-MP,892,140.0
MACE-MP,893,140.0
MACE-MP,894,140.0
MACE-MP,895,140.0
MACE-MP,896,141.0
MACE-MP,897,141.0
MACE-MP,898,141.0
MACE-MP,899,142.0
MACE-MP,900,142.0
MACE-MP,901,143.0
MACE-MP,902,143.0
MACE-MP,903,143.0
MACE-MP,904,143.0
MACE-MP,905,143.0
MACE-MP,906,143.0
MACE-MP,907,143.0
MACE-MP,908,143.0
MACE-MP,909,144.0
MACE-MP,910,144.0
MACE-MP,911,145.0
MACE-MP,912,145.0
MACE-MP,913,145.0
MACE-MP,914,145.0
MACE-MP,915,145.0
MACE-MP,916,145.0
MACE-MP,917,145.0
MACE-MP,918,145.0
MACE-MP,919,145.0
MACE-MP,920,145.0
MACE-MP,921,145.0
MACE-MP,922,145.0
MACE-MP,923,145.0
MACE-MP,924,145.0
MACE-MP,925,145.0
MACE-MP,926,145.0
MACE-MP,927,146.0
MACE-MP,928,146.0
MACE-MP,929,146.0
MACE-MP,930,147.0
MACE-MP,931,148.0
MACE-MP,932,148.0
MACE-MP,933,148.0
MACE-MP,934,148.0
MACE-MP,935,148.0
MACE-MP,936,148.0
MACE-MP,937,149.0
MACE-MP,938,150.0
MACE-MP,939,150.0
MACE-MP,940,150.0
MACE-MP,941,150.0
MACE-MP,942,150.0
MACE-MP,943,150.0
MACE-MP,944,151.0
MACE-MP,945,151.0
MACE-MP,946,151.0
MACE-MP,947,152.0
MACE-MP,948,152.0
MACE-MP,949,152.0
MACE-MP,950,152.0
MACE-MP,951,152.0
MACE-MP,952,152.0
MACE-MP,953,152.0
MACE-MP,954,152.0
MACE-MP,955,152.0
MACE-MP,956,151.0
MACE-MP,957,151.0
MACE-MP,958,151.0
MACE-MP,959,152.0
MACE-MP,960,153.0
MACE-MP,961,154.0
MACE-MP,962,154.0
MACE-MP,963,155.0
MACE-MP,964,155.0
MACE-MP,965,155.0
MACE-MP,966,155.0
MACE-MP,967,155.0
MACE-MP,968,155.0
MACE-MP,969,156.0
MACE-MP,970,156.0
MACE-MP,971,156.0
MACE-MP,972,156.0
MACE-MP,973,156.0
MACE-MP,974,156.0
MACE-MP,975,156.0
MACE-MP,976,156.0
MACE-MP,977,156.0
MACE-MP,978,156.0
MACE-MP,979,156.0
MACE-MP,980,156.0
MACE-MP,981,156.0
MACE-MP,982,156.0
MACE-MP,983,156.0
MACE-MP,984,156.0
MACE-MP,985,156.0
MACE-MP,986,156.0
MACE-MP,987,157.0
MACE-MP,988,157.0
MACE-MP,989,158.0
MACE-MP,990,158.0
MACE-MP,991,159.0
MACE-MP,992,159.0
MACE-MP,993,160.0
MACE-MP,994,160.0
MACE-MP,995,160.0
MACE-MP,996,160.0
MACE-MP,997,160.0
MACE-MP,998,161.0
MACE-MP,999,161.0
MACE-MP,1000,161.0
MACE-MP,1001,161.0
MACE-MP,1002,161.0
MACE-MP,1003,161.0
MACE-MP,1004,161.0
MACE-MP,1005,161.0
MACE-MP,1006,161.0
MACE-MP,1007,161.0
MACE-MP,1008,161.0
MACE-MP,1009,161.0
MACE-MP,1010,161.0
MACE-MP,1011,161.0
MACE-MP,1012,161.0
MACE-MP,1013,161.0
MACE-MP,1014,161.0
MACE-MP,1015,161.0
MACE-MP,1016,161.0
MACE-MP,1017,161.0
MACE-MP,1018,161.0
MACE-MP,1019,161.0
MACE-MP,1020,161.0
MACE-MP,1021,162.0
MACE-MP,1022,162.0
MACE-MP,1023,163.0
MACE-MP,1024,163.0
MACE-MP,1025,163.0
MACE-MP,1026,163.0
MACE-MP,1027,163.0
MACE-MP,1028,163.0
MACE-MP,1029,163.0
MACE-MP,1030,163.0
MACE-MP,1031,163.0
MACE-MP,1032,163.0
MACE-MP,1033,163.0
MACE-MP,1034,164.0
MACE-MP,1035,164.0
MACE-MP,1036,164.0
MACE-MP,1037,164.0
MACE-MP,1038,164.0
MACE-MP,1039,164.0
MACE-MP,1040,164.0
MACE-MP,1041,164.0
MACE-MP,1042,165.0
MACE-MP,1043,165.0
MACE-MP,1044,165.0
MACE-MP,1045,165.0
MACE-MP,1046,166.0
MACE-MP,1047,167.0
MACE-MP,1048,167.0
MACE-MP,1049,168.0
MACE-MP,1050,169.0
MACE-MP,1051,169.0
MACE-MP,1052,169.0
MACE-MP,1053,169.0
MACE-MP,1054,169.0
MACE-MP,1055,169.0
MACE-MP,1056,169.0
MACE-MP,1057,169.0
MACE-MP,1058,169.0
MACE-MP,1059,169.0
MACE-MP,1060,170.0
MACE-MP,1061,170.0
MACE-MP,1062,170.0
MACE-MP,1063,170.0
MACE-MP,1064,170.0
MACE-MP,1065,170.0
MACE-MP,1066,170.0
MACE-MP,1067,170.0
MACE-MP,1068,170.0
MACE-MP,1069,170.0
MACE-MP,1070,170.0
MACE-MP,1071,171.0
MACE-MP,1072,171.0
MACE-MP,1073,171.0
MACE-MP,1074,171.0
MACE-MP,1075,171.0
MACE-MP,1076,171.0
MACE-MP,1077,171.0
MACE-MP,1078,171.0
MACE-MP,1079,170.0
MACE-MP,1080,170.0
MACE-MP,1081,170.0
MACE-MP,1082,169.0
MACE-MP,1083,169.0
MACE-MP,1084,169.0
MACE-MP,1085,169.0
MACE-MP,1086,169.0
MACE-MP,1087,169.0
MACE-MP,1088,170.0
MACE-MP,1089,171.0
MACE-MP,1090,171.0
MACE-MP,1091,171.0
MACE-MP,1092,171.0
MACE-MP,1093,171.0
MACE-MP,1094,171.0
MACE-MP,1095,171.0
MACE-MP,1096,172.0
MACE-MP,1097,172.0
MACE-MP,1098,173.0
MACE-MP,1099,173.0
MACE-MP,1100,173.0
MACE-MP,1101,173.0
MACE-MP,1102,174.0
MACE-MP,1103,174.0
MACE-MP,1104,174.0
MACE-MP,1105,174.0
MACE-MP,1106,174.0
MACE-MP,1107,175.0
MACE-MP,1108,175.0
MACE-MP,1109,175.0
MACE-MP,1110,175.0
MACE-MP,1111,176.0
MACE-MP,1112,176.0
MACE-MP,1113,176.0
MACE-MP,1114,176.0
MACE-MP,1115,175.0
MACE-MP,1116,175.0
MACE-MP,1117,175.0
MACE-MP,1118,175.0
MACE-MP,1119,175.0
MACE-MP,1120,175.0
MACE-MP,1121,176.0
MACE-MP,1122,176.0
MACE-MP,1123,176.0
MACE-MP,1124,176.0
MACE-MP,1125,176.0
MACE-MP,1126,176.0
MACE-MP,1127,176.0
MACE-MP,1128,177.0
MACE-MP,1129,177.0
MACE-MP,1130,177.0
MACE-MP,1131,177.0
MACE-MP,1132,177.0
MACE-MP,1133,177.0
MACE-MP,1134,177.0
MACE-MP,1135,178.0
MACE-MP,1136,178.0
MACE-MP,1137,178.0
MACE-MP,1138,178.0
MACE-MP,1139,178.0
MACE-MP,1140,178.0
MACE-MP,1141,178.0
MACE-MP,1142,179.0
MACE-MP,1143,179.0
MACE-MP,1144,180.0
MACE-MP,1145,180.0
MACE-MP,1146,181.0
MACE-MP,1147,181.0
MACE-MP,1148,181.0
MACE-MP,1149,181.0
MACE-MP,1150,181.0
MACE-MP,1151,181.0
MACE-MP,1152,181.0
MACE-MP,1153,182.0
MACE-MP,1154,182.0
MACE-MP,1155,182.0
MACE-MP,1156,182.0
MACE-MP,1157,182.0
MACE-MP,1158,182.0
MACE-MP,1159,182.0
MACE-MP,1160,183.0
MACE-MP,1161,183.0
MACE-MP,1162,183.0
MACE-MP,1163,184.0
MACE-MP,1164,184.0
MACE-MP,1165,184.0
MACE-MP,1166,184.0
MACE-MP,1167,185.0
MACE-MP,1168,185.0
MACE-MP,1169,186.0
MACE-MP,1170,186.0
MACE-MP,1171,186.0
MACE-MP,1172,187.0
MACE-MP,1173,187.0
MACE-MP,1174,188.0
MACE-MP,1175,188.0
MACE-MP,1176,188.0
MACE-MP,1177,188.0
MACE-MP,1178,188.0
MACE-MP,1179,188.0
MACE-MP,1180,189.0
MACE-MP,1181,189.0
MACE-MP,1182,189.0
MACE-MP,1183,190.0
MACE-MP,1184,190.0
MACE-MP,1185,190.0
MACE-MP,1186,190.0
MACE-MP,1187,190.0
MACE-MP,1188,190.0
MACE-MP,1189,190.0
MACE-MP,1190,190.0
MACE-MP,1191,190.0
MACE-MP,1192,190.0
MACE-MP,1193,190.0
MACE-MP,1194,190.0
MACE-MP,1195,190.0
MACE-MP,1196,190.0
MACE-MP,1197,189.5
MACE-MP,1198,189.0
MACE-MP,1199,189.0
MACE-MP,1200,189.0
MACE-MP,1201,189.0
MACE-MP,1202,189.0
MACE-MP,1203,189.0
MACE-MP,1204,189.0
MACE-MP,1205,189.0
MACE-MP,1206,189.0
MACE-MP,1207,189.0
MACE-MP,1208,189.0
MACE-MP,1209,189.0
MACE-MP,1210,190.0
MACE-MP,1211,191.0
MACE-MP,1212,191.0
MACE-MP,1213,191.0
MACE-MP,1214,192.0
MACE-MP,1215,192.0
MACE-MP,1216,191.0
MACE-MP,1217,191.0
MACE-MP,1218,191.0
MACE-MP,1219,191.0
MACE-MP,1220,191.0
MACE-MP,1221,191.0
MACE-MP,1222,191.0
MACE-MP,1223,190.0
MACE-MP,1224,190.0
MACE-MP,1225,190.0
MACE-MP,1226,191.0
MACE-MP,1227,191.0
MACE-MP,1228,191.0
MACE-MP,1229,191.0
MACE-MP,1230,191.0
MACE-MP,1231,191.0
MACE-MP,1232,191.0
MACE-MP,1233,190.0
MACE-MP,1234,190.0
MACE-MP,1235,190.0
MACE-MP,1236,190.0
MACE-MP,1237,190.0
MACE-MP,1238,190.0
MACE-MP,1239,190.0
MACE-MP,1240,191.0
MACE-MP,1241,191.0
MACE-MP,1242,192.0
MACE-MP,1243,192.0
MACE-MP,1244,192.0
MACE-MP,1245,193.0
MACE-MP,1246,193.0
MACE-MP,1247,193.0
MACE-MP,1248,193.0
MACE-MP,1249,194.0
MACE-MP,1250,194.0
MACE-MP,1251,194.0
MACE-MP,1252,195.0
MACE-MP,1253,195.0
MACE-MP,1254,195.0
MACE-MP,1255,195.0
MACE-MP,1256,195.0
MACE-MP,1257,195.0
MACE-MP,1258,195.0
MACE-MP,1259,195.0
MACE-MP,1260,194.0
MACE-MP,1261,194.0
MACE-MP,1262,194.0
MACE-MP,1263,194.0
MACE-MP,1264,195.0
MACE-MP,1265,195.0
MACE-MP,1266,195.0
MACE-MP,1267,195.0
MACE-MP,1268,195.0
MACE-MP,1269,195.0
MACE-MP,1270,196.0
MACE-MP,1271,196.0
MACE-MP,1272,197.0
MACE-MP,1273,197.0
MACE-MP,1274,197.0
MACE-MP,1275,198.0
MACE-MP,1276,198.0
MACE-MP,1277,198.0
MACE-MP,1278,198.0
MACE-MP,1279,199.0
MACE-MP,1280,199.0
MACE-MP,1281,199.0
MACE-MP,1282,199.0
MACE-MP,1283,199.0
MACE-MP,1284,199.0
MACE-MP,1285,199.0
MACE-MP,1286,200.0
MACE-MP,1287,200.0
MACE-MP,1288,200.0
MACE-MP,1289,200.0
MACE-MP,1290,200.0
MACE-MP,1291,200.0
MACE-MP,1292,200.0
MACE-MP,1293,200.0
MACE-MP,1294,199.0
MACE-MP,1295,199.0
MACE-MP,1296,199.0
MACE-MP,1297,199.0
MACE-MP,1298,199.0
MACE-MP,1299,199.0
MACE-MP,1300,199.0
MACE-MP,1301,199.0
MACE-MP,1302,199.0
MACE-MP,1303,199.0
MACE-MP,1304,199.0
MACE-MP,1305,199.0
MACE-MP,1306,199.0
MACE-MP,1307,199.0
MACE-MP,1308,200.0
MACE-MP,1309,200.0
MACE-MP,1310,200.0
MACE-MP,1311,200.0
MACE-MP,1312,200.0
MACE-MP,1313,200.0
MACE-MP,1314,200.0
MACE-MP,1315,201.0
MACE-MP,1316,202.0
MACE-MP,1317,202.0
MACE-MP,1318,202.0
MACE-MP,1319,202.0
MACE-MP,1320,203.0
MACE-MP,1321,202.0
MACE-MP,1322,202.0
MACE-MP,1323,202.0
MACE-MP,1324,202.0
MACE-MP,1325,202.0
MACE-MP,1326,202.0
MACE-MP,1327,202.0
MACE-MP,1328,203.0
MACE-MP,1329,203.0
MACE-MP,1330,203.0
MACE-MP,1331,203.0
MACE-MP,1332,203.0
MACE-MP,1333,203.0
MACE-MP,1334,203.0
MACE-MP,1335,203.0
MACE-MP,1336,203.0
MACE-MP,1337,203.0
MACE-MP,1338,203.0
MACE-MP,1339,203.0
MACE-MP,1340,203.0
MACE-MP,1341,203.0
MACE-MP,1342,203.0
MACE-MP,1343,203.0
MACE-MP,1344,203.0
MACE-MP,1345,203.0
MACE-MP,1346,203.0
MACE-MP,1347,202.0
MACE-MP,1348,201.0
MACE-MP,1349,201.0
MACE-MP,1350,201.0
MACE-MP,1351,201.0
MACE-MP,1352,201.0
MACE-MP,1353,201.0
MACE-MP,1354,201.0
MACE-MP,1355,201.0
MACE-MP,1356,201.0
MACE-MP,1357,201.0
MACE-MP,1358,202.0
MACE-MP,1359,202.0
MACE-MP,1360,202.0
MACE-MP,1361,202.0
MACE-MP,1362,202.0
MACE-MP,1363,202.0
MACE-MP,1364,203.0
MACE-MP,1365,203.0
MACE-MP,1366,203.0
MACE-MP,1367,203.0
MACE-MP,1368,203.0
MACE-MP,1369,203.0
MACE-MP,1370,203.0
MACE-MP,1371,202.0
MACE-MP,1372,201.0
MACE-MP,1373,201.0
MACE-MP,1374,201.0
MACE-MP,1375,201.0
MACE-MP,1376,201.0
MACE-MP,1377,202.0
MACE-MP,1378,202.0
MACE-MP,1379,202.0
MACE-MP,1380,202.0
MACE-MP,1381,202.0
MACE-MP,1382,201.0
MACE-MP,1383,201.0
MACE-MP,1384,202.0
MACE-MP,1385,202.0
MACE-MP,1386,202.0
MACE-MP,1387,202.0
MACE-MP,1388,203.0
MACE-MP,1389,204.0
MACE-MP,1390,204.0
MACE-MP,1391,204.0
MACE-MP,1392,204.0
MACE-MP,1393,204.0
MACE-MP,1394,204.0
MACE-MP,1395,205.0
MACE-MP,1396,205.0
MACE-MP,1397,205.0
MACE-MP,1398,205.0
MACE-MP,1399,205.0
MACE-MP,1400,205.0
MACE-MP,1401,204.0
MACE-MP,1402,204.0
MACE-MP,1403,204.0
MACE-MP,1404,204.0
MACE-MP,1405,204.0
MACE-MP,1406,204.0
MACE-MP,1407,204.0
MACE-MP,1408,204.0
MACE-MP,1409,204.0
MACE-MP,1410,204.0
MACE-MP,1411,204.0
MACE-MP,1412,205.0
MACE-MP,1413,205.0
MACE-MP,1414,206.0
MACE-MP,1415,207.0
MACE-MP,1416,208.0
MACE-MP,1417,208.0
MACE-MP,1418,208.0
MACE-MP,1419,209.0
MACE-MP,1420,209.0
MACE-MP,1421,209.0
MACE-MP,1422,208.0
MACE-MP,1423,208.0
MACE-MP,1424,208.0
MACE-MP,1425,208.0
MACE-MP,1426,208.0
MACE-MP,1427,208.0
MACE-MP,1428,208.0
MACE-MP,1429,207.0
MACE-MP,1430,207.0
MACE-MP,1431,207.0
MACE-MP,1432,207.0
MACE-MP,1433,207.0
MACE-MP,1434,207.0
MACE-MP,1435,207.0
MACE-MP,1436,207.0
MACE-MP,1437,207.0
MACE-MP,1438,207.0
MACE-MP,1439,206.0
MACE-MP,1440,206.0
MACE-MP,1441,206.0
MACE-MP,1442,206.0
MACE-MP,1443,206.0
MACE-MP,1444,206.0
MACE-MP,1445,206.0
MACE-MP,1446,207.0
MACE-MP,1447,207.0
MACE-MP,1448,207.0
MACE-MP,1449,207.0
MACE-MP,1450,208.0
MACE-MP,1451,208.0
MACE-MP,1452,208.0
MACE-MP,1453,209.0
MACE-MP,1454,209.0
MACE-MP,1455,209.0
MACE-MP,1456,209.0
MACE-MP,1457,209.0
MACE-MP,1458,209.0
MACE-MP,1459,209.0
MACE-MP,1460,209.0
MACE-MP,1461,209.0
MACE-MP,1462,209.0
MACE-MP,1463,209.0
MACE-MP,1464,209.0
MACE-MP,1465,209.0
MACE-MP,1466,209.0
MACE-MP,1467,209.0
MACE-MP,1468,210.0
MACE-MP,1469,210.0
MACE-MP,1470,211.0
MACE-MP,1471,211.0
MACE-MP,1472,211.0
MACE-MP,1473,211.0
MACE-MP,1474,211.0
MACE-MP,1475,211.0
MACE-MP,1476,211.0
MACE-MP,1477,211.0
MACE-MP,1478,211.0
MACE-MP,1479,211.0
MACE-MP,1480,211.0
MACE-MP,1481,211.0
MACE-MP,1482,211.0
MACE-MP,1483,211.0
MACE-MP,1484,211.0
MACE-MP,1485,211.0
MACE-MP,1486,211.0
MACE-MP,1487,212.0
MACE-MP,1488,212.0
MACE-MP,1489,212.0
MACE-MP,1490,212.0
MACE-MP,1491,212.0
MACE-MP,1492,212.0
MACE-MP,1493,212.0
MACE-MP,1494,212.0
MACE-MP,1495,212.0
MACE-MP,1496,212.0
MACE-MP,1497,212.0
MACE-MP,1498,212.0
MACE-MP,1499,212.0
MACE-MP,1500,213.0
MACE-MP,1501,213.0
MACE-MP,1502,213.0
MACE-MP,1503,213.0
MACE-MP,1504,213.0
MACE-MP,1505,213.0
MACE-MP,1506,213.0
MACE-MP,1507,213.0
MACE-MP,1508,213.0
MACE-MP,1509,213.0
MACE-MP,1510,212.0
MACE-MP,1511,212.0
MACE-MP,1512,212.0
MACE-MP,1513,212.0
MACE-MP,1514,212.0
MACE-MP,1515,212.0
MACE-MP,1516,212.0
MACE-MP,1517,212.0
MACE-MP,1518,212.0
MACE-MP,1519,212.0
MACE-MP,1520,212.0
MACE-MP,1521,212.0
MACE-MP,1522,212.0
MACE-MP,1523,212.0
MACE-MP,1524,212.0
MACE-MP,1525,213.0
MACE-MP,1526,213.0
MACE-MP,1527,213.0
MACE-MP,1528,213.0
MACE-MP,1529,213.0
MACE-MP,1530,213.0
MACE-MP,1531,213.0
MACE-MP,1532,213.0
MACE-MP,1533,213.0
MACE-MP,1534,213.0
MACE-MP,1535,213.0
MACE-MP,1536,213.0
MACE-MP,1537,213.0
MACE-MP,1538,213.0
MACE-MP,1539,214.0
MACE-MP,1540,215.0
MACE-MP,1541,215.0
MACE-MP,1542,215.0
MACE-MP,1543,215.0
MACE-MP,1544,215.0
MACE-MP,1545,215.0
MACE-MP,1546,216.0
MACE-MP,1547,217.0
MACE-MP,1548,217.0
MACE-MP,1549,217.0
MACE-MP,1550,217.0
MACE-MP,1551,217.0
MACE-MP,1552,217.0
MACE-MP,1553,217.0
MACE-MP,1554,217.0
MACE-MP,1555,217.0
MACE-MP,1556,217.0
MACE-MP,1557,218.0
MACE-MP,1558,218.0
MACE-MP,1559,218.0
MACE-MP,1560,218.0
MACE-MP,1561,218.0
MACE-MP,1562,218.0
MACE-MP,1563,218.0
MACE-MP,1564,217.0
MACE-MP,1565,216.0
MACE-MP,1566,216.0
MACE-MP,1567,216.0
MACE-MP,1568,216.0
MACE-MP,1569,216.0
MACE-MP,1570,216.0
MACE-MP,1571,215.0
MACE-MP,1572,215.0
MACE-MP,1573,216.0
MACE-MP,1574,216.0
MACE-MP,1575,216.0
MACE-MP,1576,216.0
MACE-MP,1577,216.0
MACE-MP,1578,216.0
MACE-MP,1579,216.0
MACE-MP,1580,216.0
MACE-MP,1581,216.0
MACE-MP,1582,216.0
MACE-MP,1583,216.0
MACE-MP,1584,217.0
MACE-MP,1585,216.0
MACE-MP,1586,215.0
MACE-MP,1587,215.0
MACE-MP,1588,215.0
MACE-MP,1589,216.0
MACE-MP,1590,216.0
MACE-MP,1591,217.0
MACE-MP,1592,217.0
MACE-MP,1593,216.0
MACE-MP,1594,216.0
MACE-MP,1595,216.0
MACE-MP,1596,217.0
MACE-MP,1597,217.0
MACE-MP,1598,218.0
MACE-MP,1599,217.0
MACE-MP,1600,217.0
MACE-MP,1601,217.0
MACE-MP,1602,217.0
MACE-MP,1603,217.0
MACE-MP,1604,216.0
MACE-MP,1605,216.0
MACE-MP,1606,216.0
MACE-MP,1607,216.0
MACE-MP,1608,216.0
MACE-MP,1609,216.0
MACE-MP,1610,216.0
MACE-MP,1611,216.0
MACE-MP,1612,216.0
MACE-MP,1613,216.0
MACE-MP,1614,216.0
MACE-MP,1615,215.0
MACE-MP,1616,215.0
MACE-MP,1617,215.0
MACE-MP,1618,215.0
MACE-MP,1619,215.0
MACE-MP,1620,214.0
MACE-MP,1621,214.0
MACE-MP,1622,214.0
MACE-MP,1623,214.0
MACE-MP,1624,214.0
MACE-MP,1625,214.0
MACE-MP,1626,214.0
MACE-MP,1627,215.0
MACE-MP,1628,216.0
MACE-MP,1629,216.0
MACE-MP,1630,216.0
MACE-MP,1631,216.0
MACE-MP,1632,216.0
MACE-MP,1633,216.0
MACE-MP,1634,216.0
MACE-MP,1635,216.0
MACE-MP,1636,216.0
MACE-MP,1637,216.0
MACE-MP,1638,217.0
MACE-MP,1639,217.0
MACE-MP,1640,217.0
MACE-MP,1641,217.0
MACE-MP,1642,217.0
MACE-MP,1643,218.0
MACE-MP,1644,219.0
MACE-MP,1645,219.0
MACE-MP,1646,219.0
MACE-MP,1647,219.0
MACE-MP,1648,220.0
MACE-MP,1649,221.0
MACE-MP,1650,221.0
MACE-MP,1651,221.0
MACE-MP,1652,221.0
MACE-MP,1653,222.0
MACE-MP,1654,222.0
MACE-MP,1655,222.0
MACE-MP,1656,222.0
MACE-MP,1657,223.0
MACE-MP,1658,224.0
MACE-MP,1659,224.0
MACE-MP,1660,224.0
MACE-MP,1661,224.0
MACE-MP,1662,224.0
MACE-MP,1663,224.0
MACE-MP,1664,224.0
MACE-MP,1665,225.0
MACE-MP,1666,225.0
MACE-MP,1667,225.0
MACE-MP,1668,225.0
MACE-MP,1669,225.0
MACE-MP,1670,224.0
MACE-MP,1671,224.0
MACE-MP,1672,225.0
MACE-MP,1673,225.0
MACE-MP,1674,226.0
MACE-MP,1675,226.0
MACE-MP,1676,226.0
MACE-MP,1677,226.0
MACE-MP,1678,226.0
MACE-MP,1679,226.0
MACE-MP,1680,226.0
MACE-MP,1681,226.0
MACE-MP,1682,226.0
MACE-MP,1683,226.0
MACE-MP,1684,226.0
MACE-MP,1685,226.0
MACE-MP,1686,226.0
MACE-MP,1687,226.0
MACE-MP,1688,225.0
MACE-MP,1689,225.0
MACE-MP,1690,225.0
MACE-MP,1691,225.0
MACE-MP,1692,225.0
MACE-MP,1693,225.0
MACE-MP,1694,225.0
MACE-MP,1695,224.0
MACE-MP,1696,224.0
MACE-MP,1697,224.0
MACE-MP,1698,224.0
MACE-MP,1699,225.0
MACE-MP,1700,225.0
MACE-MP,1701,225.0
MACE-MP,1702,225.0
MACE-MP,1703,226.0
MACE-MP,1704,225.0
MACE-MP,1705,226.0
MACE-MP,1706,226.0
MACE-MP,1707,226.0
MACE-MP,1708,227.0
MACE-MP,1709,227.0
MACE-MP,1710,227.0
MACE-MP,1711,227.0
MACE-MP,1712,226.0
MACE-MP,1713,226.0
MACE-MP,1714,226.0
MACE-MP,1715,226.0
MACE-MP,1716,226.0
MACE-MP,1717,226.0
MACE-MP,1718,227.0
MACE-MP,1719,227.0
MACE-MP,1720,227.0
MACE-MP,1721,227.0
MACE-MP,1722,227.0
MACE-MP,1723,228.0
MACE-MP,1724,229.0
MACE-MP,1725,229.0
MACE-MP,1726,229.0
MACE-MP,1727,229.0
MACE-MP,1728,229.0
MACE-MP,1729,229.0
MACE-MP,1730,229.0
MACE-MP,1731,229.0
MACE-MP,1732,230.0
MACE-MP,1733,230.0
MACE-MP,1734,230.0
MACE-MP,1735,230.0
MACE-MP,1736,230.0
MACE-MP,1737,230.0
MACE-MP,1738,229.0
MACE-MP,1739,229.0
MACE-MP,1740,230.0
MACE-MP,1741,230.0
MACE-MP,1742,229.0
MACE-MP,1743,229.0
MACE-MP,1744,229.0
MACE-MP,1745,229.0
MACE-MP,1746,230.0
MACE-MP,1747,230.0
MACE-MP,1748,230.0
MACE-MP,1749,230.0
MACE-MP,1750,230.0
MACE-MP,1751,229.0
MACE-MP,1752,229.0
MACE-MP,1753,229.0
MACE-MP,1754,229.0
MACE-MP,1755,229.0
MACE-MP,1756,230.0
MACE-MP,1757,230.0
MACE-MP,1758,230.0
MACE-MP,1759,230.0
MACE-MP,1760,229.0
MACE-MP,1761,229.0
MACE-MP,1762,229.0
MACE-MP,1763,229.0
MACE-MP,1764,229.0
MACE-MP,1765,230.0
MACE-MP,1766,230.0
MACE-MP,1767,230.0
MACE-MP,1768,230.0
MACE-MP,1769,230.0
MACE-MP,1770,230.0
MACE-MP,1771,230.0
MACE-MP,1772,230.0
MACE-MP,1773,230.0
MACE-MP,1774,231.0
MACE-MP,1775,231.0
MACE-MP,1776,231.0
MACE-MP,1777,230.0
MACE-MP,1778,230.0
MACE-MP,1779,230.0
MACE-MP,1780,230.0
MACE-MP,1781,230.0
MACE-MP,1782,229.0
MACE-MP,1783,229.0
MACE-MP,1784,229.0
MACE-MP,1785,230.0
MACE-MP,1786,230.0
MACE-MP,1787,230.0
MACE-MP,1788,230.0
MACE-MP,1789,230.0
MACE-MP,1790,230.0
MACE-MP,1791,230.0
MACE-MP,1792,230.0
MACE-MP,1793,230.0
MACE-MP,1794,230.0
MACE-MP,1795,230.0
MACE-MP,1796,230.0
MACE-MP,1797,230.0
MACE-MP,1798,231.0
MACE-MP,1799,231.0
MACE-MP,1800,231.0
MACE-MP,1801,231.0
MACE-MP,1802,231.0
MACE-MP,1803,232.0
MACE-MP,1804,232.0
MACE-MP,1805,232.0
MACE-MP,1806,231.0
MACE-MP,1807,231.0
MACE-MP,1808,231.0
MACE-MP,1809,231.0
MACE-MP,1810,231.0
MACE-MP,1811,231.0
MACE-MP,1812,231.0
MACE-MP,1813,231.0
MACE-MP,1814,231.0
MACE-MP,1815,231.0
MACE-MP,1816,231.0
MACE-MP,1817,232.0
MACE-MP,1818,232.0
MACE-MP,1819,232.0
MACE-MP,1820,232.0
MACE-MP,1821,232.0
MACE-MP,1822,232.0
MACE-MP,1823,233.0
MACE-MP,1824,233.0
MACE-MP,1825,234.0
MACE-MP,1826,234.0
MACE-MP,1827,234.0
MACE-MP,1828,234.0
MACE-MP,1829,233.0
MACE-MP,1830,233.0
MACE-MP,1831,234.0
MACE-MP,1832,234.0
MACE-MP,1833,234.0
MACE-MP,1834,234.0
MACE-MP,1835,234.0
MACE-MP,1836,235.0
MACE-MP,1837,235.0
MACE-MP,1838,236.0
MACE-MP,1839,236.0
MACE-MP,1840,236.0
MACE-MP,1841,236.0
MACE-MP,1842,236.0
MACE-MP,1843,236.0
MACE-MP,1844,236.0
MACE-MP,1845,236.0
MACE-MP,1846,236.0
MACE-MP,1847,236.0
MACE-MP,1848,236.0
MACE-MP,1849,236.0
MACE-MP,1850,236.0
MACE-MP,1851,236.0
MACE-MP,1852,237.0
MACE-MP,1853,237.0
MACE-MP,1854,237.0
MACE-MP,1855,237.0
MACE-MP,1856,237.0
MACE-MP,1857,237.0
MACE-MP,1858,237.0
MACE-MP,1859,237.0
MACE-MP,1860,238.0
MACE-MP,1861,238.0
MACE-MP,1862,238.0
MACE-MP,1863,238.0
MACE-MP,1864,238.0
MACE-MP,1865,237.0
MACE-MP,1866,238.0
MACE-MP,1867,238.0
MACE-MP,1868,238.0
MACE-MP,1869,238.0
MACE-MP,1870,238.0
MACE-MP,1871,238.0
MACE-MP,1872,238.0
MACE-MP,1873,238.0
MACE-MP,1874,239.0
MACE-MP,1875,239.0
MACE-MP,1876,239.0
MACE-MP,1877,239.0
MACE-MP,1878,239.0
MACE-MP,1879,239.0
MACE-MP,1880,239.0
MACE-MP,1881,239.0
MACE-MP,1882,239.0
MACE-MP,1883,239.0
MACE-MP,1884,240.0
MACE-MP,1885,241.0
MACE-MP,1886,241.0
MACE-MP,1887,241.0
MACE-MP,1888,242.0
MACE-MP,1889,242.0
MACE-MP,1890,242.0
MACE-MP,1891,242.0
MACE-MP,1892,242.0
MACE-MP,1893,242.0
MACE-MP,1894,242.0
MACE-MP,1895,243.0
MACE-MP,1896,243.0
MACE-MP,1897,243.0
MACE-MP,1898,242.0
MACE-MP,1899,243.0
MACE-MP,1900,244.0
MACE-MP,1901,244.0
MACE-MP,1902,244.0
MACE-MP,1903,245.0
MACE-MP,1904,245.0
MACE-MP,1905,245.0
MACE-MP,1906,246.0
MACE-MP,1907,247.0
MACE-MP,1908,247.0
MACE-MP,1909,247.0
MACE-MP,1910,247.0
MACE-MP,1911,247.0
MACE-MP,1912,247.0
MACE-MP,1913,247.0
MACE-MP,1914,246.0
MACE-MP,1915,246.0
MACE-MP,1916,246.0
MACE-MP,1917,246.0
MACE-MP,1918,246.0
MACE-MP,1919,246.0
MACE-MP,1920,246.0
MACE-MP,1921,246.0
MACE-MP,1922,246.0
MACE-MP,1923,246.0
MACE-MP,1924,246.0
MACE-MP,1925,246.0
MACE-MP,1926,246.0
MACE-MP,1927,246.0
MACE-MP,1928,246.0
MACE-MP,1929,247.0
MACE-MP,1930,247.0
MACE-MP,1931,247.0
MACE-MP,1932,246.0
MACE-MP,1933,246.0
MACE-MP,1934,246.0
MACE-MP,1935,246.0
MACE-MP,1936,246.0
MACE-MP,1937,247.0
MACE-MP,1938,247.0
MACE-MP,1939,247.0
MACE-MP,1940,248.0
MACE-MP,1941,248.0
MACE-MP,1942,248.0
MACE-MP,1943,248.0
MACE-MP,1944,248.0
MACE-MP,1945,248.0
MACE-MP,1946,248.0
MACE-MP,1947,248.0
MACE-MP,1948,248.0
MACE-MP,1949,248.0
MACE-MP,1950,248.0
MACE-MP,1951,249.0
MACE-MP,1952,250.0
MACE-MP,1953,250.0
MACE-MP,1954,250.0
MACE-MP,1955,250.0
MACE-MP,1956,250.0
MACE-MP,1957,250.0
MACE-MP,1958,250.0
MACE-MP,1959,250.0
MACE-MP,1960,251.0
MACE-MP,1961,251.0
MACE-MP,1962,251.0
MACE-MP,1963,251.0
MACE-MP,1964,251.0
MACE-MP,1965,251.0
MACE-MP,1966,251.0
MACE-MP,1967,251.0
MACE-MP,1968,252.0
MACE-MP,1969,251.0
MACE-MP,1970,251.0
MACE-MP,1971,251.0
MACE-MP,1972,251.0
MACE-MP,1973,252.0
MACE-MP,1974,253.0
MACE-MP,1975,253.0
MACE-MP,1976,253.0
MACE-MP,1977,254.0
MACE-MP,1978,254.0
MACE-MP,1979,254.0
MACE-MP,1980,255.0
MACE-MP,1981,255.0
MACE-MP,1982,255.0
MACE-MP,1983,255.0
MACE-MP,1984,256.0
MACE-MP,1985,256.0
MACE-MP,1986,256.0
MACE-MP,1987,256.0
MACE-MP,1988,256.0
MACE-MP,1989,256.0
MACE-MP,1990,256.0
MACE-MP,1991,256.0
MACE-MP,1992,256.0
MACE-MP,1993,256.0
MACE-MP,1994,256.0
MACE-MP,1995,256.0
MACE-MP,1996,256.0
MACE-MP,1997,256.0
MACE-MP,1998,256.0
MACE-MP,1999,256.0
MACE-MP,2000,256.0
MACE-MP,2001,256.0
MACE-MP,2002,257.0
MACE-MP,2003,257.0
MACE-MP,2004,257.0
MACE-MP,2005,257.0
MACE-MP,2006,257.0
MACE-MP,2007,257.0
MACE-MP,2008,257.0
MACE-MP,2009,257.0
MACE-MP,2010,258.0
MACE-MP,2011,258.0
MACE-MP,2012,258.0
MACE-MP,2013,258.0
MACE-MP,2014,259.0
MACE-MP,2015,260.0
MACE-MP,2016,260.0
MACE-MP,2017,260.0
MACE-MP,2018,260.0
MACE-MP,2019,260.0
MACE-MP,2020,260.0
MACE-MP,2021,260.0
MACE-MP,2022,260.0
MACE-MP,2023,260.0
MACE-MP,2024,260.0
MACE-MP,2025,260.0
MACE-MP,2026,260.0
MACE-MP,2027,260.0
MACE-MP,2028,261.0
MACE-MP,2029,261.0
MACE-MP,2030,260.0
MACE-MP,2031,260.0
MACE-MP,2032,260.0
MACE-MP,2033,260.0
MACE-MP,2034,260.0
MACE-MP,2035,261.0
MACE-MP,2036,261.0
MACE-MP,2037,261.0
MACE-MP,2038,261.0
MACE-MP,2039,261.0
MACE-MP,2040,261.0
MACE-MP,2041,262.0
MACE-MP,2042,262.0
MACE-MP,2043,262.0
MACE-MP,2044,263.0
MACE-MP,2045,263.0
MACE-MP,2046,263.0
MACE-MP,2047,263.0
MACE-MP,2048,263.0
MACE-MP,2049,263.0
MACE-MP,2050,263.0
MACE-MP,2051,264.0
MACE-MP,2052,264.0
MACE-MP,2053,264.0
MACE-MP,2054,264.0
MACE-MP,2055,265.0
MACE-MP,2056,265.0
MACE-MP,2057,265.0
MACE-MP,2058,265.0
MACE-MP,2059,265.0
MACE-MP,2060,265.0
MACE-MP,2061,265.0
MACE-MP,2062,265.0
MACE-MP,2063,265.0
MACE-MP,2064,265.0
MACE-MP,2065,265.0
MACE-MP,2066,265.0
MACE-MP,2067,266.0
MACE-MP,2068,266.0
MACE-MP,2069,266.0
MACE-MP,2070,266.0
MACE-MP,2071,266.0
MACE-MP,2072,266.0
MACE-MP,2073,266.0
MACE-MP,2074,267.0
MACE-MP,2075,267.0
MACE-MP,2076,266.0
MACE-MP,2077,266.0
MACE-MP,2078,267.0
MACE-MP,2079,267.0
MACE-MP,2080,268.0
MACE-MP,2081,268.0
MACE-MP,2082,268.0
MACE-MP,2083,269.0
MACE-MP,2084,269.0
MACE-MP,2085,269.0
MACE-MP,2086,269.0
MACE-MP,2087,270.0
MACE-MP,2088,270.0
MACE-MP,2089,269.0
MACE-MP,2090,269.0
MACE-MP,2091,270.0
MACE-MP,2092,270.0
MACE-MP,2093,270.0
MACE-MP,2094,270.0
MACE-MP,2095,270.0
MACE-MP,2096,270.0
MACE-MP,2097,271.0
MACE-MP,2098,270.0
MACE-MP,2099,270.0
MACE-MP,2100,271.0
MACE-MP,2101,271.0
MACE-MP,2102,271.0
MACE-MP,2103,272.0
MACE-MP,2104,272.0
MACE-MP,2105,272.0
MACE-MP,2106,272.0
MACE-MP,2107,272.0
MACE-MP,2108,272.0
MACE-MP,2109,272.0
MACE-MP,2110,272.0
MACE-MP,2111,272.0
MACE-MP,2112,272.0
MACE-MP,2113,272.0
MACE-MP,2114,272.0
MACE-MP,2115,272.0
MACE-MP,2116,272.0
MACE-MP,2117,272.0
MACE-MP,2118,272.0
MACE-MP,2119,272.0
MACE-MP,2120,272.0
MACE-MP,2121,272.0
MACE-MP,2122,271.0
MACE-MP,2123,271.0
MACE-MP,2124,271.0
MACE-MP,2125,271.0
MACE-MP,2126,271.0
MACE-MP,2127,270.0
MACE-MP,2128,270.0
MACE-MP,2129,270.0
MACE-MP,2130,270.0
MACE-MP,2131,270.0
MACE-MP,2132,270.0
MACE-MP,2133,270.0
MACE-MP,2134,270.0
MACE-MP,2135,270.0
MACE-MP,2136,270.0
MACE-MP,2137,271.0
MACE-MP,2138,271.0
MACE-MP,2139,271.0
MACE-MP,2140,270.0
MACE-MP,2141,269.0
MACE-MP,2142,269.0
MACE-MP,2143,269.0
MACE-MP,2144,270.0
MACE-MP,2145,270.0
MACE-MP,2146,270.0
MACE-MP,2147,270.0
MACE-MP,2148,270.0
MACE-MP,2149,271.0
MACE-MP,2150,271.0
MACE-MP,2151,271.0
MACE-MP,2152,272.0
MACE-MP,2153,272.0
MACE-MP,2154,271.0
MACE-MP,2155,271.0
MACE-MP,2156,272.0
MACE-MP,2157,271.0
MACE-MP,2158,271.0
MACE-MP,2159,271.0
MACE-MP,2160,271.0
MACE-MP,2161,271.0
MACE-MP,2162,271.0
MACE-MP,2163,271.0
MACE-MP,2164,271.0
MACE-MP,2165,271.0
MACE-MP,2166,271.0
MACE-MP,2167,272.0
MACE-MP,2168,272.0
MACE-MP,2169,273.0
MACE-MP,2170,273.0
MACE-MP,2171,273.0
MACE-MP,2172,273.0
MACE-MP,2173,273.0
MACE-MP,2174,273.0
MACE-MP,2175,273.0
MACE-MP,2176,273.0
MACE-MP,2177,273.0
MACE-MP,2178,273.0
MACE-MP,2179,273.0
MACE-MP,2180,273.0
MACE-MP,2181,273.0
MACE-MP,2182,273.0
MACE-MP,2183,274.0
MACE-MP,2184,274.0
MACE-MP,2185,274.0
MACE-MP,2186,274.0
MACE-MP,2187,275.0
MACE-MP,2188,275.0
MACE-MP,2189,275.0
MACE-MP,2190,275.0
MACE-MP,2191,275.0
MACE-MP,2192,275.0
MACE-MP,2193,275.0
MACE-MP,2194,275.0
MACE-MP,2195,275.0
MACE-MP,2196,275.0
MACE-MP,2197,275.0
MACE-MP,2198,275.0
MACE-MP,2199,275.0
MACE-MP,2200,275.0
MACE-MP,2201,274.0
MACE-MP,2202,274.0
MACE-MP,2203,274.0
MACE-MP,2204,274.0
MACE-MP,2205,275.0
MACE-MP,2206,275.0
MACE-MP,2207,275.0
MACE-MP,2208,275.0
MACE-MP,2209,275.0
MACE-MP,2210,275.0
MACE-MP,2211,275.0
MACE-MP,2212,275.0
MACE-MP,2213,275.0
MACE-MP,2214,276.0
MACE-MP,2215,276.0
MACE-MP,2216,276.0
MACE-MP,2217,276.0
MACE-MP,2218,276.0
MACE-MP,2219,276.0
MACE-MP,2220,276.0
MACE-MP,2221,276.0
MACE-MP,2222,276.0
MACE-MP,2223,276.0
MACE-MP,2224,276.0
MACE-MP,2225,276.0
MACE-MP,2226,276.0
MACE-MP,2227,276.0
MACE-MP,2228,276.0
MACE-MP,2229,277.0
MACE-MP,2230,277.0
MACE-MP,2231,277.0
MACE-MP,2232,277.0
MACE-MP,2233,276.0
MACE-MP,2234,276.0
MACE-MP,2235,277.0
MACE-MP,2236,277.0
MACE-MP,2237,277.0
MACE-MP,2238,277.0
MACE-MP,2239,277.0
MACE-MP,2240,278.0
MACE-MP,2241,278.0
MACE-MP,2242,278.0
MACE-MP,2243,279.0
MACE-MP,2244,280.0
MACE-MP,2245,280.0
MACE-MP,2246,281.0
MACE-MP,2247,281.0
MACE-MP,2248,281.0
MACE-MP,2249,281.0
MACE-MP,2250,281.0
MACE-MP,2251,281.0
MACE-MP,2252,282.0
MACE-MP,2253,282.0
MACE-MP,2254,281.0
MACE-MP,2255,281.0
MACE-MP,2256,281.0
MACE-MP,2257,281.0
MACE-MP,2258,281.0
MACE-MP,2259,281.0
MACE-MP,2260,281.0
MACE-MP,2261,282.0
MACE-MP,2262,283.0
MACE-MP,2263,283.0
MACE-MP,2264,284.0
MACE-MP,2265,285.0
MACE-MP,2266,285.0
MACE-MP,2267,285.0
MACE-MP,2268,286.0
MACE-MP,2269,286.0
MACE-MP,2270,286.0
MACE-MP,2271,287.0
MACE-MP,2272,287.0
MACE-MP,2273,287.0
MACE-MP,2274,287.0
MACE-MP,2275,288.0
MACE-MP,2276,289.0
MACE-MP,2277,290.0
MACE-MP,2278,290.0
MACE-MP,2279,290.0
MACE-MP,2280,290.0
MACE-MP,2281,290.0
MACE-MP,2282,290.0
MACE-MP,2283,290.0
MACE-MP,2284,290.0
MACE-MP,2285,290.0
MACE-MP,2286,290.0
MACE-MP,2287,290.0
MACE-MP,2288,290.0
MACE-MP,2289,290.0
MACE-MP,2290,291.0
MACE-MP,2291,291.0
MACE-MP,2292,292.0
MACE-MP,2293,292.0
MACE-MP,2294,292.0
MACE-MP,2295,292.0
MACE-MP,2296,292.0
MACE-MP,2297,292.0
MACE-MP,2298,292.0
MACE-MP,2299,292.0
MACE-MP,2300,292.0
MACE-MP,2301,292.0
MACE-MP,2302,292.0
MACE-MP,2303,292.0
MACE-MP,2304,292.0
MACE-MP,2305,293.0
MACE-MP,2306,293.0
MACE-MP,2307,294.0
MACE-MP,2308,294.0
MACE-MP,2309,294.0
MACE-MP,2310,294.0
MACE-MP,2311,294.0
MACE-MP,2312,294.0
MACE-MP,2313,294.0
MACE-MP,2314,294.0
MACE-MP,2315,294.0
MACE-MP,2316,294.0
MACE-MP,2317,294.0
MACE-MP,2318,294.0
MACE-MP,2319,295.0
MACE-MP,2320,295.0
MACE-MP,2321,295.0
MACE-MP,2322,295.0
MACE-MP,2323,296.0
MACE-MP,2324,297.0
MACE-MP,2325,297.0
MACE-MP,2326,296.0
MACE-MP,2327,296.0
MACE-MP,2328,296.0
MACE-MP,2329,296.0
MACE-MP,2330,296.0
MACE-MP,2331,296.0
MACE-MP,2332,296.0
MACE-MP,2333,297.0
MACE-MP,2334,297.0
MACE-MP,2335,297.0
MACE-MP,2336,297.0
MACE-MP,2337,297.0
MACE-MP,2338,296.0
MACE-MP,2339,296.0
MACE-MP,2340,296.0
MACE-MP,2341,296.0
MACE-MP,2342,296.0
MACE-MP,2343,297.0
MACE-MP,2344,297.0
MACE-MP,2345,298.0
MACE-MP,2346,298.0
MACE-MP,2347,298.0
MACE-MP,2348,298.0
MACE-MP,2349,298.0
MACE-MP,2350,298.0
MACE-MP,2351,298.0
MACE-MP,2352,298.0
MACE-MP,2353,299.0
MACE-MP,2354,299.0
MACE-MP,2355,299.0
MACE-MP,2356,300.0
MACE-MP,2357,301.0
MACE-MP,2358,301.0
MACE-MP,2359,300.0
MACE-MP,2360,300.0
MACE-MP,2361,300.0
MACE-MP,2362,301.0
MACE-MP,2363,302.0
MACE-MP,2364,302.0
MACE-MP,2365,302.0
MACE-MP,2366,302.0
MACE-MP,2367,302.0
MACE-MP,2368,302.0
MACE-MP,2369,302.0
MACE-MP,2370,302.0
MACE-MP,2371,302.0
MACE-MP,2372,302.0
MACE-MP,2373,302.0
MACE-MP,2374,303.0
MACE-MP,2375,303.0
MACE-MP,2376,304.0
MACE-MP,2377,305.0
MACE-MP,2378,306.0
MACE-MP,2379,306.0
MACE-MP,2380,306.0
MACE-MP,2381,306.0
MACE-MP,2382,306.0
MACE-MP,2383,306.0
MACE-MP,2384,306.0
MACE-MP,2385,306.0
MACE-MP,2386,306.0
MACE-MP,2387,306.0
MACE-MP,2388,307.0
MACE-MP,2389,306.0
MACE-MP,2390,306.0
MACE-MP,2391,306.0
MACE-MP,2392,306.0
MACE-MP,2393,306.0
MACE-MP,2394,306.0
MACE-MP,2395,306.0
MACE-MP,2396,306.0
MACE-MP,2397,306.0
MACE-MP,2398,306.0
MACE-MP,2399,306.0
MACE-MP,2400,306.0
MACE-MP,2401,307.0
MACE-MP,2402,307.0
MACE-MP,2403,307.0
MACE-MP,2404,306.0
MACE-MP,2405,306.0
MACE-MP,2406,306.0
MACE-MP,2407,306.0
MACE-MP,2408,306.0
MACE-MP,2409,306.0
MACE-MP,2410,306.0
MACE-MP,2411,306.0
MACE-MP,2412,306.0
MACE-MP,2413,306.0
MACE-MP,2414,306.0
MACE-MP,2415,306.0
MACE-MP,2416,307.0
MACE-MP,2417,307.0
MACE-MP,2418,307.0
MACE-MP,2419,307.0
MACE-MP,2420,308.0
MACE-MP,2421,308.0
MACE-MP,2422,308.0
MACE-MP,2423,308.0
MACE-MP,2424,309.0
MACE-MP,2425,309.0
MACE-MP,2426,309.0
MACE-MP,2427,310.0
MACE-MP,2428,310.0
MACE-MP,2429,310.0
MACE-MP,2430,311.0
MACE-MP,2431,311.0
MACE-MP,2432,311.0
MACE-MP,2433,312.0
MACE-MP,2434,312.0
MACE-MP,2435,312.0
MACE-MP,2436,312.0
MACE-MP,2437,313.0
MACE-MP,2438,314.0
MACE-MP,2439,314.0
MACE-MP,2440,314.0
MACE-MP,2441,314.0
MACE-MP,2442,314.0
MACE-MP,2443,314.0
MACE-MP,2444,314.0
MACE-MP,2445,315.0
MACE-MP,2446,315.0
MACE-MP,2447,315.0
MACE-MP,2448,315.0
MACE-MP,2449,315.0
MACE-MP,2450,315.0
MACE-MP,2451,315.0
MACE-MP,2452,315.0
MACE-MP,2453,316.0
MACE-MP,2454,316.0
MACE-MP,2455,317.0
MACE-MP,2456,317.0
MACE-MP,2457,318.0
MACE-MP,2458,318.0
MACE-MP,2459,318.0
MACE-MP,2460,318.0
MACE-MP,2461,318.0
MACE-MP,2462,318.0
MACE-MP,2463,318.0
MACE-MP,2464,318.0
MACE-MP,2465,319.0
MACE-MP,2466,319.0
MACE-MP,2467,319.0
MACE-MP,2468,319.0
MACE-MP,2469,318.0
MACE-MP,2470,318.0
MACE-MP,2471,319.0
MACE-MP,2472,319.0
MACE-MP,2473,319.0
MACE-MP,2474,319.0
MACE-MP,2475,319.0
MACE-MP,2476,319.0
MACE-MP,2477,319.0
MACE-MP,2478,319.0
MACE-MP,2479,320.0
MACE-MP,2480,320.0
MACE-MP,2481,320.0
MACE-MP,2482,320.0
MACE-MP,2483,320.0
MACE-MP,2484,320.0
MACE-MP,2485,320.0
MACE-MP,2486,320.0
MACE-MP,2487,320.0
MACE-MP,2488,319.0
MACE-MP,2489,319.0
MACE-MP,2490,319.0
MACE-MP,2491,319.0
MACE-MP,2492,320.0
MACE-MP,2493,320.0
MACE-MP,2494,320.0
MACE-MP,2495,321.0
MACE-MP,2496,321.0
MACE-MP,2497,321.0
MACE-MP,2498,321.0
MACE-MP,2499,321.0
MACE-MP,2500,320.0
MACE-MP,2501,320.0
MACE-MP,2502,320.0
MACE-MP,2503,321.0
MACE-MP,2504,321.0
MACE-MP,2505,321.0
MACE-MP,2506,321.0
MACE-MP,2507,321.0
MACE-MP,2508,320.0
MACE-MP,2509,320.0
MACE-MP,2510,320.0
MACE-MP,2511,320.0
MACE-MP,2512,320.0
MACE-MP,2513,320.0
MACE-MP,2514,320.0
MACE-MP,2515,320.0
MACE-MP,2516,320.0
MACE-MP,2517,320.0
MACE-MP,2518,320.0
MACE-MP,2519,320.0
MACE-MP,2520,320.0
MACE-MP,2521,321.0
MACE-MP,2522,322.0
MACE-MP,2523,322.0
MACE-MP,2524,322.0
MACE-MP,2525,322.0
MACE-MP,2526,322.0
MACE-MP,2527,322.0
MACE-MP,2528,322.0
MACE-MP,2529,322.0
MACE-MP,2530,322.0
MACE-MP,2531,321.0
MACE-MP,2532,321.0
MACE-MP,2533,321.0
MACE-MP,2534,321.0
MACE-MP,2535,322.0
MACE-MP,2536,323.0
MACE-MP,2537,323.0
MACE-MP,2538,323.0
MACE-MP,2539,323.0
MACE-MP,2540,323.0
MACE-MP,2541,324.0
MACE-MP,2542,324.0
MACE-MP,2543,325.0
MACE-MP,2544,325.0
MACE-MP,2545,325.0
MACE-MP,2546,325.0
MACE-MP,2547,325.0
MACE-MP,2548,324.0
MACE-MP,2549,325.0
MACE-MP,2550,325.0
MACE-MP,2551,325.0
MACE-MP,2552,326.0
MACE-MP,2553,327.0
MACE-MP,2554,327.0
MACE-MP,2555,328.0
MACE-MP,2556,328.0
MACE-MP,2557,328.0
MACE-MP,2558,328.0
MACE-MP,2559,329.0
MACE-MP,2560,329.0
MACE-MP,2561,329.0
MACE-MP,2562,329.0
MACE-MP,2563,329.0
MACE-MP,2564,329.0
MACE-MP,2565,329.0
MACE-MP,2566,330.0
MACE-MP,2567,330.0
MACE-MP,2568,330.0
MACE-MP,2569,330.0
MACE-MP,2570,330.0
MACE-MP,2571,329.0
MACE-MP,2572,329.0
MACE-MP,2573,329.0
MACE-MP,2574,329.0
MACE-MP,2575,330.0
MACE-MP,2576,330.0
MACE-MP,2577,330.0
MACE-MP,2578,330.0
MACE-MP,2579,330.0
MACE-MP,2580,330.0
MACE-MP,2581,330.0
MACE-MP,2582,330.0
MACE-MP,2583,330.0
MACE-MP,2584,330.0
MACE-MP,2585,330.0
MACE-MP,2586,330.0
MACE-MP,2587,330.0
MACE-MP,2588,330.0
MACE-MP,2589,330.0
MACE-MP,2590,330.0
MACE-MP,2591,330.0
MACE-MP,2592,330.0
MACE-MP,2593,330.0
MACE-MP,2594,330.0
MACE-MP,2595,330.0
MACE-MP,2596,330.0
MACE-MP,2597,330.0
MACE-MP,2598,330.0
MACE-MP,2599,330.0
MACE-MP,2600,331.0
MACE-MP,2601,331.0
MACE-MP,2602,331.0
MACE-MP,2603,331.0
MACE-MP,2604,331.0
MACE-MP,2605,331.0
MACE-MP,2606,331.0
MACE-MP,2607,331.0
MACE-MP,2608,331.0
MACE-MP,2609,332.0
MACE-MP,2610,332.0
MACE-MP,2611,332.0
MACE-MP,2612,332.0
MACE-MP,2613,332.0
MACE-MP,2614,332.0
MACE-MP,2615,333.0
MACE-MP,2616,333.0
MACE-MP,2617,333.0
MACE-MP,2618,332.0
MACE-MP,2619,332.0
MACE-MP,2620,332.0
MACE-MP,2621,332.0
MACE-MP,2622,332.0
MACE-MP,2623,331.0
MACE-MP,2624,331.0
MACE-MP,2625,332.0
MACE-MP,2626,333.0
MACE-MP,2627,333.0
MACE-MP,2628,333.0
MACE-MP,2629,333.0
MACE-MP,2630,333.0
MACE-MP,2631,333.0
MACE-MP,2632,333.0
MACE-MP,2633,333.0
MACE-MP,2634,333.0
MACE-MP,2635,333.0
MACE-MP,2636,333.0
MACE-MP,2637,333.0
MACE-MP,2638,333.0
MACE-MP,2639,333.0
MACE-MP,2640,333.0
MACE-MP,2641,333.0
MACE-MP,2642,333.0
MACE-MP,2643,333.0
MACE-MP,2644,334.0
MACE-MP,2645,334.0
MACE-MP,2646,334.0
MACE-MP,2647,334.0
MACE-MP,2648,334.0
MACE-MP,2649,335.0
MACE-MP,2650,335.0
MACE-MP,2651,335.0
MACE-MP,2652,335.0
MACE-MP,2653,335.0
MACE-MP,2654,335.0
MACE-MP,2655,336.0
MACE-MP,2656,336.0
MACE-MP,2657,336.0
MACE-MP,2658,337.0
MACE-MP,2659,337.0
MACE-MP,2660,337.0
MACE-MP,2661,337.0
MACE-MP,2662,337.0
MACE-MP,2663,337.0
MACE-MP,2664,337.0
MACE-MP,2665,337.0
MACE-MP,2666,337.0
MACE-MP,2667,337.0
MACE-MP,2668,337.0
MACE-MP,2669,337.0
MACE-MP,2670,337.0
MACE-MP,2671,337.0
MACE-MP,2672,337.0
MACE-MP,2673,337.0
MACE-MP,2674,337.0
MACE-MP,2675,337.0
MACE-MP,2676,337.0
MACE-MP,2677,337.0
MACE-MP,2678,337.0
MACE-MP,2679,337.0
MACE-MP,2680,337.0
MACE-MP,2681,337.0
MACE-MP,2682,337.0
MACE-MP,2683,337.0
MACE-MP,2684,336.0
MACE-MP,2685,336.0
MACE-MP,2686,336.0
MACE-MP,2687,337.0
MACE-MP,2688,337.0
MACE-MP,2689,337.0
MACE-MP,2690,338.0
MACE-MP,2691,338.0
MACE-MP,2692,338.0
MACE-MP,2693,338.0
MACE-MP,2694,338.0
MACE-MP,2695,338.0
MACE-MP,2696,338.0
MACE-MP,2697,338.0
MACE-MP,2698,339.0
MACE-MP,2699,340.0
MACE-MP,2700,340.0
MACE-MP,2701,340.0
MACE-MP,2702,340.0
MACE-MP,2703,340.0
MACE-MP,2704,340.0
MACE-MP,2705,339.0
MACE-MP,2706,339.0
MACE-MP,2707,339.0
MACE-MP,2708,339.0
MACE-MP,2709,339.0
MACE-MP,2710,340.0
MACE-MP,2711,339.0
MACE-MP,2712,339.0
MACE-MP,2713,339.0
MACE-MP,2714,339.0
MACE-MP,2715,339.0
MACE-MP,2716,339.0
MACE-MP,2717,339.0
MACE-MP,2718,339.0
MACE-MP,2719,339.0
MACE-MP,2720,339.0
MACE-MP,2721,339.0
MACE-MP,2722,339.0
MACE-MP,2723,339.0
MACE-MP,2724,339.0
MACE-MP,2725,339.0
MACE-MP,2726,338.0
MACE-MP,2727,338.0
MACE-MP,2728,338.0
MACE-MP,2729,338.0
MACE-MP,2730,338.0
MACE-MP,2731,338.0
MACE-MP,2732,338.0
MACE-MP,2733,338.0
MACE-MP,2734,339.0
MACE-MP,2735,339.0
MACE-MP,2736,339.0
MACE-MP,2737,339.0
MACE-MP,2738,339.0
MACE-MP,2739,339.0
MACE-MP,2740,339.0
MACE-MP,2741,340.0
MACE-MP,2742,340.0
MACE-MP,2743,341.0
MACE-MP,2744,341.0
MACE-MP,2745,341.0
MACE-MP,2746,341.0
MACE-MP,2747,341.0
MACE-MP,2748,341.0
MACE-MP,2749,341.0
MACE-MP,2750,341.0
MACE-MP,2751,341.0
MACE-MP,2752,341.0
MACE-MP,2753,341.0
MACE-MP,2754,341.0
MACE-MP,2755,340.0
MACE-MP,2756,340.0
MACE-MP,2757,340.0
MACE-MP,2758,340.0
MACE-MP,2759,341.0
MACE-MP,2760,341.0
MACE-MP,2761,341.0
MACE-MP,2762,342.0
MACE-MP,2763,342.0
MACE-MP,2764,343.0
MACE-MP,2765,343.0
MACE-MP,2766,343.0
MACE-MP,2767,342.0
MACE-MP,2768,342.0
MACE-MP,2769,342.0
MACE-MP,2770,342.0
MACE-MP,2771,342.0
MACE-MP,2772,342.0
MACE-MP,2773,342.0
MACE-MP,2774,341.0
MACE-MP,2775,341.0
MACE-MP,2776,341.0
MACE-MP,2777,341.0
MACE-MP,2778,341.0
MACE-MP,2779,341.0
MACE-MP,2780,341.0
MACE-MP,2781,342.0
MACE-MP,2782,342.0
MACE-MP,2783,342.0
MACE-MP,2784,342.0
MACE-MP,2785,342.0
MACE-MP,2786,342.0
MACE-MP,2787,342.0
MACE-MP,2788,343.0
MACE-MP,2789,344.0
MACE-MP,2790,344.0
MACE-MP,2791,344.0
MACE-MP,2792,344.0
MACE-MP,2793,344.0
MACE-MP,2794,345.0
MACE-MP,2795,345.0
MACE-MP,2796,345.0
MACE-MP,2797,345.0
MACE-MP,2798,345.0
MACE-MP,2799,345.0
MACE-MP,2800,345.0
MACE-MP,2801,346.0
MACE-MP,2802,346.0
MACE-MP,2803,346.0
MACE-MP,2804,346.0
MACE-MP,2805,346.0
MACE-MP,2806,347.0
MACE-MP,2807,347.0
MACE-MP,2808,347.0
MACE-MP,2809,347.0
MACE-MP,2810,347.0
MACE-MP,2811,347.0
MACE-MP,2812,347.0
MACE-MP,2813,347.0
MACE-MP,2814,347.0
MACE-MP,2815,346.0
MACE-MP,2816,346.0
MACE-MP,2817,346.0
MACE-MP,2818,346.0
MACE-MP,2819,347.0
MACE-MP,2820,347.0
MACE-MP,2821,347.0
MACE-MP,2822,347.0
MACE-MP,2823,347.0
MACE-MP,2824,347.0
MACE-MP,2825,347.0
MACE-MP,2826,347.0
MACE-MP,2827,347.0
MACE-MP,2828,347.0
MACE-MP,2829,347.0
MACE-MP,2830,348.0
MACE-MP,2831,348.0
MACE-MP,2832,348.0
MACE-MP,2833,348.0
MACE-MP,2834,348.0
MACE-MP,2835,348.0
MACE-MP,2836,348.0
MACE-MP,2837,348.0
MACE-MP,2838,348.0
MACE-MP,2839,348.0
MACE-MP,2840,348.0
MACE-MP,2841,348.0
MACE-MP,2842,348.0
MACE-MP,2843,348.0
MACE-MP,2844,348.0
MACE-MP,2845,349.0
MACE-MP,2846,349.0
MACE-MP,2847,349.0
MACE-MP,2848,349.0
MACE-MP,2849,349.0
MACE-MP,2850,348.0
MACE-MP,2851,349.0
MACE-MP,2852,349.0
MACE-MP,2853,349.0
MACE-MP,2854,349.0
MACE-MP,2855,349.0
MACE-MP,2856,349.0
MACE-MP,2857,349.0
MACE-MP,2858,349.0
MACE-MP,2859,349.0
MACE-MP,2860,349.0
MACE-MP,2861,349.0
MACE-MP,2862,349.0
MACE-MP,2863,349.0
MACE-MP,2864,350.0
MACE-MP,2865,350.0
MACE-MP,2866,350.0
MACE-MP,2867,350.0
MACE-MP,2868,351.0
MACE-MP,2869,351.0
MACE-MP,2870,351.0
MACE-MP,2871,351.0
MACE-MP,2872,351.0
MACE-MP,2873,351.0
MACE-MP,2874,351.0
MACE-MP,2875,352.0
MACE-MP,2876,352.0
MACE-MP,2877,352.0
MACE-MP,2878,352.0
MACE-MP,2879,352.0
MACE-MP,2880,351.0
MACE-MP,2881,351.0
MACE-MP,2882,351.0
MACE-MP,2883,351.0
MACE-MP,2884,351.0
MACE-MP,2885,352.0
MACE-MP,2886,352.0
MACE-MP,2887,353.0
MACE-MP,2888,353.0
MACE-MP,2889,352.0
MACE-MP,2890,352.0
MACE-MP,2891,353.0
MACE-MP,2892,353.0
MACE-MP,2893,353.0
MACE-MP,2894,353.0
MACE-MP,2895,354.0
MACE-MP,2896,354.0
MACE-MP,2897,354.0
MACE-MP,2898,354.0
MACE-MP,2899,354.0
MACE-MP,2900,355.0
MACE-MP,2901,355.0
MACE-MP,2902,355.0
MACE-MP,2903,354.0
MACE-MP,2904,354.0
MACE-MP,2905,354.0
MACE-MP,2906,354.0
MACE-MP,2907,354.0
MACE-MP,2908,354.0
MACE-MP,2909,354.0
MACE-MP,2910,354.0
MACE-MP,2911,355.0
MACE-MP,2912,355.0
MACE-MP,2913,355.0
MACE-MP,2914,355.0
MACE-MP,2915,355.0
MACE-MP,2916,355.0
MACE-MP,2917,356.0
MACE-MP,2918,356.0
MACE-MP,2919,356.0
MACE-MP,2920,356.0
MACE-MP,2921,357.0
MACE-MP,2922,358.0
MACE-MP,2923,358.0
MACE-MP,2924,358.0
MACE-MP,2925,358.0
MACE-MP,2926,359.0
MACE-MP,2927,359.0
MACE-MP,2928,359.0
MACE-MP,2929,359.0
MACE-MP,2930,360.0
MACE-MP,2931,361.0
MACE-MP,2932,361.0
MACE-MP,2933,361.0
MACE-MP,2934,361.0
MACE-MP,2935,361.0
MACE-MP,2936,361.0
MACE-MP,2937,361.0
MACE-MP,2938,361.0
MACE-MP,2939,362.0
MACE-MP,2940,362.0
MACE-MP,2941,362.0
MACE-MP,2942,362.0
MACE-MP,2943,362.0
MACE-MP,2944,363.0
MACE-MP,2945,363.0
MACE-MP,2946,363.0
MACE-MP,2947,363.0
MACE-MP,2948,363.0
MACE-MP,2949,363.0
MACE-MP,2950,364.0
MACE-MP,2951,364.0
MACE-MP,2952,364.0
MACE-MP,2953,364.0
MACE-MP,2954,364.0
MACE-MP,2955,364.0
MACE-MP,2956,363.0
MACE-MP,2957,363.0
MACE-MP,2958,363.0
MACE-MP,2959,363.0
MACE-MP,2960,363.0
MACE-MP,2961,363.0
MACE-MP,2962,363.0
MACE-MP,2963,363.0
MACE-MP,2964,363.0
MACE-MP,2965,363.0
MACE-MP,2966,363.0
MACE-MP,2967,362.0
MACE-MP,2968,362.0
MACE-MP,2969,362.0
MACE-MP,2970,362.0
MACE-MP,2971,361.0
MACE-MP,2972,361.0
MACE-MP,2973,361.0
MACE-MP,2974,361.0
MACE-MP,2975,362.0
MACE-MP,2976,362.0
MACE-MP,2977,362.0
MACE-MP,2978,362.0
MACE-MP,2979,362.0
MACE-MP,2980,362.0
MACE-MP,2981,362.0
MACE-MP,2982,363.0
MACE-MP,2983,364.0
MACE-MP,2984,365.0
MACE-MP,2985,366.0
MACE-MP,2986,366.0
MACE-MP,2987,367.0
MACE-MP,2988,368.0
MACE-MP,2989,368.0
MACE-MP,2990,369.0
MACE-MP,2991,369.0
MACE-MP,2992,369.0
MACE-MP,2993,369.0
MACE-MP,2994,369.0
MACE-MP,2995,369.0
MACE-MP,2996,369.0
MACE-MP,2997,370.0
MACE-MP,2998,370.0
MACE-MP,2999,370.0
MACE-MP,3000,370.0
MACE-MP,3001,370.0
MACE-MP,3002,371.0
MACE-MP,3003,371.0
MACE-MP,3004,371.0
MACE-MP,3005,371.0
MACE-MP,3006,370.0
MACE-MP,3007,370.0
MACE-MP,3008,370.0
MACE-MP,3009,371.0
MACE-MP,3010,371.0
MACE-MP,3011,372.0
MACE-MP,3012,372.0
MACE-MP,3013,372.0
MACE-MP,3014,373.0
MACE-MP,3015,373.0
MACE-MP,3016,373.0
MACE-MP,3017,373.0
MACE-MP,3018,374.0
MACE-MP,3019,374.0
MACE-MP,3020,374.0
MACE-MP,3021,374.0
MACE-MP,3022,374.0
MACE-MP,3023,374.0
MACE-MP,3024,374.0
MACE-MP,3025,374.0
MACE-MP,3026,374.0
MACE-MP,3027,374.0
MACE-MP,3028,374.0
MACE-MP,3029,375.0
MACE-MP,3030,375.0
MACE-MP,3031,375.0
MACE-MP,3032,375.0
MACE-MP,3033,375.0
MACE-MP,3034,375.0
MACE-MP,3035,375.0
MACE-MP,3036,376.0
MACE-MP,3037,377.0
MACE-MP,3038,377.0
MACE-MP,3039,377.0
MACE-MP,3040,377.0
MACE-MP,3041,377.0
MACE-MP,3042,377.0
MACE-MP,3043,377.0
MACE-MP,3044,377.0
MACE-MP,3045,377.0
MACE-MP,3046,377.0
MACE-MP,3047,377.0
MACE-MP,3048,377.0
MACE-MP,3049,377.0
MACE-MP,3050,378.0
MACE-MP,3051,378.0
MACE-MP,3052,378.0
MACE-MP,3053,378.0
MACE-MP,3054,378.0
MACE-MP,3055,377.0
MACE-MP,3056,378.0
MACE-MP,3057,378.0
MACE-MP,3058,378.0
MACE-MP,3059,378.0
MACE-MP,3060,378.0
MACE-MP,3061,378.0
MACE-MP,3062,379.0
MACE-MP,3063,379.0
MACE-MP,3064,379.0
MACE-MP,3065,379.0
MACE-MP,3066,379.0
MACE-MP,3067,379.0
MACE-MP,3068,379.0
MACE-MP,3069,379.0
MACE-MP,3070,380.0
MACE-MP,3071,380.0
MACE-MP,3072,381.0
MACE-MP,3073,381.0
MACE-MP,3074,381.0
MACE-MP,3075,381.0
MACE-MP,3076,381.0
MACE-MP,3077,382.0
MACE-MP,3078,382.0
MACE-MP,3079,383.0
MACE-MP,3080,384.0
MACE-MP,3081,384.0
MACE-MP,3082,384.0
MACE-MP,3083,384.0
MACE-MP,3084,384.0
MACE-MP,3085,384.0
MACE-MP,3086,384.0
MACE-MP,3087,384.0
MACE-MP,3088,385.0
MACE-MP,3089,385.0
MACE-MP,3090,385.0
MACE-MP,3091,385.0
MACE-MP,3092,385.0
MACE-MP,3093,385.0
MACE-MP,3094,385.0
MACE-MP,3095,385.0
MACE-MP,3096,385.0
MACE-MP,3097,385.0
MACE-MP,3098,385.0
MACE-MP,3099,385.0
MACE-MP,3100,385.0
MACE-MP,3101,385.0
MACE-MP,3102,385.0
MACE-MP,3103,385.0
MACE-MP,3104,385.0
MACE-MP,3105,385.0
MACE-MP,3106,385.0
MACE-MP,3107,385.0
MACE-MP,3108,385.0
MACE-MP,3109,385.0
MACE-MP,3110,386.0
MACE-MP,3111,386.0
MACE-MP,3112,386.0
MACE-MP,3113,386.0
MACE-MP,3114,386.0
MACE-MP,3115,386.0
MACE-MP,3116,386.0
MACE-MP,3117,386.0
MACE-MP,3118,386.0
MACE-MP,3119,386.0
MACE-MP,3120,386.0
MACE-MP,3121,387.0
MACE-MP,3122,387.0
MACE-MP,3123,387.0
MACE-MP,3124,387.0
MACE-MP,3125,387.0
MACE-MP,3126,387.0
MACE-MP,3127,387.0
MACE-MP,3128,387.0
MACE-MP,3129,387.0
MACE-MP,3130,387.0
MACE-MP,3131,387.0
MACE-MP,3132,387.0
MACE-MP,3133,387.0
MACE-MP,3134,387.0
MACE-MP,3135,387.0
MACE-MP,3136,387.0
MACE-MP,3137,387.0
MACE-MP,3138,387.0
MACE-MP,3139,387.0
MACE-MP,3140,387.0
MACE-MP,3141,387.0
MACE-MP,3142,387.0
MACE-MP,3143,388.0
MACE-MP,3144,388.0
MACE-MP,3145,388.0
MACE-MP,3146,388.0
MACE-MP,3147,388.0
MACE-MP,3148,389.0
MACE-MP,3149,389.0
MACE-MP,3150,389.0
MACE-MP,3151,389.0
MACE-MP,3152,389.0
MACE-MP,3153,389.0
MACE-MP,3154,389.0
MACE-MP,3155,389.0
MACE-MP,3156,389.0
MACE-MP,3157,390.0
MACE-MP,3158,390.0
MACE-MP,3159,389.0
MACE-MP,3160,389.0
MACE-MP,3161,390.0
MACE-MP,3162,390.0
MACE-MP,3163,390.0
MACE-MP,3164,390.0
MACE-MP,3165,390.0
MACE-MP,3166,389.0
MACE-MP,3167,390.0
MACE-MP,3168,391.0
MACE-MP,3169,391.0
MACE-MP,3170,391.0
MACE-MP,3171,392.0
MACE-MP,3172,392.0
MACE-MP,3173,392.0
MACE-MP,3174,392.0
MACE-MP,3175,392.0
MACE-MP,3176,393.0
MACE-MP,3177,393.0
MACE-MP,3178,393.0
MACE-MP,3179,393.0
MACE-MP,3180,392.0
MACE-MP,3181,393.0
MACE-MP,3182,393.0
MACE-MP,3183,393.0
MACE-MP,3184,393.0
MACE-MP,3185,393.0
MACE-MP,3186,393.0
MACE-MP,3187,393.0
MACE-MP,3188,393.0
MACE-MP,3189,393.0
MACE-MP,3190,394.0
MACE-MP,3191,394.0
MACE-MP,3192,394.0
MACE-MP,3193,394.0
MACE-MP,3194,395.0
MACE-MP,3195,395.0
MACE-MP,3196,395.0
MACE-MP,3197,395.0
MACE-MP,3198,395.0
MACE-MP,3199,395.0
MACE-MP,3200,395.0
MACE-MP,3201,395.0
MACE-MP,3202,395.0
MACE-MP,3203,395.0
MACE-MP,3204,395.0
MACE-MP,3205,396.0
MACE-MP,3206,396.0
MACE-MP,3207,396.0
MACE-MP,3208,396.0
MACE-MP,3209,396.0
MACE-MP,3210,397.0
MACE-MP,3211,396.0
MACE-MP,3212,396.0
MACE-MP,3213,396.0
MACE-MP,3214,396.0
MACE-MP,3215,397.0
MACE-MP,3216,397.0
MACE-MP,3217,397.0
MACE-MP,3218,397.0
MACE-MP,3219,397.0
MACE-MP,3220,397.0
MACE-MP,3221,397.0
MACE-MP,3222,397.0
MACE-MP,3223,397.0
MACE-MP,3224,397.0
MACE-MP,3225,397.0
MACE-MP,3226,397.0
MACE-MP,3227,397.0
MACE-MP,3228,397.0
MACE-MP,3229,397.0
MACE-MP,3230,397.0
MACE-MP,3231,398.0
MACE-MP,3232,399.0
MACE-MP,3233,400.0
MACE-MP,3234,399.0
MACE-MP,3235,399.0
MACE-MP,3236,399.0
MACE-MP,3237,399.0
MACE-MP,3238,399.0
MACE-MP,3239,399.0
MACE-MP,3240,399.0
MACE-MP,3241,399.0
MACE-MP,3242,399.0
MACE-MP,3243,399.0
MACE-MP,3244,399.0
MACE-MP,3245,400.0
MACE-MP,3246,399.0
MACE-MP,3247,399.0
MACE-MP,3248,399.0
MACE-MP,3249,399.0
MACE-MP,3250,400.0
MACE-MP,3251,400.0
MACE-MP,3252,400.0
MACE-MP,3253,400.0
MACE-MP,3254,401.0
MACE-MP,3255,401.0
MACE-MP,3256,401.0
MACE-MP,3257,401.0
MACE-MP,3258,401.0
MACE-MP,3259,401.0
MACE-MP,3260,401.0
MACE-MP,3261,401.0
MACE-MP,3262,400.0
MACE-MP,3263,401.0
MACE-MP,3264,401.0
MACE-MP,3265,402.0
MACE-MP,3266,402.0
MACE-MP,3267,401.0
MACE-MP,3268,401.0
MACE-MP,3269,401.0
MACE-MP,3270,402.0
MACE-MP,3271,402.0
MACE-MP,3272,402.0
MACE-MP,3273,403.0
MACE-MP,3274,403.0
MACE-MP,3275,403.0
MACE-MP,3276,403.0
MACE-MP,3277,403.0
MACE-MP,3278,403.0
MACE-MP,3279,402.0
MACE-MP,3280,402.0
MACE-MP,3281,402.0
MACE-MP,3282,402.0
MACE-MP,3283,402.0
MACE-MP,3284,402.0
MACE-MP,3285,402.0
MACE-MP,3286,402.0
MACE-MP,3287,403.0
MACE-MP,3288,403.0
MACE-MP,3289,403.0
MACE-MP,3290,402.0
MACE-MP,3291,402.0
MACE-MP,3292,403.0
MACE-MP,3293,403.0
MACE-MP,3294,403.0
MACE-MP,3295,403.0
MACE-MP,3296,402.0
MACE-MP,3297,402.0
MACE-MP,3298,402.0
MACE-MP,3299,402.0
MACE-MP,3300,402.0
MACE-MP,3301,402.0
MACE-MP,3302,402.0
MACE-MP,3303,402.0
MACE-MP,3304,402.0
MACE-MP,3305,402.0
MACE-MP,3306,403.0
MACE-MP,3307,403.0
MACE-MP,3308,404.0
MACE-MP,3309,404.0
MACE-MP,3310,405.0
MACE-MP,3311,405.0
MACE-MP,3312,405.0
MACE-MP,3313,405.0
MACE-MP,3314,405.0
MACE-MP,3315,405.0
MACE-MP,3316,405.0
MACE-MP,3317,405.0
MACE-MP,3318,405.0
MACE-MP,3319,405.0
MACE-MP,3320,405.0
MACE-MP,3321,405.0
MACE-MP,3322,405.0
MACE-MP,3323,405.0
MACE-MP,3324,405.0
MACE-MP,3325,405.0
MACE-MP,3326,406.0
MACE-MP,3327,406.0
MACE-MP,3328,406.0
MACE-MP,3329,406.0
MACE-MP,3330,406.0
MACE-MP,3331,406.0
MACE-MP,3332,406.0
MACE-MP,3333,406.0
MACE-MP,3334,406.0
MACE-MP,3335,406.0
MACE-MP,3336,406.0
MACE-MP,3337,406.0
MACE-MP,3338,406.0
MACE-MP,3339,406.0
MACE-MP,3340,406.0
MACE-MP,3341,406.0
MACE-MP,3342,407.0
MACE-MP,3343,406.0
MACE-MP,3344,406.0
MACE-MP,3345,406.0
MACE-MP,3346,405.0
MACE-MP,3347,405.0
MACE-MP,3348,405.0
MACE-MP,3349,405.0
MACE-MP,3350,406.0
MACE-MP,3351,406.0
MACE-MP,3352,406.0
MACE-MP,3353,406.0
MACE-MP,3354,406.0
MACE-MP,3355,406.0
MACE-MP,3356,406.0
MACE-MP,3357,406.0
MACE-MP,3358,406.0
MACE-MP,3359,406.0
MACE-MP,3360,406.0
MACE-MP,3361,406.0
MACE-MP,3362,407.0
MACE-MP,3363,407.0
MACE-MP,3364,407.0
MACE-MP,3365,408.0
MACE-MP,3366,408.0
MACE-MP,3367,408.0
MACE-MP,3368,408.0
MACE-MP,3369,408.0
MACE-MP,3370,408.0
MACE-MP,3371,408.0
MACE-MP,3372,409.0
MACE-MP,3373,410.0
MACE-MP,3374,410.0
MACE-MP,3375,410.0
MACE-MP,3376,410.0
MACE-MP,3377,410.0
MACE-MP,3378,410.0
MACE-MP,3379,410.0
MACE-MP,3380,411.0
MACE-MP,3381,411.0
MACE-MP,3382,411.0
MACE-MP,3383,411.0
MACE-MP,3384,411.0
MACE-MP,3385,411.0
MACE-MP,3386,412.0
MACE-MP,3387,413.0
MACE-MP,3388,413.0
MACE-MP,3389,413.0
MACE-MP,3390,413.0
MACE-MP,3391,413.0
MACE-MP,3392,413.0
MACE-MP,3393,413.0
MACE-MP,3394,413.0
MACE-MP,3395,413.0
MACE-MP,3396,413.0
MACE-MP,3397,413.0
MACE-MP,3398,413.0
MACE-MP,3399,413.0
MACE-MP,3400,413.0
MACE-MP,3401,413.0
MACE-MP,3402,413.0
MACE-MP,3403,414.0
MACE-MP,3404,415.0
MACE-MP,3405,414.0
MACE-MP,3406,414.0
MACE-MP,3407,414.0
MACE-MP,3408,414.0
MACE-MP,3409,414.0
MACE-MP,3410,414.0
MACE-MP,3411,415.0
MACE-MP,3412,415.0
MACE-MP,3413,416.0
MACE-MP,3414,416.0
MACE-MP,3415,416.0
MACE-MP,3416,416.0
MACE-MP,3417,416.0
MACE-MP,3418,416.0
MACE-MP,3419,416.0
MACE-MP,3420,417.0
MACE-MP,3421,417.0
MACE-MP,3422,417.0
MACE-MP,3423,418.0
MACE-MP,3424,419.0
MACE-MP,3425,419.0
MACE-MP,3426,419.0
MACE-MP,3427,419.0
MACE-MP,3428,419.0
MACE-MP,3429,419.0
MACE-MP,3430,419.0
MACE-MP,3431,419.0
MACE-MP,3432,419.0
MACE-MP,3433,419.0
MACE-MP,3434,419.0
MACE-MP,3435,419.0
MACE-MP,3436,419.0
MACE-MP,3437,420.0
MACE-MP,3438,420.0
MACE-MP,3439,420.0
MACE-MP,3440,420.0
MACE-MP,3441,420.0
MACE-MP,3442,420.0
MACE-MP,3443,420.0
MACE-MP,3444,420.0
MACE-MP,3445,420.0
MACE-MP,3446,420.0
MACE-MP,3447,420.0
MACE-MP,3448,420.0
MACE-MP,3449,420.0
MACE-MP,3450,420.0
MACE-MP,3451,420.0
MACE-MP,3452,421.0
MACE-MP,3453,421.0
MACE-MP,3454,421.0
MACE-MP,3455,421.0
MACE-MP,3456,421.0
MACE-MP,3457,421.0
MACE-MP,3458,421.0
MACE-MP,3459,421.0
MACE-MP,3460,421.0
MACE-MP,3461,421.0
MACE-MP,3462,421.0
MACE-MP,3463,422.0
MACE-MP,3464,422.0
MACE-MP,3465,422.0
MACE-MP,3466,421.0
MACE-MP,3467,421.0
MACE-MP,3468,421.0
MACE-MP,3469,422.0
MACE-MP,3470,423.0
MACE-MP,3471,423.0
MACE-MP,3472,423.0
MACE-MP,3473,424.0
MACE-MP,3474,424.0
MACE-MP,3475,425.0
MACE-MP,3476,425.0
MACE-MP,3477,425.0
MACE-MP,3478,425.0
MACE-MP,3479,425.0
MACE-MP,3480,426.0
MACE-MP,3481,426.0
MACE-MP,3482,426.0
MACE-MP,3483,426.0
MACE-MP,3484,426.0
MACE-MP,3485,426.0
MACE-MP,3486,426.0
MACE-MP,3487,425.0
MACE-MP,3488,425.0
MACE-MP,3489,425.0
MACE-MP,3490,425.0
MACE-MP,3491,425.0
MACE-MP,3492,426.0
MACE-MP,3493,426.0
MACE-MP,3494,426.0
MACE-MP,3495,426.0
MACE-MP,3496,426.0
MACE-MP,3497,426.0
MACE-MP,3498,426.0
MACE-MP,3499,425.0
MACE-MP,3500,425.0
MACE-MP,3501,425.0
MACE-MP,3502,425.0
MACE-MP,3503,425.0
MACE-MP,3504,425.0
MACE-MP,3505,425.0
MACE-MP,3506,425.0
MACE-MP,3507,425.0
MACE-MP,3508,424.0
MACE-MP,3509,424.0
MACE-MP,3510,424.0
MACE-MP,3511,424.0
MACE-MP,3512,424.0
MACE-MP,3513,424.0
MACE-MP,3514,424.0
MACE-MP,3515,424.0
MACE-MP,3516,425.0
MACE-MP,3517,425.0
MACE-MP,3518,425.0
MACE-MP,3519,425.0
MACE-MP,3520,425.0
MACE-MP,3521,425.0
MACE-MP,3522,425.0
MACE-MP,3523,425.0
MACE-MP,3524,424.0
MACE-MP,3525,424.0
MACE-MP,3526,424.0
MACE-MP,3527,424.0
MACE-MP,3528,424.0
MACE-MP,3529,423.0
MACE-MP,3530,423.0
MACE-MP,3531,423.0
MACE-MP,3532,423.0
MACE-MP,3533,423.0
MACE-MP,3534,423.0
MACE-MP,3535,424.0
MACE-MP,3536,424.0
MACE-MP,3537,425.0
MACE-MP,3538,425.0
MACE-MP,3539,425.0
MACE-MP,3540,425.0
MACE-MP,3541,426.0
MACE-MP,3542,426.0
MACE-MP,3543,426.0
MACE-MP,3544,426.0
MACE-MP,3545,427.0
MACE-MP,3546,427.0
MACE-MP,3547,427.0
MACE-MP,3548,426.0
MACE-MP,3549,425.0
MACE-MP,3550,426.0
MACE-MP,3551,427.0
MACE-MP,3552,426.0
MACE-MP,3553,426.0
MACE-MP,3554,427.0
MACE-MP,3555,428.0
MACE-MP,3556,428.0
MACE-MP,3557,428.0
MACE-MP,3558,428.0
MACE-MP,3559,428.0
MACE-MP,3560,429.0
MACE-MP,3561,429.0
MACE-MP,3562,429.0
MACE-MP,3563,429.0
MACE-MP,3564,429.0
MACE-MP,3565,429.0
MACE-MP,3566,429.0
MACE-MP,3567,428.0
MACE-MP,3568,428.0
MACE-MP,3569,427.0
MACE-MP,3570,427.0
MACE-MP,3571,427.0
MACE-MP,3572,427.0
MACE-MP,3573,427.0
MACE-MP,3574,428.0
MACE-MP,3575,429.0
MACE-MP,3576,430.0
MACE-MP,3577,430.0
MACE-MP,3578,431.0
MACE-MP,3579,431.0
MACE-MP,3580,431.0
MACE-MP,3581,431.0
MACE-MP,3582,431.0
MACE-MP,3583,431.0
MACE-MP,3584,431.0
MACE-MP,3585,431.0
MACE-MP,3586,431.0
MACE-MP,3587,431.0
MACE-MP,3588,430.0
MACE-MP,3589,430.0
MACE-MP,3590,430.0
MACE-MP,3591,430.0
MACE-MP,3592,430.0
MACE-MP,3593,430.0
MACE-MP,3594,430.0
MACE-MP,3595,430.0
MACE-MP,3596,430.0
MACE-MP,3597,430.0
MACE-MP,3598,430.0
MACE-MP,3599,430.0
MACE-MP,3600,430.0
MACE-MP,3601,431.0
MACE-MP,3602,431.0
MACE-MP,3603,431.0
MACE-MP,3604,430.0
MACE-MP,3605,429.0
MACE-MP,3606,429.0
MACE-MP,3607,429.0
MACE-MP,3608,429.0
MACE-MP,3609,429.0
MACE-MP,3610,428.0
MACE-MP,3611,428.0
MACE-MP,3612,428.0
MACE-MP,3613,428.0
MACE-MP,3614,427.0
MACE-MP,3615,427.0
MACE-MP,3616,427.0
MACE-MP,3617,427.0
MACE-MP,3618,427.0
MACE-MP,3619,427.0
MACE-MP,3620,426.0
MACE-MP,3621,426.0
MACE-MP,3622,426.0
MACE-MP,3623,425.0
MACE-MP,3624,425.0
MACE-MP,3625,425.0
MACE-MP,3626,425.0
MACE-MP,3627,426.0
MACE-MP,3628,427.0
MACE-MP,3629,427.0
MACE-MP,3630,427.0
MACE-MP,3631,427.0
MACE-MP,3632,427.0
MACE-MP,3633,427.0
MACE-MP,3634,427.0
MACE-MP,3635,427.0
MACE-MP,3636,427.0
MACE-MP,3637,428.0
MACE-MP,3638,428.0
MACE-MP,3639,428.0
MACE-MP,3640,428.0
MACE-MP,3641,428.0
MACE-MP,3642,428.0
MACE-MP,3643,429.0
MACE-MP,3644,429.0
MACE-MP,3645,430.0
MACE-MP,3646,430.0
MACE-MP,3647,430.0
MACE-MP,3648,430.0
MACE-MP,3649,430.0
MACE-MP,3650,431.0
MACE-MP,3651,431.0
MACE-MP,3652,430.0
MACE-MP,3653,430.0
MACE-MP,3654,430.0
MACE-MP,3655,430.0
MACE-MP,3656,430.0
MACE-MP,3657,430.0
MACE-MP,3658,429.0
MACE-MP,3659,429.0
MACE-MP,3660,429.0
MACE-MP,3661,429.0
MACE-MP,3662,429.0
MACE-MP,3663,429.0
MACE-MP,3664,429.0
MACE-MP,3665,429.0
MACE-MP,3666,429.0
MACE-MP,3667,430.0
MACE-MP,3668,430.0
MACE-MP,3669,430.0
MACE-MP,3670,430.0
MACE-MP,3671,430.0
MACE-MP,3672,430.0
MACE-MP,3673,430.0
MACE-MP,3674,430.0
MACE-MP,3675,430.0
MACE-MP,3676,430.0
MACE-MP,3677,430.0
MACE-MP,3678,430.0
MACE-MP,3679,430.0
MACE-MP,3680,431.0
MACE-MP,3681,430.0
MACE-MP,3682,429.0
MACE-MP,3683,429.0
MACE-MP,3684,429.0
MACE-MP,3685,429.0
MACE-MP,3686,429.0
MACE-MP,3687,429.0
MACE-MP,3688,429.0
MACE-MP,3689,429.0
MACE-MP,3690,430.0
MACE-MP,3691,430.0
MACE-MP,3692,430.0
MACE-MP,3693,430.0
MACE-MP,3694,430.0
MACE-MP,3695,430.0
MACE-MP,3696,431.0
MACE-MP,3697,431.0
MACE-MP,3698,431.0
MACE-MP,3699,431.0
MACE-MP,3700,431.0
MACE-MP,3701,431.0
MACE-MP,3702,431.0
MACE-MP,3703,431.0
MACE-MP,3704,431.0
MACE-MP,3705,431.0
MACE-MP,3706,431.0
MACE-MP,3707,432.0
MACE-MP,3708,433.0
MACE-MP,3709,433.0
MACE-MP,3710,433.0
MACE-MP,3711,433.0
MACE-MP,3712,433.0
MACE-MP,3713,433.0
MACE-MP,3714,433.0
MACE-MP,3715,433.0
MACE-MP,3716,433.0
MACE-MP,3717,433.0
MACE-MP,3718,433.0
MACE-MP,3719,433.0
MACE-MP,3720,433.0
MACE-MP,3721,434.0
MACE-MP,3722,434.0
MACE-MP,3723,434.0
MACE-MP,3724,434.0
MACE-MP,3725,434.0
MACE-MP,3726,434.0
MACE-MP,3727,433.0
MACE-MP,3728,433.0
MACE-MP,3729,433.0
MACE-MP,3730,434.0
MACE-MP,3731,434.0
MACE-MP,3732,434.0
MACE-MP,3733,434.0
MACE-MP,3734,434.0
MACE-MP,3735,434.0
MACE-MP,3736,434.0
MACE-MP,3737,434.0
MACE-MP,3738,435.0
MACE-MP,3739,435.0
MACE-MP,3740,436.0
MACE-MP,3741,436.0
MACE-MP,3742,436.0
MACE-MP,3743,436.0
MACE-MP,3744,435.0
MACE-MP,3745,435.0
MACE-MP,3746,435.0
MACE-MP,3747,435.0
MACE-MP,3748,436.0
MACE-MP,3749,436.0
MACE-MP,3750,437.0
MACE-MP,3751,437.0
MACE-MP,3752,437.0
MACE-MP,3753,437.0
MACE-MP,3754,437.0
MACE-MP,3755,437.0
MACE-MP,3756,436.0
MACE-MP,3757,436.0
MACE-MP,3758,437.0
MACE-MP,3759,437.0
MACE-MP,3760,438.0
MACE-MP,3761,438.0
MACE-MP,3762,438.0
MACE-MP,3763,437.0
MACE-MP,3764,437.0
MACE-MP,3765,437.0
MACE-MP,3766,437.0
MACE-MP,3767,437.0
MACE-MP,3768,437.0
MACE-MP,3769,437.0
MACE-MP,3770,437.0
MACE-MP,3771,437.0
MACE-MP,3772,437.0
MACE-MP,3773,438.0
MACE-MP,3774,438.0
MACE-MP,3775,438.0
MACE-MP,3776,438.0
MACE-MP,3777,438.0
MACE-MP,3778,438.0
MACE-MP,3779,438.0
MACE-MP,3780,438.0
MACE-MP,3781,438.0
MACE-MP,3782,437.0
MACE-MP,3783,437.0
MACE-MP,3784,437.0
MACE-MP,3785,436.0
MACE-MP,3786,436.0
MACE-MP,3787,436.0
MACE-MP,3788,436.0
MACE-MP,3789,436.0
MACE-MP,3790,436.0
MACE-MP,3791,436.0
MACE-MP,3792,437.0
MACE-MP,3793,437.0
MACE-MP,3794,437.0
MACE-MP,3795,437.0
MACE-MP,3796,437.0
MACE-MP,3797,437.0
MACE-MP,3798,437.0
MACE-MP,3799,437.0
MACE-MP,3800,437.0
MACE-MP,3801,437.0
MACE-MP,3802,438.0
MACE-MP,3803,438.0
MACE-MP,3804,437.0
MACE-MP,3805,437.0
MACE-MP,3806,438.0
MACE-MP,3807,438.0
MACE-MP,3808,438.0
MACE-MP,3809,438.0
MACE-MP,3810,438.0
MACE-MP,3811,438.0
MACE-MP,3812,438.0
MACE-MP,3813,438.0
MACE-MP,3814,438.0
MACE-MP,3815,438.0
MACE-MP,3816,439.0
MACE-MP,3817,439.0
MACE-MP,3818,439.0
MACE-MP,3819,439.0
MACE-MP,3820,439.0
MACE-MP,3821,439.0
MACE-MP,3822,439.0
MACE-MP,3823,439.0
MACE-MP,3824,439.0
MACE-MP,3825,439.0
MACE-MP,3826,440.0
MACE-MP,3827,440.0
MACE-MP,3828,440.0
MACE-MP,3829,441.0
MACE-MP,3830,441.0
MACE-MP,3831,441.0
MACE-MP,3832,441.0
MACE-MP,3833,441.0
MACE-MP,3834,441.0
MACE-MP,3835,441.0
MACE-MP,3836,441.0
MACE-MP,3837,441.0
MACE-MP,3838,441.0
MACE-MP,3839,441.0
MACE-MP,3840,442.0
MACE-MP,3841,442.0
MACE-MP,3842,442.0
MACE-MP,3843,441.0
MACE-MP,3844,440.0
MACE-MP,3845,440.0
MACE-MP,3846,441.0
MACE-MP,3847,442.0
MACE-MP,3848,443.0
MACE-MP,3849,443.0
MACE-MP,3850,443.0
MACE-MP,3851,444.0
MACE-MP,3852,444.0
MACE-MP,3853,444.0
MACE-MP,3854,445.0
MACE-MP,3855,446.0
MACE-MP,3856,446.0
MACE-MP,3857,446.0
MACE-MP,3858,446.0
MACE-MP,3859,446.0
MACE-MP,3860,447.0
MACE-MP,3861,447.0
MACE-MP,3862,448.0
MACE-MP,3863,448.0
MACE-MP,3864,448.0
MACE-MP,3865,448.0
MACE-MP,3866,448.0
MACE-MP,3867,448.0
MACE-MP,3868,449.0
MACE-MP,3869,449.0
MACE-MP,3870,449.0
MACE-MP,3871,449.0
MACE-MP,3872,449.0
MACE-MP,3873,449.0
MACE-MP,3874,449.0
MACE-MP,3875,449.0
MACE-MP,3876,449.0
MACE-MP,3877,449.0
MACE-MP,3878,449.0
MACE-MP,3879,449.0
MACE-MP,3880,449.0
MACE-MP,3881,449.0
MACE-MP,3882,449.0
MACE-MP,3883,449.0
MACE-MP,3884,449.0
MACE-MP,3885,449.0
MACE-MP,3886,449.0
MACE-MP,3887,449.0
MACE-MP,3888,449.0
MACE-MP,3889,450.0
MACE-MP,3890,451.0
MACE-MP,3891,451.0
MACE-MP,3892,451.0
MACE-MP,3893,451.0
MACE-MP,3894,451.0
MACE-MP,3895,452.0
MACE-MP,3896,453.0
MACE-MP,3897,453.0
MACE-MP,3898,453.0
MACE-MP,3899,453.0
MACE-MP,3900,453.0
MACE-MP,3901,454.0
MACE-MP,3902,454.0
MACE-MP,3903,454.0
MACE-MP,3904,454.0
MACE-MP,3905,454.0
MACE-MP,3906,455.0
MACE-MP,3907,455.0
MACE-MP,3908,456.0
MACE-MP,3909,456.0
MACE-MP,3910,456.0
MACE-MP,3911,456.0
MACE-MP,3912,456.0
MACE-MP,3913,456.0
MACE-MP,3914,455.0
MACE-MP,3915,455.0
MACE-MP,3916,455.0
MACE-MP,3917,454.0
MACE-MP,3918,454.0
MACE-MP,3919,454.0
MACE-MP,3920,454.0
MACE-MP,3921,454.0
MACE-MP,3922,454.0
MACE-MP,3923,455.0
MACE-MP,3924,456.0
MACE-MP,3925,456.0
MACE-MP,3926,457.0
MACE-MP,3927,457.0
MACE-MP,3928,457.0
MACE-MP,3929,457.0
MACE-MP,3930,458.0
MACE-MP,3931,458.0
MACE-MP,3932,458.0
MACE-MP,3933,459.0
MACE-MP,3934,459.0
MACE-MP,3935,459.0
MACE-MP,3936,459.0
MACE-MP,3937,459.0
MACE-MP,3938,459.0
MACE-MP,3939,459.0
MACE-MP,3940,459.0
MACE-MP,3941,459.0
MACE-MP,3942,460.0
MACE-MP,3943,461.0
MACE-MP,3944,461.0
MACE-MP,3945,461.0
MACE-MP,3946,461.0
MACE-MP,3947,461.0
MACE-MP,3948,461.0
MACE-MP,3949,461.0
MACE-MP,3950,461.0
MACE-MP,3951,461.0
MACE-MP,3952,461.0
MACE-MP,3953,461.0
MACE-MP,3954,461.0
MACE-MP,3955,461.0
MACE-MP,3956,462.0
MACE-MP,3957,462.0
MACE-MP,3958,462.0
MACE-MP,3959,462.0
MACE-MP,3960,462.0
MACE-MP,3961,462.0
MACE-MP,3962,462.0
MACE-MP,3963,462.0
MACE-MP,3964,463.0
MACE-MP,3965,463.0
MACE-MP,3966,463.0
MACE-MP,3967,463.0
MACE-MP,3968,463.0
MACE-MP,3969,463.0
MACE-MP,3970,463.0
MACE-MP,3971,463.0
MACE-MP,3972,463.0
MACE-MP,3973,463.0
MACE-MP,3974,462.0
MACE-MP,3975,462.0
MACE-MP,3976,462.0
MACE-MP,3977,462.0
MACE-MP,3978,462.0
MACE-MP,3979,462.0
MACE-MP,3980,461.0
MACE-MP,3981,461.0
MACE-MP,3982,461.0
MACE-MP,3983,461.0
MACE-MP,3984,461.0
MACE-MP,3985,461.0
MACE-MP,3986,461.0
MACE-MP,3987,461.0
MACE-MP,3988,461.0
MACE-MP,3989,461.0
MACE-MP,3990,462.0
MACE-MP,3991,462.0
MACE-MP,3992,462.0
MACE-MP,3993,462.0
MACE-MP,3994,463.0
MACE-MP,3995,463.0
MACE-MP,3996,463.0
MACE-MP,3997,463.0
MACE-MP,3998,463.0
MACE-MP,3999,463.0
MACE-MP,4000,463.0
MACE-MP,4001,463.0
MACE-MP,4002,462.0
MACE-MP,4003,463.0
MACE-MP,4004,463.0
MACE-MP,4005,463.0
MACE-MP,4006,463.0
MACE-MP,4007,463.0
MACE-MP,4008,463.0
MACE-MP,4009,463.0
MACE-MP,4010,463.0
MACE-MP,4011,464.0
MACE-MP,4012,465.0
MACE-MP,4013,465.0
MACE-MP,4014,465.0
MACE-MP,4015,465.0
MACE-MP,4016,465.0
MACE-MP,4017,465.0
MACE-MP,4018,465.0
MACE-MP,4019,465.0
MACE-MP,4020,465.0
MACE-MP,4021,465.0
MACE-MP,4022,465.0
MACE-MP,4023,465.0
MACE-MP,4024,465.0
MACE-MP,4025,465.0
MACE-MP,4026,465.0
MACE-MP,4027,465.0
MACE-MP,4028,465.0
MACE-MP,4029,466.0
MACE-MP,4030,466.0
MACE-MP,4031,466.0
MACE-MP,4032,466.0
MACE-MP,4033,466.0
MACE-MP,4034,467.0
MACE-MP,4035,468.0
MACE-MP,4036,468.0
MACE-MP,4037,468.0
MACE-MP,4038,468.0
MACE-MP,4039,468.0
MACE-MP,4040,469.0
MACE-MP,4041,470.0
MACE-MP,4042,470.0
MACE-MP,4043,470.0
MACE-MP,4044,471.0
MACE-MP,4045,471.0
MACE-MP,4046,470.0
MACE-MP,4047,470.0
MACE-MP,4048,470.0
MACE-MP,4049,469.0
MACE-MP,4050,469.0
MACE-MP,4051,468.0
MACE-MP,4052,468.0
MACE-MP,4053,468.0
MACE-MP,4054,468.0
MACE-MP,4055,467.0
MACE-MP,4056,467.0
MACE-MP,4057,467.0
MACE-MP,4058,467.0
MACE-MP,4059,467.0
MACE-MP,4060,467.0
MACE-MP,4061,468.0
MACE-MP,4062,468.0
MACE-MP,4063,468.0
MACE-MP,4064,468.0
MACE-MP,4065,468.0
MACE-MP,4066,467.0
MACE-MP,4067,467.0
MACE-MP,4068,468.0
MACE-MP,4069,468.0
MACE-MP,4070,469.0
MACE-MP,4071,469.0
MACE-MP,4072,469.0
MACE-MP,4073,469.0
MACE-MP,4074,469.0
MACE-MP,4075,469.0
MACE-MP,4076,469.0
MACE-MP,4077,469.0
MACE-MP,4078,469.0
MACE-MP,4079,469.0
MACE-MP,4080,469.0
MACE-MP,4081,469.0
MACE-MP,4082,469.0
MACE-MP,4083,469.0
MACE-MP,4084,469.0
MACE-MP,4085,469.0
MACE-MP,4086,469.0
MACE-MP,4087,469.0
MACE-MP,4088,470.0
MACE-MP,4089,469.0
MACE-MP,4090,469.0
MACE-MP,4091,469.0
MACE-MP,4092,469.0
MACE-MP,4093,469.0
MACE-MP,4094,469.0
MACE-MP,4095,469.0
MACE-MP,4096,469.0
MACE-MP,4097,470.0
MACE-MP,4098,471.0
MACE-MP,4099,471.0
MACE-MP,4100,471.0
MACE-MP,4101,471.0
MACE-MP,4102,470.0
MACE-MP,4103,469.0
MACE-MP,4104,469.0
MACE-MP,4105,469.0
MACE-MP,4106,469.0
MACE-MP,4107,470.0
MACE-MP,4108,470.0
MACE-MP,4109,470.0
MACE-MP,4110,469.0
MACE-MP,4111,469.0
MACE-MP,4112,469.0
MACE-MP,4113,469.0
MACE-MP,4114,469.0
MACE-MP,4115,469.0
MACE-MP,4116,469.0
MACE-MP,4117,469.0
MACE-MP,4118,469.0
MACE-MP,4119,469.0
MACE-MP,4120,469.0
MACE-MP,4121,469.0
MACE-MP,4122,470.0
MACE-MP,4123,470.0
MACE-MP,4124,470.0
MACE-MP,4125,470.0
MACE-MP,4126,471.0
MACE-MP,4127,471.0
MACE-MP,4128,471.0
MACE-MP,4129,471.0
MACE-MP,4130,471.0
MACE-MP,4131,471.0
MACE-MP,4132,471.0
MACE-MP,4133,471.0
MACE-MP,4134,471.0
MACE-MP,4135,471.0
MACE-MP,4136,471.0
MACE-MP,4137,471.0
MACE-MP,4138,471.0
MACE-MP,4139,471.0
MACE-MP,4140,471.0
MACE-MP,4141,471.0
MACE-MP,4142,471.0
MACE-MP,4143,472.0
MACE-MP,4144,472.0
MACE-MP,4145,472.0
MACE-MP,4146,473.0
MACE-MP,4147,473.0
MACE-MP,4148,473.0
MACE-MP,4149,473.0
MACE-MP,4150,474.0
MACE-MP,4151,474.0
MACE-MP,4152,474.0
MACE-MP,4153,474.0
MACE-MP,4154,474.0
MACE-MP,4155,474.0
MACE-MP,4156,474.0
MACE-MP,4157,474.0
MACE-MP,4158,474.0
MACE-MP,4159,474.0
MACE-MP,4160,474.0
MACE-MP,4161,474.0
MACE-MP,4162,474.0
MACE-MP,4163,475.0
MACE-MP,4164,475.0
MACE-MP,4165,475.0
MACE-MP,4166,476.0
MACE-MP,4167,477.0
MACE-MP,4168,477.0
MACE-MP,4169,477.0
MACE-MP,4170,477.0
MACE-MP,4171,477.0
MACE-MP,4172,477.0
MACE-MP,4173,477.0
MACE-MP,4174,477.0
MACE-MP,4175,477.0
MACE-MP,4176,478.0
MACE-MP,4177,479.0
MACE-MP,4178,479.0
MACE-MP,4179,479.0
MACE-MP,4180,480.0
MACE-MP,4181,480.0
MACE-MP,4182,480.0
MACE-MP,4183,481.0
MACE-MP,4184,482.0
MACE-MP,4185,482.0
MACE-MP,4186,482.0
MACE-MP,4187,483.0
MACE-MP,4188,482.0
MACE-MP,4189,483.0
MACE-MP,4190,484.0
MACE-MP,4191,484.0
MACE-MP,4192,484.0
MACE-MP,4193,484.0
MACE-MP,4194,484.0
MACE-MP,4195,484.0
MACE-MP,4196,484.0
MACE-MP,4197,484.0
MACE-MP,4198,484.0
MACE-MP,4199,485.0
MACE-MP,4200,486.0
MACE-MP,4201,486.0
MACE-MP,4202,486.0
MACE-MP,4203,486.0
MACE-MP,4204,486.0
MACE-MP,4205,486.0
MACE-MP,4206,486.0
MACE-MP,4207,486.0
MACE-MP,4208,486.0
MACE-MP,4209,486.0
MACE-MP,4210,486.0
MACE-MP,4211,486.0
MACE-MP,4212,487.0
MACE-MP,4213,487.0
MACE-MP,4214,486.0
MACE-MP,4215,486.0
MACE-MP,4216,486.0
MACE-MP,4217,486.0
MACE-MP,4218,486.0
MACE-MP,4219,486.0
MACE-MP,4220,486.0
MACE-MP,4221,486.0
MACE-MP,4222,486.0
MACE-MP,4223,485.0
MACE-MP,4224,485.0
MACE-MP,4225,485.0
MACE-MP,4226,485.0
MACE-MP,4227,485.0
MACE-MP,4228,485.0
MACE-MP,4229,485.0
MACE-MP,4230,485.0
MACE-MP,4231,486.0
MACE-MP,4232,486.0
MACE-MP,4233,486.0
MACE-MP,4234,486.0
MACE-MP,4235,486.0
MACE-MP,4236,486.0
MACE-MP,4237,486.0
MACE-MP,4238,487.0
MACE-MP,4239,487.0
MACE-MP,4240,488.0
MACE-MP,4241,488.0
MACE-MP,4242,489.0
MACE-MP,4243,489.0
MACE-MP,4244,490.0
MACE-MP,4245,490.0
MACE-MP,4246,490.0
MACE-MP,4247,490.0
MACE-MP,4248,490.0
MACE-MP,4249,491.0
MACE-MP,4250,491.0
MACE-MP,4251,491.0
MACE-MP,4252,491.0
MACE-MP,4253,491.0
MACE-MP,4254,492.0
MACE-MP,4255,492.0
MACE-MP,4256,493.0
MACE-MP,4257,494.0
MACE-MP,4258,494.0
MACE-MP,4259,494.0
MACE-MP,4260,494.0
MACE-MP,4261,494.0
MACE-MP,4262,494.0
MACE-MP,4263,494.0
MACE-MP,4264,495.0
MACE-MP,4265,495.0
MACE-MP,4266,495.0
MACE-MP,4267,495.0
MACE-MP,4268,496.0
MACE-MP,4269,496.0
MACE-MP,4270,495.0
MACE-MP,4271,495.0
MACE-MP,4272,495.0
MACE-MP,4273,496.0
MACE-MP,4274,496.0
MACE-MP,4275,497.0
MACE-MP,4276,497.0
MACE-MP,4277,497.0
MACE-MP,4278,497.0
MACE-MP,4279,496.0
MACE-MP,4280,497.0
MACE-MP,4281,497.0
MACE-MP,4282,497.0
MACE-MP,4283,497.0
MACE-MP,4284,497.0
MACE-MP,4285,497.0
MACE-MP,4286,497.0
MACE-MP,4287,497.0
MACE-MP,4288,497.0
MACE-MP,4289,497.0
MACE-MP,4290,497.0
MACE-MP,4291,497.0
MACE-MP,4292,497.0
MACE-MP,4293,497.0
MACE-MP,4294,497.0
MACE-MP,4295,498.0
MACE-MP,4296,498.0
MACE-MP,4297,498.0
MACE-MP,4298,499.0
MACE-MP,4299,499.0
MACE-MP,4300,499.0
MACE-MP,4301,499.0
MACE-MP,4302,499.0
MACE-MP,4303,499.0
MACE-MP,4304,499.0
MACE-MP,4305,499.0
MACE-MP,4306,500.0
MACE-MP,4307,500.0
MACE-MP,4308,500.0
MACE-MP,4309,500.0
MACE-MP,4310,500.0
MACE-MP,4311,501.0
MACE-MP,4312,501.0
MACE-MP,4313,501.0
MACE-MP,4314,501.0
MACE-MP,4315,501.0
MACE-MP,4316,501.0
MACE-MP,4317,501.0
MACE-MP,4318,501.0
MACE-MP,4319,501.0
MACE-MP,4320,501.0
MACE-MP,4321,500.0
MACE-MP,4322,500.0
MACE-MP,4323,500.0
MACE-MP,4324,500.0
MACE-MP,4325,501.0
MACE-MP,4326,501.0
MACE-MP,4327,501.0
MACE-MP,4328,501.0
MACE-MP,4329,501.0
MACE-MP,4330,502.0
MACE-MP,4331,502.0
MACE-MP,4332,501.0
MACE-MP,4333,500.0
MACE-MP,4334,500.0
MACE-MP,4335,500.0
MACE-MP,4336,500.0
MACE-MP,4337,500.0
MACE-MP,4338,500.0
MACE-MP,4339,501.0
MACE-MP,4340,501.0
MACE-MP,4341,500.0
MACE-MP,4342,500.0
MACE-MP,4343,501.0
MACE-MP,4344,501.0
MACE-MP,4345,501.0
MACE-MP,4346,501.0
MACE-MP,4347,501.0
MACE-MP,4348,501.0
MACE-MP,4349,501.0
MACE-MP,4350,501.0
MACE-MP,4351,501.0
MACE-MP,4352,501.0
MACE-MP,4353,501.0
MACE-MP,4354,501.0
MACE-MP,4355,501.0
MACE-MP,4356,502.0
MACE-MP,4357,502.0
MACE-MP,4358,503.0
MACE-MP,4359,503.0
MACE-MP,4360,503.0
MACE-MP,4361,503.0
MACE-MP,4362,503.0
MACE-MP,4363,503.0
MACE-MP,4364,502.0
MACE-MP,4365,502.0
MACE-MP,4366,503.0
MACE-MP,4367,504.0
MACE-MP,4368,504.0
MACE-MP,4369,503.0
MACE-MP,4370,503.0
MACE-MP,4371,503.0
MACE-MP,4372,503.0
MACE-MP,4373,503.0
MACE-MP,4374,504.0
MACE-MP,4375,504.0
MACE-MP,4376,504.0
MACE-MP,4377,504.0
MACE-MP,4378,504.0
MACE-MP,4379,504.0
MACE-MP,4380,505.0
MACE-MP,4381,505.0
MACE-MP,4382,505.0
MACE-MP,4383,505.0
MACE-MP,4384,505.0
MACE-MP,4385,506.0
MACE-MP,4386,506.0
MACE-MP,4387,506.0
MACE-MP,4388,506.0
MACE-MP,4389,506.0
MACE-MP,4390,506.0
MACE-MP,4391,506.0
MACE-MP,4392,506.0
MACE-MP,4393,506.0
MACE-MP,4394,506.0
MACE-MP,4395,506.0
MACE-MP,4396,506.0
MACE-MP,4397,506.0
MACE-MP,4398,506.0
MACE-MP,4399,506.0
MACE-MP,4400,506.0
MACE-MP,4401,507.0
MACE-MP,4402,507.0
MACE-MP,4403,507.0
MACE-MP,4404,507.0
MACE-MP,4405,507.0
MACE-MP,4406,507.0
MACE-MP,4407,506.0
MACE-MP,4408,506.0
MACE-MP,4409,506.0
MACE-MP,4410,506.0
MACE-MP,4411,507.0
MACE-MP,4412,507.0
MACE-MP,4413,507.0
MACE-MP,4414,507.0
MACE-MP,4415,508.0
MACE-MP,4416,508.0
MACE-MP,4417,509.0
MACE-MP,4418,509.0
MACE-MP,4419,509.0
MACE-MP,4420,510.0
MACE-MP,4421,510.0
MACE-MP,4422,510.0
MACE-MP,4423,510.0
MACE-MP,4424,510.0
MACE-MP,4425,510.0
MACE-MP,4426,511.0
MACE-MP,4427,511.0
MACE-MP,4428,512.0
MACE-MP,4429,511.0
MACE-MP,4430,511.0
MACE-MP,4431,511.0
MACE-MP,4432,511.0
MACE-MP,4433,511.0
MACE-MP,4434,511.0
MACE-MP,4435,511.0
MACE-MP,4436,511.0
MACE-MP,4437,511.0
MACE-MP,4438,510.0
MACE-MP,4439,510.0
MACE-MP,4440,511.0
MACE-MP,4441,511.0
MACE-MP,4442,511.0
MACE-MP,4443,511.0
MACE-MP,4444,511.0
MACE-MP,4445,511.0
MACE-MP,4446,511.0
MACE-MP,4447,512.0
MACE-MP,4448,512.0
MACE-MP,4449,512.0
MACE-MP,4450,512.0
MACE-MP,4451,512.0
MACE-MP,4452,513.0
MACE-MP,4453,513.0
MACE-MP,4454,513.0
MACE-MP,4455,513.0
MACE-MP,4456,514.0
MACE-MP,4457,514.0
MACE-MP,4458,514.0
MACE-MP,4459,515.0
MACE-MP,4460,515.0
MACE-MP,4461,515.0
MACE-MP,4462,515.0
MACE-MP,4463,516.0
MACE-MP,4464,516.0
MACE-MP,4465,517.0
MACE-MP,4466,518.0
MACE-MP,4467,518.0
MACE-MP,4468,518.0
MACE-MP,4469,518.0
MACE-MP,4470,518.0
MACE-MP,4471,519.0
MACE-MP,4472,519.0
MACE-MP,4473,520.0
MACE-MP,4474,520.0
MACE-MP,4475,521.0
MACE-MP,4476,521.0
MACE-MP,4477,520.0
MACE-MP,4478,520.0
MACE-MP,4479,520.0
MACE-MP,4480,521.0
MACE-MP,4481,521.0
MACE-MP,4482,522.0
MACE-MP,4483,522.0
MACE-MP,4484,522.0
MACE-MP,4485,522.0
MACE-MP,4486,522.0
MACE-MP,4487,522.0
MACE-MP,4488,522.0
MACE-MP,4489,522.0
MACE-MP,4490,521.0
MACE-MP,4491,521.0
MACE-MP,4492,521.0
MACE-MP,4493,521.0
MACE-MP,4494,522.0
MACE-MP,4495,522.0
MACE-MP,4496,523.0
MACE-MP,4497,523.0
MACE-MP,4498,524.0
MACE-MP,4499,524.0
MACE-MP,4500,524.0
MACE-MP,4501,524.0
MACE-MP,4502,524.0
MACE-MP,4503,524.0
MACE-MP,4504,525.0
MACE-MP,4505,525.0
MACE-MP,4506,525.0
MACE-MP,4507,525.0
MACE-MP,4508,526.0
MACE-MP,4509,527.0
MACE-MP,4510,527.0
MACE-MP,4511,527.0
MACE-MP,4512,527.0
MACE-MP,4513,527.0
MACE-MP,4514,526.0
MACE-MP,4515,525.0
MACE-MP,4516,525.0
MACE-MP,4517,525.0
MACE-MP,4518,525.0
MACE-MP,4519,525.0
MACE-MP,4520,525.0
MACE-MP,4521,525.0
MACE-MP,4522,525.0
MACE-MP,4523,525.0
MACE-MP,4524,525.0
MACE-MP,4525,525.0
MACE-MP,4526,525.0
MACE-MP,4527,525.0
MACE-MP,4528,525.0
MACE-MP,4529,525.0
MACE-MP,4530,525.0
MACE-MP,4531,526.0
MACE-MP,4532,526.0
MACE-MP,4533,526.0
MACE-MP,4534,527.0
MACE-MP,4535,527.0
MACE-MP,4536,527.0
MACE-MP,4537,527.0
MACE-MP,4538,527.0
MACE-MP,4539,528.0
MACE-MP,4540,528.0
MACE-MP,4541,528.0
MACE-MP,4542,529.0
MACE-MP,4543,529.0
MACE-MP,4544,529.0
MACE-MP,4545,529.0
MACE-MP,4546,530.0
MACE-MP,4547,530.0
MACE-MP,4548,530.0
MACE-MP,4549,530.0
MACE-MP,4550,531.0
MACE-MP,4551,531.0
MACE-MP,4552,532.0
MACE-MP,4553,532.0
MACE-MP,4554,532.0
MACE-MP,4555,531.0
MACE-MP,4556,531.0
MACE-MP,4557,531.0
MACE-MP,4558,531.0
MACE-MP,4559,532.0
MACE-MP,4560,532.0
MACE-MP,4561,532.0
MACE-MP,4562,532.0
MACE-MP,4563,533.0
MACE-MP,4564,533.0
MACE-MP,4565,533.0
MACE-MP,4566,533.0
MACE-MP,4567,533.0
MACE-MP,4568,533.0
MACE-MP,4569,533.0
MACE-MP,4570,533.0
MACE-MP,4571,534.0
MACE-MP,4572,534.0
MACE-MP,4573,535.0
MACE-MP,4574,535.0
MACE-MP,4575,535.0
MACE-MP,4576,535.0
MACE-MP,4577,535.0
MACE-MP,4578,535.0
MACE-MP,4579,535.0
MACE-MP,4580,535.0
MACE-MP,4581,535.0
MACE-MP,4582,535.0
MACE-MP,4583,535.0
MACE-MP,4584,536.0
MACE-MP,4585,537.0
MACE-MP,4586,538.0
MACE-MP,4587,538.0
MACE-MP,4588,539.0
MACE-MP,4589,539.0
MACE-MP,4590,539.0
MACE-MP,4591,539.0
MACE-MP,4592,540.0
MACE-MP,4593,540.0
MACE-MP,4594,540.0
MACE-MP,4595,540.0
MACE-MP,4596,541.0
MACE-MP,4597,541.0
MACE-MP,4598,541.0
MACE-MP,4599,541.0
MACE-MP,4600,541.0
MACE-MP,4601,541.0
MACE-MP,4602,541.0
MACE-MP,4603,540.0
MACE-MP,4604,540.0
MACE-MP,4605,540.0
MACE-MP,4606,540.0
MACE-MP,4607,540.0
MACE-MP,4608,540.0
MACE-MP,4609,540.0
MACE-MP,4610,541.0
MACE-MP,4611,541.0
MACE-MP,4612,541.0
MACE-MP,4613,541.0
MACE-MP,4614,541.0
MACE-MP,4615,541.0
MACE-MP,4616,542.0
MACE-MP,4617,542.0
MACE-MP,4618,542.0
MACE-MP,4619,543.0
MACE-MP,4620,543.0
MACE-MP,4621,543.0
MACE-MP,4622,543.0
MACE-MP,4623,544.0
MACE-MP,4624,545.0
MACE-MP,4625,545.0
MACE-MP,4626,545.0
MACE-MP,4627,545.0
MACE-MP,4628,545.0
MACE-MP,4629,545.0
MACE-MP,4630,545.0
MACE-MP,4631,545.0
MACE-MP,4632,546.0
MACE-MP,4633,546.0
MACE-MP,4634,547.0
MACE-MP,4635,547.0
MACE-MP,4636,547.0
MACE-MP,4637,548.0
MACE-MP,4638,548.0
MACE-MP,4639,548.0
MACE-MP,4640,548.0
MACE-MP,4641,548.0
MACE-MP,4642,549.0
MACE-MP,4643,550.0
MACE-MP,4644,550.0
MACE-MP,4645,550.0
MACE-MP,4646,550.0
MACE-MP,4647,550.0
MACE-MP,4648,550.0
MACE-MP,4649,550.0
MACE-MP,4650,550.0
MACE-MP,4651,550.0
MACE-MP,4652,550.0
MACE-MP,4653,550.0
MACE-MP,4654,550.0
MACE-MP,4655,550.0
MACE-MP,4656,550.0
MACE-MP,4657,550.0
MACE-MP,4658,550.0
MACE-MP,4659,550.0
MACE-MP,4660,550.0
MACE-MP,4661,550.0
MACE-MP,4662,550.0
MACE-MP,4663,550.0
MACE-MP,4664,549.0
MACE-MP,4665,549.0
MACE-MP,4666,549.0
MACE-MP,4667,549.0
MACE-MP,4668,549.0
MACE-MP,4669,549.0
MACE-MP,4670,549.0
MACE-MP,4671,550.0
MACE-MP,4672,550.0
MACE-MP,4673,550.0
MACE-MP,4674,550.0
MACE-MP,4675,550.0
MACE-MP,4676,550.0
MACE-MP,4677,550.0
MACE-MP,4678,550.0
MACE-MP,4679,551.0
MACE-MP,4680,551.0
MACE-MP,4681,551.0
MACE-MP,4682,551.0
MACE-MP,4683,551.0
MACE-MP,4684,551.0
MACE-MP,4685,552.0
MACE-MP,4686,552.0
MACE-MP,4687,552.0
MACE-MP,4688,552.0
MACE-MP,4689,552.0
MACE-MP,4690,552.0
MACE-MP,4691,552.0
MACE-MP,4692,552.0
MACE-MP,4693,552.0
MACE-MP,4694,552.0
MACE-MP,4695,552.0
MACE-MP,4696,552.0
MACE-MP,4697,553.0
MACE-MP,4698,554.0
MACE-MP,4699,554.0
MACE-MP,4700,555.0
MACE-MP,4701,555.0
MACE-MP,4702,555.0
MACE-MP,4703,555.0
MACE-MP,4704,555.0
MACE-MP,4705,556.0
MACE-MP,4706,556.0
MACE-MP,4707,556.0
MACE-MP,4708,556.0
MACE-MP,4709,555.0
MACE-MP,4710,555.0
MACE-MP,4711,555.0
MACE-MP,4712,555.0
MACE-MP,4713,555.0
MACE-MP,4714,555.0
MACE-MP,4715,555.0
MACE-MP,4716,554.0
MACE-MP,4717,555.0
MACE-MP,4718,555.0
MACE-MP,4719,555.0
MACE-MP,4720,556.0
MACE-MP,4721,556.0
MACE-MP,4722,556.0
MACE-MP,4723,556.0
MACE-MP,4724,556.0
MACE-MP,4725,556.0
MACE-MP,4726,557.0
MACE-MP,4727,557.0
MACE-MP,4728,557.0
MACE-MP,4729,557.0
MACE-MP,4730,557.0
MACE-MP,4731,556.0
MACE-MP,4732,556.0
MACE-MP,4733,556.0
MACE-MP,4734,556.0
MACE-MP,4735,556.0
MACE-MP,4736,556.0
MACE-MP,4737,556.0
MACE-MP,4738,556.0
MACE-MP,4739,556.0
MACE-MP,4740,557.0
MACE-MP,4741,557.0
MACE-MP,4742,557.0
MACE-MP,4743,557.0
MACE-MP,4744,557.0
MACE-MP,4745,557.0
MACE-MP,4746,558.0
MACE-MP,4747,559.0
MACE-MP,4748,560.0
MACE-MP,4749,560.0
MACE-MP,4750,561.0
MACE-MP,4751,561.0
MACE-MP,4752,561.0
MACE-MP,4753,561.0
MACE-MP,4754,561.0
MACE-MP,4755,560.0
MACE-MP,4756,561.0
MACE-MP,4757,561.0
MACE-MP,4758,561.0
MACE-MP,4759,561.0
MACE-MP,4760,561.0
MACE-MP,4761,561.0
MACE-MP,4762,560.0
MACE-MP,4763,560.0
MACE-MP,4764,560.0
MACE-MP,4765,561.0
MACE-MP,4766,561.0
MACE-MP,4767,561.0
MACE-MP,4768,561.0
MACE-MP,4769,561.0
MACE-MP,4770,561.0
MACE-MP,4771,562.0
MACE-MP,4772,563.0
MACE-MP,4773,563.0
MACE-MP,4774,563.0
MACE-MP,4775,564.0
MACE-MP,4776,564.0
MACE-MP,4777,565.0
MACE-MP,4778,565.0
MACE-MP,4779,565.0
MACE-MP,4780,565.0
MACE-MP,4781,565.0
MACE-MP,4782,565.0
MACE-MP,4783,565.0
MACE-MP,4784,565.0
MACE-MP,4785,565.0
MACE-MP,4786,565.0
MACE-MP,4787,565.0
MACE-MP,4788,566.0
MACE-MP,4789,566.0
MACE-MP,4790,566.0
MACE-MP,4791,566.0
MACE-MP,4792,566.0
MACE-MP,4793,567.0
MACE-MP,4794,567.0
MACE-MP,4795,567.0
MACE-MP,4796,567.0
MACE-MP,4797,567.0
MACE-MP,4798,567.0
MACE-MP,4799,567.0
MACE-MP,4800,567.0
MACE-MP,4801,567.0
MACE-MP,4802,567.0
MACE-MP,4803,567.0
MACE-MP,4804,568.0
MACE-MP,4805,568.0
MACE-MP,4806,568.0
MACE-MP,4807,568.0
MACE-MP,4808,568.0
MACE-MP,4809,568.0
MACE-MP,4810,568.0
MACE-MP,4811,568.0
MACE-MP,4812,568.0
MACE-MP,4813,568.0
MACE-MP,4814,568.0
MACE-MP,4815,568.0
MACE-MP,4816,568.0
MACE-MP,4817,568.0
MACE-MP,4818,569.0
MACE-MP,4819,569.0
MACE-MP,4820,569.0
MACE-MP,4821,569.0
MACE-MP,4822,569.0
MACE-MP,4823,569.0
MACE-MP,4824,569.0
MACE-MP,4825,569.0
MACE-MP,4826,570.0
MACE-MP,4827,571.0
MACE-MP,4828,571.0
MACE-MP,4829,571.0
MACE-MP,4830,571.0
MACE-MP,4831,571.0
MACE-MP,4832,572.0
MACE-MP,4833,572.0
MACE-MP,4834,573.0
MACE-MP,4835,573.0
MACE-MP,4836,574.0
MACE-MP,4837,574.0
MACE-MP,4838,574.0
MACE-MP,4839,574.0
MACE-MP,4840,575.0
MACE-MP,4841,576.0
MACE-MP,4842,577.0
MACE-MP,4843,577.0
MACE-MP,4844,577.0
MACE-MP,4845,578.0
MACE-MP,4846,579.0
MACE-MP,4847,578.0
MACE-MP,4848,579.0
MACE-MP,4849,579.0
MACE-MP,4850,579.0
MACE-MP,4851,579.0
MACE-MP,4852,580.0
MACE-MP,4853,580.0
MACE-MP,4854,580.0
MACE-MP,4855,580.0
MACE-MP,4856,580.0
MACE-MP,4857,580.0
MACE-MP,4858,580.0
MACE-MP,4859,580.0
MACE-MP,4860,580.0
MACE-MP,4861,581.0
MACE-MP,4862,581.0
MACE-MP,4863,581.0
MACE-MP,4864,582.0
MACE-MP,4865,582.0
MACE-MP,4866,582.0
MACE-MP,4867,582.0
MACE-MP,4868,582.0
MACE-MP,4869,582.0
MACE-MP,4870,582.0
MACE-MP,4871,582.0
MACE-MP,4872,582.0
MACE-MP,4873,582.0
MACE-MP,4874,582.0
MACE-MP,4875,581.0
MACE-MP,4876,581.0
MACE-MP,4877,581.0
MACE-MP,4878,582.0
MACE-MP,4879,583.0
MACE-MP,4880,583.0
MACE-MP,4881,583.0
MACE-MP,4882,583.0
MACE-MP,4883,583.0
MACE-MP,4884,583.0
MACE-MP,4885,583.0
MACE-MP,4886,584.0
MACE-MP,4887,584.0
MACE-MP,4888,584.0
MACE-MP,4889,584.0
MACE-MP,4890,584.0
MACE-MP,4891,584.0
MACE-MP,4892,585.0
MACE-MP,4893,585.0
MACE-MP,4894,585.0
MACE-MP,4895,585.0
MACE-MP,4896,585.0
MACE-MP,4897,585.0
MACE-MP,4898,585.0
MACE-MP,4899,585.0
MACE-MP,4900,585.0
MACE-MP,4901,586.0
MACE-MP,4902,587.0
MACE-MP,4903,587.0
MACE-MP,4904,587.0
MACE-MP,4905,587.0
MACE-MP,4906,587.0
MACE-MP,4907,587.0
MACE-MP,4908,588.0
MACE-MP,4909,588.0
MACE-MP,4910,588.0
MACE-MP,4911,589.0
MACE-MP,4912,590.0
MACE-MP,4913,590.0
MACE-MP,4914,590.0
MACE-MP,4915,590.0
MACE-MP,4916,590.0
MACE-MP,4917,590.0
MACE-MP,4918,591.0
MACE-MP,4919,591.0
MACE-MP,4920,591.0
MACE-MP,4921,591.0
MACE-MP,4922,591.0
MACE-MP,4923,591.0
MACE-MP,4924,591.0
MACE-MP,4925,591.0
MACE-MP,4926,590.0
MACE-MP,4927,590.0
MACE-MP,4928,590.0
MACE-MP,4929,590.0
MACE-MP,4930,591.0
MACE-MP,4931,592.0
MACE-MP,4932,592.0
MACE-MP,4933,592.0
MACE-MP,4934,592.0
MACE-MP,4935,592.0
MACE-MP,4936,592.0
MACE-MP,4937,592.0
MACE-MP,4938,592.0
MACE-MP,4939,592.0
MACE-MP,4940,592.0
MACE-MP,4941,592.0
MACE-MP,4942,593.0
MACE-MP,4943,593.0
MACE-MP,4944,593.0
MACE-MP,4945,593.0
MACE-MP,4946,594.0
MACE-MP,4947,594.0
MACE-MP,4948,594.0
MACE-MP,4949,594.0
MACE-MP,4950,594.0
MACE-MP,4951,594.0
MACE-MP,4952,595.0
MACE-MP,4953,595.0
MACE-MP,4954,595.0
MACE-MP,4955,596.0
MACE-MP,4956,596.0
MACE-MP,4957,596.0
MACE-MP,4958,596.0
MACE-MP,4959,597.0
MACE-MP,4960,598.0
MACE-MP,4961,598.0
MACE-MP,4962,598.0
MACE-MP,4963,598.0
MACE-MP,4964,598.0
MACE-MP,4965,599.0
MACE-MP,4966,599.0
MACE-MP,4967,600.0
MACE-MP,4968,600.0
MACE-MP,4969,600.0
MACE-MP,4970,600.0
MACE-MP,4971,600.0
MACE-MP,4972,600.0
MACE-MP,4973,600.0
MACE-MP,4974,600.0
MACE-MP,4975,600.0
MACE-MP,4976,600.0
MACE-MP,4977,600.0
MACE-MP,4978,601.0
MACE-MP,4979,601.0
MACE-MP,4980,601.0
MACE-MP,4981,601.0
MACE-MP,4982,601.0
MACE-MP,4983,601.0
MACE-MP,4984,601.0
MACE-MP,4985,602.0
MACE-MP,4986,603.0
MACE-MP,4987,603.0
MACE-MP,4988,603.0
MACE-MP,4989,603.0
MACE-MP,4990,604.0
MACE-MP,4991,604.0
MACE-MP,4992,603.0
MACE-MP,4993,603.0
MACE-MP,4994,602.0
MACE-MP,4995,601.0
MACE-MP,4996,601.0
MACE-MP,4997,601.0
MACE-MP,4998,601.0
MACE-MP,4999,601.0
MACE-MP,5000,601.0
