material_id,formula,chemical_system,num_sites,mp_e_above_hull_original,mp_e_above_hull_requeried,alex_e_above_hull,mp_stable_exact,alex_stable_exact,mp_formation_energy_per_atom,mp_energy_per_atom,mp_uncorrected_energy_per_atom
mp-10010,Al(CoSi)2,Al-Co-Si,5,0.015228510000012,0.015228510000012001,0.0,False,True,-0.47014906999999906,-10.619767026,-10.619767026
mp-1001581,LiC6,C-Li,7,0.000490129480517,0.0004901294805170001,0.0,False,True,-0.034716359523808006,-8.90187601,-8.90187601
mp-1001615,LiZrSe2,Li-Se-Zr,4,0.0,0.0,2.8549999999683e-06,True,False,-1.566557159947917,-15.006461855,-15.006461855
mp-1001833,InBi,Bi-In,2,0.0,0.0,0.0259400624999996,True,False,-0.071587387499995,-40.61201945,-40.61201945
mp-1001835,LiB,B-Li,4,0.0,0.0,0.0063941525000004,True,False,-0.22468806208333303,-5.0912183675,-5.0912183675
mp-1002107,LaRh,La-Rh,4,0.0,0.0,0.0289058224999996,True,False,-0.7398523274999991,-6.890009814999999,-27.72441751
mp-1002109,VCo,Co-V,2,0.0,0.0,0.0979241560416657,True,False,-0.14904514000000102,-13.81094857,-13.81094857
mp-1002123,KZrS2,K-S-Zr,4,0.0,0.0,0.0107850187499991,True,False,-1.739137890562498,-6.227604335,-12.955120585
mp-1003314,KMn2O4,K-Mn-O,7,0.000468158571428,0.000468158571428,0.0,False,True,-1.964762960444581,-7.571512149999999,-10.550810237142857
mp-1006256,CeYTl2,Ce-Tl-Y,4,0.0,0.0,0.0039507625000005,True,False,-0.460305484999999,-39.838515205,-39.838515205
mp-1007786,HfIr,Hf-Ir,4,0.0,0.0,0.0481622587499988,True,False,-0.9479872649999981,-10.34579887,-10.34579887
mp-1007881,FeB,B-Fe,4,0.0,0.0,0.0056426325000016,True,False,-0.387946513333332,-7.96265300375,-11.143406615
mp-1007923,CrNi3,Cr-Ni,4,0.0401541225,0.0401541225,0.0,False,True,0.0401541225,-12.714469345,-12.714469345
mp-1008376,CeH3,Ce-H,4,0.049830533203126,0.049830533203126005,0.0,False,True,-0.574761561562498,-10.876253052500001,-10.876253052500001
mp-1008492,BrCl,Br-Cl,4,0.0006782575,0.0006782575000000001,0.0,False,True,-0.35888631750000005,-2.101627915,-1.794627915
mp-1008505,BaPd,Ba-Pd,4,0.005573382499999,0.0055733824999990005,0.0,False,True,-0.5436276374999991,-4.0930560125,-25.241326625
mp-1008617,YbAg2,Ag-Yb,3,0.0,0.0,0.0244626416666666,True,False,-0.35908485500000104,-26.77279588,-26.77279588
mp-1008626,VTe2,Te-V,3,0.018488458888882,0.018488458888882002,0.0,False,True,-0.5893001077777781,-5.712806060000001,-5.431472726666667
mp-10091,KV(CuSe2)2,Cu-K-Se-V,16,0.000778245624999,0.000778245624999,0.0,False,True,-0.929177158953124,-4.978844039375,-4.742844039375
mp-1009130,MnN,Mn-N,2,0.015085967812499,0.015085967812499,0.0,False,True,-0.31152661661637904,-12.21756929,-12.21756929
mp-1009238,Hf2Tl,Hf-Tl,3,0.0,0.0,0.0280729555555554,True,False,-0.030792373333336003,-47.85817082666667,-47.85817082666667
mp-1009581,CrSe2,Cr-Se,3,0.0,0.0,0.022424645,True,False,-0.7685572382291661,-6.3168473800000005,-6.002180713333334
mp-1009657,CaN2,Ca-N,3,0.0,0.0,0.0108470233333353,True,False,-0.639265689166666,-9.07119737,-9.07119737
mp-1009733,Ca2Si,Ca-Si,3,0.0,0.0,0.0134636925000002,True,False,-0.534257671666667,-8.15104167,-8.15104167
mp-1009755,Ca2Ge,Ca-Ge,3,0.0,0.0,0.0158432116666666,True,False,-0.7149471366666661,-10.031135463333333,-10.031135463333333
mp-10112,LaB2Ir3,B-Ir-La,6,0.0,0.0,0.018227074999995,True,False,-0.650002868888892,-8.118351733333336,-34.304554435
mp-10113,ScBIr3,B-Ir-Sc,5,0.0,0.0,0.0688408340000013,True,False,-0.659335980833334,-8.564768664000002,-35.869502491999995
mp-1013554,Sr3PN,N-P-Sr,5,0.0,0.0,0.017218764775861,True,False,-0.95271940134524,-13.66628144,-13.66628144
mp-1013555,Sr3AsN,As-N-Sr,5,0.0,0.0,0.0303672979999998,True,False,-1.052059000250003,-14.906711974,-14.906711974
mp-10139,Sc3SnB,B-Sc-Sn,5,0.0,0.0,0.0082998373333333,True,False,-0.6759556734999991,-13.933555682,-13.933555682
mp-1014230,TiZn,Ti-Zn,2,0.0,0.0,0.0005521000000001,True,False,-0.19293132666666601,-4.77054914,-11.14427242
mp-10167,Na3SbS4,Na-S-Sb,8,0.0,0.0,0.0063865768750011,True,False,-0.9230619964062501,-9.48993779,-9.48993779
mp-10172,Na,Na,2,0.0,0.0,0.0089075384482757,True,False,0.0,-3.56418057,-3.56418057
mp-1017540,ZrCd,Cd-Zr,4,0.0,0.0,0.0015176089999986,True,False,-0.14070795500000302,-21.5680977525,-21.5680977525
mp-1017553,CdCo3N,Cd-Co-N,5,0.003899155999999,0.0038991559999990003,0.0,False,True,-0.020277590999999002,-6.15998521,-6.08778521
mp-1017564,Eu2O3,Eu-O,5,0.0,0.0,0.0174546273333131,True,False,-3.4451725570000002,-10.529193926,-22.014167698
mp-1017567,Hf2SN2,Hf-N-S,5,0.0,0.0,0.0159668450000012,True,False,-2.048511946062501,-25.367385816000002,-25.367385816000002
mp-1017578,HfBRh3,B-Hf-Rh,5,0.0,0.0,0.0326213812222242,True,False,-0.8244594524999961,-25.805750548,-25.805750548
mp-1017579,In2Au3,Au-In,5,0.0,0.0,0.0117904445000012,True,False,-0.22412988400000103,-39.606542126,-39.606542126
mp-1017983,TiMo3,Mo-Ti,4,0.0,0.0,0.0031765862499995,True,False,-0.134486429166667,-22.9229102625,-22.9229102625
mp-1018086,CePd,Ce-Pd,4,0.0,0.0,0.0711280250000001,True,False,-0.7748391274999981,-27.6753803125,-27.6753803125
mp-1018087,CeAu,Au-Ce,4,0.01542586875,0.015425868750000002,0.0,False,True,-0.6405005124999991,-5.245916447500001,-41.5152239425
mp-1018098,Ba2BrN,Ba-Br-N,4,0.0,0.0,0.0527104160416662,True,False,-1.41151841,-4.86481195,-20.2319537775
mp-1018099,Ba2NCl,Ba-Cl-N,4,0.0,0.0,0.0157743385416671,True,False,-1.543993426250001,-5.050186032500001,-18.5634952475
mp-1018103,ZrAu2,Au-Zr,3,0.0,0.0,5.636666666752888e-06,True,False,-0.6513819550000001,-41.95795269,-41.95795269
mp-1018122,Tm,Tm,3,0.006666056666659,0.006666056666659001,0.0,False,True,0.006666056666659001,-35.11438223333334,-35.11438223333334
mp-1018126,GaBi,Bi-Ga,2,0.0,0.0,0.02495955375,True,False,-0.006901732500004001,-34.97942658,-34.97942658
mp-1018276,CeGa,Ce-Ga,4,0.0,0.0,0.0288583725000002,True,False,-0.625698357499999,-21.7674007125,-21.7674007125
mp-1018646,YbH3Pd,H-Pd-Yb,5,0.164609845208332,0.16460984520833202,0.0,False,True,-0.43531103825000006,-14.406344958,-14.406344958
mp-1018647,YbNiH3,H-Ni-Yb,5,0.013078759999986,0.013078759999986,0.0,False,True,-0.48139910224999904,-12.256685732,-12.256685732
mp-1018651,Ba2H3I,Ba-H-I,6,0.0,0.0,0.0477566345833335,True,False,-1.013956369791667,-3.605200005,-15.664340765
mp-1018652,KCdSb,Cd-K-Sb,6,0.0,0.0,0.0014058816666664,True,False,-0.5163164945833331,-17.792838946666667,-17.792838946666667
mp-1018657,CaBiAu,Au-Bi-Ca,6,0.047790710000001,0.047790710000001006,0.0,False,True,-0.759286298333336,-39.46779549666667,-3.734390373333333
mp-1018658,CaCoSi,Ca-Co-Si,6,0.008972159999999,0.008972159999999,0.0,False,True,-0.475822595,-10.15791907,-10.15791907
mp-1018660,CeCoSi,Ce-Co-Si,6,0.0,0.0,0.00704481,True,False,-0.635787703333334,-6.801015910000001,-18.262338765
mp-1018662,CeSbPd,Ce-Pd-Sb,6,0.0,0.0,0.0064727516666662,True,False,-1.184261033333333,-27.686727066666666,-27.686727066666666
mp-1018671,CeZnGa,Ce-Ga-Zn,6,0.0,0.0,0.0041589399999999,True,False,-0.45905287583333104,-3.8673160433333322,-17.592446661666667
mp-1018681,DyZnIn,Dy-In-Zn,6,0.008653926333316,0.008653926333316,0.0,False,True,-0.539421279999996,-21.696420016666664,-21.696420016666664
mp-1018689,ErZnIn,Er-In-Zn,6,0.01149720233333,0.01149720233333,0.0,False,True,-0.509325057777772,-22.314201108333332,-22.314201108333332
mp-1018691,Eu2H3Br,Br-Eu-H,6,0.0,0.0,0.0710175218750013,True,False,-1.128171491458333,-6.527949771666665,-17.910520911666666
mp-1018695,EuBiAu,Au-Bi-Eu,6,0.0,0.0,0.0136324950000012,True,False,-0.7140231450000081,-6.5313658866666735,-50.028720416666665
mp-1018698,EuHgPb,Eu-Hg-Pb,6,0.0,0.0,0.0152066712499996,True,False,-0.45115368583334003,-5.221297360000004,-48.64066540333334
mp-1018714,HfGaCu,Cu-Ga-Hf,6,0.0,0.0,0.0300809099999996,True,False,-0.3825865525,-6.077417126666667,-22.905422285
mp-1018722,HgSe,Hg-Se,6,0.0,0.0,0.0333510750000001,True,False,-0.23692071328125003,-32.07660409,-32.07660409
mp-1018745,LaSbPd,La-Pd-Sb,6,0.0,0.0,0.0031973116666659,True,False,-1.271683155,-27.408866336666666,-27.408866336666666
mp-1018758,LaZnIn,In-La-Zn,6,0.0,0.0,0.0119684033333329,True,False,-0.5646461233333321,-20.97597052,-20.97597052
mp-1018815,NdSbPd,Nd-Pd-Sb,6,0.0,0.0,0.0328748216666667,True,False,-1.065285044166653,-5.757628538333321,-27.216189110000002
mp-1018886,PdO2,O-Pd,6,0.0,0.0,0.0697878916666674,True,False,-0.7275267350000001,-5.7527946750000005,-12.05856505
mp-1018893,PrCuSn,Cu-Pr-Sn,6,0.0,0.0,0.0072401600000002,True,False,-0.5646826888888871,-4.866099349999999,-22.30177331666667
mp-1018902,PrSbPt,Pr-Pt-Sb,6,0.0,0.0,0.0246322516666666,True,False,-1.102482508888886,-6.101017848333332,-36.797121945
mp-1019052,ReN,N-Re,6,0.050731488749999,0.050731488749999006,0.0,False,True,-0.008583725624996002,-30.778266415,-30.778266415
mp-1019253,SmSe2,Se-Sm,6,0.029101980197914,0.029101980197914,0.0,False,True,-1.8409462043750011,-21.29296113166667,-21.29296113166667
mp-1019276,TaSe2,Se-Ta,6,0.0,0.0,0.0068203716666666,True,False,-0.932053956819444,-26.670371681666666,-26.670371681666666
mp-1019544,BaZrO3,Ba-O-Zr,10,0.0,0.0,0.0001757229999999,True,False,-3.639240691,-8.701352408,-17.024169903999997
mp-102,Co,Co,1,0.0,0.0,0.0161139949999995,True,False,0.0,-13.23423113,-13.23423113
mp-1020019,Li2PNO2,Li-N-O-P,12,0.0,0.0,0.0525044454166669,True,False,-2.172982110218253,-6.750901945833333,-6.461735279166667
mp-10212,ScGe2,Ge-Sc,6,0.019243668333334,0.019243668333334,0.0,False,True,-0.571158746666666,-13.618639584999999,-13.618639584999999
mp-1021465,Na2ZnSe2,Na-Se-Zn,10,0.0,0.0,0.0027829635,True,False,-1.117794387489223,-3.304796011999999,-10.046885193
mp-1024052,Na2ZnSe2,Na-Se-Zn,20,0.001040659,0.001040659,0.0,False,True,-1.116753728489223,-3.303755352999999,-10.045844534
mp-1024067,Na2ZnS2,Na-S-Zn,20,0.0028403728,0.0028403728,0.0,False,True,-1.168440589125001,-7.589848229,-7.589848229
mp-1024951,LaScSi,La-Sc-Si,6,0.0,0.0,0.0072874881111113,True,False,-0.7003765700000001,-17.339387288333334,-17.339387288333334
mp-1024955,PrNiSb,Ni-Pr-Sb,6,0.0,0.0,0.0039458533333327,True,False,-0.8830706088888861,-5.784607068333332,-23.267898436666666
mp-1024964,PrSbPd,Pd-Pr-Sb,6,0.0,0.0,0.008809508333333,True,False,-1.071634687222212,-5.773086189999991,-27.21522939333333
mp-1024977,YbNi4Au,Au-Ni-Yb,6,0.0,0.0,0.0414040966666613,True,False,-0.40126384083333705,-22.90813177,-22.90813177
mp-1024988,LiYb(CuP)2,Cu-Li-P-Yb,6,0.0,0.0,0.0120039101190467,True,False,-0.88499610626984,-13.987301076666666,-13.987301076666666
mp-1025023,TbCBr,Br-C-Tb,6,0.0,0.0,5.534500000692333e-05,True,False,-1.264163453888891,-6.432761055000003,-19.457873133333333
mp-1025029,PrHSe,H-Pr-Se,6,0.0,0.0,0.0095220099999986,True,False,-1.65988536815972,-17.383428368333334,-17.383428368333334
mp-1025039,PbS2,Pb-S,6,0.0,0.0,0.009891720833334,True,False,-0.6219328300000001,-4.617746995000002,-24.503850078333333
mp-1025082,LaSbPd,La-Pd-Sb,6,0.000363005,0.000363005,0.0,False,True,-1.271320149999998,-27.408503331666665,-27.408503331666665
mp-1025087,NdNiSb,Nd-Ni-Sb,6,0.0,0.0,0.021171644999999,True,False,-0.8904656791666631,-5.782894129999998,-23.28118152
mp-1025128,LaCuPb,Cu-La-Pb,6,0.0,0.0,0.0182334733333329,True,False,-0.42460511499999704,-4.673892063333331,-32.829350955
mp-1025248,TlPd5Se,Pd-Se-Tl,7,0.005403656031766,0.005403656031766,0.0,False,True,-0.248399142723213,-26.290275265714286,-26.290275265714286
mp-1025250,RhF6,F-Rh,7,0.024496424999998,0.024496424999998,0.0,False,True,-1.354249577142858,-7.481734767142858,-7.481734767142858
mp-1025252,Cs2MnCl4,Cl-Cs-Mn,7,0.0,0.0,0.0168383039285666,True,False,-1.9874760092118242,-14.774618332857143,-14.774618332857143
mp-1025306,AlAsPt5,Al-As-Pt,7,0.0,0.0,0.0024831246428558,True,False,-0.568372223214282,-40.40811705428571,-40.40811705428571
mp-1025315,Mn(AlTe2)2,Al-Mn-Te,7,0.0,0.0,0.0195808009740261,True,False,-0.5934244120853861,-4.768623058571429,-19.132897285714286
mp-1025351,Sr4Bi2O,Bi-O-Sr,7,0.002101964285714,0.002101964285714,0.0,False,True,-1.562625830714285,-4.348017542857142,-27.899728064285714
mp-1025352,Ce2C(NO)2,C-Ce-N-O,7,0.0,0.0,0.0791942652142818,True,False,-2.328577454999999,-9.139628867142857,-8.840200295714286
mp-1025368,Ti2VS4,S-Ti-V,7,0.018362926190474,0.018362926190474003,0.0,False,True,-1.5739931266666671,-7.491776120000002,-11.82126532
mp-1025425,Co3H,Co-H,8,0.004232917499999,0.004232917499999001,0.0,False,True,-0.021738452812500003,-6.2205926025,-6.1758426025
mp-1025441,Ta2AlC,Al-C-Ta,8,0.005884457812499,0.005884457812499,0.0,False,True,-0.580154792416667,-29.04590452875,-29.04590452875
mp-1025446,CeGa2Ni,Ce-Ga-Ni,8,0.0,0.0,0.0200453690909077,True,False,-0.576111439999995,-5.019431088749997,-17.06927763
mp-1025450,CeFeSi2,Ce-Fe-Si,8,0.0,0.0,0.0103664237499998,True,False,-0.6521331850000001,-6.966534970000001,-16.279827605
mp-1025456,CaZrF6,Ca-F-Zr,8,0.012040444687499,0.012040444687499001,0.0,False,True,-4.088790178125,-10.15682184125,-10.15682184125
mp-1025467,Cu2SnHgS4,Cu-Hg-S-Sn,8,0.0,0.0,0.0016360717708323,True,False,-0.5388364934374991,-4.17224250375,-3.92074250375
mp-1025468,CeAu,Au-Ce,8,0.0,0.0,0.0009833337499998,True,False,-0.655926381249999,-5.261342316250001,-41.53064981125
mp-1025519,RbCu4S3,Cu-Rb-S,8,0.0,0.0,0.0436741881249993,True,False,-0.588894039999984,-4.312588276249984,-10.68998388625
mp-1025532,MnCu2SnTe4,Cu-Mn-Sn-Te,8,0.0,0.0,0.0360567695000009,True,False,-0.35078778994971205,-4.5936907975,-4.3826907975000005
mp-1025551,GaPt,Ga-Pt,8,0.0,0.0,0.0199809950000009,True,False,-0.6299879474999991,-5.17960261875,-32.15282328625
mp-10264,NiTe,Ni-Te,4,0.0,0.0,0.0075359908333334,True,False,-0.19041621250000001,-18.8898869475,-18.8898869475
mp-10270,ScCo3C,C-Co-Sc,5,0.103000473749995,0.103000473749995,0.0,False,True,-0.146587398999999,-12.356270585999999,-12.356270585999999
mp-1027692,MoSe2,Mo-Se,12,0.003961538333335,0.003961538333335,0.0,False,True,-0.745975304375001,-18.977675271666666,-18.977675271666666
mp-10283,SmSi3Ni,Ni-Si-Sm,10,0.037302574999998,0.037302574999998006,0.0,False,True,-0.6335374570000001,-5.988472838,-14.300766132000001
mp-10284,YSi3Ni,Ni-Si-Y,10,0.024345344000001,0.024345344000001,0.0,False,True,-0.638041397999998,-6.351077851999999,-12.427077299
mp-10288,LaCuTeS,Cu-La-S-Te,16,0.0,0.0,0.0815472423958327,True,False,-1.561600344791656,-5.64057968999999,-20.011451301875
mp-1029294,LiSn2N3,Li-N-Sn,12,0.0,0.0,0.0690553449999997,True,False,-0.19682326555555502,-6.020639900833333,-5.840139900833333
mp-1029297,LiZr2N3,Li-N-Zr,12,0.031129964374999,0.031129964374999004,0.0,False,True,-1.6419716438194452,-14.187395350000001,-14.187395350000001
mp-1029313,NaRuN,N-Na-Ru,6,0.0,0.0,0.0853104940996161,True,False,-0.072202157126437,-6.390335845,-6.270002511666667
mp-1029330,Hf2SeN2,Hf-N-Se,5,0.0,0.0,0.0145220629999993,True,False,-1.9508561073125001,-26.525234578,-26.525234578
mp-1029347,KPtN,K-N-Pt,6,0.0,0.0,0.0933457808888871,True,False,-0.210758542499997,-22.422335711666666,-22.422335711666666
mp-1029357,NaZnN,N-Na-Zn,6,0.0,0.0,0.076609951858237,True,False,-0.10319440545977,-3.749775116666667,-3.6294417833333332
mp-1029367,MnCoN2,Co-Mn-N,4,0.0,0.0,0.0026125325000005,True,False,-0.324814264482759,-8.56781114,-11.7103496525
mp-1029375,BaCN2,Ba-C-N,4,0.0,0.0,0.0025550825000006,True,False,-0.9736777762500001,-7.930306045,-14.5852302575
mp-1029385,Li2SnN2,Li-N-Sn,5,0.0,0.0,0.0143597669999984,True,False,-0.39357917833333206,-5.294373793999999,-9.971405
mp-1029403,RbGe2N3,Ge-N-Rb,12,0.0,0.0,0.0700061829687497,True,False,-0.21516139958333302,-6.0887319025,-5.9082319025
mp-1029407,NaCrN2,Cr-N-Na,8,0.024355132333332,0.024355132333332002,0.0,False,True,-0.569000529094828,-7.486831463750001,-9.7399591
mp-1029420,RbCoN,Co-N-Rb,12,0.0,0.0,0.0722421299999993,True,False,-0.10349192583333401,-5.587568105,-5.467234771666667
mp-1029444,KCoN,Co-K-N,12,0.0,0.0,0.0341129245833338,True,False,-0.140456666583332,-5.674811395833333,-5.554478062499999
mp-1029458,Zn2CrN3,Cr-N-Zn,12,0.028262374444445,0.028262374444445,0.0,False,True,-0.307926731041668,-10.354726666666666,-10.354726666666666
mp-1029532,Ca2CoN2,Ca-Co-N,5,0.0,0.0,0.0087131919999992,True,False,-0.8337875895000011,-9.947451564000001,-9.947451564000001
mp-1029574,Na5OsN4,N-Na-Os,20,0.0,0.0,0.0164955562643669,True,False,-0.17029625418965502,-5.299204484500001,-5.1548044845
mp-1029605,Na2MnN2,Mn-N-Na,20,0.103532336249998,0.10353233624999801,0.0,False,True,-0.309274898896551,-8.323114330500001,-8.323114330500001
mp-1029626,Ba3IrN3,Ba-Ir-N,14,0.0,0.0,0.0515012952380953,True,False,-0.577124751428572,-6.235723642142858,-23.30881773857143
mp-1029711,NaVN2,N-Na-V,16,0.0,0.0,0.070975094375,True,False,-0.8197186456249981,-9.79753305625,-9.79753305625
mp-1029718,CsC2N3,C-Cs-N,18,0.0,0.0,0.0279654723379634,True,False,-0.26634745688697403,-7.663810139444444,-7.483310139444445
mp-1029719,Ca3MoN3,Ca-Mo-N,14,0.0,0.0,0.060976323285713,True,False,-0.979993285,-6.962462282857143,-11.673481937857144
mp-1029741,Sr3IrN3,Ir-N-Sr,14,0.0,0.0,0.0419654976190475,True,False,-0.6584271466071441,-18.5416541,-18.5416541
mp-1029838,SrCrN2,Cr-N-Sr,16,0.054681037999994,0.054681037999994006,0.0,False,True,-0.935605173124999,-13.05473137375,-13.05473137375
mp-10314,Yb(ZnAs)2,As-Yb-Zn,5,0.153808389125,0.153808389125,0.0,False,True,-0.659368410000001,-17.412497604000002,-17.412497604000002
mp-10334,Pr(CdP)3,Cd-P-Pr,14,0.0,0.0,0.0087585828571423,True,False,-0.604337995085032,-17.279359191428572,-17.279359191428572
mp-10337,BaYAgTe3,Ag-Ba-Te-Y,12,0.0,0.0,0.0006406533333329,True,False,-1.4644986619444431,-4.914652295,-4.703652295
mp-10374,Cr3PtN,Cr-N-Pt,5,0.108209408000004,0.108209408000004,0.0,False,True,-0.30180105374999705,-21.469100001999998,-21.469100001999998
mp-10378,Cs3Sb,Cs-Sb,4,0.0,0.0,0.02651984375,True,False,-0.500301612499999,-25.758220295,-25.758220295
mp-10381,K2CuSb,Cu-K-Sb,8,0.014839521607143,0.014839521607143,0.0,False,True,-0.405258609374999,-12.55266851,-12.55266851
mp-10382,KEuPSe4,Eu-K-P-Se,14,0.0,0.0,0.000402012589288,True,False,-1.241553665181119,-5.644210961428568,-16.984659916428573
mp-10383,LaTeAs,As-La-Te,12,0.0,0.0,0.0801934262500001,True,False,-1.441733783055556,-5.691545626666667,-24.800523474166667
mp-1039,MgTe,Mg-Te,4,2.3602500000663443e-05,2.3602500000663443e-05,0.0,False,True,-1.071546200833333,-3.458434155000001,-15.8473550325
mp-1039148,CaMg,Ca-Mg,2,0.015577142499999,0.015577142499999001,0.0,False,True,-0.0725466325,-5.676345275,-5.676345275
mp-1041241,CaHo(MoO3)2,Ca-Ho-Mo-O,20,0.0,0.0,0.0113072762500028,True,False,-2.773120962499998,-8.571355522,-7.518755521999999
mp-10415,Yb3(GePd)4,Ge-Pd-Yb,11,0.0,0.0,0.0167412245454539,True,False,-0.9455481222727251,-24.301717314545453,-24.301717314545453
mp-1043381,Sb2O5,O-Sb,14,0.085259957142857,0.085259957142857,0.0,False,True,-1.662774132857143,-6.376746633571429,-12.98596817142857
mp-10435,Y(AlSi)2,Al-Si-Y,5,0.0,0.0,0.0231088940000008,True,False,-0.413991692,-10.679057054000001,-10.679057054000001
mp-10436,Tb(AlSi)2,Al-Si-Tb,5,0.0,0.0,0.0199206059999994,True,False,-0.42367822599999905,-12.871310226,-12.871310226
mp-10442,Eu(Cu2As)2,As-Cu-Eu,7,0.0,0.0,0.0280739107142862,True,False,-0.37066081142857205,-5.51711562,-16.343645215714286
mp-1045605,YCu7O12,Cu-O-Y,20,0.001689589406262,0.0016895894062620002,0.0,False,True,-1.252145120999999,-5.981098633499999,-9.438500997
mp-1047142,Ca2NiIrO6,Ca-Ir-Ni-O,20,0.0,0.0,0.0039285678333387,True,False,-2.094400157,-6.926153822000001,-6.259853822
mp-1047343,Mn2ZnO4,Mn-O-Zn,14,0.020098295714285,0.020098295714285,0.0,False,True,-1.9622269044088672,-7.587315220714286,-6.718172363571428
mp-10477,RbAg3Se2,Ag-Rb-Se,12,0.0,0.0,0.0204773850000004,True,False,-0.573175774531248,-3.323370784999999,-18.289569364166667
mp-10497,SrC2,C-Sr,6,0.0,0.0,0.0528855974074078,True,False,-0.12732163499999802,-11.807365451666668,-11.807365451666668
mp-10532,Yb2AlSi2,Al-Si-Yb,10,0.0,0.0,0.0310786559999982,True,False,-0.7567335389999981,-20.224410557,-20.224410557
mp-10552,RbBSe3,B-Rb-Se,20,0.0,0.0,0.0021489520166664,True,False,-0.832793233739582,-4.462325289000001,-4.179125289
mp-10564,SrN2,N-Sr,3,0.0,0.0,0.0090011583333335,True,False,-0.623243369166668,-11.757630840000001,-11.757630840000001
mp-1056702,Mg,Mg,1,0.030189964999999,0.030189964999999003,0.0,False,True,0.030189964999999003,-4.13911362,-4.13911362
mp-1058490,EuIn,Eu-In,2,0.0,0.0,0.0191780799999996,True,False,-0.43719428083333506,-6.96083711,-6.96083711
mp-10598,CuSn,Cu-Sn,4,0.009223705,0.009223705,0.0,False,True,0.009223705,-17.787266185,-17.787266185
mp-10616,BaLiAs,As-Ba-Li,3,0.0,0.0,0.0379204116666667,True,False,-0.9396946902777781,-3.772368136666666,-15.633656700000001
mp-1061766,CeNiAs,As-Ce-Ni,3,0.0,0.0,0.0016917033333339,True,False,-1.016250069166663,-6.4786530966666644,-20.307535716666667
mp-10621,RbSbS2,Rb-S-Sb,16,0.0,0.0,0.0149271843749998,True,False,-0.9653269774999971,-4.311409661874999,-14.7701499475
mp-1062676,K2Pt,K-Pt,3,0.0,0.0,0.0955832695833329,True,False,-0.030913012499998,-21.20566127,-21.20566127
mp-10638,ZrSb,Sb-Zr,12,0.0,0.0,0.0051407737499991,True,False,-0.8098091699999981,-25.037862987500002,-25.037862987500002
mp-1063914,VFeCoGe,Co-Fe-Ge-V,4,0.0,0.0,0.0163697858653808,True,False,-0.251280766249999,-7.57887373,-7.57887373
mp-1064367,BaPd,Ba-Pd,4,0.0,0.0,0.0043277225000011,True,False,-0.549201019999999,-4.098629395,-25.2469000075
mp-1065288,GdInAu2,Au-Gd-In,4,0.0,0.0,0.0027492869444438,True,False,-0.747285812500003,-42.5336648075,-42.5336648075
mp-10659,Ho,Ho,3,0.015270595000004,0.015270595000004002,0.0,False,True,0.015270595000004002,-32.86607332,-32.86607332
mp-1066136,YPd,Pd-Y,4,0.0,0.0,0.0055945199999998,True,False,-0.9248326624999981,-22.5618599475,-22.5618599475
mp-1066781,BrCl,Br-Cl,4,0.0,0.0,0.0009789425000001,True,False,-0.35956457500000005,-2.1023061725,-1.7953061725000001
mp-10668,Yb(SiAg)2,Ag-Si-Yb,5,0.024364975333323,0.024364975333323,0.0,False,True,-0.354466358999999,-19.712198812,-19.712198812
mp-1067,LiAl,Al-Li,4,0.0,0.0,0.00254363125,True,False,-0.20847878833333303,-4.76788116,-4.76788116
mp-10670,Ca3(AlGe)2,Al-Ca-Ge,7,0.0,0.0,0.0001261400000034,True,False,-0.603305947142858,-9.506596364285715,-9.506596364285715
mp-1067154,KNO2,K-N-O,4,0.000586174999999,0.000586174999999,0.0,False,True,-1.2868555130625001,-6.1282478825,-7.7452840375
mp-1067935,Ho2SbO2,Ho-O-Sb,5,0.0,0.0,0.0114292699999989,True,False,-3.041918071999998,-7.685974508000001,-23.7124358
mp-1068217,Tb2Ni2Sn,Ni-Sn-Tb,5,0.0,0.0,0.0170401700000031,True,False,-0.584239305666663,-5.553353797999998,-22.831338972
mp-1068661,ZrBRh3,B-Rh-Zr,5,0.0,0.0,0.0247247625555573,True,False,-0.8006291954999991,-21.301595594,-21.301595594
mp-1068786,InCo3N,Co-In-N,5,0.022525376999999,0.022525376999999003,0.0,False,True,-0.024554889749998,-14.306561777999999,-14.306561777999999
mp-1068977,K2PdC2,C-K-Pd,5,0.0,0.0,0.0312609888750001,True,False,-0.064741491499998,-11.043031864,-11.043031864
mp-1069041,NdSi3Ru,Nd-Ru-Si,5,0.005464831000001,0.005464831000001001,0.0,False,True,-0.712026257500002,-16.94479387,-16.94479387
mp-1069057,Sr(CoSi)2,Co-Si-Sr,5,0.0,0.0,0.0032767345000026,True,False,-0.45703401800000004,-12.289364522,-12.289364522
mp-10694,ScF3,F-Sc,4,0.00025103375,0.00025103375000000005,0.0,False,True,-4.21761559875,-9.4117584,-9.4117584
mp-10695,ZnS,S-Zn,2,0.000146245714285,0.00014624571428500002,0.0,False,True,-0.9625521039062511,-9.43487202,-9.43487202
mp-1069697,VAu4,Au-V,5,0.0,0.0,0.0289296346666665,True,False,-0.077751367999997,-43.363634634,-43.363634634
mp-1069801,Ho2AlNi2,Al-Ho-Ni,5,0.000306743666662,0.000306743666662,0.0,False,True,-0.550702683999998,-5.450944308000001,-19.855639946
mp-1069809,BaSi3Pt,Ba-Pt-Si,5,0.002081448500001,0.0020814485000010003,0.0,False,True,-0.553016668,-5.4062291380000005,-21.46926576
mp-1070,CdSe,Cd-Se,4,0.0,0.0,0.0011513899999995,True,False,-0.837606193671875,-3.065567027500002,-17.9586397775
mp-1070264,La2Ni2I,I-La-Ni,5,0.0,0.0,0.0027829010000006,True,False,-0.806970057000001,-5.398230094000001,-22.385740824000003
mp-1070356,Rb2Te2Pd,Pd-Rb-Te,5,0.0,0.0,0.0652215700000016,True,False,-0.969957627666666,-3.655469976,-21.276845396
mp-1070498,Rb2Te2Pt,Pt-Rb-Te,5,0.0,0.0,0.0383803040000021,True,False,-0.9702936836666671,-3.8340563340000022,-26.999526531999997
mp-1070599,CsYbCl3,Cl-Cs-Yb,5,0.189163071916663,0.189163071916663,0.0,False,True,-2.106338284499998,-18.12536798,-18.12536798
mp-10706,ZrRu3C,C-Ru-Zr,5,0.027981394999997,0.027981394999997,0.0,False,True,-0.377479948000001,-22.171606544,-22.171606544
mp-1070646,Dy2AlNi2,Al-Dy-Ni,5,0.003467503999991,0.0034675039999910004,0.0,False,True,-0.5377796906666671,-5.446299740000003,-19.483692335999997
mp-1070789,CrAu4,Au-Cr,5,0.0,0.0,0.0274363359999991,True,False,-0.070824973999998,-43.553461571999996,-43.553461571999996
mp-1070806,BaTi2Sb2O,Ba-O-Sb-Ti,6,0.0,0.0,0.0361797849999954,True,False,-1.550733975277777,-6.7033877183333335,-6.524887718333333
mp-1070860,EuHCl,Cl-Eu-H,6,0.0,0.0,0.0214449312500004,True,False,-1.7690249037500032,-6.946298621666668,-17.784272683333334
mp-1071690,Be5Co,Be-Co,6,0.002452683333333,0.0024526833333330003,0.0,False,True,-0.187673225833333,-4.4927534,-5.9675626316666674
mp-1071732,EuCu2,Cu-Eu,6,0.0,0.0,0.0006891966666664,True,False,-0.12816801833333502,-6.290343103333335,-20.179119098333334
mp-1071737,YZnGa,Ga-Y-Zn,6,0.0,0.0,0.0184305949999998,True,False,-0.5722280508333321,-4.171205094999999,-14.210038673333335
mp-1071848,Pr2Sb,Pr-Sb,6,0.0,0.0,0.0065967505555555,True,False,-1.001009226111108,-29.172418715000003,-29.172418715000003
mp-1071904,PrCu2,Cu-Pr,6,0.0,0.0,0.002688468333333,True,False,-0.17321706888888802,-17.205733191666667,-17.205733191666667
mp-1071955,AlPS4,Al-P-S,6,0.005080274999999,0.005080274999999,0.0,False,True,-0.6891077448710311,-8.667495003333334,-8.667495003333334
mp-1072,Nb5Ga13,Ga-Nb,18,0.070460306031748,0.07046030603174801,0.0,False,True,-0.289393720238093,-15.42419708690476,-5.235226943888889
mp-1072082,YbFeSi,Fe-Si-Yb,6,0.050049706666666,0.050049706666666006,0.0,False,True,-0.539663256666666,-20.44517393,-20.44517393
mp-1072087,LaAu2,Au-La,6,0.0,0.0,0.0084826749999997,True,False,-0.805862649999995,-4.633786351666662,-44.54347419333333
mp-1072114,HoOF,F-Ho-O,6,0.0,0.0,0.0168677000000005,True,False,-4.275245123333333,-8.095076071666668,-18.249915533333333
mp-1072193,ErOF,Er-F-O,6,0.0,0.0,0.0213502274999992,True,False,-4.288221441666665,-8.098065505,-18.610027483333333
mp-1072208,DyOF,Dy-F-O,6,0.0,0.0,0.0124269124999987,True,False,-4.268987023888888,-8.09571666,-17.946031068333333
mp-1072580,CeSiPt,Ce-Pt-Si,6,0.0,0.0,0.0750861227083357,True,False,-1.105894759999999,-6.917028500000001,-31.580636575
mp-1072865,HoSn2,Ho-Sn,6,0.0,0.0,0.0007923533333329,True,False,-0.5711334800000001,-4.776741205000003,-28.07463125
mp-1072922,TbSn2,Sn-Tb,6,0.0,0.0,0.0016091349999829,True,False,-0.603541178888885,-4.822543623333331,-27.56107948
mp-10739,TiPRu,P-Ru-Ti,9,0.0,0.0,0.0118280908333332,True,False,-1.079705236547618,-16.867828109999998,-16.867828109999998
mp-1076931,Eu(SiPt)2,Eu-Pt-Si,5,0.0,0.0,0.0675263499999996,True,False,-0.8917207990000021,-7.547923722000002,-32.805949792
mp-1076973,TiGeSb,Ge-Sb-Ti,6,0.0008147395,0.0008147395,0.0,False,True,-0.438116803888888,-17.943466911666665,-17.943466911666665
mp-1076987,TaNiB,B-Ni-Ta,6,0.003675374281613,0.003675374281613,0.0,False,True,-0.621634501611112,-23.261602525,-23.261602525
mp-1076988,GdZn2,Gd-Zn,6,0.0,0.0,0.0219989499999995,True,False,-0.397186983333331,-20.803257153333334,-20.803257153333334
mp-1077023,TiCu2,Cu-Ti,6,0.0,0.0,0.0083951933333343,True,False,-0.11994215388888801,-11.663725158333333,-11.663725158333333
mp-1077097,YbZnPb,Pb-Yb-Zn,6,0.03955562119048,0.039555621190480006,0.0,False,True,-0.32938679999999904,-34.237758633333335,-34.237758633333335
mp-1077167,TmCuSn,Cu-Sn-Tm,6,0.0,0.0,0.0549039383333331,True,False,-0.5246540633333321,-4.72174739833333,-24.157934801666666
mp-1077191,Li2Tl,Li-Tl,6,0.0,0.0,0.00482577,True,False,-0.288723384444445,-19.606295853333332,-19.606295853333332
mp-1077226,YbSnHg,Hg-Sn-Yb,6,0.028345262916673,0.028345262916673,0.0,False,True,-0.39779124250000003,-37.278914271666665,-37.278914271666665
mp-1077351,ZrGaCu,Cu-Ga-Zr,6,0.0,0.0,0.0115324666666669,True,False,-0.43730266250000105,-5.662303770000001,-15.502084958333334
mp-1077381,Eu2BBrN2,B-Br-Eu-N,6,0.0,0.0,0.0333094158333313,True,False,-1.5989768523611132,-9.19382979,-8.984496456666667
mp-1077383,CsAuS,Au-Cs-S,6,0.0,0.0,0.0051834216666666,True,False,-0.9060417276041661,-28.81519185333333,-28.81519185333333
mp-1077404,YbSi2,Si-Yb,6,0.107018216111114,0.107018216111114,0.0,False,True,-0.48630903166666606,-18.511945023333332,-18.511945023333332
mp-1077443,NdScSb,Nd-Sb-Sc,6,0.0,0.0,0.0110621916666655,True,False,-1.001132882500002,-23.175403571666667,-23.175403571666667
mp-1077471,YbBiAu,Au-Bi-Yb,6,0.095968991333343,0.09596899133334301,0.0,False,True,-0.6040881800000001,-49.14295907333334,-49.14295907333334
mp-1077553,Sr2BBrN2,B-Br-N-Sr,6,0.0,0.0,0.0326901401388886,True,False,-1.623451044027778,-6.35307604,-6.143742706666667
mp-1077753,YbZnIn,In-Yb-Zn,6,0.0,0.0,0.0206921108333331,True,False,-0.491322928333336,-23.164180185000003,-23.164180185000003
mp-1077777,Pr2Bi,Bi-Pr,6,0.0,0.0,0.0119640211111109,True,False,-0.8276754644444391,-39.93107095833333,-39.93107095833333
mp-1077791,ZrSc2,Sc-Zr,6,0.003456281111109,0.0034562811111090003,0.0,False,True,-0.0033988183333350003,-15.185654356666667,-15.185654356666667
mp-1077904,CdPb2(ClO)2,Cd-Cl-O-Pb,7,0.0,0.0,0.0971822757142852,True,False,-1.552727685714284,-4.692486534285714,-4.320772248571428
mp-1077942,Rb2TeSe4,Rb-Se-Te,7,0.0,0.0,0.0156612897142847,True,False,-0.8959076487202371,-3.62276764142857,-16.528661554285716
mp-1077980,Sr(Ag2Sb)2,Ag-Sb-Sr,7,0.0,0.0,0.0079483452380926,True,False,-0.356080660952379,-3.402106558571428,-22.067928768571427
mp-1078005,K(Cu2Sb)2,Cu-K-Sb,7,0.006730234285708,0.0067302342857080005,0.0,False,True,-0.161107064821428,-14.563689835714285,-14.563689835714285
mp-1078058,Ti(CrS2)2,Cr-S-Ti,7,0.0,0.0,0.0129916385714263,True,False,-1.231788804761901,-7.48195706285714,-11.944885659999999
mp-1078086,In2Ni3Se2,In-Ni-Se,7,0.03122606285714,0.031226062857140004,0.0,False,True,-0.355474801160712,-16.030539472857143,-16.030539472857143
mp-1078089,Pd3(PbSe)2,Pb-Pd-Se,7,0.000700694732142,0.0007006947321420001,0.0,False,True,-0.453399455446425,-30.464077957142855,-30.464077957142855
mp-1078125,NdIn5Co,Co-In-Nd,7,0.0,0.0,0.0052876311904741,True,False,-0.33874126249999603,-22.559482978571427,-22.559482978571427
mp-1078181,SiBr3,Br-Si,8,0.004102783359373,0.004102783359373001,0.0,False,True,-1.17804176625,-3.762081175,-12.9996755
mp-1078184,Eu4Bi2O,Bi-Eu-O,7,0.0,0.0,0.0005991999999999,True,False,-1.553012295,-9.250223335714281,-41.27112108
mp-1078191,Ba2TeO,Ba-O-Te,8,0.0,0.0,0.0803560862499992,True,False,-2.438919834166666,-5.42122402875,-23.496489595
mp-1078203,CsTlF3,Cs-F-Tl,10,0.0,0.0,0.0051475779999998,True,False,-2.419469716,-19.952638002,-19.952638002
mp-1078217,NaFeF3,F-Fe-Na,10,0.0,0.0,0.0098099274999947,True,False,-2.737641432275862,-5.848301255000001,-8.074943305
mp-1078223,Eu(Ag2Sb)2,Ag-Eu-Sb,7,0.0,0.0,0.0092984707142838,True,False,-0.362122011666667,-4.636102741428573,-25.419350447142858
mp-1078253,MnB4,B-Mn,10,0.0,0.0,0.0076296689999999,True,False,-0.25487779489655205,-9.068628088,-9.068628088
mp-1078261,Ho2Ni2Sn,Ho-Ni-Sn,10,0.0,0.0,0.0152138860000032,True,False,-0.594722595999999,-5.547763425000002,-23.500851929
mp-1078265,Cs2YbCl4,Cl-Cs-Yb,7,0.162973035714298,0.16297303571429803,0.0,False,True,-2.1210889450000012,-18.02909471285714,-18.02909471285714
mp-1078292,CdCu2SnS4,Cd-Cu-S-Sn,8,0.0,0.0,0.0077248386458323,True,False,-0.6550641731249991,-4.3697624525,-4.1182624525
mp-1078295,NaNbO3,Na-Nb-O,10,0.003141929999998,0.003141929999998,0.0,False,True,-2.841680835275861,-8.099062602,-11.88347998
mp-1078298,SbN(OF3)2,F-N-O-Sb,10,0.0,0.0,0.0049643300000044,True,False,-2.0230342475,-5.407665772,-4.9930657720000005
mp-1078299,Fe(BMo)2,B-Fe-Mo,10,0.0,0.0,0.0138680869999987,True,False,-0.43849044666666603,-9.142511441,-9.142511441
mp-1078300,ScF3,F-Sc,8,0.0,0.0,0.0004629787499998,True,False,-4.217866632500001,-9.41200943375,-9.41200943375
mp-1078409,Ba2LaBiO6,Ba-Bi-La-O,10,0.0,0.0,0.0010903779999997,True,False,-2.788171481500001,-7.023347214,-6.611147214000001
mp-1078439,CeIn7Pt2,Ce-In-Pt,10,0.0,0.0,0.0175658736666655,True,False,-0.450058424666664,-4.189401696,-4.189401696
mp-1078443,As2Se3,As-Se,10,0.0273298715,0.027329871500000002,0.0,False,True,-0.11215298243749801,-14.582101516,-14.582101516
mp-1078498,ZnCu2SiTe4,Cu-Si-Te-Zn,8,0.0,0.0,0.0044938286458333,True,False,-0.38904060583333205,-3.821127924999999,-17.85970147125
mp-1078504,YbIn2Pt,In-Pt-Yb,8,0.019216903124998,0.019216903124998002,0.0,False,True,-0.8524491725000011,-34.14601828375,-34.14601828375
mp-1078508,HoTe3,Ho-Te,8,0.014365900937498,0.014365900937498,0.0,False,True,-1.026664906250001,-28.3099191175,-28.3099191175
mp-1078524,ErZnNi,Er-Ni-Zn,9,0.0,0.0,0.0030145091666664,True,False,-0.47769354333333003,-4.346893243333331,-18.735125843333336
mp-1078577,DyNiGe2,Dy-Ge-Ni,8,0.0,0.0,0.0089697750000006,True,False,-0.7143618835416641,-5.625503863124999,-18.675329505
mp-1078585,GdAl,Al-Gd,8,0.001762349749999,0.001762349749999,0.0,False,True,-0.42916306624999806,-25.49371488125,-25.49371488125
mp-1078593,LaInNi,In-La-Ni,9,0.0,0.0,0.0178905572222216,True,False,-0.46605311277777606,-4.957825622222221,-21.93836386555556
mp-1078600,TmAgTe2,Ag-Te-Tm,8,0.001373077500002,0.0013730775000020002,0.0,False,True,-1.055861888750001,-27.8837054025,-27.8837054025
mp-1078614,LaCdPd,Cd-La-Pd,9,0.0,0.0,7.395333333626297e-05,True,False,-0.680504899444444,-4.372471267777779,-24.99843727111111
mp-1078624,LaCoC2,C-Co-La,8,0.0,0.0,0.0001207199999999,True,False,-0.322710016249997,-16.041080445,-16.041080445
mp-1078690,YbCdGe,Cd-Ge-Yb,9,0.137253233055556,0.137253233055556,0.0,False,True,-0.49749625944444403,-23.999610944444445,-23.999610944444445
mp-1078699,NbPt3,Nb-Pt,8,0.001546155625,0.0015461556250000001,0.0,False,True,-0.70594613875,-45.50525247625,-45.50525247625
mp-1078733,YbAlNi,Al-Ni-Yb,9,0.0,0.0,0.051388535,True,False,-0.656904579444446,-19.071302671111113,-19.071302671111113
mp-1078741,Ba2CuOsO6,Ba-Cu-O-Os,10,0.0,0.0,0.0150088884999997,True,False,-2.111882844,-6.997111845000001,-6.584911845000001
mp-1078758,Sr2NiRuO6,Ni-O-Ru-Sr,20,0.0,0.0,0.0059473995000001,True,False,-2.142298130499999,-6.9550142735,-6.2887142735
mp-1078775,Nd(CrB3)2,B-Cr-Nd,9,0.01504195888889,0.015041958888890001,0.0,False,True,-0.518429584999997,-12.03429835694444,-7.66008819
mp-1078799,LiNbF6,F-Li-Nb,8,0.0,0.0,0.0059532187499993,True,False,-3.2546171533333332,-8.98923574875,-8.98923574875
mp-1078837,DyZnPd,Dy-Pd-Zn,9,0.0,0.0,0.0029492438888896,True,False,-0.752816611666664,-4.438816927777777,-22.061526247777778
mp-1078853,DyCdCu,Cd-Cu-Dy,9,0.0,0.0,0.0034235294444444,True,False,-0.27520328833333,-3.501067417777777,-21.30810552222222
mp-1078854,ErNiGe3,Er-Ge-Ni,10,0.0008297035,0.0008297035000000001,0.0,False,True,-0.5523052889999981,-5.3956931,-5.3956931
mp-1078861,Mg(BrO3)2,Br-Mg-O,9,0.0,0.0,0.0073805711111107,True,False,-0.936358712777777,-4.7799286144444455,-4.321928614444444
mp-1078899,LuNi,Lu-Ni,8,0.0,0.0,0.0003443175000006,True,False,-0.49777162083332904,-25.5285702925,-25.5285702925
mp-1078924,Ce(NiSb)2,Ce-Ni-Sb,10,0.0,0.0,0.0451569414444446,True,False,-0.7015454719999981,-5.852590613999999,-21.927979435
mp-1078965,Cs2Sb2Pd,Cs-Pd-Sb,10,0.0,0.0,0.0029373129999918,True,False,-0.613780159,-25.531778373,-25.531778373
mp-1078973,Sr(InP)2,In-P-Sr,10,0.0,0.0,0.0002182350000001,True,False,-0.5831194435238101,-4.191463969000002,-16.421759862000002
mp-1078978,Yb2CdGe2,Cd-Ge-Yb,10,0.0,0.0,0.0284511533333318,True,False,-0.7616993909999991,-24.943239475,-24.943239475
mp-1078991,ErTe3,Er-Te,8,0.026606616250003,0.026606616250003,0.0,False,True,-1.001438954583331,-28.54571597875,-28.54571597875
mp-1079003,HoNiSn,Ho-Ni-Sn,9,0.010473483333331,0.010473483333331,0.0,False,True,-0.6660646977777751,-5.461860697777777,-23.899110516666667
mp-1079021,YbCeS3,Ce-S-Yb,10,0.0,0.0,0.0549418989999974,True,False,-2.3905657686875,-20.684989614,-20.684989614
mp-1079038,HfSnIr,Hf-Ir-Sn,9,0.0,0.0,0.0199691733333331,True,False,-0.6949092516666721,-8.296640940000007,-41.52359895111111
mp-1079079,HfAsRu,As-Hf-Ru,9,0.0,0.0,0.0100965830555548,True,False,-0.785275396944443,-8.752513431111112,-29.28949834222222
mp-1079111,EuTiO3,Eu-O-Ti,10,0.0,0.0,0.0020391579999934,True,False,-3.558521973666669,-10.164019363,-17.346543408
mp-1079244,EuGa,Eu-Ga,8,0.0,0.0,0.0306172012500001,True,False,-0.541371476250002,-25.52320080875,-25.52320080875
mp-1079249,TbH3,H-Tb,8,0.008868539166666,0.008868539166666,0.0,False,True,-0.7133639315625011,-11.11130677,-11.11130677
mp-1079261,ErCuSb2,Cu-Er-Sb,8,0.01207315958333,0.01207315958333,0.0,False,True,-0.6444590383333301,-24.690674695,-24.690674695
mp-1079267,LiHg3,Hg-Li,8,0.0,0.0,0.0205538559375001,True,False,-0.20081246604166803,-37.823343961249996,-37.823343961249996
mp-1079270,Tm2NiSn6,Ni-Sn-Tm,9,0.001328193240739,0.001328193240739,0.0,False,True,-0.416406622222224,-4.727803374444445,-26.07581230888889
mp-1079294,TmCuSb2,Cu-Sb-Tm,8,0.019632043749999,0.019632043749999002,0.0,False,True,-0.6265288737500041,-24.97164781125,-24.97164781125
mp-1079295,ErSi,Er-Si,8,0.0,0.0,0.0031031399999994,True,False,-0.887121011666668,-22.2367208925,-22.2367208925
mp-1079312,NdSb2Au,Au-Nd-Sb,8,0.0,0.0,0.0094269572307688,True,False,-0.8020229518749991,-4.87703093,-33.64883794
mp-1079316,Dy(GePt)2,Dy-Ge-Pt,10,0.0,0.0,0.0137319814999985,True,False,-0.9453235989999991,-33.485562036,-33.485562036
mp-1079329,HoZnPd,Ho-Pd-Zn,9,0.0,0.0,0.0035917038888886,True,False,-0.756573902777776,-4.435675531111112,-22.363333893333333
mp-1079341,DyZnNi,Dy-Ni-Zn,9,0.0,0.0,0.0010801947222223,True,False,-0.458709020555551,-4.344794293333332,-18.075197411111112
mp-1079386,TbZnPd,Pd-Tb-Zn,9,0.0,0.0,0.0025385516666665,True,False,-0.749624558888888,-4.442120906666667,-21.805923843333332
mp-1079408,Li5In4,In-Li,9,0.0,0.0,0.0072188855555554,True,False,-0.38757083148147903,-11.748447896666667,-11.748447896666667
mp-1079498,Pr2InCu2,Cu-In-Pr,10,0.0,0.0,0.0008755469999996,True,False,-0.35438206266666705,-20.970401086000003,-20.970401086000003
mp-1079513,K2As2Pt,As-K-Pt,10,0.0,0.0,0.0081947964999988,True,False,-0.4866616019,-4.021485168000001,-19.209627458
mp-1079541,ZnCu2SnS4,Cu-S-Sn-Zn,8,0.0,0.0,0.0049074392708332,True,False,-0.707285174374999,-4.45945013125,-11.4966011725
mp-1079550,PrSb2Au,Au-Pr-Sb,8,0.0,0.0,0.02784964859375,True,False,-0.8045159741666651,-4.88635495875,-4.79035495875
mp-1079553,CeInRh,Ce-In-Rh,9,0.0,0.0,0.0020669744444425,True,False,-0.791226604444444,-26.64304252777778,-26.64304252777778
mp-1079559,CdPSe3,Cd-P-Se,10,0.0,0.0,6.7537000000506e-05,True,False,-0.581421915334821,-3.954065545,-14.821024796
mp-1079560,Nb2CrB2,B-Cr-Nb,10,0.033847614000002,0.033847614000002,0.0,False,True,-0.6135158969999991,-16.460355913999997,-16.460355913999997
mp-1079572,LaNiSb2,La-Ni-Sb,8,0.0,0.0,0.0005872159375019,True,False,-0.8689537312499981,-5.612490297499999,-24.1309918425
mp-1079587,YbPd,Pd-Yb,8,0.0,0.0,0.0259593912500006,True,False,-1.012986967499998,-30.757903165000002,-30.757903165000002
mp-1079596,Er2NiSn6,Er-Ni-Sn,9,0.00019108462963,0.00019108462963000002,0.0,False,True,-0.433054754444442,-4.763388691111111,-25.82258205888889
mp-1079597,ScGeRh,Ge-Rh-Sc,9,0.00226760388889,0.00226760388889,0.0,False,True,-0.990046526666664,-7.096648136666665,-17.518272687777777
mp-10796,HgSeO4,Hg-O-Se,12,0.0,0.0,0.0045540991666621,True,False,-0.9649444916406221,-4.897849080833329,-15.182836305
mp-1079643,TaMnGe,Ge-Mn-Ta,9,0.0,0.0,0.0218140874999992,True,False,-0.261350436754791,-8.812007333333336,-26.070507068888887
mp-1079647,BaAgSeF,Ag-Ba-F-Se,8,0.0,0.0,0.0807898974999998,True,False,-2.263063682252604,-4.805982800000001,-4.5724827999999995
mp-1079664,Nd2InNi2,In-Nd-Ni,10,0.0,0.0,0.0177260639999996,True,False,-0.42788628333334305,-5.199034677000012,-21.509619886
mp-1079679,K2CdSn,Cd-K-Sn,8,0.0,0.0,0.0007759112499998,True,False,-0.200498769874998,-2.0085791425,-2.0085791425
mp-1079699,PrAlNi,Al-Ni-Pr,9,0.0,0.0,0.0001743497222221,True,False,-0.48406216166666605,-5.257790151111111,-16.51550830888889
mp-1079703,SmSb2Au,Au-Sb-Sm,8,0.0,0.0,0.0387648398026314,True,False,-0.7844288874999991,-4.84704654125,-4.75104654125
mp-1079706,Ti5Al2C3,Al-C-Ti,10,0.0,0.0,0.0005118750000026,True,False,-0.7375664191666671,-8.203722387000001,-8.203722387000001
mp-1079709,YbSnIr,Ir-Sn-Yb,9,0.0,0.0,0.0153911736111114,True,False,-0.9604118250000061,-38.838717163333335,-38.838717163333335
mp-1079717,Sr2Ti2Sb2OF2,F-O-Sb-Sr-Ti,9,0.0,0.0,0.0073959572222239,True,False,-2.447743253518519,-6.47102197,-15.76024487111111
mp-1079725,Er6CoTe2,Co-Er-Te,9,0.0,0.0,0.0002076798611119,True,False,-0.7442821681481471,-5.280542320000001,-30.44337619444444
mp-1079796,Ti3Pd,Pd-Ti,8,0.000426320833335,0.000426320833335,0.0,False,True,-0.33954356749999803,-15.78297473,-15.78297473
mp-1079810,HfSn2,Hf-Sn,9,0.001126372555553,0.0011263725555530001,0.0,False,True,-0.261271627777786,-31.80919927777778,-31.80919927777778
mp-1079839,Ba2GdMoO6,Ba-Gd-Mo-O,10,0.0,0.0,0.0044169010000008,True,False,-3.040581021999999,-8.885329848,-8.152929848
mp-1079852,ErZnPd,Er-Pd-Zn,9,0.0,0.0,0.0051569266666673,True,False,-0.7658218733333311,-4.434936616666666,-22.712898411111112
mp-1079871,Cs2KSmCl6,Cl-Cs-K-Sm,10,0.0,0.0,0.0096134304999999,True,False,-2.501133066156034,-4.376849846,-4.008449845999999
mp-1079889,ZnAg2SnS4,Ag-S-Sn-Zn,8,0.0,0.0,0.0181165862500005,True,False,-0.621001458541664,-4.059099167499999,-3.8075991675000003
mp-1079893,BaTiSe3,Ba-Se-Ti,10,0.0,0.0,0.0244535785000028,True,False,-1.770214763072915,-5.830655040999998,-18.189239272000002
mp-1079914,HfSb,Hf-Sb,8,0.011429081249999,0.011429081249999001,0.0,False,True,-0.601496041250001,-36.03036160125,-36.03036160125
mp-1079915,PrAu,Au-Pr,8,0.001478346250003,0.001478346250003,0.0,False,True,-0.786427940833329,-4.821104669999997,-40.87606718875
mp-1079916,DyIn2Ni,Dy-In-Ni,8,0.0,0.0,0.0007102962499994,True,False,-0.42273038249999606,-4.401945306249999,-22.80872422125
mp-1079944,LuCuAs2,As-Cu-Lu,8,0.003652708124999,0.0036527081249990005,0.0,False,True,-0.864688731666667,-20.45012327125,-20.45012327125
mp-1079988,La2Al2Ge,Al-Ge-La,10,0.0,0.0,0.0028574404999943,True,False,-0.7350791429999951,-18.100226072999998,-18.100226072999998
mp-1080033,SiNiPd,Ni-Pd-Si,9,0.0,0.0,0.0349703622222214,True,False,-0.602628503888888,-15.17460695888889,-15.17460695888889
mp-1080045,SrHBrO,Br-H-O-Sr,8,0.0,0.0,0.0718482209374995,True,False,-2.3211875803125,-5.2393130975,-4.9340630975
mp-1080060,LaAlO3,Al-La-O,10,0.0,0.0,0.0002695046666705,True,False,-3.722466562999999,-8.427559752999999,-14.543878435
mp-1080098,Nd3Al,Al-Nd,8,0.0,0.0,0.0218301075000004,True,False,-0.229044203124999,-23.9755755225,-23.9755755225
mp-1080149,Yb(CuS)2,Cu-S-Yb,5,0.378651291499984,0.37865129149998406,0.0,False,True,-0.893802540124999,-15.752011587999998,-15.752011587999998
mp-1080181,Pr2InNi2,In-Ni-Pr,10,0.0,0.0,0.0170270430000005,True,False,-0.40139821100000905,-5.183476215000009,-21.472899391000002
mp-1080232,CsSrI3,Cs-I-Sr,10,0.0,0.0,0.0021017704999999,True,False,-1.890947640931032,-3.325436341999997,-24.688015313
mp-1080433,YbNi,Ni-Yb,8,0.0,0.0,0.0341766341666667,True,False,-0.49609697624999705,-24.75164494875,-24.75164494875
mp-1080438,SrAgTeF,Ag-F-Sr-Te,8,0.0,0.0,0.0970862449999998,True,False,-2.160155414583333,-4.55828642375,-4.33728642375
mp-1080463,HfPOs,Hf-Os-P,9,0.0,0.0,0.015390943888887,True,False,-0.9693718804365151,-36.68227873111111,-36.68227873111111
mp-1080525,FeB,B-Fe,8,0.00839964625,0.00839964625,0.0,False,True,-0.379546867083332,-7.9542533575,-11.13500696875
mp-1080537,K2NaVF6,F-K-Na-V,10,0.0,0.0,0.0083910435000005,True,False,-3.163481748587931,-5.580629803,-5.133429803
mp-1080567,Sm(NiSb)2,Ni-Sb-Sm,10,0.0,0.0,0.000927174,True,False,-0.695745272999998,-5.603117667999998,-21.675326681
mp-1080614,Cs2Sb2Pt,Cs-Pt-Sb,10,0.0,0.0,0.0252837210000014,True,False,-0.6146043319999991,-31.238055204,-31.238055204
mp-1080622,KRhF6,F-K-Rh,8,0.0,0.0,0.0032774387499996,True,False,-2.1595176534062492,-4.65686663375,-8.14357922125
mp-1080625,Sr2LiReO6,Li-O-Re-Sr,10,0.0,0.0,0.0019942645000003,True,False,-2.749342723583333,-7.492308652,-7.080108652
mp-1080643,LaFeSi2,Fe-La-Si,8,0.0,0.0,0.0069870825000002,True,False,-0.6180453025,-6.6822113962500005,-15.97467505625
mp-1080665,ScPIr,Ir-P-Sc,9,0.0,0.0,0.0107991194444441,True,False,-1.189297528769841,-8.051423132222222,-25.538602743333332
mp-1080677,Tl2Se3,Se-Tl,10,0.037115184187502,0.037115184187502,0.0,False,True,-0.26140730843749704,-30.120065279,-30.120065279
mp-1080679,LiTaF6,F-Li-Ta,8,0.0,0.0,0.0046644012499985,True,False,-3.455313644249999,-12.1721519975,-12.1721519975
mp-1080680,YbCdSn,Cd-Sn-Yb,9,0.0,0.0,0.0183660155555553,True,False,-0.414985483888888,-27.54183556888889,-27.54183556888889
mp-1080703,PrAlPd,Al-Pd-Pr,9,0.0,0.0,0.0061614800000011,True,False,-0.7814193772222191,-5.355062409999998,-20.511438421111112
mp-1080709,NdAu,Au-Nd,8,0.002588483749995,0.002588483749995,0.0,False,True,-0.808293752499999,-4.82930846875,-40.90820558125
mp-1080713,Er2Ni2Sn,Er-Ni-Sn,10,0.0,0.0,0.0137313199999988,True,False,-0.6087899209999981,-5.549846488,-23.923371976000002
mp-1080767,Eu(BiPd)2,Bi-Eu-Pd,10,0.0,0.0,0.0084271379999973,True,False,-0.621575202000002,-40.910842687,-40.910842687
mp-1080771,NaCl7,Cl-Na,8,0.287349770625,0.287349770625,0.0,False,True,-0.22225052218750002,-6.05115712875,-6.05115712875
mp-1080797,CsHg,Cs-Hg,8,0.0,0.0,0.00379523125,True,False,-0.20687015982758702,-0.8156949637499971,-37.4782573025
mp-1080821,BaF3,Ba-F,8,0.0,0.0,0.0074529574999999,True,False,-3.19318655375,-5.10831957,-4.76181957
mp-1080834,Na5As4,As-Na,9,0.0,0.0,0.0004375086805552,True,False,-0.530444247777778,-9.047225003333333,-9.047225003333333
mp-1081,V3S4,S-V,7,0.0,0.0,0.0202900685714286,True,False,-1.357067588571421,-7.614397454285708,-11.822163785714285
mp-10846,NiAsSe,As-Ni-Se,12,0.0,0.0,0.0017902991666662,True,False,-0.314225984687498,-13.981162110833333,-13.981162110833333
mp-10847,NiSbSe,Ni-Sb-Se,12,0.0,0.0,0.0205822413235292,True,False,-0.308435679687498,-17.641633386666665,-17.641633386666665
mp-1084823,Sr2CrSbO6,Cr-O-Sb-Sr,10,0.0,0.0,0.0005024370000263,True,False,-2.673530843999999,-7.358997936,-6.746897936000001
mp-1084826,Nd2Co3,Co-Nd,10,0.0,0.0,0.0094107032500003,True,False,-0.017783496999999003,-19.725525768,-19.725525768
mp-1084828,La3Al,Al-La,8,0.0,0.0,0.0040666874999999,True,False,-0.257904241249999,-24.2495139775,-24.2495139775
mp-1084832,Fe5Co3,Co-Fe,8,0.0510832340625,0.0510832340625,0.0,False,True,-0.0019012150000000002,-7.97069574125,-7.97069574125
mp-10850,SbTePd,Pd-Sb-Te,12,0.0,0.0,0.0414674512573087,True,False,-0.577647724722222,-4.7283773725000025,-25.07273248583333
mp-10857,Tm(BC)2,B-C-Tm,10,0.0,0.0,0.0090530109999997,True,False,-0.534900606000002,-14.476546019,-14.476546019
mp-1086673,DyTe3,Dy-Te,8,0.000953466250003,0.0009534662500030001,0.0,False,True,-1.049751963749997,-28.1081210025,-28.1081210025
mp-1087512,TmTe3,Te-Tm,8,0.039395063124999,0.039395063124999005,0.0,False,True,-0.982143701250002,-28.82532400625,-28.82532400625
mp-1087517,NdZnPd,Nd-Pd-Zn,9,0.0,0.0,0.0049726172222221,True,False,-0.6950113536111131,-4.430935637777781,-21.137534985555554
mp-1087540,CdCu2SiTe4,Cd-Cu-Si-Te,8,0.0,0.0,0.0034044611458332,True,False,-0.381776322083332,-3.77639696375,-3.56539696375
mp-10876,Ca3Al7Cu2,Al-Ca-Cu,12,0.0,0.0,0.0014839216666664,True,False,-0.35616364499999903,-7.8505937625,-7.8505937625
mp-1088,YbGa4,Ga-Yb,5,0.135493574999998,0.135493574999998,0.0,False,True,-0.285951890999999,-16.746048408,-16.746048408
mp-10890,LiAl3,Al-Li,4,0.010949575,0.010949575000000001,0.0,False,True,-0.09328981916666601,-5.73904017,-5.73904017
mp-1091391,BaTl4,Ba-Tl,10,0.0,0.0,0.0015116600000002,True,False,-0.23627580666667303,-2.517248488000001,-48.139002874
mp-1091415,Ge,Ge,8,0.006874353749999,0.006874353749999,0.0,False,True,0.006874353749999,-13.86510322625,-13.86510322625
mp-10932,ErSF,Er-F-S,6,0.0,0.0,0.0052738377777759,True,False,-3.323758545381942,-18.35225866,-18.35225866
mp-10933,Nd2TeS2,Nd-S-Te,5,0.0,0.0,0.0682662608333419,True,False,-2.178817990124997,-22.243081336,-22.243081336
mp-1093999,Zn2Ag,Ag-Zn,12,0.0,0.0,0.0157652389705877,True,False,-0.026481081666669,-13.085508533333334,-13.085508533333334
mp-1094027,TmTe,Te-Tm,4,0.0,0.0,0.002154574444444,True,False,-1.4075137149999999,-31.676650015,-31.676650015
mp-1094310,SrMg2,Mg-Sr,18,0.004514021666666,0.004514021666666,0.0,False,True,-0.08564724500000001,-7.913736658333334,-1.7179163750000002
mp-1094591,Li3Mg,Li-Mg,4,0.004553442916666,0.0045534429166660005,0.0,False,True,-0.021552993749999003,-2.8539087,-2.8539087
mp-1094739,LaMg,La-Mg,4,0.0,0.0,0.0172065599999999,True,False,-0.100803807500003,-3.384042367500003,-17.0708737775
mp-1094763,MgCd2,Cd-Mg,6,0.007497807222222,0.007497807222222001,0.0,False,True,-0.055590078333331,-1.239086876666666,-1.239086876666666
mp-1094889,LiMg,Li-Mg,2,0.006518542499999,0.006518542499999,0.0,False,True,-0.045694330833333005,-3.32369933,-3.32369933
mp-1094909,Mg2Cd,Cd-Mg,6,0.000853328611111,0.0008533286111110001,0.0,False,True,-0.064602746666665,-1.471586153333333,-1.471586153333333
mp-1094969,MgGa3,Ga-Mg,4,0.0201069496875,0.0201069496875,0.0,False,True,-0.081108974375,-2.759798495,-9.66358299
mp-1095035,Eu2InPt2,Eu-In-Pt,10,0.0,0.0,0.0198035104999965,True,False,-0.8804075923333301,-7.9759404349999965,-41.528040133000005
mp-1095106,Gd(CuSn)2,Cu-Gd-Sn,10,0.000548437999988,0.000548437999988,0.0,False,True,-0.37499609799999906,-23.29158907,-23.29158907
mp-1095128,TiPOs,Os-P-Ti,9,0.0,0.0,0.018943649722221,True,False,-0.9086597015476181,-25.883680426666665,-25.883680426666665
mp-1095148,TiFeAs,As-Fe-Ti,9,0.0,0.0,0.0144698466666675,True,False,-0.669403793611113,-7.6812823800000025,-14.663069493333333
mp-1095160,Eu2InPd2,Eu-In-Pd,10,0.0,0.0,0.0067079890000005,True,False,-0.709605048333334,-7.448637286999999,-29.876727641000002
mp-1095192,TbSb2Pd,Pd-Sb-Tb,8,0.0,0.0,0.0721447560714283,True,False,-0.897952395416665,-5.41688937375,-5.32088937375
mp-1095204,Tm2Ni2Sn,Ni-Sn-Tm,10,0.0,0.0,0.0142402860000006,True,False,-0.613359536000002,-5.520329171,-24.413140547
mp-1095215,K2Mg(CO3)2,C-K-Mg-O,11,0.001604093636363,0.001604093636363,0.0,False,True,-2.261678266318182,-6.992854700909091,-6.618127428181818
mp-1095216,NdAsO4,As-Nd-O,12,0.0,0.0,0.0177677049999998,True,False,-2.8055118241666652,-7.6771974883333325,-13.92673024
mp-1095230,CaSeO4,Ca-O-Se,12,0.0,0.0,0.0186823137499949,True,False,-2.115444610807291,-6.331003840416667,-9.357877165
mp-1095231,Ba3(LiBi)4,Ba-Bi-Li,11,0.0,0.0,0.0032183372727243,True,False,-0.770237662121219,-3.40230616454546,-30.274314876363636
mp-1095234,DyNbO4,Dy-Nb-O,12,0.002976634166666,0.002976634166666,0.0,False,True,-3.566346107777779,-9.318266872500002,-16.830320449166667
mp-1095247,ScGeRh,Ge-Rh-Sc,12,0.0,0.0,0.0051537758333326,True,False,-0.9923141305555541,-7.098915740555555,-17.520540291666666
mp-1095287,ScTlP2S7,P-S-Sc-Tl,11,0.0,0.0,0.0084717018181814,True,False,-0.9808174363744591,-5.389605823636364,-5.069514914545454
mp-1095302,BiSe2,Bi-Se,12,0.021139135989585,0.021139135989585,0.0,False,True,-0.34059164354166604,-29.3823897125,-29.3823897125
mp-1095305,NdSbAu,Au-Nd-Sb,12,0.01202573101282,0.012025731012820002,0.0,False,True,-0.9148336533333341,-4.971843877500002,-36.2916998725
mp-1095307,CeSbAu,Au-Ce-Sb,12,0.016206481249999,0.016206481249999002,0.0,False,True,-0.8292057983333321,-5.275816835,-36.73924370416667
mp-1095333,EuIn4Ir,Eu-In-Ir,12,0.0,0.0,0.0127950830555549,True,False,-0.34973259694444603,-5.376939441666669,-30.691892893333332
mp-1095346,EuCdPt,Cd-Eu-Pt,12,0.0,0.0,0.0105950072222213,True,False,-0.730833792500001,-6.503918934166667,-37.54079495
mp-1095372,MnBi4S7,Bi-Mn-S,12,0.0,0.0,0.0037573023611132,True,False,-0.5358576370141891,-25.946748490833333,-25.946748490833333
mp-1095395,EuVO4,Eu-O-V,12,0.042586434166656,0.042586434166656,0.0,False,True,-2.7994884000000013,-9.326798734166667,-8.585465400833334
mp-1095420,ZnMoO4,Mo-O-Zn,12,0.0,0.0,0.0187538252777779,True,False,-1.920267846666667,-7.236474136666668,-11.81690433
mp-1095431,YbGaNi,Ga-Ni-Yb,12,0.0,0.0,0.0021205541666651,True,False,-0.7101070191666661,-20.694730984166664,-20.694730984166664
mp-1095440,CdS2,Cd-S,12,0.050766734062502,0.050766734062502004,0.0,False,True,-0.46697219187499905,-12.524659573333333,-12.524659573333333
mp-1095457,Nd2In8Co,Co-In-Nd,11,0.0,0.0,0.007327104393938,True,False,-0.42656520227272504,-23.39919903272727,-23.39919903272727
mp-1095468,Dy3Sc2S7,Dy-S-Sc,12,0.0,0.0,0.0057195464930517,True,False,-2.305764987890624,-16.8874854025,-16.8874854025
mp-1095479,GdS2,Gd-S,12,0.005407629406249,0.005407629406249,0.0,False,True,-1.9619954877083332,-21.783688739166667,-21.783688739166667
mp-1095499,CsAuCl4,Au-Cl-Cs,12,0.0,0.0,5.3097499999932296e-05,True,False,-1.077038575,-17.794233365,-17.794233365
mp-1095502,TaCoGe,Co-Ge-Ta,12,0.0,0.0,0.0340073233333342,True,False,-0.41111185911111203,-8.285569231666669,-25.602271255833333
mp-1095507,SbIrSe,Ir-Sb-Se,12,0.0,0.0,0.0006582916666655,True,False,-0.561186512187499,-31.353596315833332,-31.353596315833332
mp-1095508,Er5S7,Er-S,12,0.0,0.0,0.0063005213888898,True,False,-2.357647704696182,-21.179767406666667,-21.179767406666667
mp-1095519,Eu2In,Eu-In,12,0.0,0.0,0.0008055391666683,True,False,-0.32638727972222104,-8.104853137499996,-33.662409770833335
mp-1095544,ScGaPd,Ga-Pd-Sc,12,0.0,0.0,0.0061971116666663,True,False,-0.868749859166667,-16.135988830833334,-16.135988830833334
mp-1095586,LiGaH4,Ga-H-Li,12,0.017189771755951,0.017189771755951003,0.0,False,True,-0.15081039444444402,-4.759132389166667,-4.759132389166667
mp-1095591,Tm3(CuSn)4,Cu-Sn-Tm,11,0.0,0.0,0.0071194577272706,True,False,-0.47122788636363805,-4.642375026363637,-23.047122390000002
mp-1095594,TlAgS,Ag-S-Tl,12,0.023753276203701,0.023753276203701,0.0,False,True,-0.34562166250000104,-3.462890831666666,-3.295224165
mp-1095622,Zr(MoO4)2,Mo-O-Zr,11,0.0,0.0,0.0138145772727273,True,False,-2.466229184545452,-8.813746356363634,-13.714514643636363
mp-1095625,TmAsPd,As-Pd-Tm,12,0.009690369666671,0.009690369666671,0.0,False,True,-1.297440979166666,-25.560451941666667,-25.560451941666667
mp-1095628,YSnPd,Pd-Sn-Y,12,0.0,0.0,0.0040246997222217,True,False,-0.924447789166666,-6.157296177500001,-23.66566444333333
mp-1095641,Tb5S7,S-Tb,12,0.0,0.0,0.0031547636805555,True,False,-2.386663819973959,-20.084199765,-20.084199765
mp-1095653,Yb3(CuGe)4,Cu-Ge-Yb,11,0.0,0.0,0.0030885695454543,True,False,-0.679375407727274,-19.630578196363636,-19.630578196363636
mp-1095656,LuAsSe,As-Lu-Se,12,0.000391777777779,0.000391777777779,0.0,False,True,-1.509419957170139,-5.738660445000001,-5.581327111666667
mp-1095661,YbCuPbSe3,Cu-Pb-Se-Yb,12,0.0,0.0,0.0874378325,True,False,-1.168994613697918,-25.601659545,-25.601659545
mp-1095668,TaFeAs,As-Fe-Ta,12,0.0,0.0,0.0655317941666666,True,False,-0.38295785077777506,-8.718648279166665,-26.153565083333334
mp-1095675,CeAsS,As-Ce-S,12,0.0,0.0,0.0113625258333343,True,False,-1.8266350009374972,-19.687367325833332,-19.687367325833332
mp-1096861,Cd,Cd,1,0.037120430000001,0.037120430000001,0.0,False,True,0.037120430000001,-20.06786726,-20.06786726
mp-1096897,CeCuPb,Ce-Cu-Pb,6,0.0,0.0,0.0331359099999994,True,False,-0.29568849333332603,-4.878623029999995,-33.05364343
mp-1096946,Cs2VHO4,Cs-H-O-V,16,0.0,0.0,0.0007020514285702,True,False,-2.073533491320043,-6.33439245,-5.77839245
mp-1097015,KSnI3,I-K-Sn,20,0.0,0.0,0.0086866934999987,True,False,-1.124100621950002,-3.066696506500002,-21.889188730999997
mp-1097041,IrO3,Ir-O,16,0.0,0.0,0.0735297956249994,True,False,-0.9821975675000001,-6.90277686625,-6.38752686625
mp-1097916,CsCaCl3,Ca-Cl-Cs,5,0.000111732,0.00011173200000000001,0.0,False,True,-2.534308367499997,-12.655121046,-12.655121046
mp-10996,Yb(MgSb)2,Mg-Sb-Yb,5,0.093599041499995,0.09359904149999501,0.0,False,True,-0.6538098250000011,-19.909933308,-19.909933308
mp-11,As,As,2,0.011004127499999,0.011004127499999001,0.0,False,True,0.011004127499999001,-14.69652686,-14.69652686
mp-1100,YbC2,C-Yb,3,0.0,0.0,0.0610901409259252,True,False,-0.37701444500000003,-19.184964166666667,-19.184964166666667
mp-1100398,LiBeSb,Be-Li-Sb,3,0.0,0.0,0.0073731083333337,True,False,-0.325963126111111,-3.58507545,-3.52107545
mp-1100405,ScTeRh,Rh-Sc-Te,3,0.0,0.0,0.0154932883333334,True,False,-1.21827575388889,-6.831636710000002,-21.508803956666668
mp-1100780,ZrZnPd2,Pd-Zn-Zr,4,0.0,0.0,0.0328514387499998,True,False,-0.6439205999999951,-5.685722564999995,-20.0613081125
mp-1100795,ZrCl3,Cl-Zr,8,0.0,0.0,0.0251040549999999,True,False,-1.9602307831249992,-12.2620079325,-12.2620079325
mp-11010,KNdTe4,K-Nd-Te,12,0.0,0.0,0.0088609882142876,True,False,-1.138162849375002,-23.9890245425,-23.9890245425
mp-1101086,AgSe5,Ag-Se,12,0.14728107407552,0.14728107407552002,0.0,False,True,0.102818451471352,-15.382794598476563,-3.2942016408333332
mp-1101094,Cs2CeCl6,Ce-Cl-Cs,9,0.0,0.0,0.0001881088888877,True,False,-2.276860933888886,-15.384879616666666,-15.384879616666666
mp-1101099,Ti2S3,S-Ti,10,0.0,0.0,0.0009894189999997,True,False,-1.706255212833332,-7.346890646999999,-11.58529554
mp-11011,RbNdTe4,Nd-Rb-Te,12,0.0,0.0,0.0011502871428588,True,False,-1.240107031944446,-4.293757878333335,-25.313871011666667
mp-1101160,Zr3N2O3,N-O-Zr,16,0.0,0.0,0.0654548421874992,True,False,-2.904702305,-10.050144854375,-15.996841475625
mp-1101266,Tm2TeO2,O-Te-Tm,10,0.0,0.0,0.080913320000004,True,False,-3.271226042333336,-7.672072215,-24.750894197
mp-1101340,SrCaI4,Ca-I-Sr,6,0.0,0.0,0.0044476416666681,True,False,-1.9294492833333332,-3.561795688333333,-21.964529691666666
mp-1101654,NaEuO2,Eu-Na-O,8,0.064622874999999,0.06462287499999901,0.0,False,True,-2.623261980344828,-8.00470065625,-16.0371645975
mp-1101762,PrAl2Ag,Ag-Al-Pr,12,0.0,0.0,0.0053952894332267,True,False,-0.413611760833334,-4.196001960000001,-16.503464196666666
mp-1101774,YSnIr,Ir-Sn-Y,12,0.0,0.0,0.0091692694444436,True,False,-0.816800570833329,-7.26916641583333,-33.40087673
mp-1101778,LaAlAu,Al-Au-La,12,0.0,0.0,0.0190479016666662,True,False,-0.7351872008333361,-4.7203421791666695,-29.83203928083333
mp-1101792,EuMg2,Eu-Mg,12,0.0,0.0,0.0006929816666669,True,False,-0.085892347500002,-4.602242995833333,-15.739136274166666
mp-1101795,NbCoGe,Co-Ge-Nb,12,0.0,0.0,0.003475497500001,True,False,-0.46100000749999903,-7.746916545833333,-7.746916545833333
mp-1101811,ErH2ClO2,Cl-Er-H-O,12,0.0,0.0,0.0523219344444427,True,False,-2.43061497875,-6.281034395,-5.9497010616666675
mp-1101836,GdH2ClO2,Cl-Gd-H-O,12,0.0,0.0,0.0530900086111119,True,False,-2.39419823375,-7.829351555,-7.498018221666666
mp-1101850,Ho3(CuSn)4,Cu-Ho-Sn,11,0.000831085454543,0.0008310854545430001,0.0,False,True,-0.49406506318182003,-4.696624380909094,-22.461403332727272
mp-1101873,ErS2,Er-S,12,0.026468519253473,0.026468519253473002,0.0,False,True,-1.945356014652778,-18.609859221666667,-18.609859221666667
mp-1101882,NdIr3,Ir-Nd,12,0.0,0.0,0.002120719166669,True,False,-0.6027412777083321,-47.226758610833336,-47.226758610833336
mp-1101891,LaSbSe,La-Sb-Se,12,0.0,0.0,0.0107938741666675,True,False,-1.734608129947917,-5.921581404166667,-5.700248070833333
mp-1101892,CeAs2,As-Ce,12,0.051509300000002,0.051509300000002006,0.0,False,True,-1.122266304166665,-21.207496549166667,-21.207496549166667
mp-1101894,FeAsSe,As-Fe-Se,12,0.0,0.0,0.0093609599999995,True,False,-0.47492353161458406,-6.020275271666668,-14.682645510833334
mp-1101898,Li4Ce3Ge4,Ce-Ge-Li,11,0.013891093575757,0.013891093575757001,0.0,False,True,-0.602869615757574,-4.5972925700000005,-4.5972925700000005
mp-11019,GaCuO2,Cu-Ga-O,8,0.0,0.0,9.39175000000958e-05,True,False,-1.6750175293749892,-5.930823704999989,-10.07888363125
mp-1101917,SnBi4Te7,Bi-Sn-Te,12,0.0,0.0,0.0016976933333334,True,False,-0.274179998333333,-36.663834075833336,-36.663834075833336
mp-1101926,EuAs,As-Eu,12,0.0,0.0,0.0284243583333321,True,False,-1.143880177916669,-8.622997401666668,-8.622997401666668
mp-1101935,Li4Mg(HN)3,H-Li-Mg-N,11,0.0,0.0,0.00255385659091,True,False,-0.648587624280303,-4.690996172727273,-4.592541627272727
mp-1101996,Ce2NCl3,Ce-Cl-N,12,0.0,0.0,0.0045192841666734,True,False,-2.434280765208333,-17.312168245833334,-17.312168245833334
mp-1102032,HfNiP,Hf-Ni-P,12,0.0,0.0,0.0222933975000003,True,False,-1.110125006825399,-23.1551946275,-23.1551946275
mp-1102047,LuCoSn,Co-Lu-Sn,12,0.0,0.0,0.0065257219444436,True,False,-0.463674058888888,-5.685232735,-5.685232735
mp-1102053,CeGaPd,Ce-Ga-Pd,12,0.0,0.0,0.0095623205555552,True,False,-0.796269040833335,-5.51124494166667,-22.618789054999997
mp-1102065,HoAl3,Al-Ho,12,0.005573307916668,0.005573307916668001,0.0,False,True,-0.46566347958333104,-13.735073205833332,-13.735073205833332
mp-1102069,LaNiP,La-Ni-P,12,0.0,0.0,0.0109617666666661,True,False,-1.167153651547614,-6.5443594216666625,-18.170865393333333
mp-1102075,TbH2ClO2,Cl-H-O-Tb,12,0.0,0.0,0.041759920833333,True,False,-2.423914251527777,-6.28602447,-5.954691136666667
mp-1102077,NaAlF4,Al-F-Na,12,0.002360392000006,0.002360392000006,0.0,False,True,-3.6078792125,-7.407944329166667,-7.407944329166667
mp-1102080,ScSiPd,Pd-Sc-Si,12,0.0,0.0,0.0001229936111215,True,False,-1.001443666666664,-15.379012186666666,-15.379012186666666
mp-1102093,EuI2,Eu-I,12,0.0,0.0,0.0197256816666655,True,False,-1.8748465075,-6.320225555833332,-31.088905354166666
mp-1102131,Sr2Pd,Pd-Sr,12,0.0,0.0,0.0253116683333329,True,False,-0.43869585999999905,-3.293608523333333,-3.293608523333333
mp-1102139,NdSb2,Nd-Sb,12,0.018258943888891,0.018258943888891002,0.0,False,True,-0.9396168175,-27.883163631666665,-27.883163631666665
mp-1102155,ErAlAu,Al-Au-Er,12,0.0,0.0,0.0035984994444442,True,False,-0.890246577777773,-31.304411126666665,-31.304411126666665
mp-1102160,EuGaSn,Eu-Ga-Sn,12,0.0,0.0,0.0060403061666622,True,False,-0.6778067858333351,-25.58108760083333,-25.58108760083333
mp-1102172,Ce2In8Pd,Ce-In-Pd,11,0.0,0.0,0.0016437690909074,True,False,-0.41086956575757105,-3.967885156363634,-24.668691477272727
mp-1102179,TmNiSn,Ni-Sn-Tm,12,0.0,0.0,0.0044590713888883,True,False,-0.6609086283333341,-5.418311966666667,-24.651467183333335
mp-1102184,ScGaPt,Ga-Pt-Sc,12,0.0,0.0,0.0092890080555561,True,False,-1.051429244166663,-6.195328726666664,-25.9368051225
mp-1102202,PrSb2,Pr-Sb,12,0.009909329166667,0.009909329166667001,0.0,False,True,-0.942220501388888,-27.881083110833334,-27.881083110833334
mp-1102248,TmAlAu,Al-Au-Tm,12,0.0,0.0,0.0075790186111115,True,False,-0.8928906191666681,-31.705592875833332,-31.705592875833332
mp-1102285,AlPS4,Al-P-S,12,0.0,0.0,0.0013250349999998,True,False,-0.6941880198710311,-8.672575278333333,-8.672575278333333
mp-1102366,SbRhSe,Rh-Sb-Se,12,0.0,0.0,0.0002907416666673,True,False,-0.7739135916145831,-5.770320454166668,-5.548987120833334
mp-1102378,NdRe2,Nd-Re,12,0.0,0.0,0.0121363116666657,True,False,-0.011074114999994,-44.75748691416666,-44.75748691416666
mp-1102394,Nb5B6,B-Nb,11,0.0,0.0,0.0012770063636367,True,False,-0.7981935177272721,-16.04805701181818,-16.04805701181818
mp-1102417,CeGaRh,Ce-Ga-Rh,12,0.0,0.0,0.0355656524999998,True,False,-0.8093416858333311,-6.252459606666666,-6.252459606666666
mp-1102423,CeAlAu,Al-Au-Ce,12,0.0,0.0,0.0090965991666669,True,False,-0.660280730833334,-4.9790832975000034,-30.16654577583333
mp-1102477,Eu2Si,Eu-Si,12,0.0,0.0,0.0031409105555564,True,False,-0.5312665066666681,-29.136443181666667,-29.136443181666667
mp-1102510,Ho5S7,Ho-S,12,0.0,0.0,0.0031929686574079,True,False,-2.369066010390623,-20.756147690833334,-20.756147690833334
mp-1102531,PRhSe,P-Rh-Se,12,0.0,0.0,0.0171922916666655,True,False,-0.729477651512896,-16.546099375833332,-16.546099375833332
mp-1102536,AlCuBr4,Al-Br-Cu,12,0.0,0.0,0.0033325874999996,True,False,-1.213548159999999,-3.612309599999999,-12.763232576666667
mp-1102558,TmNiP,Ni-P-Tm,12,0.0,0.0,0.0002193141666664,True,False,-1.21569851071429,-6.44173573916667,-20.03315178833333
mp-1102580,FeSbTe,Fe-Sb-Te,12,0.0,0.0,0.0334566383333339,True,False,-0.33919422722222103,-5.586637008333334,-5.381970341666666
mp-1102596,Sm2In8Co,Co-In-Sm,11,0.007188133333331,0.007188133333331,0.0,False,True,-0.316636609393938,-3.829725603636363,-3.829725603636363
mp-1102616,Co2Ge,Co-Ge,12,0.030897123333332,0.030897123333332003,0.0,False,True,-0.017419259166665,-13.464232539166666,-13.464232539166666
mp-1102621,ErCoSi,Co-Er-Si,12,0.0,0.0,0.0094893233333319,True,False,-0.715657740833329,-6.424475594166663,-19.349550250833335
mp-1102633,TmCoSi,Co-Si-Tm,12,0.0,0.0,0.0010881324999951,True,False,-0.72735799416667,-6.407770070833334,-19.764578735833332
mp-1102807,PrNiP,Ni-P-Pr,12,0.0,0.0,0.011589020833334,True,False,-1.120396799603173,-6.450757354166666,-18.0160442525
mp-1102854,YNiP,Ni-P-Y,12,0.0,0.0,0.0007799933333325,True,False,-1.205387501547618,-7.106954736666666,-15.089442120000001
mp-1102857,SbTeRu,Ru-Sb-Te,12,0.0,0.0,0.0037664616666663,True,False,-0.527418152222221,-6.042988043333334,-25.883186580833335
mp-1102901,NdNiP,Nd-Ni-P,12,0.0,0.0,0.0095070641666668,True,False,-1.147090677380955,-6.468343223333337,-18.051016028333333
mp-1102914,Ba2Eu3Si7,Ba-Eu-Si,12,0.0,0.0,0.0096251287500015,True,False,-0.46191311625000103,-6.5185391025,-19.72261835
mp-1102986,CeSb2,Ce-Sb,12,0.0,0.0,0.0058396841666663,True,False,-0.950606049166665,-28.368359455833332,-28.368359455833332
mp-1102992,HoAlAu,Al-Au-Ho,12,0.0,0.0,0.0005848533333336,True,False,-0.893311231666667,-30.959445363333334,-30.959445363333334
mp-1102993,EuAs,As-Eu,12,0.001053190833335,0.001053190833335,0.0,False,True,-1.142826987083334,-8.621944210833332,-27.953999780833332
mp-1103067,FePSe,Fe-P-Se,12,0.074242811666666,0.074242811666666,0.0,False,True,-0.528270426495534,-6.3220724975,-6.164739164166666
mp-1103069,TmCoSn,Co-Sn-Tm,12,0.0,0.0,0.00259549861111,True,False,-0.47602371083333606,-5.684520395833334,-5.684520395833334
mp-1103088,DyAl3,Al-Dy,12,0.008262890000001,0.008262890000001001,0.0,False,True,-0.47229792874999704,-13.516822482499999,-13.516822482499999
mp-1103125,Dy5S7,Dy-S,12,0.0,0.0,0.000302169166666,True,False,-2.379324841223957,-20.391597900833332,-20.391597900833332
mp-1103153,CeSbSe,Ce-Sb-Se,12,0.0,0.0,0.0009415541666664,True,False,-1.581840586614578,-6.102461449166664,-25.274672675833333
mp-1103172,CaCdPd,Ca-Cd-Pd,12,0.0,0.0,0.0051491922222224,True,False,-0.5882633474999991,-3.303427307500001,-17.322192627499998
mp-1103193,EuAlAu,Al-Au-Eu,12,0.0,0.0,0.0007396699999997,True,False,-0.6672081458333371,-6.436398060833336,-32.687385694999996
mp-1103195,Sm2In8Pd,In-Pd-Sm,11,0.0,0.0,0.015834719386889,True,False,-0.55278037090909,-24.466873579090908,-24.466873579090908
mp-1103201,Ce2P2AuO,Au-Ce-O-P,12,0.000185482453708,0.00018548245370800001,0.0,False,True,-1.7693219290476172,-6.923770228333333,-6.809270228333333
mp-1103212,TaRh2,Rh-Ta,12,0.0,0.0,0.0157639058333334,True,False,-0.607759117444445,-32.895855775,-32.895855775
mp-1103217,HoAsSe,As-Ho-Se,12,0.000449683333332,0.00044968333333200006,0.0,False,True,-1.6413704471875001,-22.274848825000003,-5.667746995833333
mp-1103249,Ho3(CuSn)4,Cu-Ho-Sn,11,0.0,0.0,0.0005199618181821,True,False,-0.49489614863636305,-4.697455466363638,-22.46223441818182
mp-1103289,LuNiP,Lu-Ni-P,12,0.0,0.0,0.0005993499999989,True,False,-1.20779564043651,-6.446894860000003,-21.00458625
mp-1103293,ZrSiOs,Os-Si-Zr,12,0.0,0.0,0.0067428269444445,True,False,-0.9348055833333331,-29.1044007,-29.1044007
mp-1103298,LiH3IN,H-I-Li-N,12,0.0,0.0,0.0171495404166668,True,False,-0.8020828520138881,-4.461534942499999,-4.338201609166666
mp-1103307,CaPtPb,Ca-Pb-Pt,12,0.0,0.0,0.0100275666666629,True,False,-0.6863531766666641,-4.616146599999999,-4.616146599999999
mp-1103315,Be2Ru,Be-Ru,12,0.0,0.0,0.0154370960000003,True,False,-0.332087546666664,-5.916496969999998,-11.708192545000001
mp-1103423,ErNiP,Er-Ni-P,12,0.0,0.0,0.0003084966666673,True,False,-1.219866999047618,-6.474310004166668,-19.632194611666666
mp-1103514,Eu2Cu6P5,Cu-Eu-P,13,0.0,0.0,0.0023071861538452,True,False,-0.503538535631867,-6.061140956923077,-6.061140956923077
mp-1103518,Dy(Mo3S4)2,Dy-Mo-S,15,0.0,0.0,0.0118792539166676,True,False,-1.0457019865,-17.891433832,-17.891433832
mp-1103527,BaBClF4,B-Ba-Cl-F,14,0.0,0.0,0.0767082492857111,True,False,-3.430444624166667,-6.016490197142858,-5.664775911428571
mp-1103538,Tb3Ga8Ag3,Ag-Ga-Tb,14,0.022525586726193,0.022525586726193002,0.0,False,True,-0.463394697499999,-3.796764132142857,-3.796764132142857
mp-1103546,Mn2ZnSe4,Mn-Se-Zn,14,0.0,0.0,0.0299790385714198,True,False,-0.764152847891009,-5.559498577142857,-14.456139816428571
mp-1103555,VCoGe,Co-Ge-V,12,0.0,0.0,0.0501257033333324,True,False,-0.302978795000001,-7.249762343333334,-7.249762343333334
mp-1103566,K4ZnBi2,Bi-K-Zn,14,0.0,0.0,0.0123424378571428,True,False,-0.473334222142861,-21.900220770714288,-21.900220770714288
mp-1103573,Sm3Zn11,Sm-Zn,14,0.0,0.0,0.0048522322556392,True,False,-0.339127956785714,-2.340052107857143,-2.340052107857143
mp-1103598,RbV5Se8,Rb-Se-V,14,0.0,0.0,0.0021683944642791,True,False,-1.051392038303571,-6.3633460557142865,-6.09363177
mp-1103612,SmSbS,S-Sb-Sm,12,0.0,0.0,0.0488238670833336,True,False,-1.647593506666664,-5.9759218691666645,-22.8167357075
mp-1103614,Ce2In8Pt,Ce-In-Pt,11,0.0,0.0,0.0338876175757576,True,False,-0.428068596666663,-4.06610705181818,-27.29359140909091
mp-1103629,CeNiP,Ce-Ni-P,12,0.0,0.0,0.0063547383333331,True,False,-1.168385950714283,-6.8792393091666675,-18.537665183333335
mp-1103651,NdSbSe,Nd-Sb-Se,12,0.0,0.0,0.0061542683333328,True,False,-1.614989898020833,-24.760284879166665,-24.760284879166665
mp-1103692,Ce3Rh2,Ce-Rh,15,0.032865958999998,0.032865958999998,0.0,False,True,-0.610885177,-28.769753885,-7.0910539
mp-1103709,Rb2Cd(IBr)2,Br-Cd-I-Rb,14,0.0,0.0,0.0972656049999995,True,False,-1.5375679057142841,-2.85799599642857,-19.12405341285714
mp-1103818,Nd3Zn11,Nd-Zn,14,0.0,0.0,0.0018693173214283,True,False,-0.332733600178571,-2.344278029285714,-2.344278029285714
mp-1103824,TmGa6,Ga-Tm,14,0.0,0.0,0.0176624089285715,True,False,-0.31690052928571505,-15.14228681357143,-15.14228681357143
mp-1103851,Ce3Pd4,Ce-Pd,14,0.0,0.0,0.0442446910714302,True,False,-0.795990699999999,-27.13366223142857,-27.13366223142857
mp-1103853,Tb(Mo3S4)2,Mo-S-Tb,15,0.0,0.0,0.0094140113333356,True,False,-1.050516298833336,-17.845890206,-17.845890206
mp-1103863,Ho3Pt4,Ho-Pt,14,0.003518683749994,0.0035186837499940004,0.0,False,True,-1.361814543571418,-44.87537159285714,-44.87537159285714
mp-1103883,ErGa6,Er-Ga,14,0.0,0.0,0.0116410767857146,True,False,-0.32652995261904605,-14.981114362142858,-14.981114362142858
mp-1103919,CeMg12,Ce-Mg,13,0.0,0.0,0.0949134646153844,True,False,-0.035442006153845004,-6.256385989230769,-6.256385989230769
mp-1103936,Er(MnSn)6,Er-Mn-Sn,13,0.0,0.0,0.0042464773695876,True,False,-0.136714839045098,-6.5672718923077,-21.057163708461538
mp-1103940,Li6PBrO5,Br-Li-O-P,13,0.0,0.0,0.0387963249999998,True,False,-2.453378781895604,-5.77997588076923,-5.474668188461539
mp-1104,LaMg,La-Mg,2,0.005696517500002,0.005696517500002001,0.0,False,True,-0.09510729000000101,-3.37834585,-17.06517726
mp-11040,EuZnSn,Eu-Sn-Zn,12,0.0,0.0,0.0229647316666659,True,False,-0.5441532641666651,-5.729962390833331,-24.679840274166665
mp-1104014,Mn2ZnTe4,Mn-Te-Zn,14,0.0,0.0,0.0426989930049268,True,False,-0.474948251075533,-5.068805075,-20.50252939642857
mp-1104032,Lu3Ga8Ir3,Ga-Ir-Lu,14,0.0,0.0,0.0428363180952393,True,False,-0.627569618571424,-5.220793409999994,-26.642170585
mp-1104042,Sr2Zn2As3,As-Sr-Zn,14,0.001209647857141,0.001209647857141,0.0,False,True,-0.7782319810714301,-3.623190695000001,-14.114047733571429
mp-1104078,Y(Mo3S4)2,Mo-S-Y,15,0.0,0.0,0.011225897638889,True,False,-1.047511128833332,-17.11536282333333,-17.11536282333333
mp-1104136,Er3Pt4,Er-Pt,14,0.00395119196429,0.00395119196429,0.0,False,True,-1.3734129114285691,-45.33443764,-45.33443764
mp-1104155,Y3Ga8Ag3,Ag-Ga-Y,14,0.013943520357147,0.013943520357147,0.0,False,True,-0.45480550392857005,-4.189152340714285,-4.189152340714285
mp-1104161,Dy3Zn11,Dy-Zn,14,0.0,0.0,0.005920713421053,True,False,-0.37327732714285805,-14.227708636428572,-14.227708636428572
mp-1104172,Er3Ga8Ag3,Ag-Er-Ga,14,0.010309027500001,0.010309027500001,0.0,False,True,-0.432827394642856,-3.7511657978571433,-3.7511657978571433
mp-1104183,Mn(BiSe2)2,Bi-Mn-Se,14,0.0,0.0,0.0043692245238124,True,False,-0.5951909629618221,-27.585779975714285,-27.585779975714285
mp-1104194,Ca(Mo3S4)2,Ca-Mo-S,15,0.0,0.0,0.0228527915000009,True,False,-1.012704434833333,-16.195535645333333,-16.195535645333333
mp-1104253,Lu3Ga8Cu3,Cu-Ga-Lu,14,0.0,0.0,0.0010152531043914,True,False,-0.43426345142857103,-4.011938490714286,-4.011938490714286
mp-1104267,Lu(Fe2Ge)2,Fe-Ge-Lu,14,0.023644085999996,0.023644085999996,0.0,False,True,-0.296171236666666,-7.103003808571429,-7.103003808571429
mp-1104279,Tb3GaCo3,Co-Ga-Tb,14,0.0,0.0,0.0019866507142882,True,False,-0.32588191464285704,-5.803301493571429,-5.803301493571429
mp-1104307,La3SbO3,La-O-Sb,14,0.0,0.0,0.0113112608928496,True,False,-3.172854074285704,-7.998697727142846,-22.102185889999998
mp-1104325,Tb3Zn11,Tb-Zn,14,0.0,0.0,0.0048926648120297,True,False,-0.37770526107142804,-14.070271768571429,-14.070271768571429
mp-1104330,Er(Mo3S4)2,Er-Mo-S,15,0.0,0.0,0.0198295655833362,True,False,-1.035077581055556,-18.010384889333334,-18.010384889333334
mp-1104373,Ce3Ga10Ni,Ce-Ga-Ni,14,0.019332966785708,0.019332966785708002,0.0,False,True,-0.514459089642856,-4.362455269285714,-4.362455269285714
mp-1104380,NdMg5Ni,Mg-Nd-Ni,14,0.000648359047617,0.000648359047617,0.0,False,True,-0.12338919321428501,-2.794908362857143,-2.794908362857143
mp-1104392,Eu(GaSe2)2,Eu-Ga-Se,14,0.0,0.0,0.0068392455357138,True,False,-1.20667493875,-18.15705715857143,-18.15705715857143
mp-1104411,Hg3Bi2(SCl4)2,Bi-Cl-Hg-S,15,0.0,0.0,0.0005425433333332,True,False,-1.099962459500002,-3.21811063,-2.823577296666667
mp-1104424,Ba8Sb4H2O,Ba-H-O-Sb,15,0.0,0.0,0.0275439622333326,True,False,-1.274360343833332,-4.181433568,-4.060566901333333
mp-1104447,KGdGeS4,Gd-Ge-K-S,14,0.030727156250002,0.030727156250002004,0.0,False,True,-1.539102019607141,-6.736260686428571,-6.448832115
mp-1104453,Ba2Cd2As3,As-Ba-Cd,14,0.003507782142865,0.0035077821428650003,0.0,False,True,-0.750962846785711,-3.575011112142854,-20.53563754714286
mp-1104456,Eu2Zn2As3,As-Eu-Zn,14,0.00177146047619,0.00177146047619,0.0,False,True,-0.8068712732142881,-6.107739651428572,-6.107739651428572
mp-1104534,DyGa6,Dy-Ga,14,0.0,0.0,0.0006738417857148,True,False,-0.350630604285713,-14.727553307857145,-14.727553307857145
mp-1104535,Hf2CuSi4,Cu-Hf-Si,14,0.065602729523807,0.06560272952380701,0.0,False,True,-0.411790351428571,-6.942484187142858,-6.983055615714286
mp-1104548,Ta7Co6,Co-Ta,13,0.001463261282047,0.0014632612820470001,0.0,False,True,-0.23498456394871803,-9.917214803846154,-9.917214803846154
mp-1104579,Ce2H5,Ce-H,14,0.011713889025973,0.011713889025973001,0.0,False,True,-0.6372129626785701,-11.916758609285713,-11.916758609285713
mp-1104613,CsV5Se8,Cs-Se-V,14,0.0,0.0,0.0244062321428533,True,False,-1.068442948035713,-16.071929626428574,-16.071929626428574
mp-1104639,YbGa6,Ga-Yb,14,0.0,0.0,0.0090962700000001,True,False,-0.306435860714285,-15.333012215714286,-15.333012215714286
mp-1104652,Nd5Co2,Co-Nd,14,0.029407746547622,0.029407746547622002,0.0,False,True,0.020939414642859002,-24.773133038571427,-24.773133038571427
mp-1104657,Eu(InSe2)2,Eu-In-Se,14,0.001532651190475,0.001532651190475,0.0,False,True,-1.215702009672618,-5.47143134,-21.307920740714284
mp-1104664,Dy3Pt4,Dy-Pt,14,0.001948062678572,0.0019480626785720002,0.0,False,True,-1.352226254285718,-44.480265865,-44.480265865
mp-1104772,Yb(MnGe)6,Ge-Mn-Yb,13,0.01373049153846,0.013730491538460001,0.0,False,True,-0.349215137838198,-16.33854223923077,-16.33854223923077
mp-1104821,Pr5Co2,Co-Pr,14,0.057407661470588,0.057407661470588005,0.0,False,True,0.056821945952382005,-24.727212925714287,-24.727212925714287
mp-1104854,Ni3(PbS)2,Ni-Pb-S,14,0.007124798571428,0.007124798571428,0.0,False,True,-0.468670311428569,-5.188741683571428,-23.86836139857143
mp-1104856,La3Pt4,La-Pt,14,0.003908048214285,0.003908048214285,0.0,False,True,-1.255423561428569,-43.424739020714284,-43.424739020714284
mp-1104864,Tb3Pt4,Pt-Tb,14,0.000178924732139,0.00017892473213900002,0.0,False,True,-1.34001133142857,-44.14432133857143,-44.14432133857143
mp-1104876,Ba5Cd2(Sb2O)2,Ba-Cd-O-Sb,13,0.0,0.0,0.0495116676923119,True,False,-1.464733043076923,-4.382180893076923,-4.217411662307692
mp-1104877,Lu3Pt4,Lu-Pt,14,0.005473462321425,0.0054734623214250004,0.0,False,True,-1.402308182857138,-47.143809347142856,-47.143809347142856
mp-1104929,Sc(Fe2Si)2,Fe-Sc-Si,14,0.0,0.0,0.0048874571428614,True,False,-0.46598339571428504,-7.7607248250000005,-7.781010539285715
mp-1104988,Ba2Bi2Se3O2,Ba-Bi-O-Se,18,0.0,0.0,0.081608997777776,True,False,-1.823238056336805,-5.378979716666667,-5.068979716666666
mp-1105001,Tm3Pt4,Pt-Tm,14,0.004839259999997,0.004839259999997,0.0,False,True,-1.38835468071429,-45.86178503357143,-45.86178503357143
mp-1105006,Dy3Ga8Ag3,Ag-Dy-Ga,14,0.017302873214288,0.017302873214288,0.0,False,True,-0.448445102857141,-3.777638517142857,-3.777638517142857
mp-1105101,Ba9In4,Ba-In,13,0.0,0.0,0.0017398886538457,True,False,-0.28139159435897804,-2.458889243076927,-25.634435256153843
mp-1105168,Eu(InS2)2,Eu-In-S,14,0.0,0.0,0.0001574598214295,True,False,-1.2839390154761912,-5.90623190857143,-17.77836747357143
mp-1105170,SnBr2,Br-Sn,18,0.001908624444444,0.001908624444444,0.0,False,True,-1.171437953888886,-3.5992595955555533,-17.91938871888889
mp-1105218,NaOsO3,Na-O-Os,20,0.0,0.0,0.0293617925000004,True,False,-1.6505508657758612,-7.1331451105,-16.268618336
mp-1105233,Ba(AsO3)2,As-Ba-O,18,0.0,0.0,0.0150873844444445,True,False,-2.188986189444444,-6.738651304444444,-12.094124272222222
mp-1105240,KNdMnWO6,K-Mn-Nd-O-W,20,0.002017938999999,0.002017938999999,0.0,False,True,-2.651206464268102,-8.421949334999999,-7.399149335
mp-1105272,Sr2ZnWO6,O-Sr-W-Zn,20,0.004755014999991,0.004755014999991001,0.0,False,True,-2.682106027999999,-7.411155633,-6.555155633
mp-1105283,Sr2InOsO6,In-O-Os-Sr,20,0.0,0.0,0.0116816354000031,True,False,-2.361496278666666,-7.0674126170000005,-6.655212616999999
mp-1105361,Dy5(MoO6)2,Dy-Mo-O,19,0.0,0.0,0.010257817894745,True,False,-3.34389256464906,-8.825929928947307,-18.332089638421053
mp-1105372,Fe5SiB2,B-Fe-Si,16,0.0018623334375,0.0018623334375,0.0,False,True,-0.347752591666666,-7.989528544375,-7.998403544375
mp-1105546,LaFe4(CuO4)3,Cu-Fe-La-O,20,0.0,0.0,0.0050620378333352,True,False,-1.68143263775,-7.205894838500001,-6.3424948385
mp-1105570,TaMnSi,Mn-Si-Ta,18,0.0,0.0,0.0114088930555507,True,False,-0.5445036945325681,-9.362590649444446,-9.386257316111111
mp-1105577,La5RuPb3,La-Pb-Ru,18,0.0,0.0,0.0011752999206313,True,False,-0.534659552777778,-5.544923916666667,-5.544923916666667
mp-1105648,Zn2BrN,Br-N-Zn,16,0.0,0.0,0.0260370099999995,True,False,-0.6019946406250001,-3.725672515625,-3.501922515625
mp-1105649,YbB2Os,B-Os-Yb,16,0.0,0.0,0.0257860090624992,True,False,-0.718824563750004,-26.77065357125,-26.77065357125
mp-1105692,Tl2Hg3Se4,Hg-Se-Tl,18,0.0,0.0,0.0001236294444448,True,False,-0.329950313194444,-34.96420249666667,-34.96420249666667
mp-1105693,Zr5Sb3As,As-Sb-Zr,18,0.0,0.0,0.0338455520138891,True,False,-0.8921261547222181,-7.5360849772222185,-23.779958578333336
mp-1105741,Pr3Ru,Pr-Ru,16,0.006458701041665,0.006458701041665,0.0,False,True,-0.163930660624998,-28.573031760625,-28.573031760625
mp-1105749,Y3Si3Rh2,Rh-Si-Y,16,0.0,0.0,0.0024474957812428,True,False,-0.9873639843749981,-7.303844525624999,-18.00348297875
mp-1105764,Pr5Si3,Pr-Si,16,0.000643487395831,0.000643487395831,0.0,False,True,-0.5362706797916661,-5.5679346025,-5.5945596025
mp-1105776,Rb2Mn3S4,Mn-Rb-S,18,0.0,0.0,0.0160356961111096,True,False,-1.005956282643677,-6.116701268333333,-12.808902611111112
mp-1105849,La2Zn5Pb,La-Pb-Zn,16,0.0,0.0,6.319687499978244e-06,True,False,-0.409114095625,-2.894536511874999,-2.894536511874999
mp-1105859,CsTi5Se8,Cs-Se-Ti,14,0.0,0.0,0.0058535837500013,True,False,-1.4712912017908462,-6.353629021428572,-15.996987254285715
mp-1105882,Tb4Sb6Rh7,Rh-Sb-Tb,17,0.015635952426475,0.015635952426475003,0.0,False,True,-0.8840977650980361,-6.46501641352941,-27.32663583882353
mp-1105893,La3Cu3Bi4,Bi-Cu-La,20,0.022319918500016,0.022319918500016002,0.0,False,True,-0.754208793499998,-36.332591152999996,-36.332591152999996
mp-1105915,CsSnF3,Cs-F-Sn,20,0.0,0.0,0.0003763330000001,True,False,-2.779154719431035,-4.9109760295000005,-4.6337760295
mp-1105958,Yb3Co,Co-Yb,16,0.0,0.0,0.0740520531249999,True,False,-0.14942158062500202,-30.855013451875,-30.855013451875
mp-1105962,La5Bi3,Bi-La,16,0.014025375624996,0.014025375624996,0.0,False,True,-0.9919510381250021,-41.520791320625,-41.520791320625
mp-1105964,Y(CoB)4,B-Co-Y,18,0.0,0.0,0.013699050555556,True,False,-0.481801000185186,-7.344059384999999,-7.344059384999999
mp-1105977,Lu2Si5Ni3,Lu-Ni-Si,20,0.011899270749998,0.011899270749998001,0.0,False,True,-0.719679069333334,-6.070716579000001,-6.106216579
mp-1106011,Nd3Co,Co-Nd,16,0.025889086666666,0.025889086666666002,0.0,False,True,0.018479296250003,-25.353585223125,-25.353585223125
mp-1106017,La2InNi2,In-La-Ni,20,0.0,0.0,0.002733687,True,False,-0.45141672533333305,-5.289708988,-5.289708988
mp-1106023,NiSb3,Ni-Sb,16,0.015611355,0.015611355,0.0,False,True,-0.12569948624999902,-22.40086557375,-22.40086557375
mp-1106026,Y4Ga12Fe,Fe-Ga-Y,17,0.023280382941176,0.023280382941176,0.0,False,True,-0.526824635294119,-4.694091663529414,-14.259675346470587
mp-1106051,Y3Cu3Sb4,Cu-Sb-Y,20,0.007940987500006,0.007940987500006,0.0,False,True,-0.8238719435,-20.4545173235,-20.4545173235
mp-1106056,Ba(Sb3Os)4,Ba-Os-Sb,17,0.0,0.0,0.0090067808823519,True,False,-0.300392630588237,-5.969596132941179,-32.40990165411765
mp-1106061,Ca3Pd,Ca-Pd,16,0.002753991249999,0.002753991249999,0.0,False,True,-0.415276397499999,-11.434110075,-11.434110075
mp-1106064,Ho4Ga12Ni,Ga-Ho-Ni,17,0.006660227499995,0.006660227499995001,0.0,False,True,-0.558567011764703,-4.117861529999999,-17.118364854117647
mp-1106069,Lu5Si3C,C-Lu-Si,18,0.021620170583334,0.021620170583334,0.0,False,True,-0.6199081598148151,-5.966060826666666,-5.9897274933333335
mp-1106092,Sr7Ag3,Ag-Sr,20,0.013513263899998,0.013513263899998,0.0,False,True,-0.150554536499998,-17.159280429,-17.159280429
mp-1106094,KCO3,C-K-O,20,0.0,0.0,0.0375567970000005,True,False,-1.810488648949999,-6.851735725499999,-6.439535725499999
mp-1106127,Ba2DyInSe5,Ba-Dy-In-Se,18,0.006480991527778,0.006480991527778,0.0,False,True,-1.87850407445023,-5.06684369,-4.804621467777777
mp-1106137,Eu7Au3,Au-Eu,20,0.0,0.0,0.0087430324999981,True,False,-0.534830038500004,-8.718672979,-8.718672979
mp-1106138,CeAlPd2,Al-Ce-Pd,16,0.0,0.0,0.0048732193750016,True,False,-0.8713719199999971,-21.7447804975,-21.7447804975
mp-1106169,Zr5Ga3,Ga-Zr,16,0.0,0.0,0.010041254999999,True,False,-0.589608318125002,-19.09926924,-19.09926924
mp-1106184,MnB4,B-Mn,20,0.00608231,0.0060823100000000005,0.0,False,True,-0.248795484896552,-9.062545778,-9.062545778
mp-1106190,Er4Ga12Ni,Er-Ga-Ni,17,0.000384144264697,0.00038414426469700005,0.0,False,True,-0.5556536494117641,-4.107898601764706,-17.354056102941176
mp-1106201,MnGeO3,Ge-Mn-O,20,0.012176887999999,0.012176887999999001,0.0,False,True,-2.123705890586208,-7.849491123000002,-11.228653149
mp-1106203,Ce(Tl3Te2)3,Ce-Te-Tl,16,0.032385504441288,0.032385504441288,0.0,False,True,-0.6355825618750031,-3.519334704375,-3.361084704375
mp-1106218,Sr2ScSbO6,O-Sb-Sc-Sr,20,0.0,0.0,5.855500000429004e-06,True,False,-3.113772652999999,-7.4671819085,-7.054981908499999
mp-1106241,BaTbMn2O5,Ba-Mn-O-Tb,18,0.006504798125011,0.006504798125011001,0.0,False,True,-2.793845698058748,-8.307253939444443,-7.554920606111111
mp-1106297,Ho4Ga12Fe,Fe-Ga-Ho,17,0.016556888333335,0.016556888333335,0.0,False,True,-0.5179144441176451,-4.235437464117646,-17.217875132941177
mp-1106300,Nd3Ru,Nd-Ru,16,0.003432218437499,0.0034322184374990005,0.0,False,True,-0.20393350437499702,-28.623574065,-28.623574065
mp-1106310,Cu2SiHgS4,Cu-Hg-S-Si,16,0.0,0.0,0.0068078222395833,True,False,-0.633011808437499,-4.443386090624999,-14.47296770375
mp-1106352,Na3MoCl6,Cl-Mo-Na,20,0.0,0.0,0.0024425087083344,True,False,-1.671910378499998,-9.039825832,-9.039825832
mp-1106356,AlH3,Al-H,16,0.01001445875,0.01001445875,0.0,False,True,-0.063617624062499,-4.3379765075,-4.3379765075
mp-1106363,Ho3Sb4Au3,Au-Ho-Sb,20,0.0,0.0,0.0090808210000004,True,False,-0.914177678999999,-36.2365951905,-36.2365951905
mp-1106367,HgS4,Hg-S,20,0.0,0.0,0.016698812,True,False,-0.18558254200000002,-3.5574351195,-3.1550351195
mp-1106395,Pr3Ir,Ir-Pr,16,0.003331140416662,0.0033311404166620003,0.0,False,True,-0.475658411874995,-35.618464050625,-35.618464050625
mp-1106407,HfCo3B2,B-Co-Hf,18,0.025243021111108,0.025243021111108002,0.0,False,True,-0.5171807863888931,-17.108316982222224,-17.108316982222224
mp-11084,EuCdAu,Au-Cd-Eu,12,0.0,0.0,0.0235188522222227,True,False,-0.60690479833333,-5.447572833333329,-37.090822485833336
mp-11090,EuCdPd,Cd-Eu-Pd,12,0.0,0.0,0.030731475833333,True,False,-0.598974615,-6.07497592,-27.841410992500002
mp-1110566,Cs2NaAsBr6,As-Br-Cs-Na,10,0.0,0.0,0.0156876330000006,True,False,-1.5512136298189652,-3.316161395999999,-2.9957613960000002
mp-1110598,Rb2TlAgF6,Ag-F-Rb-Tl,10,0.0,0.0,0.0084405494999995,True,False,-2.345675436,-4.2115346549999995,-3.9343346550000002
mp-1110603,Rb2AgPdF6,Ag-F-Pd-Rb,10,0.0,0.0,0.0007411520000069,True,False,-2.169373212666664,-4.316073400999999,-11.210484414
mp-1110649,Rb2LiYF6,F-Li-Rb-Y,10,0.0,0.0,0.0278502306999994,True,False,-3.583960213833333,-5.77017989,-5.49297989
mp-1110664,Rb2NaCeF6,Ce-F-Na-Rb,10,0.0,0.0,0.0108980646666756,True,False,-3.49756768263793,-5.569852987,-5.292652987
mp-1110680,Rb2LiSbCl6,Cl-Li-Rb-Sb,10,0.0,0.0,0.0093167510000022,True,False,-1.8781652158333322,-3.787190120999999,-10.958834182
mp-1110684,Rb2LiBiCl6,Bi-Cl-Li-Rb,10,0.0,0.0,0.0183867542500029,True,False,-1.9322716058333331,-3.8173998179999993,-3.448999818
mp-1110686,Rb2CuSbCl6,Cl-Cu-Rb-Sb,10,0.0,0.0,0.021409136499999,True,False,-1.5882643994999999,-3.716317685,-3.347917685
mp-1110690,Rb2CuBiCl6,Bi-Cl-Cu-Rb,10,0.0,0.0,0.0359148387499996,True,False,-1.6369621595,-3.7411187519999993,-3.372718752
mp-1110692,Rb3ScCl6,Cl-Rb-Sc,10,0.0,0.0,0.0403142604999997,True,False,-2.390593515749992,-4.427126327999991,-11.255356041
mp-1110693,Rb3InCl6,Cl-In-Rb,10,0.0,0.0,0.0401352445,True,False,-1.9781082609166671,-3.657311537000001,-11.951447084
mp-1110696,Rb2NaYCl6,Cl-Na-Rb-Y,10,0.0,0.0,0.0138953619999995,True,False,-2.45517472363793,-4.545488445999999,-4.177088446
mp-1110697,Rb2NaYBr6,Br-Na-Rb-Y,10,0.0,0.0,0.0208797229999992,True,False,-2.114813816637931,-4.07816978,-3.7577697800000003
mp-1110706,Rb2LiYBr6,Br-Li-Rb-Y,10,0.0,0.0,0.0136637730000011,True,False,-2.112229293833334,-4.132305466,-3.811905466
mp-1110734,Rb3BiCl6,Bi-Cl-Rb,10,0.0,0.0,0.066226090500002,True,False,-1.921167814249997,-3.713457146999997,-15.430383629
mp-1110784,Rb2AgMoF6,Ag-F-Mo-Rb,10,0.0,0.0,0.0864283093333311,True,False,-2.5906074216666672,-5.30388444,-11.916038390999999
mp-1110786,Rb2YAgF6,Ag-F-Rb-Y,10,0.0,0.0,0.0310507826000003,True,False,-3.186883124666669,-5.4665042820000025,-11.989487474
mp-1110810,Rb2AgBiCl6,Ag-Bi-Cl-Rb,10,0.0,0.0,0.0163385750000002,True,False,-1.665001007666667,-3.643530701,-15.917985598000001
mp-1110869,K2LiBiCl6,Bi-Cl-K-Li,10,0.0,0.0,0.0428724736666659,True,False,-1.894873532783334,-3.810168875,-3.441768875
mp-1110871,K2CuBiCl6,Bi-Cl-Cu-K,10,0.0,0.0,0.0586154251666659,True,False,-1.60153208845,-3.735855810999999,-3.367455811
mp-1110896,K2NaBiCl6,Bi-Cl-K-Na,10,0.0,0.0,0.0537095269999996,True,False,-1.886025230587931,-3.744600364,-3.376200364
mp-1110920,K2AgBiCl6,Ag-Bi-Cl-K,10,0.0,0.0,0.0455512849999997,True,False,-1.6220751856166662,-3.6307720089999993,-3.262372009
mp-1110980,Cs2NaPrF6,Cs-F-Na-Pr,10,0.0,0.0,0.0030642932222253,True,False,-3.511409330235632,-5.4550354930000005,-5.177835493
mp-1110987,Cs2YAgF6,Ag-Cs-F-Y,10,0.0,0.0,0.0062529481000002,True,False,-3.207796222097701,-5.4729060789999995,-5.195706079
mp-1111,Mn5Si3,Mn-Si,16,0.0,0.0,0.0524025943749979,True,False,-0.46220868530172504,-12.929454580625,-12.929454580625
mp-1111080,K3GaF6,F-Ga-K,10,0.0,0.0,0.0249570584999974,True,False,-3.043798041924998,-4.834329985999998,-7.836667298
mp-1111108,K2NaAsF6,As-F-K-Na,10,0.0,0.0,0.0073401779999997,True,False,-2.787983251337931,-4.763752952,-4.486552952
mp-1111126,K2LiLuCl6,Cl-K-Li-Lu,10,0.0,0.0,0.0151415393333325,True,False,-2.43546777145,-4.413928428,-4.045528428
mp-1111145,K3CoF6,Co-F-K,10,0.0,0.0,0.0132931430000002,True,False,-2.683251744175,-4.884315758,-7.719645343000001
mp-1111421,K3LuCl6,Cl-K-Lu,10,0.0,0.0,0.059058204000002,True,False,-2.291047965291666,-11.595978503000001,-11.595978503000001
mp-1111446,Cs2LiErCl6,Cl-Cs-Er-Li,10,0.0,0.0,0.0011887780000003,True,False,-2.489334767264368,-4.427720129,-4.059320129
mp-1111457,CsRb2MoF6,Cs-F-Mo-Rb,10,0.0,0.0,0.0608210999999991,True,False,-2.887734068465517,-5.407515076,-4.810115076000001
mp-1111491,K3FeF6,F-Fe-K,10,5.43066250155988e-05,5.4306625015598804e-05,0.0,False,True,-2.90860409517499,-5.24332855799999,-7.998488740000001
mp-1111628,Rb2TmAgCl6,Ag-Cl-Rb-Tm,10,0.0,0.0,0.0104114595000002,True,False,-2.182204191666667,-4.219980602,-3.8515806020000003
mp-1111629,Rb2TlAgCl6,Ag-Cl-Rb-Tl,10,0.0,0.0,0.0092364749999998,True,False,-1.546812579,-3.373486052999999,-3.005086053
mp-1111632,Rb2LuAgCl6,Ag-Cl-Lu-Rb,10,0.0,0.0,0.0045056015000009,True,False,-2.181767257333333,-4.223462265,-3.855062265
mp-1111634,Rb2InAgCl6,Ag-Cl-In-Rb,10,0.0,0.0,0.0001599497499995,True,False,-1.710742968333332,-3.5761866049999993,-3.207786605
mp-1111639,K2NaLuCl6,Cl-K-Lu-Na,10,0.0,0.0,0.016169647999999,True,False,-2.426990218254597,-4.348730666,-3.980330665999999
mp-1111649,K2NaScBr6,Br-K-Na-Sc,10,0.0,0.0,0.0352880000000004,True,False,-2.01212666408793,-3.987987517999999,-3.667587518
mp-1111671,K2LiInF6,F-In-K-Li,10,0.0,0.0,0.0058829054999991,True,False,-3.02043609045,-4.861831121,-4.584631121
mp-1111695,K3CrF6,Cr-F-K,10,0.0,0.0,0.0231885349999965,True,False,-3.080177567174998,-5.533204655999999,-8.273904996999999
mp-1111820,Cs2NaPrCl6,Cl-Cs-Na-Pr,10,0.0,0.0,0.0018445700000002,True,False,-2.469188892235632,-4.37362931,-4.00522931
mp-1111833,Cs2LiYBr6,Br-Cs-Li-Y,10,0.0,0.0,0.0039310744999996,True,False,-2.147137565264367,-4.152702436999999,-17.341012858
mp-1111839,Cs2LiPrBr6,Br-Cs-Li-Pr,10,0.0,0.0,0.001435540500001,True,False,-2.140288113431034,-3.974490981,-3.654090981
mp-1111856,K3RhF6,F-K-Rh,10,0.0,0.0,0.0275980260000014,True,False,-2.597276491174997,-4.821429619999998,-8.663930007000001
mp-1111871,K2NaTiF6,F-K-Na-Ti,10,0.0,0.0,0.0098514929999993,True,False,-3.306311992921264,-5.604618642,-5.327418642
mp-1111874,K2NaRuF6,F-K-Na-Ru,10,0.0,0.0,0.0119762442500013,True,False,-2.619698995587931,-5.055896697,-4.778696697
mp-1111921,K2LiVF6,F-K-Li-V,10,0.034129354875002,0.034129354875002,0.0,False,True,-3.118392679783333,-5.592260943,-5.145060943
mp-1111923,K2LiRuF6,F-K-Li-Ru,10,0.0,0.0,0.0279354307500012,True,False,-2.653052497783333,-5.145970408,-4.868770408
mp-1111949,K2AlAgF6,Ag-Al-F-K,10,0.007038170000011,0.007038170000011001,0.0,False,True,-3.045985775616666,-5.079422496,-4.802222496000001
mp-1111963,Cs2RbScF6,Cs-F-Rb-Sc,10,0.0,0.0,0.0022607470000002,True,False,-3.554173583181034,-5.615380839999999,-5.33818084
mp-1111986,K2LuAgCl6,Ag-Cl-K-Lu,10,0.0,0.0,0.0301563373333344,True,False,-2.142704011283332,-4.214566148999999,-3.846166148999999
mp-1112013,Cs2NaRuF6,Cs-F-Na-Ru,10,0.0,0.0,0.0258694382500008,True,False,-2.609729962068965,-5.001249233,-4.724049233000001
mp-1112112,Cs2TlAsBr6,As-Br-Cs-Tl,10,0.0,0.0,0.0072008489999997,True,False,-1.421802531014368,-3.289725431,-2.969325431
mp-1112115,Cs2RbTbCl6,Cl-Cs-Rb-Tb,10,0.0,0.0,0.0237236550000004,True,False,-2.499792286347701,-4.352353249999999,-3.98395325
mp-1112117,Cs2RbScI6,Cs-I-Rb-Sc,10,0.0,0.0,0.0390372870000002,True,False,-1.633877158181035,-3.461180559,-3.233780559
mp-1112118,Cs2RbSmCl6,Cl-Cs-Rb-Sm,10,0.0,0.0,0.0221834954999993,True,False,-2.486713688181034,-4.347346903,-3.978946902999999
mp-1112134,Cs2RbAsBr6,As-Br-Cs-Rb,10,0.0,0.0,0.0348640470000001,True,False,-1.5705858744310341,-3.29941497,-2.97901497
mp-1112137,Cs2NaYI6,Cs-I-Na-Y,10,0.0,0.0,0.000377361666664,True,False,-1.6785762190689661,-3.55966053,-3.33226053
mp-1112141,Cs2NaScI6,Cs-I-Na-Sc,10,0.0,0.0,0.0153054110000003,True,False,-1.608572185568968,-3.471994257000003,-22.858419513999998
mp-1112144,Cs2NaPrI6,Cs-I-Na-Pr,10,0.0,0.0,0.0061334906666683,True,False,-1.681292552235632,-3.391014858999999,-3.163614859
mp-1112146,Cs2NaPrBr6,Br-Cs-Na-Pr,10,0.0,0.0,0.005944554,True,False,-2.148250080235632,-3.925732739,-3.605332739
mp-1112166,Cs2RbRuF6,Cs-F-Rb-Ru,10,0.0,0.0,0.015859466250002,True,False,-2.605896715681034,-4.9612973160000005,-4.684097316
mp-1112284,K2GaAgF6,Ag-F-Ga-K,10,0.0,0.0,0.0008909072500005,True,False,-2.684092103366666,-4.645780843,-4.368580843
mp-1112338,CsInBr3,Br-Cs-In,10,0.0,0.0,0.015831876,True,False,-1.546272448264368,-3.261870632,-18.912586725
mp-1112339,Cs2TlRuF6,Cs-F-Ru-Tl,10,0.0,0.0,0.037987396750001,True,False,-2.4047394292643682,-4.8992338339999995,-4.622033834
mp-1112482,Cs2YTlF6,Cs-F-Tl-Y,10,0.0,0.0,0.0068094767000026,True,False,-3.327059235999999,-17.57365716,-17.57365716
mp-1112484,Cs2ScTlI6,Cs-I-Sc-Tl,10,0.0,0.0,0.0258375889999986,True,False,-1.481135688764369,-3.447532894,-3.220132894
mp-1112544,Cs2TlAsI6,As-Cs-I-Tl,10,0.0,0.0,0.0142739330000005,True,False,-1.059115153014369,-2.859277701,-2.631877701
mp-1112583,Cs2KRuF6,Cs-F-K-Ru,10,0.0,0.0,0.0083147922500019,True,False,-2.626373155656035,-4.996857321,-12.675525261999999
mp-1112606,Cs3BiF6,Bi-Cs-F,10,0.0,0.0,0.0385246910000018,True,False,-2.775970918499999,-18.034350963,-18.034350963
mp-1112663,Cs2LiYI6,Cs-I-Li-Y,10,0.0,0.0,0.0103214375,True,False,-1.665472209264368,-3.603276729000001,-23.699142815000002
mp-1112680,Cs2LiCeI6,Ce-Cs-I-Li,10,0.0022902885,0.0022902885000000003,0.0,False,True,-1.661094788264367,-3.541685144999999,-3.314285145
mp-1112690,Cs2KYCl6,Cl-Cs-K-Y,10,0.0,0.0,0.0113552844999951,True,False,-2.509723881656034,-4.564491198,-4.196091197999999
mp-1112710,Cs2KScI6,Cs-I-K-Sc,10,0.0,0.0,0.0280354960000006,True,False,-1.639713362156034,-3.482100328,-3.254700327999999
mp-1112754,Cs2KPrBr6,Br-Cs-K-Pr,10,0.0,0.0,0.0254729000000004,True,False,-2.168916045822701,-3.925363598999999,-3.604963599
mp-1112758,Cs2KNdBr6,Br-Cs-K-Nd,10,0.0,0.0,0.0081098753333335,True,False,-2.173311539406035,-3.92702669,-3.60662669
mp-1112785,Cs2KDyCl6,Cl-Cs-Dy-K,10,0.0,0.0,0.0109850344999955,True,False,-2.401450988375001,-14.914611643,-14.914611643
mp-1112787,Cs2KCeBr6,Br-Ce-Cs-K,10,0.0,0.0,0.0073353385833314,True,False,-2.160229750656034,-4.030825145,-18.777667909999998
mp-1112792,Cs2KAsBr6,As-Br-Cs-K,10,0.0,0.0,0.0248516920000008,True,False,-1.578519398406034,-3.322432058999999,-3.002032059
mp-1112834,Cs2LiNdI6,Cs-I-Li-Nd,10,0.0,0.0,0.010572243333331,True,False,-1.671915922014368,-3.435626035,-3.208226035
mp-1112842,Cs2KYBr6,Br-Cs-K-Y,10,0.0,0.0,0.0161562989999994,True,False,-2.180973091656034,-4.108782649,-3.788382649
mp-1112938,Cs2ScAgI6,Ag-Cs-I-Sc,10,0.0,0.0,0.0418712645000014,True,False,-1.386986988597701,-3.40053075,-3.17313075
mp-1112963,Cs3TiF6,Cs-F-Ti,10,0.0,0.0,0.0079951189999976,True,False,-3.258918559229883,-5.469172456999997,-13.94671822
mp-1112970,Cs3InF6,Cs-F-In,10,0.0,0.0,0.0187070209999982,True,False,-2.930455700999999,-14.596467408999999,-14.596467408999999
mp-1112998,Cs2LiTmCl6,Cl-Cs-Li-Tm,10,0.0,0.0,0.0021442589999995,True,False,-2.386300208166665,-14.850229617,-14.850229617
mp-1113008,Cs2LiPrI6,Cs-I-Li-Pr,10,0.0,0.0,0.0119033106666677,True,False,-1.670642214431034,-3.43708473,-3.20968473
mp-1113046,Cs2KInBr6,Br-Cs-In-K,10,0.0,0.0,0.0130549560000003,True,False,-1.7453492563227,-3.298167038,-2.977767038
mp-1113048,Cs2RbAlF6,Al-Cs-F-Rb,10,0.153942489666671,0.153942489666671,0.0,False,True,-3.231497278681034,-5.034015208,-4.756815208
mp-1113068,Cs2ScInI6,Cs-I-In-Sc,10,0.0,0.0,0.0206012275000002,True,False,-1.443627259097701,-3.448794627,-3.221394627
mp-1113117,Cs3GaF6,Cs-F-Ga,10,0.0,0.0,0.0043104160000009,True,False,-3.026964315646551,-4.750478613999999,-13.55820894
mp-1113118,Cs3AlF6,Al-Cs-F,10,0.0,0.0,0.0014384989999998,True,False,-3.390822127999999,-13.472184631,-13.472184631
mp-1113151,Cs3YF6,Cs-F-Y,10,0.0,0.0,0.0323162200000002,True,False,-3.5111850959999993,-14.950697862000002,-14.950697862000002
mp-1113152,Cs3TlF6,Cs-F-Tl,10,0.0,0.0,0.0269422364999991,True,False,-2.595313336000001,-17.321396464,-17.321396464
mp-11132,KPrTe4,K-Pr-Te,12,0.0,0.0,0.0112598969444466,True,False,-1.140553131736112,-23.989072722499998,-23.989072722499998
mp-1113226,Cs2AgMoF6,Ag-Cs-F-Mo,10,0.0,0.0,0.0455166383333347,True,False,-2.602620705097701,-5.301386422999999,-4.703986423
mp-1113262,Cs2CeAgBr6,Ag-Br-Ce-Cs,10,0.0,0.0,0.0231296383333337,True,False,-1.8869487550977,-3.928700945,-3.608300945
mp-1113554,Cs2InAgBr6,Ag-Br-Cs-In,10,0.0,0.0,0.0090538425000028,True,False,-1.472874406764367,-3.196848984,-2.876448984
mp-1113578,Cs2AgAsBr6,Ag-As-Br-Cs,10,0.0,0.0,0.0033915325000011,True,False,-1.322267520847702,-3.237336977000001,-17.736283537
mp-1113598,Rb2InCuCl6,Cl-Cu-In-Rb,10,0.0,0.0,0.0342305602499992,True,False,-1.677369040166667,-3.668439576,-3.300039576
mp-1113627,Rb3GaF6,F-Ga-Rb,10,0.0,0.0,0.0125583620000018,True,False,-3.035707203999998,-4.780988452999998,-10.199845081
mp-1113630,Rb3CoF6,Co-F-Rb,10,0.0,0.0,0.005209208000001,True,False,-2.67234887424999,-4.82816219299999,-10.080077786
mp-1113631,Rb3CrF6,Cr-F-Rb,10,0.0,0.0,0.0112155159999973,True,False,-3.073445499249997,-5.481221892999997,-10.638333003
mp-1113633,Rb3AlF6,Al-F-Rb,10,0.0,0.0,0.0059223999999993,True,False,-3.395627361249998,-5.212656590999998,-10.120285853999999
mp-1113654,Rb2AlTlF6,Al-F-Rb-Tl,10,0.0,0.0,0.0058323179999995,True,False,-3.190875712833334,-5.146998747,-4.869798747
mp-1113668,Rb2NaRuF6,F-Na-Rb-Ru,10,0.0,0.0,0.0067121080000021,True,False,-2.62628438263793,-5.032314953999999,-4.755114954
mp-1113693,Rb2LiTlF6,F-Li-Rb-Tl,10,0.0,0.0,0.0061182781249993,True,False,-2.730992243166667,-4.503449981,-4.226249981
mp-1113694,Rb2LiVF6,F-Li-Rb-V,10,0.003611295499993,0.003611295499993,0.0,False,True,-3.094341530833333,-5.538042664000001,-5.090842664
mp-1113703,Rb2LiScF6,F-Li-Rb-Sc,10,0.0,0.0,0.001071133499999,True,False,-3.583158809333333,-5.751716246,-5.474516246
mp-1113704,Rb2LiTiF6,F-Li-Rb-Ti,10,0.0,0.0,0.0103012165000047,True,False,-3.317555614166666,-5.642415342,-5.365215342
mp-1113705,Rb2LiRuF6,F-Li-Rb-Ru,10,0.0,0.0,0.0471310725000018,True,False,-2.636409638833333,-5.099160418999999,-4.821960419
mp-1113733,Rb2LiInF6,F-In-Li-Rb,10,0.0,0.0,0.0006336442499979,True,False,-3.013948160499999,-4.8251760610000005,-4.547976061
mp-1113736,Rb2LiCoF6,Co-F-Li-Rb,10,0.0,0.0,0.0081715125000076,True,False,-2.7184617018333332,-4.967113899999999,-4.5261139
mp-1113748,Rb2LiAsF6,As-F-Li-Rb,10,0.0,0.0,0.0396380785000012,True,False,-2.808733546583333,-4.811056326,-4.533856326
mp-1113753,KRb2RuF6,F-K-Rb-Ru,10,0.0,0.0,0.0195919000000008,True,False,-2.609928074225,-4.99492354,-4.71772354
mp-1113808,Rb2MnCuF6,Cu-F-Mn-Rb,10,0.010917833999999,0.010917833999999,0.0,False,True,-2.6644300392931033,-5.334970475,-4.890970475
mp-1113820,Rb3TiF6,F-Rb-Ti,10,0.0,0.0,0.0263250780000028,True,False,-3.262406702583329,-5.494427550999996,-10.603955762
mp-1113824,Rb3RhF6,F-Rb-Rh,10,0.0,0.0,0.0153206520000015,True,False,-2.5948713592499972,-4.773773792999998,-11.032952975
mp-1113825,Rb3RuF6,F-Rb-Ru,10,0.0,0.0,0.0434336920000033,True,False,-2.578471849249998,-4.948383749999999,-11.154733159
mp-1113830,Rb3InF6,F-In-Rb,10,0.0,0.0,0.0337155589999982,True,False,-2.954672109916665,-4.673061130999999,-11.226156795
mp-1113850,Rb3AsF6,As-F-Rb,10,0.0,0.0,0.0358459380000013,True,False,-2.750770718999998,-4.660254618999998,-10.133635927
mp-1113861,Rb2TlRhF6,F-Rb-Rh-Tl,10,0.0,0.0,0.0031958134999996,True,False,-2.402731809833334,-4.720728048,-4.443528048
mp-1113863,Rb2TlMoF6,F-Mo-Rb-Tl,10,0.0,0.0,0.0116196212500003,True,False,-2.727277752833333,-5.393408214999999,-4.7960082150000005
mp-1113872,KRb2TlF6,F-K-Rb-Tl,10,0.0,0.0,0.0263631910000006,True,False,-2.695476285558332,-4.390178708999999,-13.19555988
mp-1113873,Rb2TlAsF6,As-F-Rb-Tl,10,0.0,0.0,0.0452700914999999,True,False,-2.559564940583333,-4.608142644999999,-4.330942644999999
mp-1113892,KRb2AsF6,As-F-K-Rb,10,0.0,0.0,0.0148532050000014,True,False,-2.781942948975,-4.706510413999999,-4.429310414
mp-1113914,RbTlF3,F-Rb-Tl,10,0.0,0.0,0.0159687603333313,True,False,-2.478353961166667,-4.297066623999998,-17.662486621
mp-1113916,Rb3TlF6,F-Rb-Tl,10,0.0,0.0,0.0391505999999983,True,False,-2.664944161583335,-4.344563020000001,-13.944843946
mp-1113917,Rb3YF6,F-Rb-Y,10,0.0,0.0,0.0499945840000002,True,False,-3.51837411625,-5.611754913,-11.574656248
mp-1113967,Rb2NaAsCl6,As-Cl-Na-Rb,10,0.0,0.0,0.0131425380000065,True,False,-1.792129315387931,-3.698546141,-3.330146141
mp-1113971,Rb2LiTmCl6,Cl-Li-Rb-Tm,10,0.0,0.0,0.0007306859999998,True,False,-2.466921009833334,-4.411295939,-4.042895939
mp-1113978,Rb2LiEuCl6,Cl-Eu-Li-Rb,10,0.019456092750001,0.019456092750001,0.0,False,True,-2.274363513333333,-4.799299486,-4.4308994859999995
mp-1114,VP,P-V,4,0.0,0.0,0.0078601374999998,True,False,-0.8615036089880941,-12.40732963,-12.40732963
mp-1114002,Rb2TlSbCl6,Cl-Rb-Sb-Tl,10,0.0,0.0,0.0422540484999998,True,False,-1.699869768833334,-3.655149599,-3.286749599
mp-1114003,Rb2ScTlCl6,Cl-Rb-Sc-Tl,10,0.0,0.0,0.0345705660000001,True,False,-2.208681938333334,-4.3843085550000005,-4.015908555
mp-1114011,Rb2NaTlBr6,Br-Na-Rb-Tl,10,0.0,0.0,0.0329529509999995,True,False,-1.528904055971265,-3.078498081,-2.758098081
mp-1114024,Rb2NaErCl6,Cl-Er-Na-Rb,10,0.0,0.0,0.0115631450000002,True,False,-2.465027089637931,-4.361203543,-3.992803543
mp-1114027,Rb2LiTlBr6,Br-Li-Rb-Tl,10,0.0,0.0,0.0369913809999995,True,False,-1.525932038166667,-3.132246272,-2.811846272
mp-1114036,KRb2ScCl6,Cl-K-Rb-Sc,10,0.0,0.0,0.0183630914999994,True,False,-2.409211286725,-4.460827664,-4.092427664000001
mp-1114049,Rb2ScInCl6,Cl-In-Rb-Sc,10,0.0,0.0,0.0233731629999978,True,False,-2.168427678666666,-4.382824457999999,-11.866516098
mp-1114071,Rb2InBiCl6,Bi-Cl-In-Rb,10,0.0,0.0,0.04649972683334,True,False,-1.718065487166666,-3.688218786999999,-3.319818787
mp-1114103,Rb3TlBr6,Br-Rb-Tl,10,0.0,0.0,0.0652989210000001,True,False,-1.535106744583334,-3.048582099,-18.844310294
mp-1114119,Rb2NaScI6,I-Na-Rb-Sc,10,0.0,0.0,0.0267321234999999,True,False,-1.561588831137932,-3.439522203000001,-20.560070916999997
mp-11151,NaPrTe2,Na-Pr-Te,16,0.0,0.0,0.0006848568749999,True,False,-1.589055779791667,-22.539702169375,-22.539702169375
mp-11169,Ba(PIr)2,Ba-Ir-P,5,0.0,0.0,0.0248766379999985,True,False,-0.845635251857148,-6.930993322000006,-30.785440197999996
mp-112,Y,Y,2,0.0,0.0,0.0041975833333331,True,False,0.0,-20.31360096,-20.31360096
mp-1120721,RbGeBr3,Br-Ge-Rb,10,0.0,0.0,0.0069880310000001,True,False,-1.418300289999999,-3.5211805965,-14.714495979
mp-11214,CaAgSb,Ag-Ca-Sb,12,0.0,0.0,0.0086239772222223,True,False,-0.757239733055554,-3.749752665833334,-18.8274694525
mp-11215,CeAgGe,Ag-Ce-Ge,6,0.168831452499999,0.168831452499999,0.0,False,True,-0.5015556088888871,-4.9691940766666685,-4.9691940766666685
mp-11227,Al12W,Al-W,13,0.015203685384616,0.015203685384616002,0.0,False,True,-0.072104121538459,-10.237717532307691,-10.237717532307691
mp-11228,YAl,Al-Y,4,0.0,0.0,0.0091258600000001,True,False,-0.468428602500001,-13.9912782475,-13.9912782475
mp-1124,MgZn2,Mg-Zn,12,0.0,0.0,0.0015380608333335,True,False,-0.130630304999998,-1.513949383333332,-7.478223551666667
mp-11247,Li3Au,Au-Li,4,0.0,0.0,0.001903505,True,False,-0.403062934999999,-14.8393327825,-14.8393327825
mp-11249,LuAu,Au-Lu,2,0.0,0.0,0.0019145925000012,True,False,-0.9867002433333311,-45.31912041,-45.31912041
mp-11250,Mg2Au,Au-Mg,12,0.0,0.0,0.0333569794444437,True,False,-0.481426777500002,-2.659700787500002,-20.154812813333333
mp-11262,YbAu4,Au-Yb,5,0.0,0.0,0.0077946314999994,True,False,-0.6652043629999981,-48.43904824,-48.43904824
mp-11282,Be2W,Be-W,12,0.0,0.0,0.0045883683333327,True,False,-0.303591991666665,-7.115910645,-20.327642530000002
mp-11287,CaHg2,Ca-Hg,3,0.0,0.0,0.0044737499999998,True,False,-0.5177227816666671,-35.77569169666666,-35.77569169666666
mp-11305,Li2CdPb,Cd-Li-Pb,4,0.0,0.0,0.0003360836842105,True,False,-0.260679231666663,-2.383304979999998,-20.6087311125
mp-11342,GaSe,Ga-Se,4,0.001448951250001,0.0014489512500010001,0.0,False,True,-0.688569757031249,-13.5657378475,-13.5657378475
mp-11350,CaAl9Co2,Al-Ca-Co,12,0.0,0.0,0.0062329726388998,True,False,-0.381182389166666,-8.2224858,-8.2224858
mp-11358,TaCo3,Co-Ta,4,0.0,0.0,0.0020665808333344,True,False,-0.24016614599999903,-8.556960571666666,-22.1486675475
mp-1136,Na3As,As-Na,8,0.000495083333333,0.000495083333333,0.0,False,True,-0.552478555625,-6.90249673,-6.90249673
mp-11360,ScGaCu2,Cu-Ga-Sc,4,0.0,0.0,0.0058361416666663,True,False,-0.39477505375000105,-11.52848888,-11.52848888
mp-11370,ErIn,Er-In,2,0.0,0.0,0.00896672,True,False,-0.5532015666666651,-28.80521434,-28.80521434
mp-11373,DyTlPd,Dy-Pd-Tl,9,0.0,0.0,0.0068239075000011,True,False,-0.732270892777775,-36.772791364444444,-36.772791364444444
mp-11374,DyTl,Dy-Tl,2,0.0,0.0,0.0062143150000002,True,False,-0.45001189749999704,-43.0305658,-43.0305658
mp-1138,LiF,F-Li,2,0.0,0.0,0.0045283975000005,True,False,-3.188945303333333,-5.9453124850000005,-5.9453124850000005
mp-1139,Co3Mo,Co-Mo,8,0.125986668749998,0.125986668749998,0.0,False,True,0.125986668749998,-16.31768153875,-16.31768153875
mp-11400,ScGaNi2,Ga-Ni-Sc,4,0.0,0.0,0.00481019375,True,False,-0.5701341281249991,-5.80034375,-12.250000235
mp-11412,ScGa2,Ga-Sc,6,0.0,0.0,0.0008795489583333,True,False,-0.609656900000002,-12.037669985,-12.037669985
mp-1147,Ti3O5,O-Ti,16,0.002190746249999,0.002190746249999,0.0,False,True,-3.379942991875,-9.43322812625,-11.798695530625
mp-11472,SrHg2,Hg-Sr,3,0.003180233333329,0.0031802333333290004,0.0,False,True,-0.48318225500000506,-1.253772976666667,-38.496608683333335
mp-1147551,KCuTeO6,Cu-K-O-Te,9,0.000636843310185,0.0006368433101850001,0.0,False,True,-1.2380287259907399,-5.467100761111111,-5.009100761111111
mp-1147558,Ba4Mg(BiO4)3,Ba-Bi-Mg-O,20,0.0,0.0,0.0050432149999988,True,False,-2.314841754749999,-6.332441993,-5.920241992999999
mp-1147709,Sr2CuH6,Cu-H-Sr,18,0.0,0.0,0.0118534608333349,True,False,-0.44778546694444404,-3.542792298333333,-3.423458965
mp-1147776,K3VSe4,K-Se-V,8,0.0,0.0,0.0571630425,True,False,-1.180764797640624,-4.48847244125,-12.2965155725
mp-11488,LaTl,La-Tl,2,0.0,0.0,0.0039253700000001,True,False,-0.41793559416666903,-4.071675204999998,-42.003134345
mp-11500,MnNi,Mn-Ni,2,0.0,0.0,0.035340712356322,True,False,-0.36253736724137803,-13.695063285,-13.695063285
mp-11507,Ni4Mo,Mo-Ni,5,0.007206371,0.0072063710000000005,0.0,False,True,-0.034752561999999,-14.834522178,-14.834522178
mp-11522,Ni3Sn,Ni-Sn,4,0.0,0.0,8.576125000026025e-05,True,False,-0.185863532499998,-5.523359006249999,-15.29529816
mp-11575,YTl,Tl-Y,2,0.0,0.0,0.0050038399999996,True,False,-0.462708765000002,-37.209161535,-37.209161535
mp-11582,LiGaSe2,Ga-Li-Se,16,0.0,0.0,0.0016638824999999,True,False,-1.063571209322917,-11.676721915625,-11.676721915625
mp-11593,CeB2Ir3,B-Ce-Ir,6,0.0,0.0,0.0203384752777786,True,False,-0.671960808055558,-8.30713346666667,-34.532252945
mp-11594,PrB2Ir3,B-Ir-Pr,6,0.0,0.0,0.0176898674999961,True,False,-0.6186925749999971,-8.063618831666664,-34.225116273333335
mp-11644,Li2Ca,Ca-Li,6,0.004267985833332,0.004267985833332,0.0,False,True,-0.015074192777777001,-3.952309701666667,-3.952309701666667
mp-11651,Yb3SnO,O-Sn-Yb,5,0.189159093833339,0.189159093833339,0.0,False,True,-1.545781028750002,-29.607151785999996,-29.607151785999996
mp-11652,Yb3PbO,O-Pb-Yb,5,0.136543452083337,0.136543452083337,0.0,False,True,-1.427881028750005,-35.797041852,-35.797041852
mp-11695,Rb2Pd3S4,Pd-Rb-S,9,0.0,0.0,0.0007422027777774,True,False,-0.951047283888884,-4.734414442222219,-15.172783957777776
mp-11698,Tb,Tb,3,0.003497523333333,0.0034975233333330003,0.0,False,True,0.0034975233333320002,-31.222936626666666,-31.222936626666666
mp-11701,YbCuSb,Cu-Sb-Yb,6,0.178993203333337,0.17899320333333701,0.0,False,True,-0.668987868333336,-25.02981804,-25.02981804
mp-1173341,Pr2SbO2,O-Pr-Sb,5,0.0,0.0,0.0041569604999978,True,False,-2.876212252666666,-7.599385486,-7.286185485999999
mp-1173475,Nb2SiTe4,Nb-Si-Te,14,0.011955738928566,0.011955738928566,0.0,False,True,-0.7258447230952371,-6.183152106428571,-5.9521521064285725
mp-1173671,Na3PO4,Na-O-P,16,0.001527088125,0.0015270881250000002,0.0,False,True,-2.516483644847598,-6.17054363,-7.83754437625
mp-1173681,Na3GdBr6,Br-Gd-Na,10,0.0028877325,0.0028877325000000002,0.0,False,True,-2.025498804413792,-4.817795182999999,-15.301527253
mp-1174,MgSc,Mg-Sc,2,0.001373464999999,0.001373464999999,0.0,False,True,-0.025009859999999003,-4.00647942,-7.811195095
mp-1175,SrS3,S-Sr,8,0.03234697859375,0.032346978593750006,0.0,False,True,-1.180148172109374,-10.99209136,-10.99209136
mp-11764,HoSnPd,Ho-Pd-Sn,12,0.0,0.0,0.0205266516666666,True,False,-0.908984421666661,-5.5046954649999975,-27.839711715000004
mp-1176564,LiTmO2,Li-O-Tm,16,0.0,0.0,0.0056641212499997,True,False,-3.349264163958334,-7.421100753125,-15.652476108125
mp-1177857,Li2Ti2Sb2O,Li-O-Sb-Ti,7,0.0,0.0,0.0456390860714268,True,False,-1.300709334047618,-5.988536941428571,-5.835536941428572
mp-1178160,HoBrO,Br-Ho-O,6,0.0,0.0,0.0886446187500009,True,False,-3.351563836666667,-7.079092838333335,-20.64560085333333
mp-1178351,EuVO3,Eu-O-V,20,0.029201402624989,0.029201402624989003,0.0,False,True,-2.9606587225000043,-9.803838922500002,-17.192500695499998
mp-1178362,DyClO,Cl-Dy-O,6,0.0,0.0,0.0960784761111108,True,False,-3.551133473888889,-7.356093251666668,-18.143548638333332
mp-1178366,Dy2SbO2,Dy-O-Sb,5,0.0,0.0,0.009157859555553,True,False,-3.035161320666665,-7.687496182000001,-23.348021908
mp-1178391,CsLiWO4,Cs-Li-O-W,7,0.0,0.0,0.0045965442857136,True,False,-2.321442898998358,-7.402424997142857,-6.375853568571428
mp-1178403,Cs2TiO3,Cs-O-Ti,12,0.0,0.0,0.0050096797916667,True,False,-2.6843120737739463,-6.776867102499999,-16.102785338333334
mp-1178924,Tm(BIr)4,B-Ir-Tm,18,0.0,0.0,0.0152003731777758,True,False,-0.510415907962962,-7.9052831616666674,-30.994907173888887
mp-1178946,TmWC2,C-Tm-W,16,0.0,0.0,0.0140232384375007,True,False,-0.43845394625000006,-27.03428220875,-27.03428220875
mp-1179656,Rb,Rb,8,0.0,0.0,0.01249476625,True,False,0.0,-0.9805340725,-0.9805340725
mp-1179728,RbF3,F-Rb,16,0.002559858749999,0.0025598587499990003,0.0,False,True,-1.811201056874999,-3.49172385625,-7.372982403125
mp-1179864,NaMnCu3Se4,Cu-Mn-Na-Se,9,0.0,0.0,0.0314835374691382,True,False,-0.5926786942983711,-4.679901137777778,-4.47012336
mp-1180504,LiH2IO,H-I-Li-O,10,0.0,0.0,0.0669158719999991,True,False,-1.344195065166666,-4.378440938,-4.165240938
mp-1181041,HoWC2,C-Ho-W,16,0.0,0.0,0.0151113084375005,True,False,-0.29098625187500105,-9.295429998125002,-26.447270119375
mp-1181222,GeH4,Ge-H,20,0.0,0.0,0.026790047625,True,False,-0.035604320499999,-3.6763430425,-3.5331430425
mp-1181428,DyWC2,C-Dy-W,16,0.0,0.0,0.0162138228125012,True,False,-0.40004136562500003,-26.211058361875,-26.211058361875
mp-1181438,Er5BiAu2,Au-Bi-Er,16,0.014143740000001,0.014143740000001001,0.0,False,True,-0.7987123195833371,-41.961133554375,-41.961133554375
mp-1181462,DyAgSe2,Ag-Dy-Se,16,0.0,0.0,0.0123885431249997,True,False,-1.436800769505207,-5.050084810000001,-21.911593191875
mp-1181500,Dy3Ge5,Dy-Ge,16,0.002114364375,0.0021143643750000003,0.0,False,True,-0.7773433324999991,-21.440505529375,-21.440505529375
mp-1181506,DyVSb3,Dy-Sb-V,20,0.0,0.0,0.0091892154999992,True,False,-0.6239021693333311,-5.841759232999999,-25.245892548
mp-1181784,K2MgMo2(H2O5)2,H-K-Mg-Mo-O,19,0.0,0.0,0.0001818251754368,True,False,-1.992467306026316,-6.657982331578947,-5.959350752631579
mp-11819,BaSnHg,Ba-Hg-Sn,6,0.0,0.0,0.0005315416666644,True,False,-0.574680997500001,-2.6540872749999993,-34.196929536666666
mp-1181961,Cr5S8,Cr-S,13,0.0,0.0,0.0159355469230755,True,False,-0.9787200392307681,-7.237521504615385,-6.927983043076923
mp-1182,DySi,Dy-Si,8,0.0,0.0,0.00229233625,True,False,-0.9016268125000011,-21.2794107225,-21.2794107225
mp-1182046,Eu5Si3H,Eu-H-Si,18,0.012924619444444,0.012924619444444,0.0,False,True,-0.604025861250006,-25.31300583472223,-8.406101238333333
mp-1182477,AsN(OF3)2,As-F-N-O,10,0.0,0.0,0.0035711819999999,True,False,-1.890011069249999,-5.328754723,-4.914154723
mp-11826,CaPd5,Ca-Pd,6,0.0,0.0,0.0071884419444447,True,False,-0.366331009999998,-20.673091301666666,-20.673091301666666
mp-1183038,ZrZnIr2,Ir-Zn-Zr,4,0.0,0.0,0.0129966374999996,True,False,-0.7596843924999981,-34.854459745,-34.854459745
mp-1183041,ZrZnCo2,Co-Zn-Zr,4,0.0,0.0,0.0006597815624997,True,False,-0.262473025000001,-6.281042445000001,-14.724598005
mp-1183136,Al2OsRh,Al-Os-Rh,4,0.0,0.0,0.0038918034374999,True,False,-0.8597437825,-23.5061573175,-23.5061573175
mp-1183137,Ag3Au,Ag-Au,4,0.0,0.0,0.0014688149999999,True,False,-0.061713688749996005,-28.724861585,-28.724861585
mp-1183155,Al2NiOs,Al-Ni-Os,4,0.0,0.0,0.03829554,True,False,-0.607955297499998,-20.215740965,-20.215740965
mp-1183209,AgPt,Ag-Pt,2,0.0,0.0,0.0147838050000004,True,False,-0.0823932825,-36.504190305,-36.504190305
mp-1183214,Ag3Au,Ag-Au,4,0.000410027499999,0.00041002749999900003,0.0,False,True,-0.061303661249997005,-28.7244515575,-28.7244515575
mp-1183219,Ba2MgTl,Ba-Mg-Tl,4,0.0,0.0,0.0015635345923912,True,False,-0.236460654583336,-2.196433657500002,-27.8248469125
mp-1183252,BIr,B-Ir,2,0.0,0.0,0.0220294125000002,True,False,-0.21504744125000003,-30.067901265,-30.067901265
mp-1183269,AsN(OF3)2,As-F-N-O,10,0.011263508,0.011263508,0.0,False,True,-1.87874756125,-5.317491214999999,-4.902891214999999
mp-1183308,BaMg,Ba-Mg,4,0.0,0.0,0.000956954375,True,False,-0.0402513825,-1.81497386,-15.343011285
mp-1183386,BaSrTl2,Ba-Sr-Tl,4,0.0,0.0,0.0048155306249997,True,False,-0.41321573666667305,-2.501802552500002,-37.47023758
mp-1183419,Be2IrRu,Be-Ir-Ru,4,0.0,0.0,0.0545102662500029,True,False,-0.38714356250000004,-6.785059175000001,-22.003898735
mp-1183423,Be3Co,Be-Co,4,0.0,0.0,0.0228957175000008,True,False,-0.285188863749999,-4.8731026925,-6.7906627475
mp-1183430,CaMg2,Ca-Mg,6,0.0,0.0,0.0022939433333333,True,False,-0.11749836666666601,-5.24313199,-5.24313199
mp-1183437,BaEu2Mn2O7,Ba-Eu-Mn-O,12,0.096087543194398,0.09608754319439801,0.0,False,True,-2.715639680905172,-9.003552713333333,-17.352596026666667
mp-1183453,Ca2TlHg,Ca-Hg-Tl,4,0.0,0.0,0.0038397332142854,True,False,-0.5669576818750031,-29.7228823075,-29.7228823075
mp-1183531,Ca2TlIn,Ca-In-Tl,4,0.0,0.0,0.0140054499999999,True,False,-0.5482594699999971,-23.00688006,-23.00688006
mp-1183537,Cd2AgPt,Ag-Cd-Pt,4,0.0,0.0,0.0317920958333335,True,False,-0.174336392916664,-2.8828592375,-28.5053141125
mp-1183541,Cd2RhAu,Au-Cd-Rh,4,0.0,0.0,0.0599355849999998,True,False,-0.14111849749999902,-28.8739095375,-28.8739095375
mp-1183546,CaTbRh2,Ca-Rh-Tb,4,0.0,0.0,0.0261229328571426,True,False,-0.605651189166666,-5.948671000000001,-22.265418365
mp-1183554,CaHoHg2,Ca-Hg-Ho,4,0.0,0.0,0.0043344924999999,True,False,-0.594504837500004,-35.2583175025,-35.2583175025
mp-1183560,CaSmAg2,Ag-Ca-Sm,4,0.004305091249996,0.004305091249996,0.0,False,True,-0.299959087499999,-20.170702165,-20.170702165
mp-1183566,CaTbHg2,Ca-Hg-Tb,4,0.0,0.0,0.0005084800000001,True,False,-0.609332303750001,-34.8594175275,-34.8594175275
mp-1183574,CaEuZn2,Ca-Eu-Zn,4,0.0,0.0,0.0045390031250001,True,False,-0.25548029875,-3.9587800525,-16.085439905
mp-1183581,CaTmHg2,Ca-Hg-Tm,4,0.0,0.0,0.0083019100000001,True,False,-0.5804501362500071,-35.804188895,-35.804188895
mp-1183582,CaYbPb2,Ca-Pb-Yb,4,0.0,0.0,0.0222463624999997,True,False,-0.49422107124999504,-39.5287062475,-39.5287062475
mp-1183627,CdAg3,Ag-Cd,4,0.007372807499997,0.007372807499997001,0.0,False,True,-0.038884366249998005,-21.0820391475,-21.0820391475
mp-1183633,CdPd2Au,Au-Cd-Pd,4,0.0,0.0,0.0011059624999929,True,False,-0.2871393425,-3.935553295000002,-29.4773050575
mp-1183641,Cd3Pt,Cd-Pt,4,0.0,0.0,0.0598658162500003,True,False,-0.1574664275,-2.395257400000002,-28.18958324
mp-1183647,CdAg3,Ag-Cd,4,0.0,0.0,0.0026433974999999,True,False,-0.046257173749996,-21.089411955,-21.089411955
mp-1183677,CaCeIn2,Ca-Ce-In,4,0.0,0.0,0.0091915925000001,True,False,-0.5731214125,-21.3321472175,-21.3321472175
mp-1183690,CrGaRh2,Cr-Ga-Rh,4,0.0,0.0,0.0123112824999997,True,False,-0.38577897937499905,-7.238218787499999,-19.1830624
mp-1183691,CrN,Cr-N,2,0.24439364,0.24439364000000002,0.0,False,True,-0.504793179374999,-12.60583971,-12.60583971
mp-1183697,CdRh2Pb,Cd-Pb-Rh,4,0.0,0.0,0.0243343137500007,True,False,-0.061599629999998004,-4.91191788,-4.91191788
mp-1183738,CeSb3,Ce-Sb,4,0.130502804374998,0.130502804374998,0.0,False,True,-0.5824517325,-27.57234572,-27.57234572
mp-1183776,CeErIn2,Ce-Er-In,4,0.0375585755,0.037558575500000003,0.0,False,True,-0.46568749083333205,-27.9464986625,-27.9464986625
mp-1183789,DyLuTl2,Dy-Lu-Tl,4,0.000284762499997,0.000284762499997,0.0,False,True,-0.28622114875000204,-3.7569729525,-44.4975781425
mp-1183791,DyLuAg2,Ag-Dy-Lu,4,0.0,0.0,0.0049037575000001,True,False,-0.330061112916664,-4.036545697499999,-28.543458395000002
mp-1183792,DyLuHg2,Dy-Hg-Lu,4,0.0,0.0,0.0088272174999999,True,False,-0.5662937691666691,-42.7656178825,-42.7656178825
mp-1183804,DyErTl2,Dy-Er-Tl,4,0.0,0.0,0.0003406590000007,True,False,-0.317436559583336,-3.799696202500001,-43.490372135
mp-1183810,DyLuCu2,Cu-Dy-Lu,4,0.0,0.0,0.0171152418750004,True,False,-0.28545412541666604,-23.2242729775,-23.2242729775
mp-1183820,DyHoHg2,Dy-Hg-Ho,4,0.0,0.0,0.0081299249999999,True,False,-0.581035958749999,-41.480726005,-41.480726005
mp-1183884,Eu2MgTl,Eu-Mg-Tl,4,0.0,0.0,0.0091394293749971,True,False,-0.251802847083338,-6.3963443375,-33.90359161
mp-1183890,Eu2AgSn,Ag-Eu-Sn,4,0.012993318125001,0.012993318125001001,0.0,False,True,-0.5876666862500031,-31.373623275,-31.373623275
mp-1183955,CsHS,Cs-H-S,12,0.0,0.0,0.0101177775000005,True,False,-0.9236766630208321,-13.122877539166666,-13.122877539166666
mp-1184025,Eu2MgIn,Eu-In-Mg,4,0.0,0.0,0.0022279637500002,True,False,-0.27366658791666804,-6.515133485,-26.3101944575
mp-1184056,Eu2InHg,Eu-Hg-In,4,0.0,0.0,0.0038768849999994,True,False,-0.49055253479167105,-6.401819937500001,-37.8400526075
mp-1184088,Er2TlIn,Er-In-Tl,4,0.0,0.0,0.0036436435714302,True,False,-0.36335115500000104,-3.929872025000001,-36.3772092875
mp-1184105,Dy2TlHg,Dy-Hg-Tl,4,0.0,0.0,0.0047346893749966,True,False,-0.519289754375002,-42.1469691425,-42.1469691425
mp-1184135,DyTmHg2,Dy-Hg-Tm,4,0.0,0.0,0.0081951275,True,False,-0.575390115000004,-42.035006255,-42.035006255
mp-1184144,Er2RuPt,Er-Pt-Ru,4,0.0,0.0,0.0380962225000001,True,False,-0.8471825649999991,-6.967425935000001,-37.1170607375
mp-1184149,DyY3,Dy-Y,8,0.0,0.0,0.0095169825000001,True,False,-0.00018426249999900003,-23.23083578875,-23.23083578875
mp-1184159,ErHfRu2,Er-Hf-Ru,4,0.0,0.0,0.0297264800000007,True,False,-0.604877744999999,-8.873305975000001,-33.1487178875
mp-1184169,ErLuHg2,Er-Hg-Lu,4,0.0,0.0,0.0077215774999999,True,False,-0.5589149587500011,-43.2441470575,-43.2441470575
mp-1184171,ErAl3,Al-Er,8,0.0,0.0,0.0079967812500001,True,False,-0.46033289458333104,-13.99076543375,-13.99076543375
mp-1184176,DyScS3,Dy-S-Sc,20,0.0,0.0,0.0061451892499988,True,False,-2.276298546687499,-15.772778999,-15.772778999
mp-1184192,Er3Tm,Er-Tm,8,0.0,0.0,0.0075426119999999,True,False,-0.010057313749996001,-34.23439576125,-34.23439576125
mp-1184195,ErGa3,Er-Ga,8,0.0,0.0,0.0200426412500003,True,False,-0.558429037083332,-17.62186979125,-17.62186979125
mp-1184197,CeTmIn2,Ce-In-Tm,4,0.0,0.0,0.0026763925000006,True,False,-0.5620050000000021,-28.3417194525,-28.3417194525
mp-1184199,Eu2AgPb,Ag-Eu-Pb,4,0.0,0.0,0.0082763449999996,True,False,-0.44498405291666804,-7.2279361975,-39.205922165
mp-1184202,ErLuCu2,Cu-Er-Lu,4,0.0,0.0,0.0053439350000008,True,False,-0.29848373249999904,-23.72321057,-23.72321057
mp-1184237,ErZrRu2,Er-Ru-Zr,4,0.0,0.0,0.0194268325000006,True,False,-0.543503887499998,-8.4595600175,-27.4914852475
mp-1184242,ErTmRu2,Er-Ru-Tm,4,0.0,0.0,0.0065635150000007,True,False,-0.402363897500001,-7.302120240000001,-30.4285228525
mp-1184245,ErTmTl2,Er-Tl-Tm,4,0.0,0.0,0.0004789087500003,True,False,-0.294737454166669,-3.743028584999997,-44.244911625
mp-1184249,ErTmHg2,Er-Hg-Tm,4,0.0,0.0,0.00809981,True,False,-0.567937122083328,-42.5134612475,-42.5134612475
mp-1184250,EuTlHg2,Eu-Hg-Tl,4,0.001636656666676,0.0016366566666760002,0.0,False,True,-0.42604474499999806,-48.03499483,-48.03499483
mp-1184263,Eu2TlHg,Eu-Hg-Tl,4,0.0,0.0,0.0028728825000001,True,False,-0.573754386875002,-45.47097352,-45.47097352
mp-1184302,ErTm3,Er-Tm,8,0.0,0.0,0.0065797135416669,True,False,-0.017941169583338003,-34.84008617875,-34.84008617875
mp-1184321,EuMg2,Eu-Mg,6,0.001589527499999,0.0015895274999990002,0.0,False,True,-0.08430282000000201,-4.600653468333334,-15.737546746666666
mp-1184322,Eu2TlZn,Eu-Tl-Zn,4,0.0,0.0,0.005662967500001,True,False,-0.333306868333339,-6.385166757500002,-35.168521005
mp-1184328,EuMgZn2,Eu-Mg-Zn,4,0.0,0.0,0.009822240483333,True,False,-0.22666262750000102,-3.836179915,-15.35230248
mp-1184341,CeHgAu2,Au-Ce-Hg,4,0.0,0.0,0.0063816487500001,True,False,-0.509137670624999,-3.7077341474999983,-45.9706735425
mp-1184362,Gd2CdHg,Cd-Gd-Hg,4,0.0,0.0,0.0217460300000018,True,False,-0.44836291187500105,-39.515064115,-39.515064115
mp-1184363,ErLuRu2,Er-Lu-Ru,4,0.0,0.0,0.0018576650000001,True,False,-0.42689341166666506,-7.3364462475,-31.1947120275
mp-1184364,Fe3Rh,Fe-Rh,4,0.0,0.0,0.0176788000000005,True,False,-0.022205464999998002,-8.21579834,-16.9843485925
mp-1184376,EuErTl2,Er-Eu-Tl,4,0.0,0.0,0.0185499199999998,True,False,-0.34265632041667005,-5.24235006,-45.1454031675
mp-1184390,Gd2TlZn,Gd-Tl-Zn,4,0.0,0.0,0.0158276524999987,True,False,-0.400997908749992,-37.621977355,-37.621977355
mp-1184427,Gd2AlZn,Al-Gd-Zn,4,0.0155571905,0.015557190500000002,0.0,False,True,-0.372386588749999,-25.9815644725,-25.9815644725
mp-1184435,Gd2CuAu,Au-Cu-Gd,4,0.006988130000001,0.0069881300000010005,0.0,False,True,-0.513057892499999,-9.39439118,-37.5415471975
mp-1184464,Eu2ZnIn,Eu-In-Zn,4,0.0,0.0,0.0059955,True,False,-0.34992546166666805,-6.4987107575,-27.5429303325
mp-1184470,Gd2ZnIn,Gd-In-Zn,4,0.005926831874997,0.005926831874997001,0.0,False,True,-0.46584832125000003,-30.0366492175,-30.0366492175
mp-1184473,Eu2TlIn,Eu-In-Tl,4,0.0,0.0,0.0112225649999997,True,False,-0.40420174750000504,-6.830919170000001,-38.75332672
mp-1184476,Gd2InHg,Gd-Hg-In,4,0.034504427499996,0.034504427499996,0.0,False,True,-0.517009311875,-40.2021111875,-8.261659785
mp-1184502,In,In,3,0.007490013333335,0.0074900133333350005,0.0,False,True,0.007490013333333,-22.571100366666666,-22.571100366666666
mp-1184509,GdTe,Gd-Te,2,0.0,0.0,0.0310282749999988,True,False,-1.601623279999998,-36.008738085,-36.008738085
mp-1184515,Eu3In,Eu-In,8,0.025883434583333,0.025883434583333004,0.0,False,True,-0.22541145041667002,-8.6312888225,-34.8870336825
mp-1184522,GdLuCu2,Cu-Gd-Lu,4,0.0,0.0,0.0144901300000004,True,False,-0.24603091416666703,-6.9450866725000004,-26.0139187275
mp-1184533,GdHoTl2,Gd-Ho-Tl,4,0.004715847500001,0.004715847500001,0.0,False,True,-0.431151676249996,-46.09039127,-46.09039127
mp-1184542,Eu3Ga5,Eu-Ga,16,0.0,0.0,0.0143272259374995,True,False,-0.6181579725,-22.215223959375,-22.215223959375
mp-1184543,GdLuAg2,Ag-Gd-Lu,4,0.0,0.0,0.0116071724999997,True,False,-0.31449813000000004,-6.385419392500001,-31.340457625
mp-1184548,HPd,H-Pd,4,0.0,0.0,0.0150958249999995,True,False,-0.089348971874999,-13.2971319775,-13.2971319775
mp-1184560,HfZnPd2,Hf-Pd-Zn,4,0.0,0.0,0.0155216899999999,True,False,-0.679627562499998,-6.0738016275,-25.6863264425
mp-1184588,Hf2MoPt,Hf-Mo-Pt,4,0.0,0.0,0.019876332499999,True,False,-0.7021010049999951,-42.667732785,-42.667732785
mp-1184592,Hf2RePd,Hf-Pd-Re,4,0.0,0.0,0.0477089250000002,True,False,-0.558605920624998,-9.944199439999998,-42.0214152675
mp-1184604,Hf2OsRu,Hf-Os-Ru,4,0.0,0.0,0.006132044000001,True,False,-0.8815631487500041,-43.05971188,-43.05971188
mp-1184607,HfZrOs2,Hf-Os-Zr,4,0.0,0.0,0.0141545705000005,True,False,-0.756769933749999,-44.2246861825,-44.2246861825
mp-1184618,Ho2TlHg,Hg-Ho-Tl,4,0.0,0.0,0.0067883593749966,True,False,-0.503360216875002,-42.58080995,-42.58080995
mp-1184631,Ho2AgRu,Ag-Ho-Ru,4,0.0,0.0,0.061666920000003,True,False,-0.36814316791666,-5.696317954999998,-28.540999330000002
mp-1184638,HoAl3,Al-Ho,8,0.0,0.0,0.0033774524999996,True,False,-0.47123678750000003,-13.74064651375,-13.74064651375
mp-1184644,Ho2TlIn,Ho-In-Tl,4,0.0,0.0,0.0029794818750001,True,False,-0.370566932499999,-3.9520681300000002,-35.879636905
mp-1184647,HfZrCo2,Co-Hf-Zr,4,0.0,0.0,0.0314100031249999,True,False,-0.383389598750003,-23.9758069875,-23.9758069875
mp-1184678,Hf2FeRh,Fe-Hf-Rh,4,0.0,0.0,0.0443562437500002,True,False,-0.576664187499996,-9.513840972499999,-32.767859795
mp-1184689,Ho2NiRu,Ho-Ni-Ru,4,0.0,0.0,0.0157822850000002,True,False,-0.414829864999996,-6.4773044025,-26.226407765
mp-1184716,GdYRu2,Gd-Ru-Y,4,1.2979035747499998,1.2979035747499998,0.0,False,True,1.037854300000001,-8.745650405,-8.745650405
mp-1184732,GdYIr2,Gd-Ir-Y,4,1.083624357500003,1.083624357500003,0.0,False,True,0.48310187000000204,-9.082418654999998,-42.94796323
mp-1184739,HoCdRh2,Cd-Ho-Rh,4,0.0,0.0,0.0324058049999997,True,False,-0.568266246249997,-5.639842595,-5.639842595
mp-1184740,HoErHg2,Er-Hg-Ho,4,0.0,0.0,0.0079014600000002,True,False,-0.5728108658333391,-41.9584088975,-41.9584088975
mp-1184762,GdErIn2,Er-Gd-In,4,0.002992414999997,0.0029924149999970002,0.0,False,True,-0.5570772283333301,-31.176982535,-31.176982535
mp-1184772,Hf3Pb,Hf-Pb,4,0.0,0.0,0.0165793158333347,True,False,-0.07151459250000801,-48.0063596625,-48.0063596625
mp-1184794,IrRh3,Ir-Rh,4,0.0,0.0,0.0124166950000006,True,False,-0.019203882500001,-31.2112137175,-31.2112137175
mp-1184796,H3F2,F-H,10,0.0,0.0,0.0238415189999994,True,False,-1.406990803749999,-4.209631617,-4.024831617
mp-1184804,K,K,8,0.0,0.0,0.01770834875,True,False,0.0,-6.01826393625,-6.01826393625
mp-1184814,Eu3GaO6,Eu-Ga-O,20,0.19640434675,0.19640434675000001,0.0,False,True,-2.95472423825,-9.312744018,-8.900544018
mp-1184822,HoZrRu2,Ho-Ru-Zr,4,0.0,0.0,0.0227660450000009,True,False,-0.5165369212499991,-8.440083215000001,-27.2053519675
mp-1184828,HoTmIn2,Ho-In-Tm,4,0.0,0.0,0.0008212524999997,True,False,-0.42053203708333203,-4.070164145,-28.8494476975
mp-1184831,HoTmRu2,Ho-Ru-Tm,4,0.0,0.0,0.0079126800000004,True,False,-0.381747653750001,-7.288994160000001,-30.1505262775
mp-1184839,HoInRh2,Ho-In-Rh,4,0.0,0.0,0.0089118375000003,True,False,-0.7626289604166631,-6.2839961975,-6.2839961975
mp-1184856,HoSnRu2,Ho-Ru-Sn,4,0.0,0.0,0.0490470812500021,True,False,-0.37157389499999804,-7.160587995,-7.160587995
mp-1184867,HoTmHg2,Hg-Ho-Tm,4,0.0,0.0,0.0076149224999997,True,False,-0.5728059599999961,-42.2573072725,-42.2573072725
mp-1184869,HoLuHg2,Hg-Ho-Lu,4,0.0,0.0,0.0062147249999999,True,False,-0.563666551666671,-42.9878758375,-42.9878758375
mp-1184891,HoLuCu2,Cu-Ho-Lu,4,0.0,0.0,0.0072682437500004,True,False,-0.29285754291666705,-23.4565615675,-23.4565615675
mp-1184899,HoTm3,Ho-Tm,8,0.0,0.0,0.0073571637500009,True,False,-0.019566718750006002,-34.580688915,-34.580688915
mp-1184905,K,K,20,0.02097077575,0.02097077575,0.0,False,True,0.02097077575,-5.9972931605,-5.9972931605
mp-1184955,Li2TlCd,Cd-Li-Tl,4,0.007576318750011,0.007576318750011001,0.0,False,True,-0.267449943333332,-19.7818762175,-19.7818762175
mp-1184972,Li2InBi,Bi-In-Li,4,0.0260256635,0.0260256635,0.0,False,True,-0.407213774583333,-21.8707830125,-21.8707830125
mp-1184989,LaDyTl2,Dy-La-Tl,4,0.0,0.0,0.0029966699999999,True,False,-0.37559363583333905,-3.949925352500003,-42.514817165
mp-1184999,LaMgAu2,Au-La-Mg,4,0.0,0.0,0.0018701300000003,True,False,-0.7297632149999991,-4.008323494999999,-34.537566705
mp-1185012,LaErTl2,Er-La-Tl,4,0.0,0.0,0.0071699136249994,True,False,-0.364791912916673,-3.926459450000003,-42.9774917525
mp-1185020,LaHoTl2,Ho-La-Tl,4,0.0,0.0,0.0039985901249992,True,False,-0.36794750666666604,-3.937105207499996,-42.7296403675
mp-1185025,LaNdTl2,La-Nd-Tl,4,0.0,0.0,0.0030083825,True,False,-0.404152627291673,-4.015927320000003,-41.9073754725
mp-1185027,LaYbAu2,Au-La-Yb,4,0.088638295624996,0.088638295624996,0.0,False,True,-0.873191277500005,-42.7342111,-42.7342111
mp-1185050,La2TlAg,Ag-La-Tl,4,0.0,0.0,0.0057794023437498,True,False,-0.336693293750004,-4.108299295000002,-33.9239895075
mp-1185076,LaHoIn2,Ho-In-La,4,0.0,0.0,0.0075514574999999,True,False,-0.465017795833332,-4.228026310000001,-27.550106800000002
mp-1185089,LaPrTl2,La-Pr-Tl,4,0.0,0.0,0.0031303324999996,True,False,-0.402013968333337,-4.0206196675,-41.9016002
mp-1185100,La2AgHg,Ag-Hg-La,4,0.000220194999997,0.00022019499999700003,0.0,False,True,-0.428156240625,-32.98146726,-32.98146726
mp-1185138,LaPrZn2,La-Pr-Zn,4,0.0,0.0,0.0012756875000001,True,False,-0.307574546666666,-3.3703159925,-19.56608808
mp-1185182,LaEuCd2,Cd-Eu-La,4,0.0,0.0,0.0072378825000001,True,False,-0.316990744999999,-4.603025594999998,-27.4998361325
mp-1185183,LaCeHg2,Ce-Hg-La,4,0.0,0.0,0.0184291937500002,True,False,-0.525465717500004,-40.35572122,-40.35572122
mp-1185186,Li2YbTl,Li-Tl-Yb,4,0.0,0.0,0.0225743883333331,True,False,-0.27420569458333305,-23.8947297425,-23.8947297425
mp-1185190,Li2YbIn,In-Li-Yb,4,0.0,0.0,0.0139194793653847,True,False,-0.344111319583335,-16.3144568175,-16.3144568175
mp-1185198,LaEuAg2,Ag-Eu-La,4,0.0,0.0,0.0131770012499998,True,False,-0.279266988333334,-5.5067655825,-5.5067655825
mp-11852,NdCu2,Cu-Nd,6,0.0,0.0,0.0038881383333331,True,False,-0.196883715833332,-17.234084043333333,-17.234084043333333
mp-1185200,Li3Au,Au-Li,4,0.004172272499999,0.004172272499999,0.0,False,True,-0.39889066249999905,-14.83516051,-2.65349381
mp-1185207,LiCdHg2,Cd-Hg-Li,4,0.0,0.0,0.0025799675,True,False,-0.21375085041666902,-30.5205776375,-30.5205776375
mp-1185209,Li2ZnSi,Li-Si-Zn,8,0.000378414374999,0.00037841437499900005,0.0,False,True,-0.267316452916666,-2.89304329625,-2.91079329625
mp-1185230,LaGdTl2,Gd-La-Tl,4,0.0,0.0,0.0065551375000012,True,False,-0.39825600541666706,-6.337024399999997,-45.361679625
mp-1185243,LiYb2Al,Al-Li-Yb,4,0.0,0.0,0.0334223916666664,True,False,-0.24704360166666803,-20.79143418,-20.79143418
mp-1185254,LiYb2In,In-Li-Yb,4,0.0,0.0,0.0094842208076921,True,False,-0.331923356666667,-24.8379369475,-24.8379369475
mp-1185265,Li3Sn,Li-Sn,4,0.0,0.0,0.0073885335000003,True,False,-0.385153931249999,-2.819239044999999,-8.4090062375
mp-1185301,LiF,F-Li,4,0.024405554999999,0.024405554999999003,0.0,False,True,-3.164539748333333,-5.92090693,-5.92090693
mp-1185306,LiCrRh2,Cr-Li-Rh,4,0.0,0.0,0.0020828593750019,True,False,-0.151835279166668,-16.584961795,-16.584961795
mp-1185317,LiBe2Pt,Be-Li-Pt,4,0.0,0.0,0.0175552341666671,True,False,-0.50947539083333,-4.374195869999998,-16.19110713
mp-1185319,LiCl,Cl-Li,4,0.003852756249999,0.0038527562499990004,0.0,False,True,-2.021952504583333,-6.29152516,-6.29152516
mp-1185335,LiEu2Tl,Eu-Li-Tl,4,0.0,0.0,0.0074800470000022,True,False,-0.293492609166669,-33.445436715,-33.445436715
mp-1185339,LiEu2Ir,Eu-Ir-Li,4,0.011091763154752,0.011091763154752,0.0,False,True,-0.287804431666671,-33.234760755,-33.234760755
mp-1185358,LiMgCd2,Cd-Li-Mg,4,0.004020874166664,0.004020874166664,0.0,False,True,-0.159461544583332,-1.52431486,-11.883193465
mp-1185367,LiInHg2,Hg-In-Li,4,0.0,0.0,0.0106579974999998,True,False,-0.21137526791666802,-31.1366027275,-31.1366027275
mp-1185378,LiGd2Tl,Gd-Li-Tl,4,0.0,0.0,0.0146533375000004,True,False,-0.272816596666665,-35.862821995,-35.862821995
mp-1185380,LiMg,Li-Mg,4,0.0,0.0,0.0077045449999999,True,False,-0.05221287333333301,-3.3302178725,-3.3302178725
mp-1185386,LiGdTl2,Gd-Li-Tl,4,0.008104440000003,0.008104440000003,0.0,False,True,-0.34128141916666205,-38.3768616375,-5.47448462
mp-1185392,LiGd2Al,Al-Gd-Li,4,0.006683447333333,0.0066834473333330004,0.0,False,True,-0.21095196666666602,-24.1891558025,-24.1891558025
mp-1185419,LiSiPt2,Li-Pt-Si,4,0.0,0.0,0.0262013650000003,True,False,-0.7072630858333261,-5.576389969999994,-29.2903684925
mp-1185421,LiZnNi2,Li-Ni-Zn,4,0.0,0.0,0.0080050200000001,True,False,-0.141806453333332,-3.824041412499999,-8.90809209
mp-1185439,LiYbTl2,Li-Tl-Yb,4,0.0,0.0,0.0065942824999996,True,False,-0.363785617916668,-36.6824592075,-36.6824592075
mp-1185442,Lu2CuPd,Cu-Lu-Pd,4,0.0,0.0,0.0047387543750012,True,False,-0.6487206658333301,-28.14047316,-28.14047316
mp-1185452,Lu2CuAu,Au-Cu-Lu,4,0.0,0.0,0.0114457962500011,True,False,-0.5968943908333321,-4.701010284999999,-35.049433105
mp-1185457,Lu2CoCu,Co-Cu-Lu,4,0.0,0.0,0.0222916424999999,True,False,-0.267938758333334,-5.336938332500001,-25.31196402
mp-1185504,LuTe,Lu-Te,2,0.0,0.0,0.0046493974999997,True,False,-1.340311561666668,-5.172808235000001,-33.08051294
mp-1185507,LuAgHg2,Ag-Hg-Lu,4,0.0,0.0,0.0005917537499997,True,False,-0.327388936666665,-39.87023153,-39.87023153
mp-1185508,LuScCu2,Cu-Lu-Sc,4,0.0,0.0,0.0167668050000004,True,False,-0.28025124291666603,-18.0732411275,-18.0732411275
mp-1185509,LuAlCu2,Al-Cu-Lu,4,0.0,0.0,0.0164239274999999,True,False,-0.415212584166663,-17.0416052125,-17.0416052125
mp-1185537,Cs2HgTe,Cs-Hg-Te,4,0.0,0.0,0.0051760120402293,True,False,-0.8529707771192531,-2.170204044999998,-32.167119605
mp-1185609,LiGd2Rh,Gd-Li-Rh,4,2.485673194166665,2.485673194166665,0.0,False,True,2.089858764166667,-26.239377646666668,-7.271872345
mp-1185620,MgVRu2,Mg-Ru-V,4,0.0,0.0,0.0696183194791668,True,False,-0.17304296874999903,-7.48883826,-17.4792131675
mp-1185621,MgZn2Ir,Ir-Mg-Zn,4,0.0,0.0,0.0060016649999998,True,False,-0.27469357124999905,-3.521791425,-18.89963113
mp-1185705,MgNi2,Mg-Ni,6,0.0041701575,0.0041701575000000005,0.0,False,True,-0.20631268458333202,-4.603227142916666,-9.536017656666667
mp-1185768,Mg2IrPt,Ir-Mg-Pt,4,0.0,0.0,0.0134441691666671,True,False,-0.568500835,-5.1111277175,-28.6795951825
mp-1185791,Mg2Ni,Mg-Ni,6,0.001909583333333,0.0019095833333330002,0.0,False,True,-0.15112408111111,-3.164816317777778,-6.885702005
mp-1185861,MgGaPt2,Ga-Mg-Pt,4,0.0,0.0,0.0306551674999999,True,False,-0.7027672531249981,-4.902975422499999,-30.3962202475
mp-1185884,MgHgPd2,Hg-Mg-Pd,4,0.0,0.0,0.0124550399999998,True,False,-0.466052556874999,-3.541028974999999,-25.3260743125
mp-1185923,MgPd2Au,Au-Mg-Pd,4,0.0,0.0,0.0125565725000003,True,False,-0.5026670762500001,-4.318695985000001,-25.66620128
mp-1185959,MgS2,Mg-S,3,0.0,0.0,0.0634014691666671,True,False,-1.154441889999999,-4.456197036666666,-4.120863703333334
mp-1185964,MgSc2Hg,Hg-Mg-Sc,4,0.0,0.0,0.0345786587416077,True,False,-0.23157948687500102,-3.882849552499999,-19.3466752975
mp-1185981,Mn2IrRh,Ir-Mn-Rh,4,0.0,0.0,0.0241428587500003,True,False,-0.16910753646551002,-8.800800694999992,-26.94938858
mp-1185986,MnBeIr2,Be-Ir-Mn,4,0.0,0.0,0.0291153462500002,True,False,-0.36191984073276,-8.006493970000001,-31.4290360475
mp-1185995,MnPd2Au,Au-Mn-Pd,4,0.0,0.0,0.0671600149999998,True,False,-0.196563024482756,-5.8954782524999985,-28.1771302525
mp-1186001,MnZnPd2,Mn-Pd-Zn,4,0.0,0.0,0.0164452674999999,True,False,-0.398006396982758,-5.5933870275,-17.9426595775
mp-1186003,MnZnAu2,Au-Mn-Zn,4,0.0,0.0,0.0104221140086204,True,False,-0.32300060487068905,-31.513965,-31.513965
mp-1186005,MnZnNi2,Mn-Ni-Zn,4,0.0,0.0,0.0045563025000001,True,False,-0.17057716198275702,-5.6660852275,-12.19802562
mp-1186024,Na3Cd,Cd-Na,4,0.0,0.0,0.0149129061330051,True,False,-0.017759379784482002,-1.264052511250001,-7.7276441475
mp-1186060,MnOs3,Mn-Os,8,0.018094478879312,0.018094478879312002,0.0,False,True,0.018094478879312002,-43.3916608275,-43.3916608275
mp-1186122,NaCd2Rh,Cd-Na-Rh,4,0.0,0.0,0.0513106833620686,True,False,-0.036280867844825,-2.692793124999999,-17.059247125
mp-1186127,NaCd3,Cd-Na,4,0.0,0.0,0.0330931010393256,True,False,-0.044948075344826005,-1.1003859125,-16.0515751725
mp-1186155,NaCeHg2,Ce-Hg-Na,4,0.0,0.0,0.0109731349218749,True,False,-0.40717934375000203,-33.6922849375,-33.6922849375
mp-1186177,NaTbTl2,Na-Tb-Tl,4,0.0,0.0,0.0194172749999999,True,False,-0.22945600367816701,-2.910088162500003,-35.6166149025
mp-1186185,NaTl2In,In-Na-Tl,4,0.0,0.0,0.010276338333333,True,False,-0.12559295749999602,-33.250937985,-33.250937985
mp-1186189,NaTl3,Na-Tl,4,0.0,0.0,0.0037450733333335,True,False,-0.09725801750000301,-40.872781595,-40.872781595
mp-1186196,NaYTl2,Na-Tl-Y,4,0.0,0.0,0.0284971225000001,True,False,-0.31741834749999503,-32.87651602,-32.87651602
mp-1186201,NaYbPb2,Na-Pb-Yb,4,0.0,0.0,0.00689711546875,True,False,-0.31875638374999904,-38.4847132775,-38.4847132775
mp-1186206,Nb2MoRu,Mo-Nb-Ru,4,0.0,0.0,0.0009208600000008,True,False,-0.251421208749999,-25.4925872175,-25.4925872175
mp-1186207,Nb2ReRu,Nb-Re-Ru,4,0.0,0.0,0.0198122820833326,True,False,-0.26452745187500404,-32.0903522775,-32.0903522775
mp-1186222,NbGaOs2,Ga-Nb-Os,4,0.0,0.0,0.0052165691666665,True,False,-0.305063247500001,-35.8418903225,-35.8418903225
mp-1186233,NbSnRu2,Nb-Ru-Sn,4,0.0,0.0,0.0381751025000003,True,False,-0.260648565000003,-25.34298082,-25.34298082
mp-1186249,Nd2InHg,Hg-In-Nd,4,0.0,0.0,0.0172953112499998,True,False,-0.596742443125002,-33.29234616,-33.29234616
mp-1186256,Nd2TlAg,Ag-Nd-Tl,4,0.0,0.0,0.00875953921875,True,False,-0.319850047500001,-4.0075262125,-33.73893749
mp-1186304,NdAs2Au,As-Au-Nd,16,0.0,0.0,0.0003810470833354,True,False,-0.7570331074999981,-5.102601731874998,-28.22752933625
mp-1186309,NdHoTl2,Ho-Nd-Tl,4,0.0,0.0,0.0071894058445933,True,False,-0.34619113229166604,-3.873383914999998,-42.6269205725
mp-1186318,NdLu3,Lu-Nd,8,0.0,0.0,0.0110383537500009,True,False,-0.0025818331249990003,-35.916994216249996,-35.916994216249996
mp-1186335,NdYMg2,Mg-Nd-Y,4,0.0,0.0,0.0002042475000001,True,False,-0.085848994374999,-3.720393735,-14.6273871925
mp-1186343,NdGdHg2,Gd-Hg-Nd,4,0.0,0.0,0.0157493549999996,True,False,-0.554571338125001,-43.44222817,-43.44222817
mp-1186450,PdPt3,Pd-Pt,4,0.0,0.0,0.0071857875,True,False,-0.035304807499997,-44.391205885,-44.391205885
mp-1186695,Pr2TlHg,Hg-Pr-Tl,4,0.0,0.0,0.0104057074999999,True,False,-0.537052227708329,-40.8758081875,-40.8758081875
mp-1186749,PrHoIn2,Ho-In-Pr,4,0.0,0.0,0.0064549770000006,True,False,-0.45048959249999704,-4.178364195,-27.448414615
mp-1186761,Ta2MnRe,Mn-Re-Ta,4,0.0,0.0,0.0139025075000009,True,False,-0.324181165412362,-41.3935848675,-41.3935848675
mp-1186762,PrEuHg2,Eu-Hg-Pr,4,0.0,0.0,0.0028250300000003,True,False,-0.5813367529166691,-42.246449785,-42.246449785
mp-1186763,Ta2MoW,Mo-Ta-W,4,0.0,0.0,0.0064120741666648,True,False,-0.13659217616667202,-43.7924519875,-43.7924519875
mp-1186766,Ta2MoIr,Ir-Mo-Ta,4,0.0,0.0,0.02093707625,True,False,-0.44066656866667103,-44.3444161475,-44.3444161475
mp-1186767,Ta2NbRe,Nb-Re-Ta,4,0.0,0.0,0.0168704099999992,True,False,-0.27409064929166504,-43.856179345,-43.856179345
mp-1186901,Re,Re,4,0.0,0.0,0.0013202050000007,True,False,0.0,-52.4106147075,-52.4106147075
mp-1186926,Ru3Rh,Rh-Ru,8,0.0,0.0,0.0148729749999994,True,False,-0.0011091850000000002,-25.10356781375,-25.10356781375
mp-1186937,Sc2CdHg,Cd-Hg-Sc,4,0.0,0.0,0.0069647549999984,True,False,-0.40330118937500303,-23.47074342,-23.47074342
mp-1186941,Sc2CuPd,Cu-Pd-Sc,4,0.0,0.0,0.0035444100000017,True,False,-0.5839053525000001,-14.7349614325,-14.7349614325
mp-1186959,Sc2TlZn,Sc-Tl-Zn,4,0.0,0.0,0.0242121599999993,True,False,-0.305507225833333,-4.379545709999999,-21.5684752475
mp-1186976,Sc3Sn,Sc-Sn,8,0.0,0.0,0.0048544266666663,True,False,-0.504634436249999,-15.2400458975,-15.2400458975
mp-1186984,ScBr3,Br-Sc,8,0.0,0.0,0.0770228575000002,True,False,-2.068735379999999,-4.8795625575,-14.6489449825
mp-1186991,ScI3,I-Sc,8,0.0,0.0,0.0763570612500004,True,False,-1.473445848749999,-4.199572586249999,-22.59843926375
mp-11870,Hg2Rh,Hg-Rh,3,0.0,0.0,0.0389655049999997,True,False,-0.016613125000001002,-40.97389368333334,-40.97389368333334
mp-1187003,Sm2IrAu,Au-Ir-Sm,4,0.0,0.0,0.0365273567857133,True,False,-0.735747755000002,-6.123119867500002,-41.4303849975
mp-1187022,SmHo3,Ho-Sm,8,0.0,0.0,0.0177079474999999,True,False,-0.004344449999997,-32.09858346625,-32.09858346625
mp-1187040,SmEuHg2,Eu-Hg-Sm,4,0.0,0.0,0.0094962325,True,False,-0.492861021250004,-4.3993715525,-4.3993715525
mp-1187073,Sr,Sr,3,0.002934636666667,0.0029346366666670003,0.0,False,True,0.002934636666665,-15.142726433333332,-15.142726433333332
mp-1187078,SmGdAg2,Ag-Gd-Sm,4,0.001099814999999,0.001099814999999,0.0,False,True,-0.27406311249999804,-29.23448409,-29.23448409
mp-1187086,Sr2HgGe,Ge-Hg-Sr,4,0.014731738749999,0.014731738749999002,0.0,False,True,-0.557889294375002,-2.637278312500001,-24.007764315
mp-1187092,Sr2MgTl,Mg-Sr-Tl,4,0.0,0.0,0.0086257434374998,True,False,-0.241655769583333,-2.088355347499998,-22.1835219625
mp-1187121,Sr2MgIn,In-Mg-Sr,4,6.554831801386385e-05,6.554831801386385e-05,0.0,False,True,-0.252093635416667,-2.195718620000001,-14.5631821775
mp-1187124,Sr2TlPb,Pb-Sr-Tl,4,0.017313429999994,0.017313429999994003,0.0,False,True,-0.580310782500006,-35.51925099,-35.51925099
mp-1187172,SrHN,H-N-Sr,12,0.0,0.0,0.0064481299999998,True,False,-0.822524347499999,-10.065699061666667,-10.065699061666667
mp-1187174,SrEuTl2,Eu-Sr-Tl,4,0.0,0.0,0.0093255274999997,True,False,-0.5306997787499981,-40.536988015,-40.536988015
mp-1187197,Ta3Os,Os-Ta,4,0.0,0.0,0.0637684199999988,True,False,-0.30315800800000403,-49.993339755,-49.993339755
mp-1187206,Ta3W,Ta-W,4,0.0,0.0,0.0161742250000003,True,False,-0.027936240500004,-49.31375937,-49.31375937
mp-1187208,Ta2ReW,Re-Ta-W,4,0.0,0.0,0.0041341824999996,True,False,-0.314714616791668,-50.555233245,-50.555233245
mp-1187211,Ta2RuW,Ru-Ta-W,4,0.0,0.0,0.00651416,True,False,-0.30832274741666704,-43.8023215225,-43.8023215225
mp-1187213,Ta2ReOs,Os-Re-Ta,4,0.0,0.0,0.010873919999998,True,False,-0.43558332679167205,-51.0804605725,-51.0804605725
mp-1187240,Sr2InHg,Hg-In-Sr,4,0.0,0.0,0.0004356099999998,True,False,-0.479376847291668,-2.0928023375,-26.103863995
mp-1187243,TaOs3,Os-Ta,4,0.0,0.0,0.0094297568750025,True,False,-0.16302064933333302,-52.049900465,-52.049900465
mp-1187245,TiMo2W,Mo-Ti-W,4,0.001080313157899,0.0010803131578990001,0.0,False,True,-0.111944689166662,-29.2243222575,-29.2243222575
mp-1187263,Tb2PdRu,Pd-Ru-Tb,4,0.0,0.0,0.0325172250000003,True,False,-0.6213292383333311,-6.553832137499999,-28.366563655
mp-1187269,Tb2TlHg,Hg-Tb-Tl,4,0.0,0.0,0.0027497937499987,True,False,-0.41435872979166805,-3.403576579999999,-41.7832667925
mp-1187274,Tb2RuRh,Rh-Ru-Tb,4,0.0,0.0,0.0050933125000005,True,False,-0.5864059083333311,-7.065015322499999,-28.6483219125
mp-1187276,Tb2InHg,Hg-In-Tb,4,0.0,0.0,0.0086183106249984,True,False,-0.5945378518749961,-34.1943541525,-34.1943541525
mp-1187292,Tb3Ge5,Ge-Tb,16,0.00161101375,0.0016110137500000002,0.0,False,True,-0.795283786875,-21.175182580625,-21.175182580625
mp-1187319,Tb3Sm,Sm-Tb,8,0.0,0.0,0.0381902699999994,True,False,-0.002753501250001,-30.85581019375,-30.85581019375
mp-1187327,TbDyHg2,Dy-Hg-Tb,4,0.0,0.0,0.0084245774999995,True,False,-0.5863101125000011,-41.0722727175,-41.0722727175
mp-1187329,TbDyIr2,Dy-Ir-Tb,4,0.0,0.0,0.0056340089999995,True,False,-0.8126317795833311,-7.5459086575,-42.905465995
mp-1187333,TbErHg2,Er-Hg-Tb,4,0.0,0.0,0.0077809100000001,True,False,-0.577425312083335,-41.5492959025,-41.5492959025
mp-1187336,TbErIn2,Er-In-Tb,4,0.0,0.0,0.0004925443749996,True,False,-0.580089440833333,-28.15735196,-28.15735196
mp-1187344,TbHoHg2,Hg-Ho-Tb,4,0.0,0.0,0.0080855524999998,True,False,-0.5831264300000001,-41.2939742075,-41.2939742075
mp-1187346,TbHoIn2,Ho-In-Tb,4,0.0,0.0,6.995750000005074e-05,True,False,-0.448214126249998,-4.136686770000001,-27.90774686
mp-1187381,TbTaRu2,Ru-Ta-Tb,4,0.0,0.0,0.0846439149999973,True,False,-0.324069898499999,-9.08746896,-9.08746896
mp-1187417,Ti2MoPd,Mo-Pd-Ti,4,0.0,0.0,0.0366567199999998,True,False,-0.395192630833332,-19.1221794,-19.1221794
mp-1187459,TiGaCu2,Cu-Ga-Ti,4,0.0,0.0,0.0112078399999999,True,False,-0.23654066770833201,-5.0170410125,-11.77975019
mp-1187461,Ti2VOs,Os-Ti-V,8,0.0,0.0,0.016672218750001,True,False,-0.49700734583333106,-23.7345869975,-23.7345869975
mp-1187506,YbYZn2,Y-Yb-Zn,4,0.0,0.0,0.0035757825,True,False,-0.397269011249999,-19.06331525,-19.06331525
mp-1187507,YbTmZn2,Tm-Yb-Zn,4,0.0,0.0,0.0076952974999997,True,False,-0.408357218750001,-22.77626529,-22.77626529
mp-1187509,YbYPt2,Pt-Y-Yb,4,0.068778693124997,0.068778693124997,0.0,False,True,-1.346394508750002,-41.300997895,-41.300997895
mp-1187516,YbSiO3,O-Si-Yb,5,0.9078299743125,0.9078299743125001,0.0,False,True,-2.5573448272500032,-15.201493694000002,-15.201493694000002
mp-1187520,YbSmAg2,Ag-Sm-Yb,4,0.008770929999997,0.008770929999997,0.0,False,True,-0.326730841249999,-27.57024519,-27.57024519
mp-1187522,YbSmCd2,Cd-Sm-Yb,4,0.0031613925,0.0031613925000000005,0.0,False,True,-0.37405678874999904,-26.99212641,-26.99212641
mp-1187531,TiZn3,Ti-Zn,8,0.0,0.0,0.0060598724999998,True,False,-0.20619162583333,-3.124872337499997,-10.1288918675
mp-1187563,YbDyPt2,Dy-Pt-Yb,4,0.070575926875008,0.07057592687500801,0.0,False,True,-1.367746737499999,-44.23940069,-44.23940069
mp-1187571,YbHoPt2,Ho-Pt-Yb,4,0.065198395624996,0.065198395624996,0.0,False,True,-1.378000737499995,-44.4745398625,-44.4745398625
mp-1187574,YbMgRh2,Mg-Rh-Yb,4,0.0,0.0,0.0011521822916691,True,False,-0.833375154999998,-23.0761600625,-23.0761600625
mp-1187585,Tm2RuAu,Au-Ru-Tm,4,0.0,0.0,0.073817637500003,True,False,-0.6460549550000041,-6.024376830000001,-37.2686241275
mp-1187590,TmMgPd2,Mg-Pd-Tm,4,0.0,0.0,0.0070284912500007,True,False,-0.8383072487500011,-4.9564910275,-22.148995735
mp-1187606,TmLuCu2,Cu-Lu-Tm,4,0.0,0.0,0.0052984474999995,True,False,-0.30828673166666903,-24.03191685,-24.03191685
mp-1187610,TmMg3,Mg-Tm,4,0.00224414482143,0.00224414482143,0.0,False,True,-0.045474281250001004,-11.9527140425,-11.9527140425
mp-1187611,TmLuAg2,Ag-Lu-Tm,4,0.0,0.0,0.0055366450000002,True,False,-0.35891849666666403,-29.3370891875,-29.3370891875
mp-1187614,YbLuHg2,Hg-Lu-Yb,4,0.0,0.0,0.0053470300000002,True,False,-0.5630647991666671,-43.8992828025,-43.8992828025
mp-1187615,YbHoCd2,Cd-Ho-Yb,4,0.0,0.0,0.0022601399999997,True,False,-0.38010401999999704,-27.78527854,-27.78527854
mp-1187617,YbNdMg2,Mg-Nd-Yb,4,0.0,0.0,0.006455125,True,False,-0.097768768124996,-18.6692675025,-18.6692675025
mp-1187622,YbCeRh2,Ce-Rh-Yb,4,0.121230302499999,0.12123030249999901,0.0,False,True,-0.8262663562499981,-29.7368825575,-29.7368825575
mp-1187627,YbNdAu2,Au-Nd-Yb,4,0.062499513124997,0.062499513124997005,0.0,False,True,-0.893820488125001,-42.673147505,-42.673147505
mp-1187630,YbHoZn2,Ho-Yb-Zn,4,0.0,0.0,0.0011725874999997,True,False,-0.40327710249999804,-22.21125908,-22.21125908
mp-1187644,TmGa3,Ga-Tm,8,0.0,0.0,0.0266515974999999,True,False,-0.545792537499998,-17.9081365725,-17.9081365725
mp-1187676,TmMg2,Mg-Tm,6,0.0,0.0,0.0014298266666665,True,False,-0.063338973333335,-14.549890793333333,-14.549890793333333
mp-1187694,V2OsW,Os-V-W,4,0.0,0.0,0.0188699499999991,True,False,-0.301050762499997,-33.434094435,-33.434094435
mp-1187698,VZnCo2,Co-V-Zn,4,0.0,0.0,0.0015609273090264,True,False,-0.113323123750001,-12.4804832725,-12.4804832725
mp-1187701,Y2AgHg,Ag-Hg-Y,4,0.0,0.0,0.0012263424999998,True,False,-0.46326922812500304,-28.300990625,-28.300990625
mp-1187713,VGaOs2,Ga-Os-V,4,0.0,0.0,0.0077424551249993,True,False,-0.337197567499998,-33.2128999125,-33.2128999125
mp-1187722,Y2TlHg,Hg-Tl-Y,4,0.0,0.0,0.0018667624999997,True,False,-0.532747459375002,-36.326325715,-36.326325715
mp-1187739,Y,Y,3,0.042620386666666,0.042620386666666,0.0,False,True,0.042620386666664005,-20.270980573333333,-20.270980573333333
mp-1187800,Zn2CuRh,Cu-Rh-Zn,4,0.0,0.0,0.0524582850000001,True,False,-0.2764296,-3.7721800400000003,-13.4926711975
mp-1187803,YbZnRh2,Rh-Yb-Zn,4,0.0,0.0,0.0518302645833337,True,False,-0.7909974875000001,-24.21910715,-24.21910715
mp-1187818,YbAg2Pb,Ag-Pb-Yb,4,0.054360314166665,0.054360314166665,0.0,False,True,-0.216399963749999,-34.09796676,-34.09796676
mp-1187845,YHoHg2,Hg-Ho-Y,4,0.0,0.0,0.0091992775,True,False,-0.5835085024999951,-38.5661479825,-38.5661479825
mp-1187846,YHoIn2,Ho-In-Y,4,0.0,0.0,0.0009792849999996,True,False,-0.44907740958332903,-4.605357022499998,-25.1757778525
mp-1187875,Yb,Yb,4,0.0,0.0,0.0152417275,True,False,0.0,-36.529378785,-36.529378785
mp-1187885,Yb2CdGa,Cd-Ga-Yb,4,0.0,0.0,0.0004363400000002,True,False,-0.49760260250000204,-26.649232905,-26.649232905
mp-1187890,Yb2InGa,Ga-In-Yb,4,0.0,0.0,0.0229669525,True,False,-0.551654522500001,-27.3216854975,-27.3216854975
mp-1187897,Yb2MgTl,Mg-Tl-Yb,4,0.026366873750006,0.026366873750006,0.0,False,True,-0.24560066875000003,-32.8474421025,-32.8474421025
mp-1187899,Yb2Mg,Mg-Yb,6,0.0,0.0,0.0313735191666668,True,False,-0.061949485000004,-25.804636536666667,-25.804636536666667
mp-1187911,ZnGaCo2,Co-Ga-Zn,4,0.036304687386365,0.036304687386365005,0.0,False,True,-0.07810857124999801,-11.783568774999999,-11.783568774999999
mp-1187917,Yb2TlHg,Hg-Tl-Yb,4,0.000722302500001,0.0007223025000010001,0.0,False,True,-0.47289060937500604,-44.3743577775,-44.3743577775
mp-1187928,Yb2ZnAg,Ag-Yb-Zn,4,0.0,0.0,0.0027946274999997,True,False,-0.386462157500002,-26.2177714875,-26.2177714875
mp-1187929,Yb2ZnIn,In-Yb-Zn,4,0.0,0.0,0.0063862349999999,True,False,-0.47058939875000005,-26.6075770375,-26.6075770375
mp-1187930,Yb2ZnHg,Hg-Yb-Zn,4,0.0,0.0,0.00365118,True,False,-0.48196505312500104,-33.3162567275,-33.3162567275
mp-1187942,YbAgHg2,Ag-Hg-Yb,4,0.0,0.0,0.0044297958333345,True,False,-0.346523201250001,-39.501740445,-39.501740445
mp-1187944,Yb2ZnGe,Ge-Yb-Zn,4,0.075448303333331,0.07544830333333101,0.0,False,True,-0.548016371250003,-24.50835081,-24.50835081
mp-1187956,Yb2TlSn,Sn-Tl-Yb,4,0.093237222083338,0.09323722208333801,0.0,False,True,-0.459387900000002,-38.2054493825,-38.2054493825
mp-1187958,Yb2ZnSn,Sn-Yb-Zn,4,0.117378562321434,0.11737856232143401,0.0,False,True,-0.49354907875000303,-27.1724350675,-27.1724350675
mp-1187980,Yb3Pb,Pb-Yb,8,0.0,0.0,0.0279108468750002,True,False,-0.32549306250000104,-41.79381067875,-41.79381067875
mp-1187995,Yb3Sm,Sm-Yb,8,0.0,0.0,0.0979366212500001,True,False,-0.005416580000002001,-34.83568174875,-34.83568174875
mp-1188021,ZrGaRh2,Ga-Rh-Zr,4,0.0,0.0,0.0350135824999995,True,False,-0.831962264375,-7.4080653625,-21.527793255
mp-1188022,ZrMnRh2,Mn-Rh-Zr,4,0.0,0.0,0.0101202825000008,True,False,-0.569834949482757,-8.679417865,-22.2381401775
mp-1188059,ZrGaRu2,Ga-Ru-Zr,4,0.0,0.0,0.0010845624999991,True,False,-0.6067835137500021,-21.867193125,-21.867193125
mp-1188066,ZrInCo2,Co-In-Zr,4,0.008770347797621,0.008770347797621,0.0,False,True,-0.26460710874999904,-18.213818245,-18.213818245
mp-1188089,K2Ni3Se4,K-Ni-Se,18,0.0,0.0,0.0003383588888885,True,False,-0.835353422652776,-4.567219577777777,-4.3574418
mp-1188098,CeZn3,Ce-Zn,16,0.0,0.0,0.0031505483749998,True,False,-0.29296146562499903,-2.722006640625,-2.722006640625
mp-1188117,Rb2Mn3O4,Mn-O-Rb,18,0.017893004305556,0.017893004305556,0.0,False,True,-1.754988467643677,-7.225983805555554,-12.389769675
mp-1188121,CsP(HO2)2,Cs-H-O-P,16,0.000132807187499,0.000132807187499,0.0,False,True,-2.182926440224753,-6.296129939375,-5.952629939375
mp-1188214,Ce2Si5Rh3,Ce-Rh-Si,20,0.005259638999998,0.005259638999998001,0.0,False,True,-0.9356723509999981,-7.045013700999999,-7.080513700999999
mp-1188216,Ce2Te3,Ce-Te,20,0.023493755428573,0.023493755428573,0.0,False,True,-1.6414606439999981,-5.902224128,-29.331059625
mp-1188242,Ho3Tl5,Ho-Tl,16,0.004081896875,0.004081896875,0.0,False,True,-0.34631137374999804,-45.913880704374996,-3.456757846875
mp-1188262,TbScS3,S-Sc-Tb,20,0.0,0.0,0.0035109954999992,True,False,-2.2846173261874982,-15.6300239635,-15.6300239635
mp-1188263,Eu3(InP2)2,Eu-In-P,18,0.0,0.0,0.0066860133333381,True,False,-0.834191155767195,-7.283588637222222,-7.283588637222222
mp-1188264,La5Cu4As4(ClO2)2,As-Cl-Cu-La-O,19,0.0,0.0,0.0060978723245579,True,False,-2.150403105,-6.531786365789474,-6.322523207894736
mp-1188281,Cs5Te3,Cs-Te,16,0.0,0.0,0.0182966685416672,True,False,-1.189229695624998,-26.413471936875,-26.413471936875
mp-11883,MgIr2,Ir-Mg,12,0.0,0.0,0.0062980062121216,True,False,-0.293149803333335,-6.728929261666669,-36.630062609166664
mp-1188305,La(Ge3Pt)4,Ge-La-Pt,17,0.009691291470577,0.009691291470577,0.0,False,True,-0.427209991470587,-24.083644036470588,-24.083644036470588
mp-1188350,Yb5Sn3,Sn-Yb,16,0.0,0.0,0.0161628906250008,True,False,-0.7201032175000031,-32.830783875625,-32.830783875625
mp-1188355,Zr5Sb3P,P-Sb-Zr,18,0.0,0.0,0.0269487604166656,True,False,-0.962329056071429,-7.689104655555557,-23.21270310888889
mp-1188413,Zr3Rh,Rh-Zr,16,0.0,0.0,0.0025105418750008,True,False,-0.454694031249999,-23.5510951175,-23.5510951175
mp-1188440,LiMnVF6,F-Li-Mn-V,18,0.005517770833335,0.005517770833335001,0.0,False,True,-3.140046546807152,-6.655375266666667,-5.9731530444444445
mp-1188451,Nd(P3Os)4,Nd-Os-P,17,0.00211214941175,0.00211214941175,0.0,False,True,-0.678063769600843,-21.23005436529412,-21.23005436529412
mp-1188466,Zn2IN,I-N-Zn,16,0.0,0.0,0.0292501164843748,True,False,-0.41170304687500003,-3.507147441875,-13.218601391249999
mp-1188494,Eu2MgIrO6,Eu-Ir-Mg-O,20,0.081325446000001,0.08132544600000101,0.0,False,True,-2.627190519,-8.700479924499998,-19.413154298000002
mp-1188541,NbSiRu,Nb-Ru-Si,18,0.0,0.0,0.0141982855555564,True,False,-0.6423653477777781,-8.909373884444445,-8.933040551111112
mp-1188549,Ho7PtI12,Ho-I-Pt,20,0.0,0.0,0.0036977426250004,True,False,-1.497866211249993,-4.325018258999995,-30.3081738825
mp-1188559,YAgSe2,Ag-Se-Y,16,0.0,0.0,0.0115562674999996,True,False,-1.42491480703125,-18.99806444875,-18.99806444875
mp-1188587,ErWC2,C-Er-W,16,0.0,0.0,0.0145685134374993,True,False,-0.306758343124997,-9.303711925624999,-26.7204507225
mp-1188596,Er2Si5Ni3,Er-Ni-Si,20,0.008333664500002,0.008333664500002001,0.0,False,True,-0.7459523749999991,-6.106196156,-6.141696156
mp-1188654,WNCl3,Cl-N-W,20,0.0,0.0,0.0143200195000039,True,False,-0.8578982702500011,-16.648670619,-16.648670619
mp-1188655,Ir2S3,Ir-S,20,0.0,0.0,0.0004971869999996,True,False,-0.48808257418750106,-26.2522462905,-26.2522462905
mp-1188668,FePH2O5,Fe-H-O-P,18,0.006015917222224,0.0060159172222240005,0.0,False,True,-1.98837572079365,-7.034557125,-6.402223791666667
mp-1188693,Hf5NiSb3,Hf-Ni-Sb,18,0.003647317499998,0.003647317499998,0.0,False,True,-0.5893368522222201,-8.13967969111111,-35.561560766111114
mp-1188700,InAsH2O5,As-H-In-O,18,0.0,0.0,0.0020755287500042,True,False,-1.651679839074074,-5.980505858888889,-5.598839192222222
mp-1188721,IN4,I-N,20,0.0,0.0,0.0982245600000011,True,False,-0.262308137,-7.237732855999999,-6.873132856
mp-1188762,TaNiP2,Ni-P-Ta,16,0.009531478333332,0.009531478333332,0.0,False,True,-0.7227140664464251,-20.367139690625,-20.367139690625
mp-1188789,Tb4Ga12Fe,Fe-Ga-Tb,17,0.027170167549016,0.027170167549016,0.0,False,True,-0.533479333921568,-4.26045745,-16.846068853529413
mp-1188812,La2MnNiO6,La-Mn-Ni-O,20,0.04273667116665,0.04273667116665,0.0,False,True,-2.828505349293104,-8.278698570500001,-7.4455985705
mp-1188823,V5Si3B,B-Si-V,18,0.003494413240742,0.003494413240742,0.0,False,True,-0.667461369074074,-12.23585321712963,-8.237624705555556
mp-1188827,MgCu2SiSe4,Cu-Mg-Se-Si,16,0.0,0.0,0.0117929326562506,True,False,-0.7625362030468741,-4.417267115,-4.181267115
mp-1188829,KTeP2,K-P-Te,16,0.0,0.0,0.095518969041664,True,False,-0.5346322361755941,-12.89454245375,-12.89454245375
mp-1188851,Ho5BiAu2,Au-Bi-Ho,16,0.013700750625005,0.013700750625005,0.0,False,True,-0.806577254374999,-41.316441456875,-41.316441456875
mp-1188875,Te6IrI3,I-Ir-Te,20,0.052871141583332,0.052871141583332004,0.0,False,True,-0.316403007499999,-3.543433746,-3.429733746
mp-1188946,Re2BiO6,Bi-O-Re,18,0.0,0.0,0.0035869018518521,True,False,-1.905037318888887,-8.402151624999997,-23.697794155
mp-1188957,Te6IrBr3,Br-Ir-Te,20,0.053971546874999,0.053971546874999006,0.0,False,True,-0.46006762299999904,-3.720978537499999,-24.801633118999998
mp-1188970,Cs2CdFe(CN)6,C-Cd-Cs-Fe-N,16,0.0,0.0,0.0006170510677083,True,False,-0.24605865558189602,-7.537405460625,-7.402030460625
mp-1188974,Ce3Os,Ce-Os,16,0.0,0.0,0.0201517302083331,True,False,-0.126361149374997,-7.385915409375,-7.385915409375
mp-1188981,Tm3Sb4Au3,Au-Sb-Tm,20,0.0,0.0,0.0111081620000028,True,False,-0.874198408,-36.868527232000005,-36.868527232000005
mp-1188987,Hf3Co2Si3,Co-Hf-Si,16,0.0,0.0,0.0088018399999985,True,False,-0.813072205624999,-8.364866533125001,-8.391491533125
mp-1189039,Er5In3,Er-In,16,0.0,0.0,0.0138812037499995,True,False,-0.49179336958333403,-30.16216174125,-30.16216174125
mp-1189046,Er(BIr)4,B-Er-Ir,18,0.0,0.0,0.014844002155554,True,False,-0.513219951296295,-7.917555797222223,-30.86376341055556
mp-1189064,Ce(ErS2)3,Ce-Er-S,20,0.0,0.0,0.0081168436153964,True,False,-2.3689860804999983,-6.815435338,-20.4739612425
mp-1189091,K3B6ClO10,B-Cl-K-O,20,0.0,0.0,0.0298043970555568,True,False,-2.7564541383375,-7.496384770500001,-7.1221847705
mp-1189094,Eu3Au,Au-Eu,16,0.0,0.0,0.004275167916667,True,False,-0.450594708750005,-8.985149145000001,-42.0433549325
mp-1189112,Er6GaNi2,Er-Ga-Ni,18,0.000459918124999,0.00045991812499900005,0.0,False,True,-0.37828201305555303,-5.044357817777778,-5.044357817777778
mp-1189144,Zr2Si4Ni3,Ni-Si-Zr,18,0.00031251027778,0.00031251027778,0.0,False,True,-0.761251374444443,-6.998705087777777,-13.753551806666668
mp-1189159,Eu3FeO6,Eu-Fe-O,20,0.221575145999999,0.22157514599999903,0.0,False,True,-2.789077110000002,-9.691289408500001,-9.0534894085
mp-1189199,Lu3Sb4Au3,Au-Lu-Sb,20,0.0,0.0,0.0123449965000004,True,False,-0.826305456999995,-37.708283849,-37.708283849
mp-1189212,TaSiRu,Ru-Si-Ta,18,0.0,0.0,0.0218236169444434,True,False,-0.6714424763333361,-28.26815334388889,-28.26815334388889
mp-1189225,Nb3RhSe6,Nb-Rh-Se,20,0.000312558192311,0.000312558192311,0.0,False,True,-1.060885250406249,-6.925254436,-19.321003597
mp-1189230,Ca3Tl5,Ca-Tl,16,0.0,0.0,0.007417423750001,True,False,-0.40583095500000604,-36.282256455,-36.282256455
mp-1189241,GdAs2Au,As-Au-Gd,16,0.010309199999998,0.010309199999998,0.0,False,True,-0.8622615306250011,-31.711518386875003,-7.42307876125
mp-1189245,Tm5Rh3,Rh-Tm,16,0.0,0.0,0.0005384862500017,True,False,-0.777744898125003,-6.340923774375,-6.340923774375
mp-1189259,RbSbSe2,Rb-Sb-Se,16,0.0,0.0,0.0129220725000003,True,False,-0.9248630299218731,-3.9502025968749983,-17.881640465
mp-1189272,CsAlTe3,Al-Cs-Te,20,0.0,0.0,0.0076795159285709,True,False,-0.8045202115000021,-22.4229650635,-22.4229650635
mp-1189323,Zr5Sb3S,S-Sb-Zr,18,0.0,0.0,0.0233800612499983,True,False,-1.057694005833332,-7.6424611816666665,-23.158395595555554
mp-1189327,Sm2Si5Ni3,Ni-Si-Sm,20,0.012621287249998,0.012621287249998002,0.0,False,True,-0.751058051500001,-6.1414752975,-6.1769752975
mp-1189354,Nd(Sb3Ru)4,Nd-Ru-Sb,17,0.0,0.0,0.0177396738235282,True,False,-0.37395835632352803,-26.23230770470588,-26.23230770470588
mp-1189438,TlBi2Cl7,Bi-Cl-Tl,20,0.0,0.0,0.0055850859999995,True,False,-1.428534986333341,-3.737669020000007,-22.428865798
mp-1189451,BeCN2,Be-C-N,16,0.0,0.0,0.0619666831249992,True,False,-0.5648687118750011,-7.976606461875001,-8.636111305
mp-1189509,Yb3Ni,Ni-Yb,16,0.0,0.0,0.0137799762499999,True,False,-0.29576177062500203,-30.688225149375,-30.688225149375
mp-1189515,LuAl3Ni2,Al-Lu-Ni,18,0.0,0.0,0.0001123169444445,True,False,-0.6959049972222211,-14.402506579444443,-14.402506579444443
mp-1189516,Na3ScCl6,Cl-Na-Sc,20,0.0,0.0,0.001561999249998,True,False,-2.163718957499999,-8.064285202499999,-8.064285202499999
mp-1189550,Ce5CuPb3,Ce-Cu-Pb,18,0.0,0.0,0.0165014566666652,True,False,-0.33479382222222004,-5.326115736666667,-5.326115736666667
mp-1189572,As2S3,As-S,20,0.0,0.0,0.0020616369999997,True,False,-0.156509995187498,-10.8599447265,-10.8599447265
mp-1189574,YWC2,C-W-Y,16,0.0,0.0,0.0251825915624994,True,False,-0.257102298749999,-9.73939905375,-23.27470945375
mp-1189580,CeGe2Pt,Ce-Ge-Pt,16,0.0,0.0,0.0535383823437518,True,False,-0.864415506875,-6.177950231875002,-28.48658329
mp-1189596,Pr2Zn5Pb,Pb-Pr-Zn,16,0.0,0.0,4.432781250018891e-05,True,False,-0.383626873541665,-2.833915378124999,-20.403042906875
mp-1189601,Tm2Si5Ni3,Ni-Si-Tm,20,0.009956027499998,0.009956027499998,0.0,False,True,-0.736698143000001,-6.079898458000001,-6.115398458
mp-1189602,Ce5Ga2Ge,Ce-Ga-Ge,16,0.0,0.0,0.0145280498958335,True,False,-0.46117132874999905,-5.506667485,-5.506667485
mp-1189603,HoPd3S4,Ho-Pd-S,16,0.009792361979165,0.009792361979165,0.0,False,True,-1.023286090156251,-17.760642796875,-17.760642796875
mp-1189619,EuAl,Al-Eu,20,0.0,0.0,0.0224018759999999,True,False,-0.354774603499998,-22.981265126,-22.981265126
mp-1189645,Tb7RhBr12,Br-Rh-Tb,20,0.0,0.0,0.00997193275,True,False,-1.942068646833335,-4.915704229500003,-21.959378878499997
mp-1189686,Nd3Ir,Ir-Nd,16,0.001531630937499,0.001531630937499,0.0,False,True,-0.515556566249998,-35.668901665625,-35.668901665625
mp-1189696,Si5Ir4,Ir-Si,18,0.028297608611108,0.028297608611108003,0.0,False,True,-0.692318358888889,-28.837455778333336,-7.622049828888889
mp-1189717,EuAl3Pd2,Al-Eu-Pd,18,0.0,0.0,0.0179902508333329,True,False,-0.754578290833333,-6.068678795,-6.068678795
mp-1189727,La(CoB)4,B-Co-La,18,0.019913934722223,0.019913934722223,0.0,False,True,-0.36729708444444503,-12.819199475,-12.819199475
mp-1189762,EuCrO3,Cr-Eu-O,20,0.110187279499982,0.11018727949998201,0.0,False,True,-2.795692883500019,-9.75270136350002,-17.1592398325
mp-1189763,Dy3Tl5,Dy-Tl,16,0.000774886249999,0.000774886249999,0.0,False,True,-0.371255296875006,-45.601496868750004,-3.48586628875
mp-1189771,Tb7MnBr12,Br-Mn-Tb,20,0.0,0.0,0.0162336984583335,True,False,-1.844005422229885,-4.907526376000002,-21.367146493499998
mp-1189779,Pr2Ni7,Ni-Pr,18,5.3572777757082704e-05,5.3572777757082704e-05,0.0,False,True,-0.279879873148146,-5.841202059444445,-5.841202059444445
mp-1189800,Yb5Ir3,Ir-Yb,16,0.0,0.0,0.0504889887500006,True,False,-0.972457939375004,-43.43807722375,-43.43807722375
mp-1189811,Ce(Sb3Ru)4,Ce-Ru-Sb,17,0.0,0.0,0.0025113794117634,True,False,-0.476115077647058,-5.922148895882353,-5.786619484117647
mp-1189868,Cd4BiB3O10,B-Bi-Cd-O,18,0.003154455520833,0.0031544555208330004,0.0,False,True,-2.062509063194444,-6.354056865,-5.972390198333333
mp-1189879,CdCu2SiSe4,Cd-Cu-Se-Si,16,0.0,0.0,0.0035789037500002,True,False,-0.6097984155468741,-4.180721849375,-3.944721849375
mp-1189895,Ta5Ge3B,B-Ge-Ta,18,0.001561247777779,0.001561247777779,0.0,False,True,-0.48190789435185205,-32.917624616666664,-32.917624616666664
mp-1189932,Mn(NbSe2)3,Mn-Nb-Se,20,0.162465879900018,0.162465879900018,0.0,False,True,-0.8640746668857751,-18.339566668,-18.339566668
mp-1189966,Dy4Ga12Ni,Dy-Ga-Ni,17,0.008346672352938,0.008346672352938001,0.0,False,True,-0.568186548627447,-4.132350728823527,-16.915594137058825
mp-1189967,Pr3Os,Os-Pr,16,0.00301559604167,0.00301559604167,0.0,False,True,-0.10159272562499601,-35.400867214375,-35.400867214375
mp-1189984,YMoC2,C-Mo-Y,16,0.0,0.0,0.0659472328124994,True,False,-0.22504020500000002,-9.17921693,-16.94089780625
mp-1189987,Dy4Ga12Fe,Dy-Fe-Ga,17,0.022498150392155,0.022498150392155,0.0,False,True,-0.525991328627452,-4.2483840105882384,-17.015902667647058
mp-1190040,Ce(Ge3Pt)4,Ce-Ge-Pt,17,0.0,0.0,0.0958446351470598,True,False,-0.39056510882353,-5.431613191764708,-24.127297725882354
mp-1190072,Yb5CdCu2,Cd-Cu-Yb,16,0.019125146250004,0.019125146250004003,0.0,False,True,-0.23333377124999902,-28.289017973125,-28.289017973125
mp-1190078,CeGa6Ni,Ce-Ga-Ni,8,0.0,0.0,0.0266310340972211,True,False,-0.43048234937498503,-4.166190184999985,-14.4059490875
mp-1190096,TbWC2,C-Tb-W,16,0.0,0.0,0.0180130121875023,True,False,-0.385446593124999,-26.007621320625,-26.007621320625
mp-1190111,GaHCl2,Cl-Ga-H,16,0.0,0.0,0.032431163125,True,False,-1.0823677340625,-3.612454749375,-7.6229611525
mp-1190133,KNaEuTaO5,Eu-K-Na-O-Ta,18,0.012027294222223,0.012027294222223001,0.0,False,True,-2.918107767884739,-8.403433877222222,-8.021767210555556
mp-1190156,Ba2GdGaSe5,Ba-Ga-Gd-Se,18,1.3269444441021962e-05,1.3269444441021962e-05,0.0,False,True,-1.914202587690971,-6.183283202222222,-5.92106098
mp-1190258,Yb3Pd,Pd-Yb,16,0.0,0.0,0.00451581625,True,False,-0.548206467500001,-33.68535395875,-33.68535395875
mp-11903,LiEu2IrO6,Eu-Ir-Li-O,20,0.012805673299999,0.012805673299999001,0.0,False,True,-2.426162534333333,-8.527297225,-8.115097225
mp-1190312,Ce5Pb3,Ce-Pb,16,0.0,0.0,0.0383644849999988,True,False,-0.329514458749996,-5.43235077875,-5.43235077875
mp-11912,NaNd2IrO6,Ir-Na-Nd-O,20,0.005412503749999,0.005412503749999,0.0,False,True,-2.621297260137931,-7.5617188455000015,-7.1495188455
mp-11973,YbSnRh,Rh-Sn-Yb,9,0.0,0.0,0.0190996236111109,True,False,-0.9763059283333361,-29.446902993333335,-29.446902993333335
mp-12015,KAg2AsO4,Ag-As-K-O,8,0.0,0.0,0.0033551487499998,True,False,-1.346676018510416,-5.2565774725,-4.9130774725
mp-12049,Nd2Sb,Nd-Sb,6,0.0,0.0,0.0106153016666654,True,False,-1.013258746666669,-29.194036645,-29.194036645
mp-1205295,Yb2PbAu2,Au-Pb-Yb,10,0.0,0.0,0.0203326164999997,True,False,-0.8761785269999961,-46.978940922999996,-46.978940922999996
mp-1205332,Te6RhBr3,Br-Rh-Te,20,0.063743765875003,0.06374376587500301,0.0,False,True,-0.48775687099999704,-3.601255154499998,-22.004984297
mp-1205334,MgCu2SiS4,Cu-Mg-S-Si,16,0.0,0.0,0.0012090921874996,True,False,-0.952865096249999,-4.9283391256249995,-4.676839125625
mp-1205336,BaMnO3,Ba-Mn-O,20,0.007626374666666,0.007626374666666,0.0,False,True,-2.482318499586207,-7.667293149000001,-14.405896731999999
mp-1205351,La4Se3N2,La-N-Se,18,0.0,0.0,0.0024738800000028,True,False,-2.106673152447916,-7.318708523888887,-22.186181819444446
mp-1205353,KMnF3,F-K-Mn,10,0.0,0.0,0.000273249499993,True,False,-3.016103159036205,-6.223091586999999,-9.025933332
mp-1205361,Te6RhI3,I-Rh-Te,20,0.061297523583332,0.06129752358333201,0.0,False,True,-0.345438092499999,-3.425056199999999,-3.3113562
mp-1205365,La2Zn5Sn,La-Sn-Zn,16,0.001948643125011,0.0019486431250110002,0.0,False,True,-0.517988485625,-16.6165831375,-16.6165831375
mp-1205367,K2FeF5,F-Fe-K,16,0.0,0.0,7.320468750027231e-05,True,False,-2.90476089446875,-5.442513710781251,-8.144731480625
mp-1205372,VCl4,Cl-V,20,0.0,0.0,0.0017999465000002,True,False,-1.2980599385,-9.0379262025,-9.0379262025
mp-1205388,Rb2Pd3S4,Pd-Rb-S,18,0.000473924999997,0.00047392499999700005,0.0,False,True,-0.950573358888887,-4.733940517222221,-15.17231003277778
mp-1205397,Ba2YInSe5,Ba-In-Se-Y,18,0.006603826944444,0.006603826944444001,0.0,False,True,-1.878695495376157,-5.277114663333333,-5.014892441111112
mp-1205400,Ba2NdInTe5,Ba-In-Nd-Te,18,0.00573952625,0.005739526250000001,0.0,False,True,-1.534903525833332,-4.543992472777777,-4.309548028333333
mp-1205419,SrSnS3,S-Sn-Sr,20,0.0,0.0,0.0088173854999977,True,False,-1.2687797256875,-14.067571032,-14.067571032
mp-1205488,Yb3(CuSi)4,Cu-Si-Yb,11,0.0,0.0,0.0543033140909132,True,False,-0.686017594090913,-17.78332475181818,-17.78332475181818
mp-1205533,TlSnI3,I-Sn-Tl,10,0.0,0.0,0.0079479089999985,True,False,-0.8054596336666701,-2.996075997000003,-30.948636837
mp-1205542,Rb2NaTbF6,F-Na-Rb-Tb,10,0.0,0.0,0.0024213789999993,True,False,-3.577728421304597,-5.520105101,-5.242905101
mp-1205548,KSrI3,I-K-Sr,10,0.0,0.0,0.0039265959999985,True,False,-1.847555648450002,-3.326722780000003,-20.82096825
mp-1205567,Y2Br3,Br-Y,10,0.005704992,0.005704992000000001,0.0,False,True,-1.838593256999999,-5.4243977779999994,-17.844776643
mp-1205595,Ba2TmMoO6,Ba-Mo-O-Tm,10,0.0,0.0,9.570700000072208e-05,True,False,-3.068558652,-7.953945401999999,-7.221545401999999
mp-1205597,Ba2TbMoO6,Ba-Mo-O-Tb,10,0.0,0.0,0.0021266769999996,True,False,-3.026519996666666,-7.927442961,-7.195042961
mp-1205604,KVCl3,Cl-K-V,10,0.0,0.0,0.0037557119999958,True,False,-1.83589193925,-9.548923211,-9.548923211
mp-1205619,Nd2CdRh2,Cd-Nd-Rh,10,0.0,0.0,0.0179397889999997,True,False,-0.586200247999999,-5.631184407000001,-26.080765966
mp-1205638,Cs3BrO,Br-Cs-O,10,0.0,0.0,0.086045144000002,True,False,-1.5475638007931032,-3.4093318509999992,-20.418434303
mp-1205647,La2ScSi2,La-Sc-Si,10,0.004926304055551,0.004926304055551001,0.0,False,True,-0.751757497999997,-18.438872889000002,-18.438872889000002
mp-1205649,LiSc(TlCl3)2,Cl-Li-Sc-Tl,10,0.0,0.0,0.0109186116666641,True,False,-1.9962580364999991,-4.403817336999999,-4.035417337
mp-1205650,Ba2TaTlO6,Ba-O-Ta-Tl,10,0.0,0.0,0.0038348929999996,True,False,-2.814804107066668,-7.591215664000001,-7.179015664
mp-1205665,Ba2EuRuO6,Ba-Eu-O-Ru,10,0.000980010266671,0.000980010266671,0.0,False,True,-2.6238421995,-7.932665236,-7.520465236
mp-1205669,Ba2YMoO6,Ba-Mo-O-Y,10,0.0,0.0,0.0015634550000012,True,False,-3.021668231999999,-8.109713983999999,-7.377313984
mp-1205672,KTl2CrF6,Cr-F-K-Tl,10,0.0,0.0,0.0107201904999998,True,False,-2.677724281391668,-5.378771849,-4.901671849
mp-1205673,Nd(PPt)2,Nd-P-Pt,10,0.0,0.0,0.0585692831111082,True,False,-0.9660558523571431,-6.514328077000002,-31.156242206
mp-1205676,NaSr2OsO6,Na-O-Os-Sr,10,0.0,0.0,0.0415723269999999,True,False,-2.334082770137931,-6.898253812,-6.486053812
mp-1205683,Cs2KCrCl6,Cl-Cr-Cs-K,10,0.0,0.0,0.0050911335000014,True,False,-1.948814964874999,-12.771129536,-12.771129536
mp-1205688,Pr(PPt)2,P-Pr-Pt,10,0.0,0.0,0.0483829639999973,True,False,-0.96831811919048,-6.522055149000005,-31.154792411
mp-1205711,La2Ru2I,I-La-Ru,10,0.0,0.0,0.0013720520000042,True,False,-0.690370609000002,-6.679336990000001,-27.714060774
mp-1205717,KRb2MnF6,F-K-Mn-Rb,10,0.0,0.0,0.0051332749999897,True,False,-2.972165431018103,-5.345922172,-4.901922172
mp-1205718,LaSiOs2C,C-La-Os-Si,10,0.0,0.0,0.005900257250003,True,False,-0.458806532999999,-8.868215060999999,-8.868215060999999
mp-1205724,Pr2CdRh2,Cd-Pr-Rh,10,0.0,0.0,0.0197268799999994,True,False,-0.5548495466666631,-5.610763315999998,-26.040670837
mp-1205741,TiMnAs,As-Mn-Ti,9,0.0,0.0,0.0364359116666666,True,False,-0.6500703595881221,-7.892613639999999,-14.877018099999999
mp-1205752,Rb3YbF6,F-Rb-Yb,10,0.0,0.0,0.0975143384999999,True,False,-3.541985616874998,-13.249798664,-13.249798664
mp-1205754,Na2CeF6,Ce-F-Na,9,0.0,0.0,0.0211445211111209,True,False,-3.608789430306512,-5.842512283333332,-9.89011767888889
mp-1205758,Ba2EuMoO6,Ba-Eu-Mo-O,10,0.0,0.0,0.0069116729999922,True,False,-2.8686539884999993,-8.334601781999998,-18.240103576000003
mp-1205761,K2PdBr6,Br-K-Pd,9,0.0,0.0,0.0027475000000025,True,False,-1.306930614944443,-3.225186222222222,-13.842560457777777
mp-1205765,BaZnSb2,Ba-Sb-Zn,8,0.003342628854165,0.0033426288541650003,0.0,False,True,-0.6959581262499991,-3.55513838375,-3.45913838375
mp-1205795,LaNi3B,B-La-Ni,10,0.0,0.0,0.0010178144999999,True,False,-0.441663717833339,-6.232825501000006,-15.042177272999998
mp-1205802,Rb2NaYbF6,F-Na-Rb-Yb,10,0.0,0.0,0.0520293734999999,True,False,-3.625714126750002,-12.296859098,-12.296859098
mp-1205865,Rb2NaPdF6,F-Na-Pd-Rb,10,0.0,0.0,0.0055313480000007,True,False,-2.50453494663793,-4.501113445,-4.223913445
mp-1205871,Dy6FeBi2,Bi-Dy-Fe,9,0.000966889876544,0.0009668898765440001,0.0,False,True,-0.41147919999999905,-5.295961755555557,-36.412512703333334
mp-1205884,Pr3(GaNi2)2,Ga-Ni-Pr,9,0.016692565370372,0.016692565370372,0.0,False,True,-0.437027757777777,-5.277378106666666,-5.277378106666666
mp-1205911,TmCdAu,Au-Cd-Tm,9,0.0,0.0,0.0108609527777776,True,False,-0.623908175555555,-3.52937273222222,-35.99188685
mp-1205914,ErBiRh,Bi-Er-Rh,9,0.0,0.0,0.0137366655555561,True,False,-0.732850114444447,-6.006870444444448,-39.66545909111111
mp-1205953,HoBiRh,Bi-Ho-Rh,9,0.0,0.0,0.0080019,True,False,-0.7331123983333371,-6.017119613333339,-39.32728125111111
mp-1205955,K5Bi4,Bi-K,9,0.0,0.0,0.0012963690972216,True,False,-0.48476825986110905,-29.829258777777778,-29.829258777777778
mp-1205985,Zr6Te2Pt,Pt-Te-Zr,9,0.0,0.0,0.0723896380952364,True,False,-0.821677993333332,-27.35733543222222,-27.35733543222222
mp-1205998,Rb3TmF6,F-Rb-Tm,10,0.0,0.0,0.0381214380000001,True,False,-3.56506299125,-5.455784786,-13.098879651999999
mp-12060,Nd(AsPd)2,As-Nd-Pd,5,0.0,0.0,0.0234753869999995,True,False,-0.846399822499998,-5.740031045999999,-21.879233692
mp-1206010,K2CeF6,Ce-F-K,9,0.0,0.0,0.0053522100000007,True,False,-3.6590231693888873,-5.846001343333332,-10.479293436666667
mp-1206020,K2Ce(CuS2)2,Ce-Cu-K-S,9,0.0,0.0,0.0025317624999976,True,False,-1.407019940499998,-5.067874774444444,-4.844319218888889
mp-1206041,Cs3VF6,Cs-F-V,10,0.0,0.0,0.0531392469999998,True,False,-3.104529692,-13.921639934999998,-13.921639934999998
mp-1206055,NdSi2Ag,Ag-Nd-Si,8,0.0,0.0,0.0011016770833327,True,False,-0.550971238125001,-17.6313250675,-17.6313250675
mp-12061,Lu(FeB)2,B-Fe-Lu,5,0.0,0.0,0.0013771270555569,True,False,-0.47737769700000104,-7.4414803800000024,-16.750007529999998
mp-1206146,Rb3DyF6,Dy-F-Rb,10,0.0,0.0,0.0494694374999999,True,False,-3.534895507416666,-5.439204707,-12.747481625999999
mp-1206152,Si(AgP)2,Ag-P-Si,10,0.0,0.0,0.002847000333336,True,False,-0.109213733190475,-14.007148035,-14.007148035
mp-1206166,ErCdAu,Au-Cd-Er,9,0.0,0.0,0.0025202594444446,True,False,-0.6309981733333381,-3.564868506666673,-35.59606047111111
mp-1206169,SrCuSi,Cu-Si-Sr,6,0.0,0.0,0.0136774967857151,True,False,-0.31478268333333403,-4.053766946666667,-11.954305728333333
mp-1206170,YCr2Si2C,C-Cr-Si-Y,6,0.00558814587427,0.00558814587427,0.0,False,True,-0.425556407499999,-8.075023931666665,-8.098690598333333
mp-1206264,SmNiSb,Ni-Sb-Sm,6,0.0,0.0,0.0270378933333326,True,False,-0.889733718333329,-5.765641736666663,-23.38395256833333
mp-1206265,LaSiI,I-La-Si,6,0.0,0.0,2.366166666600833e-05,True,False,-1.244760629999999,-5.206539879999998,-22.302174278333336
mp-1206266,K2NaCrCl6,Cl-Cr-K-Na,10,0.0,0.0,0.0077850826666647,True,False,-1.958004638587931,-4.392881088,-4.024481088
mp-1206278,NdInCu4,Cu-In-Nd,6,0.011223258555588,0.011223258555588,0.0,False,True,-0.25045154958333404,-16.147748776666667,-16.147748776666667
mp-12063,Ce(AgGe)2,Ag-Ce-Ge,5,0.160307784444444,0.16030778444444402,0.0,False,True,-0.376001864666665,-4.549778052,-4.549778052
mp-1206310,NdCr2Si2C,C-Cr-Nd-Si,6,0.002429965040936,0.0024299650409360003,0.0,False,True,-0.405854798749999,-7.765164978333332,-7.788831644999999
mp-1206320,RbScCl3,Cl-Rb-Sc,10,0.0,0.0,0.0241445296666666,True,False,-2.302580952499998,-4.874307267999998,-10.920809896
mp-1206321,YbTlBr3,Br-Tl-Yb,10,0.226913215000017,0.22691321500001702,0.0,False,True,-1.490408497499999,-27.387473028,-27.387473028
mp-1206350,K2Te2Pd,K-Pd-Te,5,0.0,0.0,0.0683437506666688,True,False,-0.9473361494999971,-18.11362217,-18.11362217
mp-1206369,ScPd2Pb,Pb-Pd-Sc,4,0.0,0.0,0.0131570514062522,True,False,-0.680350783749997,-29.081482955,-29.081482955
mp-1206371,NbH,H-Nb,4,0.0,0.0,0.0686315450000005,True,False,-0.187487919374998,-14.282081445,-14.282081445
mp-1206410,Pb2IOF,F-I-O-Pb,10,0.0,0.0,0.0212304835000001,True,False,-1.728314184999999,-4.890538212,-4.584938212
mp-1206412,Nd2GaCo2,Co-Ga-Nd,5,0.0,0.0,0.0118365379999998,True,False,-0.270398000499999,-5.636642866,-19.57483802
mp-1206413,YbRu3C,C-Ru-Yb,5,0.0,0.0,0.0882569372500006,True,False,-0.32034384799999804,-24.870387819999998,-24.870387819999998
mp-1206427,KRb2CuF6,Cu-F-K-Rb,10,0.0,0.0,0.0006829209999992,True,False,-2.564464233225,-4.431940112,-4.154740112000001
mp-1206435,Ba2DyTaO6,Ba-Dy-O-Ta,10,0.0,0.0,0.0010347429999999,True,False,-3.579592562899999,-8.580694461,-8.168494461
mp-1206444,Cs3IO,Cs-I-O,10,0.0,0.0,0.0244025479999998,True,False,-1.451217752793101,-3.290399018999997,-22.609075697
mp-1206448,Rb3ErF6,Er-F-Rb,10,0.0,0.0,0.0462719399999995,True,False,-3.551303009249999,-5.450546536999999,-12.961409477999998
mp-1206466,SbPbBrO2,Br-O-Pb-Sb,10,0.0,0.0,0.0380268587499941,True,False,-1.626468980999999,-5.501372352,-5.119772352
mp-1206476,Dy2GaCo2,Co-Dy-Ga,5,0.0,0.0,0.0015811519999999,True,False,-0.39696348616666405,-5.70329959,-20.719817644
mp-1206479,YbTlCu4,Cu-Tl-Yb,6,0.0,0.0,0.0177347014444442,True,False,-0.216676132499998,-22.399320693333333,-22.399320693333333
mp-1206487,Yb(CdAs)2,As-Cd-Yb,5,0.251742558000007,0.251742558000007,0.0,False,True,-0.540153227999997,-21.771036455999997,-21.771036455999997
mp-1206489,CsScI3,Cs-I-Sc,10,0.0,0.0,0.0032156603333342,True,False,-1.5445554889310351,-3.907052393,-23.562594505
mp-1206495,Pb2BrOF,Br-F-O-Pb,10,0.0,0.0,0.0372594522500007,True,False,-1.854966279999998,-5.039777090999999,-4.703177091
mp-1206497,Cs3CoF6,Co-Cs-F,10,0.0,0.0,0.0009035700000001,True,False,-2.661095949896553,-4.795142318000001,-13.43506515
mp-1206506,EuO2,Eu-O,3,0.228789992500002,0.228789992500002,0.0,False,True,-2.642187138333334,-9.370198446666665,-19.258556638333335
mp-1206522,Yb(ZnGa)2,Ga-Yb-Zn,5,0.0,0.0,9.337969230927e-05,True,False,-0.46073286500000205,-15.907960044000001,-15.907960044000001
mp-1206527,TbSbPd,Pd-Sb-Tb,6,0.0,0.0,0.0424174400000003,True,False,-1.081712342222218,-5.730627899999997,-27.829566101666668
mp-1206552,BaBiBrO2,Ba-Bi-Br-O,10,0.0,0.0,0.0004540062499964,True,False,-2.326006932000001,-5.794382491,-5.412782491
mp-1206553,Rb2LiRuCl6,Cl-Li-Rb-Ru,10,0.0,0.0,0.0029396370000007,True,False,-1.7468061338333332,-4.170371169,-3.801971169
mp-1206565,Pr2CdAu2,Au-Cd-Pr,10,0.003180569166668,0.0031805691666680004,0.0,False,True,-0.685415546666661,-4.105158967999995,-36.794747081000004
mp-1206603,RbCrSe2,Cr-Rb-Se,4,0.0,0.0,0.0050709775000008,True,False,-1.018215508046874,-5.4245666324999995,-15.484849805
mp-1206605,HfFeF6,F-Fe-Hf,8,0.134006607291675,0.13400660729167502,0.0,False,True,-3.41574119875,-7.15453176,-6.52603176
mp-1206619,Dy7(TePt)2,Dy-Pt-Te,11,0.0,0.0,0.0506672540909072,True,False,-1.161182355909085,-35.49595553727273,-35.49595553727273
mp-1206623,Cs2RhF6,Cs-F-Rh,9,0.0,0.0,0.0088854544444441,True,False,-2.442304976666667,-12.787783013333332,-12.787783013333332
mp-1206636,SrTl3,Sr-Tl,4,0.02940481625,0.029404816250000004,0.0,False,True,-0.294486412500006,-43.965380115,-43.965380115
mp-1206649,SmCoGe3,Co-Ge-Sm,5,0.0,0.0,0.0502152142500005,True,False,-0.527095221999999,-17.443712859999998,-17.443712859999998
mp-1206651,LaCoSi2,Co-La-Si,8,0.0,0.0,0.0081519937500003,True,False,-0.694111732499999,-15.82574686375,-15.82574686375
mp-1206690,Rb2NaSmF6,F-Na-Rb-Sm,10,0.0,0.0,0.0028579226666609,True,False,-3.538864388137931,-5.489313319,-5.212113319
mp-1206697,EuNiP,Eu-Ni-P,3,0.0,0.0,0.0072036183333334,True,False,-0.9691620432142861,-8.13040275,-20.908627393333333
mp-1206704,MoPd2,Mo-Pd,3,0.0,0.0,0.0060832966666666,True,False,-0.07804413333333,-24.07567302,-24.07567302
mp-1206716,TbNiAs,As-Ni-Tb,3,0.0,0.0,0.0019540266666666,True,False,-1.048442181388889,-6.077816460000001,-20.476934216666667
mp-1206718,YNiAs,As-Ni-Y,3,0.0,0.0,0.0017995408333328,True,False,-1.039525645833332,-6.692642549999999,-16.83255968
mp-1206750,CrPt,Cr-Pt,2,0.0,0.0,0.0434035466666662,True,False,-0.275839335,-33.55636898,-33.55636898
mp-1206759,LiZrS2,Li-S-Zr,4,0.0,0.0,0.04427833,True,False,-1.743528109583339,-6.426382840000006,-12.0129168425
mp-1206785,Nd2GaNi2,Ga-Nd-Ni,5,0.0,0.0,0.002389054,True,False,-0.46598527049999905,-5.290918120000001,-19.31346008
mp-1206794,LiAu,Au-Li,2,0.0,0.0,0.0001890399999999,True,False,-0.562660433333331,-27.048493715,-27.048493715
mp-1206810,Ho2GaCo2,Co-Ga-Ho,5,0.0,0.0,0.0001681319999997,True,False,-0.41095073549999905,-5.709008414000001,-21.094109015999997
mp-1206818,Dy2MgPd2,Dy-Mg-Pd,10,0.0,0.0,0.0075068148333308,True,False,-0.769929664666663,-5.015326603,-23.609632976
mp-1206819,ZnIr,Ir-Zn,2,0.0,0.0,0.0130477575000016,True,False,-0.216662947499997,-30.851640975,-30.851640975
mp-1206825,Lu2SeO2,Lu-O-Se,5,0.0,0.0,0.0350464231666594,True,False,-3.519900169135417,-8.006941848,-23.978379014
mp-1206854,TiMnP,Mn-P-Ti,9,0.0,0.0,0.0032607069444434,True,False,-1.019088297524631,-8.510081908888889,-13.19994556
mp-1206859,ErBrO,Br-Er-O,6,0.0,0.0,0.0994777549999996,True,False,-3.3549093016666642,-7.072451418333332,-20.995197988333334
mp-1206863,CsCaCl3,Ca-Cl-Cs,10,0.0,0.0,0.0003285049999961,True,False,-2.5344200994999992,-12.655232778,-12.655232778
mp-1206870,MnCu2GeTe4,Cu-Ge-Mn-Te,8,0.0,0.0,0.0294350171874997,True,False,-0.31318375869971204,-4.63276876625,-4.42176876625
mp-1206880,Li2HgO2,Hg-Li-O,5,0.0,0.0,0.0050564040000029,True,False,-1.502459395833334,-4.307147351999999,-14.583397302
mp-1206883,K2CoF6,Co-F-K,9,0.0,0.0,0.0479368833333424,True,False,-2.467351918277778,-4.787270853333333,-7.386235733333333
mp-1206889,YCCl,C-Cl-Y,6,0.0,0.0,0.0323582454166651,True,False,-1.427804618333335,-7.290676933333334,-13.597805203333332
mp-1206895,La2Ni2I,I-La-Ni,10,0.000311161,0.000311161,0.0,False,True,-0.8066588959999991,-5.397918933,-22.385429663
mp-1206909,CaBPd3,B-Ca-Pd,5,0.0,0.0,0.0718628396428577,True,False,-0.5539117944999981,-17.20711354,-17.20711354
mp-1206944,LaMgCu,Cu-La-Mg,9,0.0,0.0,0.0001411956944457,True,False,-0.170175606666668,-3.725403536666667,-15.083934816666666
mp-1206959,Yb(PPd)2,P-Pd-Yb,5,0.081236594099998,0.081236594099998,0.0,False,True,-0.943450068190477,-21.034337794000002,-21.034337794000002
mp-1206961,Yb(ZnSi)2,Si-Yb-Zn,5,0.063139129666664,0.063139129666664,0.0,False,True,-0.292857219000001,-14.672479856,-14.672479856
mp-1206962,LiTaF6,F-Li-Ta,8,0.006719753749999,0.006719753749999001,0.0,False,True,-3.448593890499999,-12.16543224375,-12.16543224375
mp-1206981,BaYb2F8,Ba-F-Yb,11,0.0,0.0,0.0388263915909083,True,False,-4.452467351363636,-15.776700692727273,-15.776700692727273
mp-1206998,La(AlSi)2,Al-La-Si,5,0.0,0.0,0.0036463869999971,True,False,-0.46276653099999904,-12.614067742,-12.614067742
mp-1207016,Dy6MnBi2,Bi-Dy-Mn,9,0.0,0.0,0.0008455538888894,True,False,-0.5662763138314131,-36.51946537111111,-36.51946537111111
mp-1207023,Yb2AlNi2,Al-Ni-Yb,5,0.0,0.0,0.0059225750000004,True,False,-0.6106172280000011,-21.361475272,-21.361475272
mp-1207033,Yb2NiGe6,Ge-Ni-Yb,9,0.0,0.0,0.0424513962037034,True,False,-0.507486637777778,-19.204413327777775,-19.204413327777775
mp-1207036,Dy2Ni2Sn,Dy-Ni-Sn,5,0.0,0.0,0.0212502939999996,True,False,-0.592207414666662,-5.553526668999998,-23.139090672000002
mp-1207040,Ba2InOsO6,Ba-In-O-Os,10,0.0,0.0,0.0039387411625018,True,False,-2.319753972666666,-7.070979681,-6.658779681
mp-1207104,Cs2KHoCl6,Cl-Cs-Ho-K,10,0.0,0.0,0.0101000939999993,True,False,-2.516008354156034,-4.379634467,-4.011234466999999
mp-1207118,Ba2CdMoO6,Ba-Cd-Mo-O,10,0.0,0.0,0.0035246549999996,True,False,-2.469319745,-7.002457366,-6.270057366
mp-1207129,Nd2Ni2Sn,Nd-Ni-Sn,5,0.0,0.0,0.0002505700000021,True,False,-0.520081673999995,-5.541309689999997,-22.03124885
mp-1207140,Tb2GaCo2,Co-Ga-Tb,5,0.0,0.0,0.0034320059999997,True,False,-0.385565188166666,-5.69969653,-20.403172336
mp-1207146,La2CdNi2,Cd-La-Ni,5,0.0,0.0,0.0023136799999994,True,False,-0.36343074599999803,-4.841890297999998,-21.061248456
mp-1207149,Nd2CdAu2,Au-Cd-Nd,10,0.00297605433333,0.0029760543333300004,0.0,False,True,-0.701418167,-4.110231978000002,-36.820157553
mp-1207153,Gd3GaC,C-Ga-Gd,5,0.001032059000001,0.0010320590000010002,0.0,False,True,-0.404341904499999,-11.301830981999998,-30.774030654
mp-1207192,NdHSe,H-Nd-Se,6,0.0,0.0,0.0139278266666664,True,False,-1.666678746770832,-17.39490595166667,-17.39490595166667
mp-1207212,LiHfS2,Hf-Li-S,4,0.0,0.0,0.0462053125000005,True,False,-1.7204861020833322,-6.7557129325,-17.560168675
mp-1207234,Yb2GaNi2,Ga-Ni-Yb,5,0.0,0.0,0.0076545750000001,True,False,-0.640889895999998,-22.333883464,-22.333883464
mp-1207236,Pr4Mg3Co2,Co-Mg-Pr,9,0.0,0.0,2.245555556612544e-06,True,False,-0.06957963907407501,-4.329594007777779,-17.43788459
mp-1207239,Pr2GaNi2,Ga-Ni-Pr,5,0.0,0.0,0.0004129381249962,True,False,-0.44028440016666903,-5.276146860000002,-19.272773609999998
mp-1207274,LiGaIr,Ga-Ir-Li,6,0.0,0.0,0.0181706822222231,True,False,-0.48118065388888903,-22.544125925,-22.544125925
mp-1207275,Dy3(In2Co)2,Co-Dy-In,9,0.0,0.0,0.0017101760269335,True,False,-0.35697508240740705,-4.707936748888891,-24.066514868888888
mp-1207386,ZrNF,F-N-Zr,12,0.0,0.0,0.0214207747916681,True,False,-2.745236624166667,-9.011846874166666,-14.528951125833332
mp-1207396,Zr2FeB2Ru5,B-Fe-Ru-Zr,20,0.005134849,0.005134849,0.0,False,True,-0.42753947833333206,-8.9571613495,-8.9571613495
mp-1207404,Zr5CoSb3,Co-Sb-Zr,18,0.0,0.0,0.0131584905555559,True,False,-0.733012128888889,-23.411027445,-23.411027445
mp-1207448,Zr3Sb4Pt3,Pt-Sb-Zr,20,0.0,0.0,0.0172892075000064,True,False,-0.9191475280000021,-33.472926461499995,-33.472926461499995
mp-1207497,YbZrF7,F-Yb-Zr,18,0.019013817222223,0.019013817222223003,0.0,False,True,-4.229559595,-13.247489188333333,-13.247489188333333
mp-1207514,YbPPd,P-Pd-Yb,12,0.0,0.0,0.0435469966666675,True,False,-1.38075188515873,-24.211388120833334,-24.211388120833334
mp-1207519,YbNi4Sn,Ni-Sn-Yb,6,0.00070334388889,0.0007033438888900001,0.0,False,True,-0.38316727250000004,-18.583572473333334,-18.583572473333334
mp-1207541,YbMgGa4,Ga-Mg-Yb,6,0.016039754166666,0.016039754166666,0.0,False,True,-0.403633365000002,-14.815264393333335,-14.815264393333335
mp-1207559,Yb3H2Pb,H-Pb-Yb,12,0.0,0.0,0.0450288683333321,True,False,-0.580795982083339,-29.378045193333335,-29.378045193333335
mp-1207571,Yb3SnH2,H-Sn-Yb,12,0.064599029444448,0.06459902944444801,0.0,False,True,-0.6553128304166661,-24.19607032,-24.19607032
mp-1207575,YbCoGe,Co-Ge-Yb,12,0.0,0.0,0.0107172286666674,True,False,-0.6716056783333351,-21.883468176666668,-21.883468176666668
mp-1207579,Yb5As3,As-Yb,16,0.126049473125,0.126049473125,0.0,False,True,-1.1978214071875,-29.544007268125,-29.544007268125
mp-1207596,Yb(AlC)3,Al-C-Yb,14,0.0,0.0,0.0967237140178554,True,False,-0.501195158571428,-12.867963636428572,-12.867963636428572
mp-1207598,YPd3S4,Pd-S-Y,16,0.001337695624997,0.0013376956249970002,0.0,False,True,-1.03368976328125,-16.200078600625,-16.200078600625
mp-1207599,Yb2Si,Si-Yb,12,0.109306323611107,0.10930632361110701,0.0,False,True,-0.6034137258333341,-27.880921114166668,-27.880921114166668
mp-12076,Tm(FeB)2,B-Fe-Tm,5,0.0,0.0,0.0089754907999983,True,False,-0.45197801166667,-7.408243500000003,-16.128137296
mp-1207615,YHfF7,F-Hf-Y,18,0.009206353888886,0.009206353888886,0.0,False,True,-4.2590652138888885,-13.964310991666666,-13.964310991666666
mp-1207632,YCoSi,Co-Si-Y,12,0.0,0.0,0.0316178758333318,True,False,-0.6724761249999981,-7.028418208333331,-14.765447773333333
mp-1207635,Yb3(CuSn)4,Cu-Sn-Yb,11,0.0,0.0,0.0463226609090923,True,False,-0.512586904090912,-23.418046492727274,-23.418046492727274
mp-1207658,Yb(FeSb3)4,Fe-Sb-Yb,17,0.113945088235301,0.11394508823530101,0.0,False,True,-0.035698630294114006,-23.721505812941174,-23.721505812941174
mp-1207686,TmTiClO3,Cl-O-Ti-Tm,12,0.0,0.0,0.0837756252777754,True,False,-3.5481689280555573,-8.393238813333333,-7.9474054800000005
mp-1207717,Y5SbPd2,Pd-Sb-Y,16,0.0,0.0,0.0275703643750002,True,False,-0.8313900749999981,-22.48079354375,-22.48079354375
mp-1207728,Y5(GeSb)2,Ge-Sb-Y,18,0.000852626555552,0.0008526265555520001,0.0,False,True,-1.144938063888888,-21.225448221666667,-21.225448221666667
mp-1207753,Y5BiPd2,Bi-Pd-Y,16,0.0,0.0,0.0003975716666673,True,False,-0.7534942949999991,-26.502392515625,-26.502392515625
mp-1207770,Y5BiPt2,Bi-Pt-Y,16,0.003644820000005,0.0036448200000050003,0.0,False,True,-1.028156177499994,-33.908870220625,-33.908870220625
mp-1207841,V5Si3N,N-Si-V,18,0.034000601568628,0.034000601568628004,0.0,False,True,-0.7727684315277761,-12.539204332222221,-12.539204332222221
mp-1207873,VAg(SO4)2,Ag-O-S-V,12,0.001714150520831,0.001714150520831,0.0,False,True,-1.843689899722222,-6.825800500833334,-6.226133834166667
mp-1207893,V5Se8,Se-V,13,0.0,0.0,0.0026612619230759,True,False,-0.9437275209615361,-15.169909097692308,-15.169909097692308
mp-1207959,Tm3Fe2Si3,Fe-Si-Tm,16,0.0,0.0,0.0046388243750046,True,False,-0.6655634087500021,-6.4985010275,-6.5251260275
mp-1207970,Tm5BiPt2,Bi-Pt-Tm,16,0.014350338749999,0.014350338749999001,0.0,False,True,-1.058997825000005,-43.194366449375,-43.194366449375
mp-1207986,Tm5SbPd2,Pd-Sb-Tm,16,0.0,0.0,0.013948359375,True,False,-0.8597478568749991,-31.763805906875,-31.763805906875
mp-1208013,TlV(SO4)2,O-S-Tl-V,12,0.0,0.0,0.033457376666667,True,False,-1.9731049465277781,-6.915926750833333,-6.316260084166667
mp-1208016,Tm5Ni2Bi,Bi-Ni-Tm,16,0.0,0.0,0.0020899049519256,True,False,-0.46771581125000505,-5.200567695,-32.765875340625
mp-1208154,Tl2VF6,F-Tl-V,9,0.0,0.0,0.0841444344444539,True,False,-2.614846212222223,-18.0819965,-18.0819965
mp-1208175,Tl2CoI4,Co-I-Tl,14,0.0,0.0,0.0267994064285721,True,False,-0.6239641009523841,-3.191451445714286,-31.68936041857143
mp-1208269,TbZrF7,F-Tb-Zr,18,0.024266144722222,0.024266144722222,0.0,False,True,-4.214717442777778,-12.643430965555556,-12.643430965555556
mp-1208287,TeAsOs,As-Os-Te,12,0.05961216708334,0.05961216708334,0.0,False,True,-0.171871186249992,-31.20853256874999,-6.4293430350000005
mp-1208299,TbSBr,Br-S-Tb,12,0.0,0.0,0.0316308083333343,True,False,-2.336142777222209,-5.806878734166655,-19.802569156666667
mp-1208303,TbCdPd,Cd-Pd-Tb,9,0.0,0.0,0.0096819933333334,True,False,-0.672608308888887,-4.265193516666667,-25.498984016666668
mp-1208319,TbTiClO3,Cl-O-Tb-Ti,12,0.0,0.0,0.073169362777774,True,False,-3.536463339999999,-8.407426915833332,-7.9615935825
mp-1208320,TbNiP,Ni-P-Tb,12,0.0,0.0,0.0021229449999999,True,False,-1.213128120436508,-6.490952730000001,-18.734223610833332
mp-1208331,TbSbIr,Ir-Sb-Tb,12,0.021771178333338,0.021771178333338,0.0,False,True,-0.901037101388883,-6.769470115833329,-37.46863461416667
mp-1208332,TbHfF7,F-Hf-Tb,18,0.009763241296296,0.009763241296296,0.0,False,True,-4.270755038333334,-15.188537837222222,-15.188537837222222
mp-1208359,TbSiNi,Ni-Si-Tb,12,0.0,0.0,0.0005338166666675,True,False,-0.764355161388889,-6.045461272500002,-18.154855815833333
mp-1208418,Tb5BiPt2,Bi-Pt-Tb,16,0.010586395000004,0.010586395000004,0.0,False,True,-1.044679444999999,-40.745914231875,-40.745914231875
mp-1208432,Ta3MnS6,Mn-S-Ta,20,0.020986080176724,0.020986080176724,0.0,False,True,-1.313679263993103,-8.2723976835,-7.9705976835
mp-1208445,Tb5CuPb3,Cu-Pb-Tb,18,0.0,0.0,0.0010633504444452,True,False,-0.49535324037036804,-4.764960573333332,-37.96212859166667
mp-1208448,Tb4Ga12Ag,Ag-Ga-Tb,17,0.03928207401961,0.03928207401961,0.0,False,True,-0.5180501010784281,-3.914023303529409,-17.247743018235294
mp-1208560,TaTlCl6,Cl-Ta-Tl,16,0.0,0.0,0.0176925062500004,True,False,-1.7437597257083342,-4.909966783125,-18.77771342375
mp-1208602,SrZrF6,F-Sr-Zr,16,0.0,0.0,0.0132296993749996,True,False,-4.141602573125,-11.2230551575,-11.2230551575
mp-1208619,SrLiGaF6,F-Ga-Li-Sr,18,0.0,0.0,4.961222222643613e-05,True,False,-3.469972376203703,-5.482479179444444,-5.174479179444444
mp-1208634,SrLiCrF6,Cr-F-Li-Sr,18,0.0,0.0,0.0001248988888891,True,False,-3.510632277037036,-6.259244796666667,-5.729133685555555
mp-1208643,SrHfS3,Hf-S-Sr,20,0.0,0.0,0.0001733479999996,True,False,-2.074540924687499,-18.954378553,-18.954378553
mp-1208832,SmLuSe3,Lu-Se-Sm,20,0.0,0.0,0.0182618254999997,True,False,-2.174970955770831,-24.324467995,-24.324467995
mp-1208838,SmSbPd,Pd-Sb-Sm,6,0.0,0.0,0.0061858666666667,True,False,-1.196833001666666,-27.330064221666664,-27.330064221666664
mp-1208842,SmTeAs,As-Sm-Te,12,0.0,0.0,0.0649252361111125,True,False,-1.405974312500002,-24.691867518333336,-24.691867518333336
mp-1208876,SmHfF7,F-Hf-Sm,18,0.014015806527748,0.014015806527748,0.0,False,True,-4.250952736666668,-15.00278999888889,-15.00278999888889
mp-1208946,Sr2FeIrO6,Fe-Ir-O-Sr,10,0.0,0.0,0.0003113030000001,True,False,-2.221845612999995,-7.259953372999995,-15.372637333
mp-1208950,SmMn6(Sn2Ge)2,Ge-Mn-Sm-Sn,13,0.0,0.0,0.0042694250000021,True,False,-0.213397244814324,-6.749937323076923,-6.749937323076923
mp-1208987,Sc2MnB2Ir5,B-Ir-Mn-Sc,20,0.059404773285715,0.059404773285715,0.0,False,True,-0.626617536126435,-8.564408330500001,-8.564408330500001
mp-1208999,ScAgSn,Ag-Sc-Sn,18,0.0,0.0,0.0035603672222226,True,False,-0.49075916333333003,-19.65760859,-19.65760859
mp-1209009,Sc2Mn3Si,Mn-Sc-Si,12,0.0,0.0,0.0002092958333292,True,False,-0.37553618813218304,-7.971586540833333,-12.827442015833334
mp-1209056,Sc2NiB2Ir5,B-Ir-Ni-Sc,20,0.0,0.0,0.0269481613857323,True,False,-0.685091547833323,-8.284694480999992,-31.880484547000002
mp-1209130,Sc2InPd2,In-Pd-Sc,20,0.0,0.0,0.0039756454999997,True,False,-0.861438928499998,-19.1207333905,-19.1207333905
mp-1209140,RbGa(SeO4)2,Ga-O-Rb-Se,12,0.0,0.0,0.05148098,True,False,-1.5139968624739581,-5.729341953333333,-5.271341953333333
mp-1209179,RbSbCl6,Cl-Rb-Sb,16,0.0,0.0,0.0049841018749998,True,False,-1.515102422812499,-3.540201436875,-10.76570216875
mp-1209187,RbSc(SO4)2,O-Rb-S-Sc,12,0.0,0.0,0.0186073416666667,True,False,-2.493636796458332,-7.091260683333332,-6.633260683333333
mp-1209214,RbHg5Cl11,Cl-Hg-Rb,17,0.0,0.0,0.004301995,True,False,-1.164678521176471,-2.509552936470587,-20.199564215294117
mp-1209220,RbFe(SO4)2,Fe-O-Rb-S,12,0.0,0.0,0.0377647224999995,True,False,-1.9583104335416661,-6.7340636625,-6.088063662500001
mp-1209222,RbLuBeF6,Be-F-Lu-Rb,18,7.788836420274947e-05,7.788836420274947e-05,0.0,False,True,-3.897784789907407,-6.200534638888889,-5.892534638888889
mp-1209238,RbCaBr3,Br-Ca-Rb,20,8.251750000365377e-05,8.251750000365377e-05,0.0,False,True,-2.284120756499998,-3.8635154679999983,-14.365671994
mp-1209282,Rb3ScF6,F-Rb-Sc,20,0.0,0.0,0.0041838380000003,True,False,-3.545157270749999,-5.620875827999999,-10.707817021
mp-1209283,PrZrF7,F-Pr-Zr,18,0.0346574175,0.0346574175,0.0,False,True,-4.175093544074073,-12.401309535555555,-12.401309535555555
mp-1209285,PrSbIr,Ir-Pr-Sb,12,0.0,0.0,0.0137999620238113,True,False,-0.9694118272222211,-36.79262034333333,-36.79262034333333
mp-1209288,PrTeAs,As-Pr-Te,12,0.0,0.0,0.0616831313888894,True,False,-1.417627728888893,-24.593864950833336,-24.593864950833336
mp-1209291,Rb3YbV2O8,O-Rb-V-Yb,14,0.0,0.0,0.0150843701785694,True,False,-2.803577624196429,-13.823676441428573,-13.823676441428573
mp-1209299,PrSiOs2C,C-Os-Pr-Si,10,0.0,0.0,0.0031527952500027,True,False,-0.452638061333333,-8.83393946,-8.83393946
mp-1209303,RbAl(SO4)2,Al-O-Rb-S,12,0.0,0.0,0.0326854691666662,True,False,-2.320185810208333,-6.7022352575,-6.244235257500001
mp-1209313,Pr2Sn5,Pr-Sn,14,0.021208527857142,0.021208527857142,0.0,False,True,-0.538869233333333,-4.772983832142858,-26.659732974285713
mp-1209333,Pr3Bi4Pt3,Bi-Pr-Pt,20,0.0,0.0,0.0519396480000002,True,False,-0.837261307499998,-5.653256464999998,-48.623907484
mp-1209337,PrVSb3,Pr-Sb-V,20,0.0,0.0,0.0033996266000002,True,False,-0.6640785948333331,-24.786574452500002,-24.786574452500002
mp-1209364,Rb3MnBr5,Br-Mn-Rb,18,0.0,0.0,0.0097522816666666,True,False,-1.7603356622701152,-4.014596793888889,-15.414000472777778
mp-1209365,PrNiAs,As-Ni-Pr,12,0.0,0.0,0.0085938099999998,True,False,-1.0057998480555561,-6.087710071666668,-19.818540216666666
mp-1209460,Rb2Mo(OF2)2,F-Mo-O-Rb,18,0.002359141666664,0.002359141666664,0.0,False,True,-2.691931421111111,-6.065048061666666,-5.351270283888889
mp-1209465,Rb2Mo(OF2)2,F-Mo-O-Rb,18,0.0,0.0,0.000178087777777,True,False,-2.694290562777778,-6.067407203333333,-5.353629425555556
mp-1209522,Rb2Mn3Te4,Mn-Rb-Te,18,0.0,0.0,0.0193520280076651,True,False,-0.661798023939972,-5.330724423333332,-20.20170502222222
mp-1209572,PrHfF7,F-Hf-Pr,18,0.019418129629629,0.019418129629629,0.0,False,True,-4.231187414074075,-14.946472681666668,-14.946472681666668
mp-1209589,PrCrSb3,Cr-Pr-Sb,20,0.009047160499989,0.009047160499989,0.0,False,True,-0.5899707228333341,-24.9092199125,-24.9092199125
mp-1209761,Pr3Ni3Bi4,Bi-Ni-Pr,20,0.0,0.0,0.0044633129999995,True,False,-0.577490163500002,-5.306186329000002,-36.4502873875
mp-1209778,Pr3HfSb5,Hf-Pr-Sb,18,0.028966537777769,0.028966537777769003,0.0,False,True,-1.076048909999997,-30.175478148333337,-30.175478148333337
mp-1209791,NiP8W,Ni-P-W,20,0.0,0.0,0.0063059569166661,True,False,-0.24286590388095103,-13.779478107500001,-13.779478107500001
mp-1209801,Pr3Ge5,Ge-Pr,16,0.0,0.0,0.0600174258333314,True,False,-0.8137149881249991,-20.51018461375,-20.51018461375
mp-1209829,NdBPt4,B-Nd-Pt,12,0.0,0.0,0.0041083841666713,True,False,-0.7727433086111041,-6.7280887224999955,-41.323092387500004
mp-1209847,NdNiAs,As-Nd-Ni,12,0.0,0.0,0.0050470908333331,True,False,-1.023229389166663,-6.096031604166664,-19.84458168
mp-1209881,NbTlCl6,Cl-Nb-Tl,16,0.0,0.0,0.0189803893750077,True,False,-1.650651436041667,-4.5961556806249995,-15.700138829375
mp-1209889,NdHfF7,F-Hf-Nd,18,0.016980564351841,0.016980564351841,0.0,False,True,-4.240553623055555,-14.957400292222221,-14.957400292222221
mp-1209895,NdZrF7,F-Nd-Zr,18,0.032223845648148,0.032223845648148,0.0,False,True,-4.184370040833333,-12.412147433888888,-12.412147433888888
mp-1209908,NdCrSb3,Cr-Nd-Sb,20,0.01243700549999,0.012437005499990002,0.0,False,True,-0.588394532999998,-24.9104542455,-24.9104542455
mp-1209911,NdSbIr,Ir-Nd-Sb,12,0.0,0.0,0.0072005329999997,True,False,-0.9936388458333361,-36.82153156666667,-36.82153156666667
mp-1209921,Nd2Si5Ni3,Nd-Ni-Si,20,0.017899590249998,0.017899590249998,0.0,False,True,-0.7340708929999991,-6.1344003985,-6.169900398499999
mp-1209933,Nd9Ga4,Ga-Nd,13,0.0,0.0,0.0064457069230767,True,False,-0.442405724423075,-24.329573773846157,-24.329573773846157
mp-1209941,Nb5Si3N,N-Nb-Si,18,0.026740266296293,0.026740266296293003,0.0,False,True,-0.8127696670833331,-18.49281607888889,-18.49281607888889
mp-1209960,NaYCl4,Cl-Na-Y,12,0.0,0.0,0.0123632358333347,True,False,-2.371705340833333,-10.4529615275,-10.4529615275
mp-1209961,NaTbCl4,Cl-Na-Tb,12,0.0,0.0,0.0060676202777791,True,False,-2.380106362500001,-12.280168080833334,-12.280168080833334
mp-1209968,NaHoCl4,Cl-Ho-Na,12,0.0,0.0,0.015488712499998,True,False,-2.3680666458333333,-12.543946658333333,-12.543946658333333
mp-1209990,Nd2NiRuO6,Nd-Ni-O-Ru,20,0.0,0.0,0.0244462009500008,True,False,-2.579572834499998,-8.007432845999999,-7.341132845999999
mp-1209998,NaTmCl4,Cl-Na-Tm,12,0.0,0.0,0.0059503774999969,True,False,-2.3740253675,-12.923189442499998,-12.923189442499998
mp-1210040,NaDyCl4,Cl-Dy-Na,12,0.0,0.0,0.0107904369444424,True,False,-2.374734739999999,-12.400691304166665,-12.400691304166665
mp-1210066,NaLaAgTe4,Ag-La-Na-Te,14,0.0,0.0,0.0022038721428563,True,False,-1.09210178638752,-4.191228805714286,-3.950085948571428
mp-1210101,NaBe2Tl3F8,Be-F-Na-Tl,14,0.000112298214285,0.00011229821428500001,0.0,False,True,-2.843264356527095,-5.075105917857143,-4.811105917857143
mp-1210261,NaCr2FeO8,Cr-Fe-Na-O,12,0.003162943437499,0.0031629434374990002,0.0,False,True,-1.737952860114942,-7.4630799408333335,-6.483913274166666
mp-1210289,Na3TmCl6,Cl-Na-Tm,20,0.0,0.0,0.0012990964999985,True,False,-2.242224645999999,-10.5150469845,-10.5150469845
mp-1210309,Na3TbBr6,Br-Na-Tb,20,0.0,0.0,0.0155669124999997,True,False,-2.010812340580457,-3.859282857499998,-14.0889176545
mp-1210332,Na3TmBr6,Br-Na-Tm,20,0.0,0.0,0.0148633069999997,True,False,-2.006215940913791,-3.839150243499998,-14.473106721499999
mp-1210441,Na3LuBr6,Br-Lu-Na,20,0.0,0.0,0.0147928779999997,True,False,-1.999619794080456,-3.836472693999996,-14.762687387
mp-1210445,Na3LuCl6,Cl-Lu-Na,20,0.0,0.0,0.0019978885000018,True,False,-2.239837143166666,-10.808542671,-10.808542671
mp-1210465,Na3CoF6,Co-F-Na,20,0.0,0.0,0.0111988224999999,True,False,-2.654233963913793,-4.9184032945,-6.978403195999999
mp-1210506,Na3HoBr6,Br-Ho-Na,20,0.0,0.0,0.0151376464999999,True,False,-2.007595586413791,-3.852047687499998,-14.251211737
mp-1210509,Pr12Co6Pb,Co-Pb-Pr,19,0.043910188350533,0.043910188350533,0.0,False,True,-0.05579121210526,-25.76831738631579,-25.76831738631579
mp-1210529,Na3ErBr6,Br-Er-Na,20,0.0,0.0,0.0149754269999999,True,False,-2.00764370891379,-3.849099744499997,-14.3532861605
mp-1210536,Na3DyBr6,Br-Dy-Na,20,0.0,0.0,0.0153412034999997,True,False,-2.008573365580457,-3.855095072999998,-14.163212038500001
mp-1210555,Mn3SnH,H-Mn-Sn,5,0.0,0.0,0.0335440753333333,True,False,-0.04364521200862,-7.021802045999999,-14.580145706
mp-1210567,MnZn13,Mn-Zn,14,0.014834107142855,0.014834107142855001,0.0,False,True,-0.018656289963055,-9.3415969,-9.3415969
mp-1210613,Mn2VPO7,Mn-O-P-V,11,0.002062821590886,0.002062821590886,0.0,False,True,-2.459959881409539,-8.59260871909091,-7.697608719090909
mp-1210632,Nd12Co6Pb,Co-Nd-Pb,19,0.009800724780703,0.009800724780703,0.0,False,True,-0.100850194210522,-25.82225170368421,-25.82225170368421
mp-1210646,MnSi(AgSe2)2,Ag-Mn-Se-Si,16,0.0,0.0,0.0341793583333336,True,False,-0.54760371382992,-4.8297105375000005,-4.5937105375
mp-1210650,LuZnRh,Lu-Rh-Zn,12,0.006832942916663,0.0068329429166630005,0.0,False,True,-0.8096737530555531,-24.51857755916667,-24.51857755916667
mp-1210678,LuZrF7,F-Lu-Zr,18,0.0,0.0,0.0021737663888901,True,False,-4.232078621851843,-7.172784700555547,-13.411263882222222
mp-1210698,LuTiClO3,Cl-Lu-O-Ti,12,0.0,0.0,0.0901076433333418,True,False,-3.5472499799999992,-8.398850860833333,-7.953017527499999
mp-1210700,Mn(SbSe2)2,Mn-Sb-Se,14,0.0,0.0,0.0155456516666649,True,False,-0.495499946533249,-18.115815240714287,-18.115815240714287
mp-1210824,MnCu2SiSe4,Cu-Mn-Se-Si,16,0.0,0.0,0.0162200712500002,True,False,-0.5681584196632531,-5.16433249125,-4.92833249125
mp-1210866,LiVCdF6,Cd-F-Li-V,18,0.002616103333338,0.0026161033333380003,0.0,False,True,-2.9762121275925733,-5.580206947222202,-9.126010654444444
mp-1210929,MnAg2SnSe4,Ag-Mn-Se-Sn,16,0.0,0.0,0.0287650054166661,True,False,-0.52828406320492,-4.633422615,-4.397422615
mp-1210977,LiMn2TeO6,Li-Mn-O-Te,20,0.0,0.0,0.0079906445000013,True,False,-1.9291509505862061,-7.235553487999999,-6.489753488
mp-1211045,LiGd2RuO6,Gd-Li-O-Ru,20,0.020619058166666,0.020619058166666003,0.0,False,True,-2.792406803833333,-9.6947403955,-9.2825403955
mp-1211056,LiMoN2,Li-Mo-N,4,0.0,0.0,0.0064337042708331,True,False,-0.670786503333332,-8.028568619999998,-12.3489299375
mp-1211071,Nd12InCo6,Co-In-Nd,19,0.012652099078948,0.012652099078948001,0.0,False,True,-0.075172333684209,-24.022545225789475,-24.022545225789475
mp-1211124,Li6NiCl8,Cl-Li-Ni,15,0.0,0.0,0.0212930793333345,True,False,-1.8174967759999991,-6.852261230666667,-6.852261230666667
mp-1211143,LiEuP,Eu-Li-P,12,0.0,0.0,0.0209921475000003,True,False,-1.169106968214284,-17.805662115,-17.805662115
mp-1211257,KTl(SO4)2,K-O-S-Tl,12,0.0,0.0,0.0094000849999904,True,False,-1.831071993798611,-6.111182435833332,-5.653182435833333
mp-1211264,KWCl6,Cl-K-W,16,0.0,0.0,0.0126244981249996,True,False,-1.29079119484375,-13.0783776575,-13.0783776575
mp-1211285,KTa(PO4)2,K-O-P-Ta,12,5.646187500296664e-05,5.6461875002966635e-05,0.0,False,True,-2.93183137032242,-8.2162424,-7.7582424
mp-1211361,MnAg2GeSe4,Ag-Ge-Mn-Se,16,0.0,0.0,0.0206672841666648,True,False,-0.491092853204921,-4.672913405,-4.436913405
mp-1211367,KHg5Cl11,Cl-Hg-K,17,0.0,0.0,0.0065464198529414,True,False,-0.8700935275735271,-19.725042022941174,-19.725042022941174
mp-1211369,KNb(BO3)2,B-K-Nb-O,20,0.007267610964913,0.007267610964913001,0.0,False,True,-2.877908533558333,-8.305830967,-7.893630967
mp-1211377,KSbCl6,Cl-K-Sb,16,0.0,0.0,0.015803867499998,True,False,-1.173443901718748,-9.753345533125,-9.753345533125
mp-1211385,LaZrF7,F-La-Zr,18,0.035844769537037,0.035844769537037004,0.0,False,True,-4.205594739999999,-12.469680046666667,-12.469680046666667
mp-1211387,LaNiAs,As-La-Ni,12,0.0,0.0,0.0080229408333325,True,False,-1.067983642500002,-6.196739081666668,-19.987092292499998
mp-1211388,LaHfF7,F-Hf-La,18,0.020425773333332,0.020425773333332002,0.0,False,True,-4.261868318333335,-15.015022901111113,-15.015022901111113
mp-1211828,K2RbEuV2O8,Eu-K-O-Rb-V,14,0.021326792803571,0.021326792803571002,0.0,False,True,-2.5624862826428583,-7.6541209692857155,-7.018692397857143
mp-1211977,K2CoI4,Co-I-K,14,0.0,0.0,0.0203686292857154,True,False,-1.089753679214285,-3.302926054285714,-18.755591063571426
mp-1211988,InAg3F6,Ag-F-In,20,0.008598786000002,0.008598786000002,0.0,False,True,-1.788944377999997,-12.3291833295,-3.8602913229999993
mp-1212052,In2Hg5Te8,Hg-In-Te,15,0.0,0.0,0.0056119826666685,True,False,-0.292758229166664,-33.31502541933333,-33.31502541933333
mp-1212068,HoZrF7,F-Ho-Zr,18,0.021610058611111,0.021610058611111,0.0,False,True,-4.213502851111111,-12.826095236666667,-12.826095236666667
mp-1212080,HoTiClO3,Cl-Ho-O-Ti,12,0.0,0.0,0.0769217986111083,True,False,-3.539191923055554,-8.403458139166666,-7.957624805833333
mp-1212091,HoAsSe,As-Ho-Se,12,0.0,0.0,0.0041464841666662,True,False,-1.6418201305208342,-22.275298508333336,-22.275298508333336
mp-1212101,HoSbIr,Ho-Ir-Sb,12,0.022944374666664,0.022944374666664002,0.0,False,True,-0.8888543458333351,-6.743892640833337,-38.006617802499996
mp-1212129,HoHfF7,F-Hf-Ho,18,0.007738971296294,0.0077389712962940005,0.0,False,True,-4.269731335555556,-15.371392997222223,-15.371392997222223
mp-1212167,In5CuSe8,Cu-In-Se,14,0.0,0.0,0.0002282408333345,True,False,-0.650566009464284,-17.667153848571427,-17.667153848571427
mp-1212191,HfNiAs,As-Hf-Ni,12,0.0,0.0,0.0112314941666671,True,False,-0.791323920833316,-7.593806668333317,-24.797461152500002
mp-1212203,Ho5SbPd2,Ho-Pd-Sb,16,0.0,0.0,0.0242756131250008,True,False,-0.8509805787499971,-30.355223394375,-30.355223394375
mp-1212213,Ho5BiPt2,Bi-Ho-Pt,16,0.012949590624998,0.012949590624998002,0.0,False,True,-1.050901401875002,-41.786454791875,-41.786454791875
mp-1212518,GdTiClO3,Cl-Gd-O-Ti,12,0.0,0.0,0.0689853405555496,True,False,-3.511843787222206,-9.955850465833317,-16.748044373333332
mp-1212521,GdSBr,Br-Gd-S,12,0.084630881944447,0.08463088194444701,0.0,False,True,-2.3476690700000002,-8.9644912325,-23.822580334999998
mp-1212660,GaCuBr4,Br-Cu-Ga,12,0.0,0.0,0.0041007475000003,True,False,-1.031876895416664,-3.311058367499998,-13.334958886666668
mp-1212681,EuGa4Au3,Au-Eu-Ga,8,0.0,0.0,0.00153479,True,False,-0.46575122687499904,-4.493518977499999,-30.0069344175
mp-1212698,EuZrF6,Eu-F-Zr,16,0.0,0.0,0.0136477487499995,True,False,-4.097677883750002,-14.10103317375,-14.10103317375
mp-1212716,EuCN2,C-Eu-N,16,0.0,0.0,0.0150578031249999,True,False,-0.9638538675000021,-17.645258679375,-17.645258679375
mp-1212722,EuHfF7,Eu-F-Hf,18,0.004869718888889,0.004869718888889,0.0,False,True,-3.995370638333335,-15.723647722222223,-15.723647722222223
mp-1212743,EuMgTl,Eu-Mg-Tl,12,0.0,0.0,0.0122890495033107,True,False,-0.28252931444445,-5.045880663333335,-32.33872727333333
mp-1212803,DyTeAs,As-Dy-Te,12,0.0,0.0,0.085929448333335,True,False,-1.357830932500003,-25.393350440000003,-25.393350440000003
mp-1212812,Dy4C5,C-Dy,18,0.001913542177778,0.001913542177778,0.0,False,True,-0.49173642333333406,-20.23211296222222,-20.23211296222222
mp-1212830,Dy7(TePd)2,Dy-Pd-Te,11,0.0,0.0,0.0536616631818187,True,False,-0.947695599545449,-30.095693637272724,-30.095693637272724
mp-1212836,DySbIr,Dy-Ir-Sb,12,0.022331680499998,0.022331680499998,0.0,False,True,-0.89507485222222,-6.757011835,-37.71495265916666
mp-1212842,DyHfF7,Dy-F-Hf,18,0.00888940611111,0.00888940611111,0.0,False,True,-4.270699748888887,-15.272412444999999,-15.272412444999999
mp-1212857,Eu(MgGa)2,Eu-Ga-Mg,5,0.0,0.0,0.0032585055822194,True,False,-0.338362518000001,-4.259411316,-14.363367398
mp-1212860,DyZrF7,Dy-F-Zr,18,0.022869005277778,0.022869005277778003,0.0,False,True,-4.214727647222222,-12.727371067222222,-12.727371067222222
mp-1212863,Dy5BiPt2,Bi-Dy-Pt,16,0.011763015625,0.011763015625000001,0.0,False,True,-1.048485088125005,-41.221825546875,-41.221825546875
mp-1212880,Er3Fe2Si3,Er-Fe-Si,16,0.0,0.0,0.0092836318750064,True,False,-0.658207377499998,-6.523101494999999,-20.26657692625
mp-1212882,Dy5BiPd2,Bi-Dy-Pd,16,0.0,0.0,0.0017434283333335,True,False,-0.767802663124996,-33.809327299375,-33.809327299375
mp-1212916,Eu3Al2O7,Al-Eu-O,12,0.042369717708341,0.042369717708341005,0.0,False,True,-3.384109503333332,-9.466710706666666,-17.567695660000002
mp-1212930,ErTiClO3,Cl-Er-O-Ti,12,0.0,0.0,0.0805853919444405,True,False,-3.542939039722222,-8.402211813333333,-7.9563784800000015
mp-1212937,Cu2SiHgSe4,Cu-Hg-Se-Si,16,0.0,0.0,0.003341976197916,True,False,-0.5126903133593751,-4.002321478125,-3.766321478125
mp-1212953,Eu2HgO4,Eu-Hg-O,14,0.196228591071429,0.196228591071429,0.0,False,True,-2.446053944642859,-8.257159642857143,-23.78457588642857
mp-1212961,Eu2N,Eu-N,12,0.0,0.0,0.0252596574999994,True,False,-0.907163462916666,-29.63066883,-29.63066883
mp-1212965,ErZrF7,Er-F-Zr,18,0.020903181388888,0.020903181388888,0.0,False,True,-4.216252513148147,-12.944855037777778,-12.944855037777778
mp-1213011,ErSbIr,Er-Ir-Sb,12,0.022322461333338,0.022322461333338,0.0,False,True,-0.8892689541666621,-6.734320364166663,-38.34487279666667
mp-1213061,ErHfF7,Er-F-Hf,18,0.010705757777776,0.010705757777776001,0.0,False,True,-4.272220548148147,-15.489892348888889,-15.489892348888889
mp-1213075,CuPdF6,Cu-F-Pd,16,0.0,0.0,0.0034336781249999,True,False,-1.58602037125,-8.156447535,-8.156447535
mp-1213115,CsYbMnSe3,Cs-Mn-Se-Yb,12,0.0,0.0,0.045170965833333,True,False,-1.693548189445043,-21.569522715,-21.569522715
mp-1213156,CsFe(SeO4)2,Cs-Fe-O-Se,12,0.0,0.0,0.0412958950000001,True,False,-1.430309583695223,-6.093102065,-5.447102065
mp-1213159,CsSc(SO4)2,Cs-O-S-Sc,12,0.0,0.0,0.0065389508333337,True,False,-2.51303084913793,-7.104608360833333,-6.6466083608333335
mp-1213175,Er7(AgTe)2,Ag-Er-Te,11,0.0,0.0,0.0091448752272729,True,False,-0.643639700606057,-4.638777774545454,-30.75123093
mp-1213179,CsGa(SO4)2,Cs-Ga-O-S,12,0.0,0.0,0.0407149691666663,True,False,-2.040740989346263,-6.356954077499999,-5.8989540775
mp-1213226,CsPO3,Cs-O-P,20,0.0,0.0,0.0032255539999992,True,False,-2.6739822593596063,-6.9074490815,-12.876050717499998
mp-1213249,Er5Ni2Bi,Bi-Er-Ni,16,0.0,0.0,0.0052060194471179,True,False,-0.466814301249996,-5.252927016249998,-32.008223995625
mp-1213250,Er5SbPd2,Er-Pd-Sb,16,0.0,0.0,0.0186511197916665,True,False,-0.8491702639583351,-31.005970111875,-31.005970111875
mp-1213256,CsEuCl3,Cl-Cs-Eu,20,0.0,0.0,0.0003338395000032,True,False,-2.5000581545000022,-18.917388636000002,-18.917388636000002
mp-1213285,Er5CuPb3,Cu-Er-Pb,18,0.0,0.0,0.0031502028888903,True,False,-0.470711541666658,-4.701349533888883,-39.41549961277778
mp-1213290,Dy5CuPb3,Cu-Dy-Pb,18,0.0,0.0,0.0024168363333352,True,False,-0.484135626481477,-4.74291624,-38.36961159944444
mp-1213336,Er6Co2Sn,Co-Er-Sn,18,0.0,0.0,0.0046747890123439,True,False,-0.34492794611110805,-5.420785518888888,-28.634253380555556
mp-1213701,Cs3PdF5,Cs-F-Pd,18,0.0,0.0,0.0064925600000007,True,False,-2.468270962777776,-15.125599002777777,-15.125599002777777
mp-1213791,CeGaIr,Ce-Ga-Ir,12,0.0,0.0,0.0007339730555564,True,False,-0.8501251283333291,-6.78461848583333,-32.46960318666667
mp-1213828,CeMg(NiH)4,Ce-H-Mg-Ni,20,0.0,0.0,0.0484876506666731,True,False,-0.355078299999999,-4.781941536,-4.710341536
mp-1213895,Ce3NbSb5,Ce-Nb-Sb,18,0.044654662222221,0.044654662222221,0.0,False,True,-0.9984726155555561,-28.308199235555556,-28.308199235555556
mp-1213967,CeCrSb3,Ce-Cr-Sb,20,0.002142545499992,0.002142545499992,0.0,False,True,-0.588477097499992,-25.195060765499996,-6.0357077965
mp-1213974,CaBiAu4,Au-Bi-Ca,6,0.007945689374999,0.007945689374999001,0.0,False,True,-0.43226899416667103,-45.079003668333335,-45.079003668333335
mp-1213976,CaGaH5,Ca-Ga-H,14,0.043237048214286,0.043237048214286006,0.0,False,True,-0.24671645767857203,-5.354806694285714,-5.354806694285714
mp-1214123,Ca(Sb3Os)4,Ca-Os-Sb,17,0.0,0.0,0.0319480411764692,True,False,-0.250718454705881,-5.925017541764706,-5.7894881300000005
mp-1214224,BaYbCuTe3,Ba-Cu-Te-Yb,12,0.0,0.0,0.0606285208333323,True,False,-1.421831624166666,-26.4430705075,-26.4430705075
mp-1214314,BaTi(AsO4)2,As-Ba-O-Ti,12,0.0,0.0,0.0012812950000018,True,False,-2.527016124861111,-7.421882796666666,-6.963882796666667
mp-1214420,BaHfF6,Ba-F-Hf,16,0.0,0.0,0.0212129331249997,True,False,-4.210183255625,-7.130093033125,-15.475940240625
mp-1214561,Ba2TbWO6,Ba-O-Tb-W,10,0.0,0.0,0.0002729969999997,True,False,-3.140708241666666,-8.252879218,-7.3968792180000005
mp-1214573,Ba2PrBiO6,Ba-Bi-O-Pr,10,0.0,0.0,0.0007891130000006,True,False,-2.746031445166667,-6.967153613000001,-6.554953613
mp-1214622,Ba2SmTaO6,Ba-O-Sm-Ta,10,0.0,0.0,0.0018494750000002,True,False,-3.518325293233334,-8.529448252,-8.117248252
mp-1214651,Ba2La2Mn4O11,Ba-La-Mn-O,19,0.055773789675431,0.05577378967543101,0.0,False,True,-2.789817134564429,-8.304848519473685,-7.555953782631579
mp-1214695,Ba2VCu2F12,Ba-Cu-F-V,17,0.0,0.0,0.0149858818627421,True,False,-3.036037740588236,-5.62936114,-5.203243492941176
mp-1214720,Ba2Gd(CuO2)4,Ba-Cu-Gd-O,15,0.0,0.0,0.0033552478333351,True,False,-2.044584541999999,-6.970890331333333,-6.604490331333333
mp-1214751,Cs3ScF6,Cs-F-Sc,20,0.0,0.0,0.0004326905000002,True,False,-3.515275244,-14.0632766495,-14.0632766495
mp-1214765,Ba(MgIn)2,Ba-In-Mg,5,0.002533453999998,0.0025334539999980004,0.0,False,True,-0.28362286666666603,-2.423275358,-16.396918407999998
mp-1214772,Cs3(SeO4)2,Cs-O-Se,13,0.0,0.0,0.0002449378846138,True,False,-1.5955129372040782,-5.387777837692307,-12.960765721538461
mp-1214813,Ba2LuReO6,Ba-Lu-O-Re,10,0.0,0.0,0.0001656590000003,True,False,-3.082907085916667,-8.132458843,-7.720258843000001
mp-1214851,Al3Co3Si4,Al-Co-Si,20,0.040414634678572,0.040414634678572,0.0,False,True,-0.36298908950000003,-9.8623937655,-9.8623937655
mp-1214934,AgRhF6,Ag-F-Rh,16,0.0,0.0,0.0013869749999999,True,False,-1.7064166539583332,-4.41771162875,-4.07121162875
mp-1215169,ZrVW,V-W-Zr,6,0.002299322499997,0.0022993224999970003,0.0,False,True,-0.06750122666666801,-29.469888565,-29.469888565
mp-1215217,ZrNbCr4,Cr-Nb-Zr,6,0.150914324166667,0.150914324166667,0.0,False,True,0.150914324166665,-17.811958361666665,-17.811958361666665
mp-1215261,ZrVFe,Fe-V-Zr,12,0.0,0.0,0.0121751916666674,True,False,-0.18711659833333003,-8.887659234999996,-17.177954343333333
mp-1215284,ZrCrCuS4,Cr-Cu-S-Zr,14,0.00160396321428,0.0016039632142800001,0.0,False,True,-1.25666696,-6.806602048571428,-6.519173477142857
mp-1215289,ZrTa(SiRu)2,Ru-Si-Ta-Zr,18,0.0,0.0,0.0206439881944451,True,False,-0.7846607506666661,-9.08700563611111,-9.08700563611111
mp-1215318,ZrAlCu,Al-Cu-Zr,6,0.0,0.0,0.0191797683333323,True,False,-0.402913398333333,-5.8670744416666665,-13.906112213333332
mp-1215338,ZrAl5Cu7,Al-Cu-Zr,13,0.0,0.0,0.0001574007347091,True,False,-0.291508606923076,-4.596895258461538,-10.510935983076923
mp-1215344,Zr8AgPd3,Ag-Pd-Zr,12,0.0,0.0,0.0012689633333327,True,False,-0.407003997083336,-23.093301765000003,-23.093301765000003
mp-1215387,Zr4CN3,C-N-Zr,8,0.0,0.0,0.003385392500002,True,False,-1.763702548281248,-17.80528440125,-17.80528440125
mp-1215389,Zr4C3N,C-N-Zr,8,0.0,0.0,0.0091195712500002,True,False,-1.297510713593748,-17.54371369625,-17.54371369625
mp-1215444,YbPrSe2,Pr-Se-Yb,4,0.0,0.0,0.0181596599999993,True,False,-2.008694061197914,-25.647807965,-25.647807965
mp-1215454,YbSmS2,S-Sm-Yb,4,0.0,0.0,0.0163524800000001,True,False,-2.23518534515625,-22.817779735,-22.817779735
mp-1215464,YbSiAu,Au-Si-Yb,3,0.0,0.0,0.0582349566666664,True,False,-0.8685501533333351,-32.83125133,-32.83125133
mp-1215471,Zr2HC,C-H-Zr,4,0.0,0.0,0.0303823006249999,True,False,-0.8298343246875011,-15.555317175,-15.555317175
mp-1215478,Zr2VCo3,Co-V-Zr,6,0.050652563333329,0.050652563333329,0.0,False,True,-0.21933807833333202,-16.767980233333333,-16.767980233333333
mp-1215480,Zr3NbC4,C-Nb-Zr,8,0.0,0.0,0.0026242212500005,True,False,-0.913884521874997,-17.5104334125,-17.5104334125
mp-1215494,YbZnCuP2,Cu-P-Yb-Zn,5,0.0,0.0,0.0745653629999978,True,False,-0.8827929431904771,-15.740978946000002,-15.740978946000002
mp-1215495,YbZnCuSi2,Cu-Si-Yb-Zn,5,0.02936854383333,0.029368543833330003,0.0,False,True,-0.44990786999999804,-15.216769185999999,-15.216769185999999
mp-1215496,ZnCdAg2,Ag-Cd-Zn,4,0.0,0.0,0.0118776316477271,True,False,-0.050326701249999,-17.9821628475,-17.9821628475
mp-1215498,YbGeAu,Au-Ge-Yb,3,0.0,0.0,0.0297400341666662,True,False,-0.8234622083333341,-34.48556771333333,-34.48556771333333
mp-1215523,YbSm3S4,S-Sm-Yb,8,0.003609471249998,0.003609471249998,0.0,False,True,-2.260349227031252,-21.99338680875,-21.99338680875
mp-1215524,ZnCdAu2,Au-Cd-Zn,4,0.0,0.0,0.0011943406249996,True,False,-0.22370931124999702,-32.77008696,-32.77008696
mp-1215535,YbGa3Cu,Cu-Ga-Yb,5,0.0,0.0,0.0105367040000032,True,False,-0.47663874700000103,-16.817539274,-16.817539274
mp-1215546,YbCdIn,Cd-In-Yb,6,0.0,0.0,0.0377945491666666,True,False,-0.43220390166666706,-26.836522853333335,-26.836522853333335
mp-1215551,YbZnGa,Ga-Yb-Zn,6,0.0,0.0,0.0011345866666658,True,False,-0.611446225000001,-19.572365338333334,-19.572365338333334
mp-1215563,YbCu2Ni3,Cu-Ni-Yb,6,0.011513530595243,0.011513530595243002,0.0,False,True,-0.275421745833334,-15.97010879,-15.97010879
mp-1215570,Zr3(Sn2Sb)2,Sb-Sn-Zr,9,0.016238804999986,0.016238804999986003,0.0,False,True,-0.48979647500000006,-24.783878952222224,-24.783878952222224
mp-1215572,YbSc(BO3)2,B-O-Sc-Yb,10,0.0,0.0,0.0165863236875001,True,False,-3.354262101750001,-13.199839746,-13.199839746
mp-1215591,YbAg(MoO4)2,Ag-Mo-O-Yb,12,0.0,0.0,0.072240091874999,True,False,-2.367716986666664,-15.518507321666666,-15.518507321666666
mp-1215600,Zr2CoNi,Co-Ni-Zr,4,0.0,0.0,0.0001544537499995,True,False,-0.39534903750000006,-7.897587702500001,-18.0231722525
mp-1215609,ZnGa11Co4,Co-Ga-Zn,16,0.000392396562498,0.00039239656249800004,0.0,False,True,-0.20145618843750202,-11.933835099374999,-11.933835099374999
mp-1215612,YbAl7Fe5,Al-Fe-Yb,13,0.0,0.0,0.0080546303846205,True,False,-0.36744814730769304,-12.34598740076923,-12.34598740076923
mp-1215631,YbGePd,Ge-Pd-Yb,6,0.0,0.0,0.0557308616666665,True,False,-0.9672665716666651,-25.42120323,-25.42120323
mp-1215637,YbGaCu4,Cu-Ga-Yb,6,0.037446242222218,0.037446242222218006,0.0,False,True,-0.27661901250000104,-15.503175468333334,-15.503175468333334
mp-1215676,YZnSi,Si-Y-Zn,3,0.0,0.0,0.0057677108333331,True,False,-0.7206466100000001,-13.386635996666667,-13.386635996666667
mp-1215710,Yb4Pt3Au,Au-Pt-Yb,8,0.0,0.0,0.00798248125,True,False,-1.359025017500002,-45.25472826625,-45.25472826625
mp-1215781,Yb4Ge3Au5,Au-Ge-Yb,12,0.0,0.0,0.0017619822916659,True,False,-0.845113278333334,-37.5666339975,-37.5666339975
mp-1215836,Yb2AgPd,Ag-Pd-Yb,4,0.008659579999999,0.008659579999999,0.0,False,True,-0.6821148812499971,-30.0258869625,-30.0258869625
mp-1215840,Yb3DySb3,Dy-Sb-Yb,14,0.058620574285718,0.058620574285718006,0.0,False,True,-1.069155053571429,-32.31042459214286,-32.31042459214286
mp-1215845,Yb2Ru,Ru-Yb,3,0.0,0.0,0.0971333306666668,True,False,-0.38907330833333204,-33.216837596666664,-33.216837596666664
mp-1215852,YbEu(SiAu)4,Au-Eu-Si-Yb,10,0.024022786999999,0.024022786999999,0.0,False,True,-0.559771082000003,-31.808287130000004,-31.808287130000004
mp-1215857,Yb(YSe2)2,Se-Y-Yb,7,0.0,0.0,0.0120976078571413,True,False,-2.145861784464285,-21.346264874285712,-21.346264874285712
mp-1215860,Yb(LuSe2)2,Lu-Se-Yb,7,0.0,0.0,0.0060713057142871,True,False,-2.097835319226188,-26.374318187142855,-26.374318187142855
mp-1215900,YHo,Ho-Y,2,0.0,0.0,0.009308401666666,True,False,-0.003606287499998,-26.601078725,-26.601078725
mp-1215905,YCuGe,Cu-Ge-Y,3,0.0,0.0,0.0083318766666664,True,False,-0.6377815683333331,-5.714890243333333,-15.73555282
mp-1215939,YCuSi2Ni,Cu-Ni-Si-Y,5,0.009645307999997,0.009645307999997,0.0,False,True,-0.6823230799999991,-6.130137262,-6.158537262
mp-1215979,YGaAu,Au-Ga-Y,6,0.0,0.0,0.0197830241666663,True,False,-0.790862310833334,-5.061218818333335,-28.345381011666664
mp-1215997,YIn,In-Y,2,0.002152184999999,0.002152184999999,0.0,False,True,-0.601433850000002,-22.04752952,-22.04752952
mp-1216047,Y2AsS,As-S-Y,4,0.0,0.0,0.0001527530000009,True,False,-1.90545488875,-7.3618807,-17.90450684
mp-1216054,Y3GeS2,Ge-S-Y,6,0.0,0.0,0.0361692799999966,True,False,-1.7863658733333212,-7.190548836666655,-17.015818603333333
mp-1216058,Y2TeS2,S-Te-Y,5,0.0,0.0,0.077647921055564,True,False,-2.132454324333332,-7.019711188,-18.584121959999997
mp-1216072,Y2Ga3Ag,Ag-Ga-Y,6,0.0,0.0,0.0051574066666493,True,False,-0.5705049506944461,-4.728073075000002,-16.700619298333333
mp-1216085,Y3(ZnAu2)2,Au-Y-Zn,9,0.0,0.0,0.0156559144444425,True,False,-0.806349250000001,-32.03988799333334,-32.03988799333334
mp-1216138,Y3CBr3,Br-C-Y,14,0.0,0.0,0.0080685189682547,True,False,-1.518486817142858,-6.328357781428573,-17.327802818571428
mp-1216156,Y2(CuNi)5,Cu-Ni-Y,12,0.0,0.0,0.0054834041666671,True,False,-0.26424692916666603,-5.465488574999999,-13.147907140833333
mp-1216166,Y10(SiGe)3,Ge-Si-Y,16,0.000997233999999,0.000997233999999,0.0,False,True,-0.856336809687501,-17.7984140675,-17.7984140675
mp-1216210,Y(AlCu)6,Al-Cu-Y,13,0.005038015673093,0.0050380156730930005,0.0,False,True,-0.38935376615384704,-10.0652743,-10.0652743
mp-1216229,VRe,Re-V,2,0.0,0.0,0.0843386999999999,True,False,-0.339024371249998,-33.58911959,-33.58911959
mp-1216231,VW,V-W,2,0.0,0.0,0.0145190575000011,True,False,-0.061452129999999,-32.790137185,-32.790137185
mp-1216275,Y(InCu)6,Cu-In-Y,13,0.0,0.0,0.0027693329670324,True,False,-0.187272943846155,-17.17695903923077,-17.17695903923077
mp-1216278,VSi4Mo,Mo-Si-V,18,0.036175867777778,0.036175867777778,0.0,False,True,-0.42417024222222205,-12.966939167222222,-7.417137333333334
mp-1216323,VMo,Mo-V,2,0.0,0.0,0.0230270624999988,True,False,-0.10154795000000001,-20.182325535,-20.182325535
mp-1216330,VFeSbO6,Fe-O-Sb-V,18,0.004850842777782,0.0048508427777820004,0.0,False,True,-2.058906198333334,-7.766761148333334,-6.869205592777778
mp-1216354,VCrP2,Cr-P-V,8,0.0,0.0,0.008298156875,True,False,-0.650768273988095,-12.44253596,-12.44253596
mp-1216439,V6CoNi,Co-Ni-V,8,0.000511356250001,0.0005113562500010001,0.0,False,True,-0.172576027499999,-8.599699755,-13.86842891625
mp-1216445,V9Cr3B8,B-Cr-V,20,0.017814220500007,0.017814220500007,0.0,False,True,-0.716320149999999,-12.256172266,-12.256172266
mp-1216446,V9Te8,Te-V,17,0.010250489764706,0.010250489764706001,0.0,False,True,-0.499640432549018,-6.7879699488235286,-19.95328916235294
mp-1216481,V3Cr3Si2,Cr-Si-V,8,0.00551707624997,0.0055170762499700005,0.0,False,True,-0.379037117499999,-13.50857256125,-13.50857256125
mp-1216495,V5Si6W5,Si-V-W,16,0.005671781562501,0.0056717815625010005,0.0,False,True,-0.43524872281250204,-24.180838605312502,-9.31927723625
mp-1216513,V9Ga4Fe3,Fe-Ga-V,16,0.0,0.0,0.0018697562499996,True,False,-0.22444995187500003,-7.67930009875,-13.679860070625
mp-1216529,Tm2SbTe,Sb-Te-Tm,4,0.0,0.0,0.0203249036458332,True,False,-1.31969964166667,-5.379027165,-31.7295690675
mp-1216531,TmAlGa,Al-Ga-Tm,3,0.0,0.0,0.0150846891666667,True,False,-0.627443443333334,-18.392750966666664,-18.392750966666664
mp-1216554,Tm2TeS2,S-Te-Tm,5,0.0,0.0,0.0838029051666744,True,False,-2.136118575124999,-24.481597643999997,-24.481597643999997
mp-1216587,TlGaF6,F-Ga-Tl,8,0.0150471925,0.0150471925,0.0,False,True,-2.401600207499999,-12.82388123625,-12.82388123625
mp-1216663,TmGaAu,Au-Ga-Tm,6,0.0,0.0,0.017927246666666,True,False,-0.882031434999997,-33.264959565,-33.264959565
mp-1216665,Tm3Ga2Ge3,Ga-Ge-Tm,16,0.002468211458333,0.002468211458333,0.0,False,True,-0.6810969718750021,-4.852694478124999,-21.99561295125
mp-1216666,TiNbCr4,Cr-Nb-Ti,6,0.096457240555555,0.096457240555555,0.0,False,True,0.096457240555556,-16.231076296666668,-16.231076296666668
mp-1216676,TiP2W,P-Ti-W,4,0.002315309791661,0.002315309791661,0.0,False,True,-0.852478103154762,-21.4299041075,-21.4299041075
mp-1216692,TiNbB4,B-Nb-Ti,6,0.0,0.0,0.0011511800000008,True,False,-0.912196011111111,-12.088404086666666,-12.088404086666666
mp-1216694,TmAlFe,Al-Fe-Tm,12,0.0,0.0,0.0064524335714288,True,False,-0.330768027499999,-5.896800867499998,-19.071361796666668
mp-1216707,TiNbC2,C-Nb-Ti,4,0.0,0.0,3.316195312486059e-05,True,False,-0.7829835516666651,-15.1745590625,-15.1745590625
mp-1216740,Tm(CuS)3,Cu-S-Tm,14,0.0,0.0,0.0010094521428589,True,False,-1.001287381919642,-14.110365663571429,-14.110365663571429
mp-1216746,Tm2InAg,Ag-In-Tm,4,0.0,0.0,0.0105918650000003,True,False,-0.47936551625000506,-29.0235065425,-29.0235065425
mp-1216763,TiVO3,O-Ti-V,10,0.0,0.0,0.0194346620000001,True,False,-3.029616557666668,-9.394272778000001,-11.947046736
mp-1216838,TiNbBiO6,Bi-Nb-O-Ti,18,0.004120943888883,0.004120943888883,0.0,False,True,-2.845984238148149,-8.576495060000001,-8.11849506
mp-1216843,V(CrS2)2,Cr-S-V,7,0.019315187460319,0.019315187460319003,0.0,False,True,-1.063756555714283,-7.483698249999999,-11.987035494285715
mp-1216911,TmCuPbS3,Cu-Pb-S-Tm,12,0.0,0.0,0.0023562266666665,True,False,-1.34976200125,-5.467520060833333,-5.216020060833333
mp-1216972,TiCrCuS4,Cr-Cu-S-Ti,14,0.0,0.0,0.001237032142856,True,False,-1.186376183333333,-6.643138612857143,-6.355710041428572
mp-1216998,Zr5Ti5Pb6,Pb-Ti-Zr,16,0.0,0.0,0.0238598032291665,True,False,-0.27242947302082804,-32.53171380125,-32.53171380125
mp-1217017,TiAl6Mo,Al-Mo-Ti,8,0.0,0.0,0.0017276718750007,True,False,-0.40432835458333205,-10.32961915875,-10.32961915875
mp-1217052,Ti6P2O,O-P-Ti,9,0.0,0.0,0.0089984566666636,True,False,-1.388788056031745,-8.405661406666667,-12.693198564444444
mp-1217065,Ti8Cu3Ni,Cu-Ni-Ti,12,0.0,0.0,0.0023105874999993,True,False,-0.16076476138889,-6.93090583,-12.487547676666667
mp-1217074,Ti2HC,C-H-Ti,4,0.0,0.0,0.0195109715625001,True,False,-0.750478473020832,-10.5699438775,-10.5699438775
mp-1217077,Ti2Si6W,Si-Ti-W,9,0.005023667777777,0.005023667777777001,0.0,False,True,-0.45363002037037004,-14.885396239999999,-14.885396239999999
mp-1217079,Ti2Si6Mo,Mo-Si-Ti,9,0.013390653333331,0.013390653333331,0.0,False,True,-0.500681497037035,-12.121801612222221,-12.121801612222221
mp-1217094,Ti3Nb3Sn2,Nb-Sn-Ti,8,0.0,0.0,0.0211863400000007,True,False,-0.28120677125000104,-20.59468959,-20.59468959
mp-1217095,Ti3B4Mo,B-Mo-Ti,8,0.0,0.0,0.0026057981249998,True,False,-0.8717040812500011,-12.65553749,-12.65553749
mp-1217098,Ti4CuAg,Ag-Cu-Ti,6,0.0,0.0,0.000800635,True,False,-0.08017979527777601,-14.072463328333333,-14.072463328333333
mp-1217107,Ti4CN3,C-N-Ti,8,0.001952841249998,0.0019528412499980002,0.0,False,True,-1.715885786614583,-12.85145019375,-12.85145019375
mp-1217139,Ti3Mn(CuS4)2,Cu-Mn-S-Ti,14,0.0,0.0,0.0059128785714284,True,False,-1.284549266280787,-6.580698293571428,-6.293269722142857
mp-1217148,Ti3VS6,S-Ti-V,10,0.011204661999992,0.011204661999992,0.0,False,True,-1.609152567499999,-7.368629407,-11.644071231
mp-1217162,Ti2Co3Si,Co-Si-Ti,12,0.096126295000003,0.09612629500000301,0.0,False,True,-0.501481258055553,-12.893476593333332,-12.893476593333332
mp-1217180,Ti2Te3,Te-Ti,10,0.004200590500001,0.004200590500001,0.0,False,True,-0.8479457976666681,-21.273383189,-21.273383189
mp-1217193,Ti3Fe5P4,Fe-P-Ti,12,0.0,0.0,0.0008237285416612,True,False,-0.9128799682142841,-8.221086318333333,-13.016718553333334
mp-1217201,Ti4Mn5V3,Mn-Ti-V,12,0.0,0.0,0.0122848227500043,True,False,-0.23214369858237402,-8.952457259999997,-14.059034787500002
mp-1217239,Ti2FeB2Ru4Rh,B-Fe-Rh-Ru-Ti,20,0.000547145916666,0.000547145916666,0.0,False,True,-0.510455125499998,-8.718625806999999,-8.718625806999999
mp-1217253,Ti10CrSb5,Cr-Sb-Ti,16,0.021606965625,0.021606965625000002,0.0,False,True,-0.471670994791669,-17.533076693125,-17.533076693125
mp-1217263,TePdSe,Pd-Se-Te,3,0.003759492083329,0.003759492083329,0.0,False,True,-0.331534423020833,-21.22794714,-21.22794714
mp-1217269,TeSe2,Se-Te,3,0.0,0.0,0.0002635233333334,True,False,-0.010185599374999,-18.023633856666667,-18.023633856666667
mp-1217378,TePb3(ClO2)2,Cl-O-Pb-Te,10,0.0,0.0,0.0573924772500031,True,False,-1.602860696666665,-5.379878369,-4.982278369
mp-1217402,TbZnSi,Si-Tb-Zn,3,0.0,0.0,0.0067118516666662,True,False,-0.727965939999999,-17.03156639,-17.03156639
mp-1217435,TbY2Ni6(B2C)3,B-C-Ni-Tb-Y,18,0.004487653888886,0.004487653888886001,0.0,False,True,-0.50124251037037,-7.173807247222222,-7.173807247222222
mp-1217442,TbYNi2,Ni-Tb-Y,8,0.001040871041666,0.0010408710416660001,0.0,False,True,-0.422199257916666,-6.099006378750001,-19.26351327875
mp-1217453,TePb3(BrO2)2,Br-O-Pb-Te,10,0.0,0.0,0.0399618490000008,True,False,-1.5241822546666661,-5.258880674,-4.877280674
mp-1217468,TbHo,Ho-Tb,2,0.0,0.0,0.0161993499999999,True,False,-0.011893992499999001,-32.065783025,-32.065783025
mp-1217530,TbGaAu,Au-Ga-Tb,6,0.0,0.0,0.0173610758333335,True,False,-0.78973157138889,-4.436345453333335,-31.985701546666665
mp-1217570,TbCu2Ni3,Cu-Ni-Tb,6,0.0,0.0,0.0045625505555548,True,False,-0.286165471111111,-5.315613305,-15.078306095
mp-1217605,TbCuPbS3,Cu-Pb-S-Tb,12,0.0,0.0,0.0033625833333328,True,False,-1.349183927361108,-5.4928356775000005,-5.241335677499999
mp-1217607,TbBO3,B-O-Tb,10,0.0,0.0,0.0440888589999985,True,False,-3.466789145166666,-8.699016827,-14.614762794
mp-1217619,TbGa2Co3,Co-Ga-Tb,18,0.006488808333328,0.006488808333328,0.0,False,True,-0.36355110027777804,-5.712602071666667,-5.712602071666667
mp-1217620,Tb4Si3Ge,Ge-Si-Tb,8,0.006941197812501,0.006941197812501,0.0,False,True,-0.9170097143749981,-21.55438571,-21.55438571
mp-1217634,Tb3Sc2S7,S-Sc-Tb,12,0.0,0.0,0.0094182293055506,True,False,-2.310499528307291,-16.703377674166667,-16.703377674166667
mp-1217670,Tb2ZnAg,Ag-Tb-Zn,4,0.0,0.0,0.0007815341666668,True,False,-0.336379846249997,-3.680981979999998,-23.5508717225
mp-1217675,Tb2ZnSb4,Sb-Tb-Zn,7,0.021902095000005,0.021902095000005003,0.0,False,True,-0.7890949492857171,-25.673199781428572,-25.673199781428572
mp-1217677,Tb2CuAg,Ag-Cu-Tb,4,0.0,0.0,0.0090230103125001,True,False,-0.27149971875,-4.325967617500002,-23.9582786225
mp-1217684,Tb2TeS2,S-Tb-Te,5,0.0,0.0,0.0779824158333415,True,False,-2.164107915125001,-22.951741328,-22.951741328
mp-1217693,Tb2Co3Ni,Co-Ni-Tb,6,0.004972128611109,0.004972128611109,0.0,False,True,-0.23407004722222402,-6.310089061666669,-19.231636235
mp-1217699,Tb2InAg,Ag-In-Tb,4,0.0,0.0,0.0042247167857123,True,False,-0.384315172916664,-4.10377484,-27.0847167875
mp-1217701,Tb2CuPt,Cu-Pt-Tb,8,0.0,0.0,0.0086369612500005,True,False,-0.8651014599999981,-32.06194676,-32.06194676
mp-1217733,Tb2Ga3Co14,Co-Ga-Tb,19,0.005554871754381,0.005554871754381001,0.0,False,True,-0.187822483464913,-6.410340872631578,-15.01955649368421
mp-1217785,Ta2(SiMo)3,Mo-Si-Ta,16,0.001851914375002,0.0018519143750020002,0.0,False,True,-0.49952743683333206,-25.714639628125,-9.55167146
mp-1217839,Tb(AlCu)6,Al-Cu-Tb,13,0.005569432403842,0.005569432403842001,0.0,False,True,-0.393095849230768,-10.90846509,-10.90846509
mp-1217849,TaV(Cu3S4)2,Cu-S-Ta-V,16,0.0,0.0,2.52349999998458e-05,True,False,-0.8623881510833331,-5.777716609375,-5.526216609375
mp-1217891,TaTiAl6,Al-Ta-Ti,8,0.0,0.0,0.0016845525000004,True,False,-0.40487872299999905,-13.14515118625,-13.14515118625
mp-1217895,TaMo,Mo-Ta,2,0.0,0.0,0.0846619999999997,True,False,-0.10420425366666501,-37.43611033,-37.43611033
mp-1217898,TaTiB4,B-Ta-Ti,6,0.0,0.0,0.0083403149999998,True,False,-0.9068990790000011,-16.059400165,-16.059400165
mp-1217929,TaNb(Cu3Te4)2,Cu-Nb-Ta-Te,16,0.000143564374999,0.000143564374999,0.0,False,True,-0.488376981291666,-4.970246965625,-4.759246965625
mp-1217935,TaFe4W,Fe-Ta-W,12,0.0,0.0,0.0049130412499991,True,False,-0.10904160288889,-9.893232038333336,-26.195534956666666
mp-1217967,SrPPt,P-Pt-Sr,3,0.0,0.0,0.0177926058333337,True,False,-1.223448895992064,-26.435266990000002,-26.435266990000002
mp-1218008,Ta2Cr3Si,Cr-Si-Ta,12,0.024322066666666,0.024322066666666003,0.0,False,True,-0.272780251611114,-25.469023116666666,-25.469023116666666
mp-1218044,Ta3Ru2,Ru-Ta,10,0.0,0.0,0.0407755440000006,True,False,-0.30993650840000503,-39.634850254,-39.634850254
mp-1218047,Ta4MoSe10,Mo-Se-Ta,15,0.0,0.0,0.0052199686666716,True,False,-0.8960955839972211,-25.133089757333334,-25.133089757333334
mp-1218056,Ta4AgS8,Ag-S-Ta,13,0.002105334230769,0.002105334230769,0.0,False,True,-1.274723334692304,-7.690864069230768,-22.633077619999998
mp-1218083,Ta6TeSe2,Se-Ta-Te,18,0.0,0.0,0.0447343617948714,True,False,-0.5183363444837911,-9.555746800555552,-38.82139947666666
mp-1218096,TaAlCu,Al-Cu-Ta,12,0.0,0.0,0.0068387769999986,True,False,-0.293247576611108,-22.350156590833333,-22.350156590833333
mp-1218113,SrPrNiRuO6,Ni-O-Pr-Ru-Sr,20,0.249192755199992,0.249192755199992,0.0,False,True,-2.125969711166667,-7.248990191,-6.582690191
mp-1218117,Ta3(InS3)2,In-S-Ta,11,0.0,0.0,0.0017790572727394,True,False,-1.199615820030304,-7.194480946363639,-22.775996955454545
mp-1218204,SrLaZnRuO6,La-O-Ru-Sr-Zn,20,0.056440624666663,0.056440624666663004,0.0,False,True,-2.4661474745,-7.151182212,-6.738982212000001
mp-1218252,SrLaMnFeO6,Fe-La-Mn-O-Sr,20,0.060424000766394,0.060424000766394,0.0,False,True,-2.682492377793102,-8.0773161505,-7.2727161505
mp-1218256,SrIn3Hg,Hg-In-Sr,5,0.000184897444444,0.00018489744444400002,0.0,False,True,-0.2938979285,-2.349822199999999,-26.870696349999996
mp-1218257,SrLa3Mn4O12,La-Mn-O-Sr,20,0.142234317524989,0.14223431752498902,0.0,False,True,-2.890818365336207,-8.517020497,-7.771220497
mp-1218262,SrGaSi,Ga-Si-Sr,3,0.0,0.0,0.0005164249999998,True,False,-0.539096104999998,-12.326496643333334,-12.326496643333334
mp-1218324,SrCrHO2,Cr-H-O-Sr,10,0.0,0.0,0.0354469730833368,True,False,-2.09021523425,-7.017528036,-6.307128036
mp-1218342,SrCdSn,Cd-Sn-Sr,6,0.0,0.0,0.0344855566666666,True,False,-0.48099434166666705,-2.701664386666669,-20.562733025
mp-1218356,SrAlGa,Al-Ga-Sr,3,0.0,0.0,0.0297094083333333,True,False,-0.44738484333333406,-11.55422996,-11.55422996
mp-1218359,SrAl3Ag,Ag-Al-Sr,5,0.0,0.0,0.0011906859999997,True,False,-0.29725167699999905,-11.636818318,-11.636818318
mp-1218382,Sr4Bi2O,Bi-O-Sr,7,0.0,0.0,0.0020424571428563,True,False,-1.5647277949999991,-4.350119507142856,-27.901830028571432
mp-1218418,Sr3Se2(ClO3)2,Cl-O-Se-Sr,13,0.0,0.0,0.0698396549999822,True,False,-2.470808039591345,-5.967266413076922,-5.555727951538461
mp-1218538,Sr4Zn(IrO4)3,Ir-O-Sr-Zn,20,0.0,0.0,0.028190062750002,True,False,-2.094111872,-6.7901264005,-6.3779264005
mp-1218549,Sr4Fe3MoO12,Fe-Mo-O-Sr,20,0.002199593809377,0.002199593809377,0.0,False,True,-2.4295859634999992,-7.549633871499999,-6.638933871499999
mp-1218560,Sr3PbS4,Pb-S-Sr,8,0.0,0.0,0.0030697912499997,True,False,-1.9912902374999981,-5.158730511249999,-18.71470319
mp-1218620,SrCdPb,Cd-Pb-Sr,6,0.0,0.0,0.0264000483333335,True,False,-0.39492900166666606,-2.516624118333335,-31.015034126666666
mp-1218699,SrCaPb6,Ca-Pb-Sr,8,0.0,0.0,0.002878645,True,False,-0.308462464999997,-3.55520126375,-45.39068485125
mp-1218708,Sr2PtAu,Au-Pt-Sr,4,0.0,0.0,0.0037382512500001,True,False,-0.8582161249999981,-33.9492159225,-33.9492159225
mp-1218716,Sr2Pr2TlNi2O9,Ni-O-Pr-Sr-Tl,16,0.0,0.0,0.0035313441796871,True,False,-2.449613268854167,-6.91456287,-6.21050037
mp-1218729,Sr2La2Mg(RuO4)3,La-Mg-O-Ru-Sr,20,0.0,0.0,0.0129277036249995,True,False,-2.59513443225,-7.6994384365,-7.2872384365
mp-1218749,Sr2LiMgSi3,Li-Mg-Si-Sr,14,0.0,0.0,0.00418811857143,True,False,-0.364837629047618,-3.6791523649999993,-9.481964606428573
mp-1218756,Sr2LaMn2O7,La-Mn-O-Sr,12,0.068191797597211,0.068191797597211,0.0,False,True,-2.8448498604885053,-7.951568269166667,-7.272818269166667
mp-1218762,Sr2Li7CuN4,Cu-Li-N-Sr,14,0.0,0.0,0.0154671869345213,True,False,-0.522848028095238,-4.394250449285715,-4.291107592142857
mp-1218831,Sr2FeRuO6,Fe-O-Ru-Sr,10,0.0,0.0,0.0064935139999988,True,False,-2.291433211,-7.373137807000001,-6.7353378070000005
mp-1218849,Sr2GdCu2IrO8,Cu-Gd-Ir-O-Sr,14,0.0,0.0,0.0529412664285642,True,False,-2.291955524285714,-7.583492237142857,-7.190920808571429
mp-1218854,Sr2CeYCu2RuO10,Ce-Cu-O-Ru-Sr-Y,17,0.042660977647056,0.042660977647056,0.0,False,True,-2.544132465882352,-7.413739729411765,-7.009622082352941
mp-1218874,Sr12Sn4N3,N-Sn-Sr,19,0.0,0.0,0.0062956633333324,True,False,-0.735519225592108,-16.952304487368423,-16.952304487368423
mp-1218890,Sr(B2Pt3)2,B-Pt-Sr,11,0.0,0.0,0.0077242894155853,True,False,-0.49169484727272805,-32.62418387090909,-32.62418387090909
mp-1218898,SnTePt,Pt-Sn-Te,12,0.0,0.0,0.0070600783333327,True,False,-0.5678468683333331,-34.45155519833333,-34.45155519833333
mp-1218913,SmYSe2,Se-Sm-Y,4,0.0,0.0,0.0005954225000008,True,False,-2.045016442031251,-21.7124278775,-21.7124278775
mp-1218926,SnPtSe,Pt-Se-Sn,12,0.0,0.0,0.0045407516666671,True,False,-0.639586363854164,-30.8214066675,-30.8214066675
mp-1218931,SnPtS,Pt-S-Sn,12,0.0,0.0,0.0022960208333335,True,False,-0.6541440259374981,-28.743456661666666,-28.743456661666666
mp-1218970,Sn2PdAu,Au-Pd-Sn,4,0.0,0.0,0.0075886737499999,True,False,-0.33103981250000203,-31.0904851425,-31.0904851425
mp-1218982,SmZnCuAs2,As-Cu-Sm-Zn,5,0.0,0.0,0.0054628389523792,True,False,-0.669901328000001,-4.553457624,-4.553457624
mp-1219024,SmGa3Pd,Ga-Pd-Sm,5,0.0,0.0,0.0059843180624952,True,False,-0.6789751895,-4.475526392000001,-18.153210704
mp-1219055,SmGdS3,Gd-S-Sm,20,0.066398142750003,0.06639814275000301,0.0,False,True,-2.378693279499997,-8.620073581999998,-21.810567130000003
mp-1219144,Sm2AsSe,As-Se-Sm,4,0.000186492499999,0.000186492499999,0.0,False,True,-2.007649560390625,-24.128884525,-24.128884525
mp-1219151,Sm4Ga7Ag5,Ag-Ga-Sm,16,0.027038755792407,0.027038755792407002,0.0,False,True,-0.5389477703125001,-19.65210493625,-19.65210493625
mp-1219180,Sm2SbO2,O-Sb-Sm,5,0.0,0.0,0.0054355058888857,True,False,-2.9598467880000032,-7.652265892000003,-22.353554602
mp-1219183,Sm2Si3Pt,Pt-Si-Sm,6,0.0,0.0,0.0284728233333337,True,False,-0.9526313199999981,-6.2500079333333325,-23.920589986666666
mp-1219191,Sm3Si3Ni,Ni-Si-Sm,7,0.012872494166665,0.012872494166665001,0.0,False,True,-0.7242064650000001,-5.8973277757142855,-5.927756347142856
mp-1219296,ScGaCu,Cu-Ga-Sc,6,0.0,0.0,0.0327566799999994,True,False,-0.521974198333334,-11.7513273,-11.7513273
mp-1219310,ScGaNi,Ga-Ni-Sc,6,0.0,0.0,0.0528310958333335,True,False,-0.6076799808333341,-5.654580583333335,-12.228889366666666
mp-1219358,ScAlFe,Al-Fe-Sc,12,0.0,0.0,0.0083800991666658,True,False,-0.39449159249999605,-6.577180307499996,-11.214163521666668
mp-1219442,SbTePd2,Pd-Sb-Te,4,0.0,0.0,0.0086979426425433,True,False,-0.566653749166665,-4.9746714375,-24.659765495
mp-1219458,SbTeRh,Rh-Sb-Te,12,0.0,0.0,0.0040044083333325,True,False,-0.7041532030555531,-5.5830248708333325,-25.647937099999996
mp-1219462,SbTe2,Sb-Te,3,0.0,0.0,0.0135648655555553,True,False,-0.390460437777773,-3.862331446666663,-25.537975186666667
mp-1219509,ReOs,Os-Re,2,0.0,0.0,0.0082742774999999,True,False,-0.089729866249996,-52.787651645,-52.787651645
mp-1219521,SbAsIr,As-Ir-Sb,12,0.068268595416675,0.068268595416675,0.0,False,True,-0.44621958024998704,-31.37061963608332,-6.2390941425
mp-1219533,ReIr,Ir-Re,2,0.0,0.0,0.0916137375000012,True,False,-0.20246073124999903,-52.58744481,-52.58744481
mp-1219553,RbBH4,B-H-Rb,6,0.0,0.0,0.0021320425000004,True,False,-0.505986865277777,-4.046085465,-6.30100276
mp-1219568,RbCNO,C-N-O-Rb,8,0.0,0.0,0.0867662943750042,True,False,-1.235734151875001,-7.11017301875,-6.84817301875
mp-1219571,RbMgCrF6,Cr-F-Mg-Rb,18,0.094249318749999,0.094249318749999,0.0,False,True,-3.232546520277778,-5.871120498888889,-5.341009387777778
mp-1219574,Rb5Sb4,Rb-Sb,9,0.0,0.0,0.0019391811111111,True,False,-0.49407815194444404,-2.873930965555555,-19.724671696666668
mp-1219595,RbHgSbTe3,Hg-Rb-Sb-Te,12,0.0,0.0,0.0085314600000003,True,False,-0.6012615250000001,-3.076115696666666,-2.865115696666667
mp-1219647,Rb2Zn3GeAs4,As-Ge-Rb-Zn,10,0.0,0.0,0.0173534265000001,True,False,-0.310225016,-3.214606711999999,-3.214606711999999
mp-1219649,Rb2W(OF2)2,F-O-Rb-W,9,0.0,0.0,0.0213204041919183,True,False,-2.681892906111111,-6.28972956,-5.438618448888889
mp-1219656,Rb(SiPt)4,Pt-Rb-Si,9,0.0,0.0,0.0025255122222223,True,False,-0.670289198611111,-5.888771362222223,-29.05376589222222
mp-1219724,PrCdIn,Cd-In-Pr,6,0.0,0.0,0.0101216949999995,True,False,-0.558639453888886,-24.587817599999997,-24.587817599999997
mp-1219742,PrNdSb,Nd-Pr-Sb,6,0.0,0.0,0.0062345680902771,True,False,-1.013531304722221,-29.189624998333333,-29.189624998333333
mp-1219784,Rb2Ti(WO4)3,O-Rb-Ti-W,18,0.0,0.0,0.0006159311111098,True,False,-2.492750830462963,-8.498666547777779,-7.300999881111112
mp-1219845,Pr2ZnBi4,Bi-Pr-Zn,7,0.0,0.0,0.0050040321848738,True,False,-0.553676276190478,-4.3266511,-43.77230953714286
mp-1219847,Pr2Ga5Au3,Au-Ga-Pr,10,0.0,0.0,0.0063030720000005,True,False,-0.642558089083334,-4.097864992000001,-27.501480687999997
mp-1219876,Pr4Fe3Si4Ru,Fe-Pr-Ru-Si,12,0.019477330833334,0.019477330833334,0.0,False,True,-0.567892238055555,-6.865194248333332,-6.888860914999999
mp-1219894,Pr2InAg,Ag-In-Pr,4,0.0,0.0,0.0081506656250001,True,False,-0.355770072916666,-4.154033657500001,-26.1205401425
mp-1219919,Pr2CdSb4,Cd-Pr-Sb,7,0.021028327142857,0.021028327142857,0.0,False,True,-0.841874789047616,-26.804469552857142,-26.804469552857142
mp-1219924,PRhS,P-Rh-S,12,0.0,0.0,0.0141361299999998,True,False,-0.838464131929564,-14.562578188333333,-14.562578188333333
mp-1219929,Pr2Al3Ge,Al-Ge-Pr,6,0.0,0.0,0.0058748791666669,True,False,-0.657810460555552,-16.137174678333334,-16.137174678333334
mp-1219954,NiSb6Ru,Ni-Ru-Sb,16,0.0,0.0,0.0457979959375007,True,False,-0.21025174312500203,-24.1657700975,-24.1657700975
mp-1219973,PrGa3Pt,Ga-Pr-Pt,5,0.0,0.0,0.0422490347500037,True,False,-0.723026000833338,-4.713204570000005,-23.859647184
mp-1219974,PrGa3Pd,Ga-Pd-Pr,5,0.0,0.0,0.0048490181666727,True,False,-0.6858301508333341,-4.497758418000001,-18.09106588
mp-1219979,PrGa3Au,Au-Ga-Pr,5,0.0,0.0,0.0001192440000004,True,False,-0.607911420833332,-4.038639725999999,-23.556926198
mp-1219996,PrCu4Pd,Cu-Pd-Pr,6,0.0,0.0,0.0041405050000005,True,False,-0.27789425694444503,-4.673257581666668,-16.236002091666666
mp-1220004,PIrS,Ir-P-S,12,0.0,0.0,0.0118510500000006,True,False,-0.8595514077628931,-23.991373737500002,-23.991373737500002
mp-1220015,PrGdAl4,Al-Gd-Pr,6,0.010601984166665,0.010601984166665001,0.0,False,True,-0.543905016944442,-17.165464181666668,-17.165464181666668
mp-1220023,OsRu,Os-Ru,2,0.0,0.0,0.0014155145833338,True,False,-0.014805672500003001,-39.219687745,-39.219687745
mp-1220139,NdGePt,Ge-Nd-Pt,6,0.0,0.0,0.0148860016666674,True,False,-1.008328710833331,-6.162431579999999,-32.70867577666667
mp-1220156,NdGa3Au,Au-Ga-Nd,5,0.0,0.0,0.0018274859999962,True,False,-0.5991544979999951,-4.024417997999995,-23.55500282
mp-1220159,NdGa3Pd,Ga-Nd-Pd,5,0.0,0.0,0.0041558000000039,True,False,-0.687125955999998,-4.493589417999999,-18.09713254
mp-1220160,NdGa3Pt,Ga-Nd-Pt,5,0.0,0.0,0.0448761288000012,True,False,-0.724150048000004,-4.708863812000004,-23.86653841
mp-1220162,NdFeSi2Os,Fe-Nd-Os-Si,5,0.025367920000006,0.025367920000006,0.0,False,True,-0.6204273314999991,-7.6836617579999995,-7.712061758
mp-1220173,NdCuGe,Cu-Ge-Nd,3,0.0,0.0,0.003229683333334,True,False,-0.708450209166665,-18.754044396666668,-18.754044396666668
mp-1220202,Nd4Zn3Au5,Au-Nd-Zn,12,0.0,0.0,0.0056261004166691,True,False,-0.689001724999999,-3.957437605,-33.876187673333334
mp-1220203,NdCdIn,Cd-In-Nd,6,0.0,0.0,0.0099955566666674,True,False,-0.409920414722223,-3.2390308700000032,-24.594262383333334
mp-1220204,NdCuNi4,Cu-Nd-Ni,6,0.0,0.0,0.0046383466666659,True,False,-0.259869711250019,-5.591186515000021,-14.92096564
mp-1220251,Nd4Mn(NiO4)3,Mn-Nd-Ni-O,20,0.00212316625,0.00212316625,0.0,False,True,-2.6007123158965513,-7.848239672,-6.971489672
mp-1220253,Nd4Mn3NiO12,Mn-Nd-Ni-O,20,0.003551116999998,0.003551116999998,0.0,False,True,-2.868390415689656,-8.454105633000001,-7.664655633
mp-1220277,Nd2FeSi2Ru,Fe-Nd-Ru-Si,6,0.018889948333329,0.018889948333329,0.0,False,True,-0.6339386608333331,-6.98916444,-7.012831106666667
mp-1220289,Nd3SOF5,F-Nd-O-S,20,0.031811312250003,0.031811312250003006,0.0,False,True,-4.0189622465,-7.3148685355,-6.9648685355
mp-1220300,Nd2Si4RuRh3,Nd-Rh-Ru-Si,10,0.0,0.0,0.0014133519999983,True,False,-1.0166925315,-7.277181844999999,-7.305581845000001
mp-1220313,Nd2SbO2,Nd-O-Sb,5,0.0,0.0,0.0032424826666659,True,False,-2.911819500999996,-7.624063123999997,-22.176619038000002
mp-1220316,NbW,Nb-W,2,0.0,0.0,0.0075311450000032,True,False,-0.016963384999996,-38.0678979,-38.0678979
mp-1220327,NbMo,Mo-Nb,2,0.0,0.0,0.0384828600000002,True,False,-0.06864435499999601,-25.471671399999998,-25.471671399999998
mp-1220338,Nd(ZnGa)2,Ga-Nd-Zn,5,0.0,0.0,0.0311631880000002,True,False,-0.4679856845,-3.136751024,-14.554949252
mp-1220352,Nd2Si3Ag,Ag-Nd-Si,6,0.0,0.0,0.0145727758333347,True,False,-0.70025710583333,-18.452455255,-18.452455255
mp-1220374,NbVCr,Cr-Nb-V,6,0.025151975555555,0.025151975555555,0.0,False,True,-0.006671329999998,-17.972335586666667,-17.972335586666667
mp-1220403,Nd2Ga5Cu3,Cu-Ga-Nd,10,0.006460104714285,0.0064601047142850004,0.0,False,True,-0.5357612434999991,-15.394789815,-15.394789815
mp-1220409,Nb6OsAu,Au-Nb-Os,8,0.0,0.0,0.0006881306250008,True,False,-0.216729242499997,-31.713558855,-31.713558855
mp-1220430,NbMoO4,Mo-Nb-O,6,0.0,0.0,0.0048938719444429,True,False,-2.5354964399999993,-9.325296301666667,-14.787123406666666
mp-1220464,Nb8Si2Sb4Pd,Nb-Pd-Sb-Si,15,0.0,0.0,0.0306475683571445,True,False,-0.505990048,-8.063120924666666,-8.021387591333333
mp-1220541,Nb4GeSe8,Ge-Nb-Se,13,0.000201815769234,0.000201815769234,0.0,False,True,-1.067849065673075,-6.6828905915384595,-18.348587051538463
mp-1220560,Nd2(InSn)3,In-Nd-Sn,8,0.0,0.0,0.009027009375,True,False,-0.48227358625000005,-4.2125900437500015,-25.65086114125
mp-1220566,Nb3WSe8,Nb-Se-W,12,0.01440435458333,0.014404354583330002,0.0,False,True,-0.874083115208333,-20.879291463333335,-20.879291463333335
mp-1220639,Nd2MnFe3Ge4,Fe-Ge-Mn-Nd,10,0.004732558666671,0.004732558666671,0.0,False,True,-0.454781014293101,-6.714829534999998,-17.693132385000002
mp-1220648,Nb3Ag2TeS6,Ag-Nb-S-Te,12,0.0,0.0,0.0013239856944489,True,False,-1.096684265416665,-6.426474485833332,-6.139807819166666
mp-1220684,NaYbF4,F-Na-Yb,6,0.0,0.0,0.0592021424999993,True,False,-4.023917340833333,-12.790195866666666,-12.790195866666666
mp-1220696,Nb2AgS4,Ag-Nb-S,7,0.0,0.0,0.0115169821428722,True,False,-1.1589505788095211,-6.8153989514285716,-15.711940491428573
mp-1220714,NaLaS2,La-Na-S,4,0.0001210025,0.00012100250000000001,0.0,False,True,-2.124674545156249,-14.4689333525,-14.4689333525
mp-1220768,NaYF4,F-Na-Y,18,0.0,0.0,0.003405754999993,True,False,-4.001291743333334,-10.064940631666666,-10.064940631666666
mp-1220820,NaBi3(ClO2)2,Bi-Cl-Na-O,10,0.0,0.0,0.0623656026666683,True,False,-1.7679611221379412,-5.418036455000009,-23.042357156
mp-1220821,NaBi3(BrO2)2,Bi-Br-Na-O,10,0.0,0.0,0.0343327235000012,True,False,-1.690264731137932,-5.298020811000001,-24.399430342
mp-1220823,NaBi3(IO2)2,Bi-I-Na-O,10,0.0,0.0,0.011303440999999,True,False,-1.5525021031379311,-5.137671399,-4.787071399
mp-1220826,NaLaF4,F-La-Na,18,0.002763824166668,0.0027638241666680004,0.0,False,True,-3.989606001388889,-11.625118097222222,-11.625118097222222
mp-1220865,NaSm2Se3,Na-Se-Sm,6,0.0,0.0,0.0022703633333325,True,False,-2.012342916197916,-19.6731279,-19.6731279
mp-1220867,NaTlO,Na-O-Tl,6,0.0,0.0,0.0194195916666668,True,False,-1.1694468649042151,-4.056498164999998,-21.988932515000002
mp-1220879,NaSbSe2,Na-Sb-Se,4,0.0,0.0,0.0137697449999993,True,False,-0.727243492031249,-15.2006476825,-15.2006476825
mp-1220955,NaSr2(FeAs)6,As-Fe-Na-Sr,15,0.0003124995,0.0003124995,0.0,False,True,-0.43323462442528704,-6.004397252,-6.004397252
mp-1220971,Nd(GaFe)6,Fe-Ga-Nd,13,0.0,0.0,2.085538461304992e-05,True,False,-0.287766060192306,-5.961369969999999,-14.442421574615384
mp-1220987,NaLiMnS2,Li-Mn-Na-S,5,0.124427737533332,0.12442773753333201,0.0,False,True,-1.031742843528734,-5.169233716,-4.968033716
mp-1221048,NaLiV2O6,Li-Na-O-V,20,0.000376561499999,0.000376561499999,0.0,False,True,-2.401475624471264,-7.512097806,-6.759897806
mp-1221050,NaFe2Mo2H3O10,Fe-H-Mo-Na-O,18,0.0,0.0,0.0017300239583279,True,False,-1.777527178618295,-7.3129812222222235,-6.324870111111111
mp-1221084,NaCu2H3(SO5)2,Cu-H-Na-O-S,18,0.0,0.0,0.0006633147685199,True,False,-1.57246645167385,-5.876913057777778,-5.495246391111111
mp-1221219,Na3SrTa4O12,Na-O-Sr-Ta,20,0.0,0.0,0.0012617425000076,True,False,-3.140773404173553,-8.76881503699999,-17.575992448
mp-1221345,Na2PHO4,H-Na-O-P,16,0.0042017253125,0.004201725312500001,0.0,False,True,-2.353232819206434,-6.263973511874999,-5.920473511875
mp-1221387,MoW,Mo-W,2,0.0,0.0,0.0042155792857148,True,False,-0.00045078000000100003,-38.72033769,-38.72033769
mp-1221427,Na(V3S4)2,Na-S-V,15,0.039670212874983,0.039670212874983006,0.0,False,True,-1.278754970091966,-7.208377563333346,-11.314771262666666
mp-1221454,Na(VSe2)2,Na-Se-V,7,0.0,0.0,0.0040708773809523,True,False,-1.076066034393466,-5.860805867142851,-13.73737189
mp-1221500,MnZnSe2,Mn-Se-Zn,4,0.0,0.0,0.0054005451293104,True,False,-0.7771179856546341,-5.13051345,-13.94776759
mp-1221554,MnSi2Ni,Mn-Ni-Si,8,0.007114602499999,0.007114602499999001,0.0,False,True,-0.43125363879114603,-11.484398895170457,-6.9258330625
mp-1221591,MnHg2Te3,Hg-Mn-Te,6,0.0,0.0,0.031697059339081,True,False,-0.33302027158046105,-31.94479038,-31.94479038
mp-1221609,MnGa(CuSe2)2,Cu-Ga-Mn-Se,8,0.0,0.0,0.0186076181250003,True,False,-0.6350499368507531,-4.9315712575,-4.6955712575
mp-1221650,MnCdTe2,Cd-Mn-Te,4,0.0,0.0,0.0447152740086203,True,False,-0.5938365786206921,-21.999529325,-21.999529325
mp-1221656,MnAl2Ni,Al-Mn-Ni,4,0.0,0.0,0.0087344775,True,False,-0.468009194482758,-6.0763351025,-10.5641366075
mp-1221662,MnAl2Cr3,Al-Cr-Mn,6,0.0,0.0,0.0061780133333337,True,False,-0.163298816321839,-7.765350376666667,-12.401173573333333
mp-1221677,MnH6(NCl)2,Cl-H-Mn-N,11,0.0,0.0,0.0128937014204533,True,False,-0.7852547959482761,-5.322223433636363,-5.144950706363637
mp-1221692,MnCuSe4,Cu-Mn-Se,12,0.0,0.0,0.0507505249999997,True,False,-0.39895784095546105,-14.195019774166667,-14.195019774166667
mp-1221699,MnB4W3,B-Mn-W,8,0.0,0.0,0.0049390871874983,True,False,-0.40667648931034606,-25.178193315,-25.178193315
mp-1221733,MnCd4Te5,Cd-Mn-Te,10,0.0,0.0,0.010130358603448,True,False,-0.580198116448278,-22.799138815,-22.799138815
mp-1221815,Mn3SiW2,Mn-Si-W,12,0.020063156781606,0.020063156781606,0.0,False,True,-0.185362925574717,-26.11192248916667,-26.11192248916667
mp-1221876,Mn3Cr3P2,Cr-Mn-P,16,0.005592205156249,0.005592205156249,0.0,False,True,-0.36782325975985203,-8.777340176875,-8.777340176875
mp-1221883,Mn2InAgTe4,Ag-In-Mn-Te,8,0.0,0.0,0.0352018627586208,True,False,-0.398591333857758,-4.96101203125,-4.75001203125
mp-1221886,MnCd(GaSe2)4,Cd-Ga-Mn-Se,14,0.001890039999999,0.001890039999999,0.0,False,True,-0.8558801419057881,-4.441715955714286,-4.17200167
mp-1221898,Mn2GeRu,Ge-Mn-Ru,4,0.0,0.0,0.0063728937500009,True,False,-0.188874247715517,-8.2442394925,-17.438635235
mp-1221899,Mn2FeSbO6,Fe-Mn-O-Sb,10,0.027415807749996,0.027415807749996003,0.0,False,True,-1.912330456586207,-7.9734123630000004,-7.002012363
mp-1221979,Mn(InTe2)2,In-Mn-Te,7,0.0,0.0,0.0078428614285721,True,False,-0.527813733497538,-23.600586972857144,-23.600586972857144
mp-1222023,MgGaCu,Cu-Ga-Mg,12,0.0,0.0,0.0051861099259267,True,False,-0.163937179166667,-3.083194748333333,-8.990709985833334
mp-1222036,Mn4CoNi3Ge4,Co-Ge-Mn-Ni,12,0.007880797916666,0.007880797916666,0.0,False,True,-0.23835709097701202,-6.872857036666667,-6.872857036666667
mp-1222062,MnCdCu4(GeSe4)2,Cd-Cu-Ge-Mn-Se,16,0.0,0.0,0.0104687003559034,True,False,-0.5440784916675631,-4.527340972499999,-4.2913409725000005
mp-1222068,Mn2Fe4SiGe,Fe-Ge-Mn-Si,8,0.012203037249999,0.012203037249999,0.0,False,True,-0.22462492135775802,-8.006182585,-8.006182585
mp-1222082,Mg6CdIn,Cd-In-Mg,8,0.008000766249999,0.008000766249999,0.0,False,True,-0.054545053333332004,-1.74229555625,-8.54975128125
mp-1222108,Mg4SiGe,Ge-Mg-Si,6,0.001115599999999,0.0011155999999990002,0.0,False,True,-0.18429581916666601,-2.946000143333333,-6.82308965
mp-1222125,Mg4SiGe,Ge-Mg-Si,6,0.0,0.0,0.012925623333333,True,False,-0.185411419166666,-2.947115743333333,-6.8242052499999994
mp-1222164,Mg4HgAu,Au-Hg-Mg,12,0.006108795925925,0.006108795925925,0.0,False,True,-0.329232920416667,-2.013471936666666,-19.812217676666666
mp-1222173,Mg3ScZn8,Mg-Sc-Zn,12,0.002977348055555,0.002977348055555,0.0,False,True,-0.18786508166666602,-1.9630174175000001,-8.156043970833332
mp-1222284,LuCuGe,Cu-Ge-Lu,3,0.0,0.0,0.0205360099999998,True,False,-0.6102625905555571,-5.024903250000001,-21.60903147333333
mp-1222319,LuGaAu,Au-Ga-Lu,6,0.0,0.0,0.0175438850000002,True,False,-0.861363818888889,-34.23056924666667,-34.23056924666667
mp-1222325,LuCuPbS3,Cu-Lu-Pb-S,12,0.0,0.0,0.0029927899999995,True,False,-1.34434975736111,-5.4686388125,-5.2171388125
mp-1222329,LuAlCu,Al-Cu-Lu,6,0.0,0.0,0.0751620472222223,True,False,-0.442044945555556,-18.994969783333335,-18.994969783333335
mp-1222339,Lu2AlCo3,Al-Co-Lu,6,0.0,0.0,0.0320739129166653,True,False,-0.367861353888888,-6.066061503333333,-20.68938979
mp-1222348,LiEu2Ga7,Eu-Ga-Li,10,0.0,0.0,0.0202248274999998,True,False,-0.524899336666666,-16.477689685999998,-16.477689685999998
mp-1222351,LiFeF6,F-Fe-Li,16,0.0,0.0,0.0242302410416668,True,False,-2.182294252916662,-4.915051543749995,-6.7123731
mp-1222352,LiTiRhO4,Li-O-Rh-Ti,14,0.000864951428568,0.0008649514285680001,0.0,False,True,-2.420648552380952,-7.70072952,-7.308158091428572
mp-1222369,LiCoNiF6,Co-F-Li-Ni,18,0.002659737222221,0.0026597372222210004,0.0,False,True,-2.454063739259259,-5.37690713,-4.604573796666667
mp-1222370,LiGdS2,Gd-Li-S,4,0.057954323125006,0.05795432312500601,0.0,False,True,-2.082998959583332,-8.147959092499999,-17.5271016925
mp-1222424,Li3Tl2Cd,Cd-Li-Tl,6,0.0,0.0,0.0076129077777795,True,False,-0.274785014999996,-22.545404363333333,-22.545404363333333
mp-1222482,Li6AsS5I,As-I-Li-S,13,0.0,0.0,0.0034082134615376,True,False,-1.217419417692307,-4.166239487692308,-3.9436241030769232
mp-1222490,Li4(CdSb)5,Cd-Li-Sb,14,0.0,0.0,0.0163321751785709,True,False,-0.35260827238095105,-2.715518887857143,-2.6469474592857143
mp-1222492,Li3ErBr6,Br-Er-Li,10,0.0,0.0,0.023031627499999,True,False,-2.003262780999998,-4.014879442999998,-13.971748756
mp-1222504,Mn12Ge4N3,Ge-Mn-N,19,0.0,0.0,0.0012473184210541,True,False,-0.262834666851181,-8.339209833157895,-13.964189067368421
mp-1222572,Li7Cu2N3,Cu-Li-N,12,0.0,0.0,0.0005841787500004,True,False,-0.43399698357638805,-5.9162293925,-5.9162293925
mp-1222611,Li2TlAg,Ag-Li-Tl,4,0.0,0.0,0.0168678887500002,True,False,-0.23642475208333302,-20.06357339,-20.06357339
mp-1222616,Li2TlHg,Hg-Li-Tl,4,0.0,0.0,0.0081146468749997,True,False,-0.33409193270833604,-27.164222915,-27.164222915
mp-1222618,Li2ZnCdP2,Cd-Li-P-Zn,6,0.0,0.0,0.0146250999999986,True,False,-0.592752897380952,-9.224945521666667,-9.224945521666667
mp-1222661,Li2MgCdP2,Cd-Li-Mg-P,6,0.0,0.0,0.0014504566666668,True,False,-0.5976582968253941,-3.470870461666665,-8.571358626666667
mp-1222703,LaSmB12,B-La-Sm,14,0.0,0.0,0.001972853571428,True,False,-0.572230745357144,-11.117513237857143,-11.117513237857143
mp-1222761,LaPrC4,C-La-Pr,6,0.0,0.0,0.0122267922916652,True,False,-0.30276145944444205,-16.792374348333333,-16.792374348333333
mp-1222794,LaGa3Pt,Ga-La-Pt,5,0.0,0.0,0.0439041705000038,True,False,-0.748512737500001,-4.766798436000002,-23.950545262
mp-1222806,LaGdB12,B-Gd-La,14,0.0,0.0,0.0016673657142849,True,False,-0.558848026785714,-12.080136303571427,-12.080136303571427
mp-1222842,LaGa3Pd,Ga-La-Pd,5,0.0,0.0,0.0036402992500041,True,False,-0.7721096029999981,-18.178821936,-18.178821936
mp-1222862,LaPrNi10,La-Ni-Pr,12,0.0,0.0,0.0006791683333338,True,False,-0.270615500555554,-5.898352614166666,-15.145823758333334
mp-1222868,LaNdNi10,La-Nd-Ni,12,0.0,0.0,0.0021182916666662,True,False,-0.278802863541664,-5.904262974999999,-15.1578777475
mp-1222890,LaFeSi2Rh,Fe-La-Rh-Si,5,0.00523256,0.005232560000000001,0.0,False,True,-0.809232028999999,-7.133426478,-7.161826478
mp-1222891,LaEuB12,B-Eu-La,14,0.001059877142866,0.0010598771428660001,0.0,False,True,-0.5949202028571431,-11.767914009285715,-11.767914009285715
mp-1222902,LaEuB12,B-Eu-La,14,0.0,0.0,0.0010031500000007,True,False,-0.595980079999999,-11.76897388642857,-11.76897388642857
mp-1222903,LaAl2Pt3,Al-La-Pt,6,0.0,0.0,0.0084854374999991,True,False,-1.206610494166663,-34.151965088333334,-34.151965088333334
mp-1222912,LaCeB12,B-Ce-La,14,0.0,0.0,0.0018259735714289,True,False,-0.6074590925000001,-11.231863330714287,-11.231863330714287
mp-1222913,LaCeRu4,Ce-La-Ru,6,0.0,0.0,0.0034722929166672,True,False,-0.21032594249999,-8.20542046499999,-27.24583343666667
mp-1222923,LaPr3Mn4O12,La-Mn-O-Pr,20,0.052385892970827,0.052385892970827005,0.0,False,True,-2.950974244086206,-8.718274979499999,-7.972474979499999
mp-1222926,LaCuSi2Ni,Cu-La-Ni-Si,5,0.012202477999989,0.012202477999989001,0.0,False,True,-0.6471853549999991,-5.780382658,-5.808782658
mp-1223,La4Sb3,La-Sb,14,0.005947330000005,0.005947330000005,0.0,False,True,-1.330991281428566,-29.345000997142854,-29.345000997142854
mp-1223031,LaCe(SnRu)2,Ce-La-Ru-Sn,6,0.0,0.0,0.0088378312499992,True,False,-0.5964576474999981,-6.836608608333333,-6.836608608333333
mp-1223036,LaB4(IrOs)2,B-Ir-La-Os,18,0.0,0.0,0.0212323855555567,True,False,-0.504470988518518,-8.480601811666666,-8.480601811666666
mp-1223039,KTaWO6,K-O-Ta-W,18,0.0,0.0,0.0113472833333414,True,False,-2.721223896620371,-8.903912066111111,-7.952800955000001
mp-1223076,La4B4I5,B-I-La,13,0.0,0.0,0.0122553930769244,True,False,-1.283685998589741,-5.443813581538459,-22.183593273076927
mp-1223089,La3Nd(CuO4)2,Cu-La-Nd-O,14,0.0,0.0,0.0016471034672589,True,False,-3.056785756607141,-7.8680907657142845,-16.335834952857144
mp-1223096,La2TiCo16,Co-La-Ti,19,0.002110621647597,0.0021106216475970004,0.0,False,True,-0.058359959309233,-15.014939722642566,-7.009680674210526
mp-1223126,La3Si7Ni3,La-Ni-Si,13,0.014546064230768,0.014546064230768001,0.0,False,True,-0.7404768288461551,-6.13475818,-15.126597030769231
mp-1223131,La4Mn3NiO12,La-Mn-Ni-O,20,0.144709467987494,0.144709467987494,0.0,False,True,-2.916139654689657,-8.535426806500002,-7.745976806500001
mp-1223153,La5Pb3O,La-O-Pb,18,0.0,0.0,0.0002967594444447,True,False,-1.233189295,-5.762737932777778,-5.686404599444445
mp-1223156,La3NdMn4O12,La-Mn-Nd-O,20,0.128995884148809,0.128995884148809,0.0,False,True,-2.9944712192112073,-8.774459318,-8.028659317999999
mp-1223188,La3Si3Ni,La-Ni-Si,7,0.010697497857144,0.010697497857144,0.0,False,True,-0.6986985664285731,-5.965000292857143,-5.995428864285714
mp-1223190,La3Pr(CoP)8,Co-La-P-Pr,20,0.0,0.0,0.0005167435000004,True,False,-0.9815686161904761,-6.981299353,-6.981299353
mp-1223204,La7CoI12,Co-I-La,20,0.0,0.0,0.0033898807500003,True,False,-1.5426026287499992,-4.5412835205,-4.3138835205
mp-1223225,La2Al3Sn,Al-La-Sn,6,0.0,0.0,0.0140640233333364,True,False,-0.636868723333333,-18.042208586666668,-18.042208586666668
mp-1223228,La2CuSi3,Cu-La-Si,6,0.0,0.0,0.0802413225000009,True,False,-0.720971699166665,-16.830580065,-16.830580065
mp-1223229,La2Ge4IrRh3,Ge-Ir-La-Rh,10,0.0,0.0,0.0093860105,True,False,-0.8846295120000001,-6.814177854,-6.814177854
mp-1223239,La2Al7Cu,Al-Cu-La,10,0.0,0.0,0.0015204441250045,True,False,-0.45924898499999905,-12.205353457,-12.205353457
mp-1223306,La(Tl3Te2)3,La-Te-Tl,16,0.0,0.0,0.0010757194886363,True,False,-0.665524998437502,-3.486718218124998,-41.91753267625
mp-1223339,La2Ga5Cu3,Cu-Ga-La,10,0.00251339999998,0.00251339999998,0.0,False,True,-0.541646191000001,-15.466029007,-15.466029007
mp-1223357,KRb(Fe2S3)2,Fe-K-Rb-S,12,0.001867323749994,0.0018673237499940002,0.0,False,True,-0.9283815874791661,-5.996412830000001,-5.74491283
mp-1223447,KLaF4,F-K-La,6,0.018752525416665,0.018752525416665,0.0,False,True,-4.022966710374994,-6.310097764999994,-12.04658623
mp-1223451,KCeF4,Ce-F-K,6,0.030484114583328,0.030484114583328004,0.0,False,True,-3.910442277874999,-6.364397126666667,-12.136294820000002
mp-1223488,KIn5S8,In-K-S,14,0.000260910803569,0.000260910803569,0.0,False,True,-0.931459195755953,-4.361917777142859,-13.945420697142856
mp-1223500,KBa3(BiO3)4,Ba-Bi-K-O,20,0.0,0.0,0.0014388082499996,True,False,-2.0727706873625,-6.1639688795,-5.7517688795
mp-1223503,K5As4,As-K,9,0.0,0.0,0.0008829211111112,True,False,-0.420609611805556,-3.124758361111111,-10.461003443333333
mp-1223511,LaGd(CuSn)4,Cu-Gd-La-Sn,10,0.000535451500002,0.000535451500002,0.0,False,True,-0.44005204100000106,-21.9914225035,-5.56071015
mp-1223527,KMg3AlGe3(O5F)2,Al-F-Ge-K-Mg-O,20,0.0,0.0,0.014205970770825,True,False,-2.8050888828625,-6.6523265810000005,-6.262626581
mp-1223590,KMgMn2AlGe3(O5F)2,Al-F-Ge-K-Mg-Mn-O,20,0.003268354995243,0.003268354995243,0.0,False,True,-2.575523750655603,-7.175915976499999,-6.619415976499999
mp-1223753,Ir(N2Cl3)2,Cl-Ir-N,11,0.077840261818181,0.077840261818181,0.0,False,True,-0.149347741818181,-11.584710425454546,-11.584710425454546
mp-1223785,HoEr,Er-Ho,2,0.0,0.0,0.0091758650000004,True,False,-0.011519139166672,-33.41490868,-33.41490868
mp-1223786,HoZnSi,Ho-Si-Zn,3,0.0,0.0,0.0084892183333336,True,False,-0.589831284999998,-4.350744986666666,-17.556558993333333
mp-1223829,Ho4Si3Ge,Ge-Ho-Si,8,0.0141249,0.014124900000000001,0.0,False,True,-0.7933677718749971,-5.704580247500001,-22.3719629675
mp-1223830,Hf2BIr6,B-Hf-Ir,9,0.0,0.0,0.0871370877777781,True,False,-0.7863277143518491,-9.63348048222222,-46.610127427777776
mp-1223832,K(SiPt)4,K-Pt-Si,9,0.0,0.0,0.0005126922222222,True,False,-0.7590644815277771,-28.21064113888889,-28.21064113888889
mp-1223884,In4AsP3,As-In-P,8,0.00168896625,0.0016889662500000002,0.0,False,True,-0.36414368455357105,-16.867658865000003,-4.1980448
mp-1223893,InAgGeSe4,Ag-Ge-In-Se,7,0.0,0.0,0.0130227949107153,True,False,-0.6230491889583321,-4.081447072857143,-3.811732787142857
mp-1223905,K2Ti(TeO4)3,K-O-Te-Ti,18,0.0,0.0,0.0030561388888887,True,False,-1.986309178768518,-6.373180356666666,-5.915180356666666
mp-1223908,Hf2Ga3Cu,Cu-Ga-Hf,6,0.0,0.0,0.0099199412499997,True,False,-0.42617854874999905,-5.942490681666666,-23.070284835
mp-1223919,IrRh,Ir-Rh,2,0.0,0.0,0.0184116499999991,True,False,-0.024315764999997002,-38.272106805,-38.272106805
mp-1223925,HoFeRu,Fe-Ho-Ru,6,0.000716427604168,0.0007164276041680001,0.0,False,True,-0.23257817499999503,-7.6799459133333325,-24.504059981666668
mp-1223942,HoGaAu,Au-Ga-Ho,6,0.0,0.0,0.0181353341666667,True,False,-0.7828172591666631,-4.416036421666665,-32.52822670166667
mp-1223952,Ho2NiSb4,Ho-Ni-Sb,7,0.000133171428569,0.00013317142856900002,0.0,False,True,-0.821739819999998,-5.320525615714287,-26.602548874285713
mp-1223956,Ho2TeS2,Ho-S-Te,5,0.0,0.0,0.0751925224444534,True,False,-2.132453860333329,-6.255145909999999,-23.599108218
mp-1223968,Ho2SiGe,Ge-Ho-Si,4,0.0,0.0,0.0032887433333357,True,False,-0.8281536162499961,-5.639079819999999,-23.023984685
mp-1224006,HoCuPbS3,Cu-Ho-Pb-S,12,0.0,0.0,0.0039408374999991,True,False,-1.348984452916664,-5.485938843333333,-5.234438843333334
mp-1224056,Ho3Sc2S7,Ho-S-Sc,12,0.0,0.0,0.005293674618052,True,False,-2.304558512890624,-17.1111641,-17.1111641
mp-1224076,In2AgS3Cl,Ag-Cl-In-S,14,0.0,0.0,0.0088560607142831,True,False,-0.8779580432142841,-4.109675343571429,-3.806389629285714
mp-1224171,Hg11I2BrClO4,Br-Cl-Hg-I-O,19,0.0,0.0,0.0890206124342101,True,False,-0.531406670657898,-2.096235670526315,-1.851288302105263
mp-1224184,HfZrB4,B-Hf-Zr,6,0.002865838333331,0.0028658383333310003,0.0,False,True,-1.072912585833336,-17.287349933333335,-17.287349933333335
mp-1224188,HfZrFe4,Fe-Hf-Zr,6,0.138527448333334,0.13852744833333402,0.0,False,True,-0.174877059999998,-8.905706143333333,-21.152584371666666
mp-1224210,InCuGeSe4,Cu-Ge-In-Se,7,0.0,0.0,0.015998359910724,True,False,-0.6293799172916661,-4.2672448,-3.997530514285714
mp-1224283,HfTaB4,B-Hf-Ta,6,0.0,0.0,0.0001654866666669,True,False,-0.8768410928888901,-21.398285241666667,-21.398285241666667
mp-1224334,HfNbC2,C-Hf-Nb,4,0.0,0.0,0.0003102906249967,True,False,-0.8604599625000021,-23.3054500675,-23.3054500675
mp-1224358,HfSb4Mo,Hf-Mo-Sb,6,0.0,0.0,0.0630512940476197,True,False,-0.23452830999999702,-29.242637935,-29.242637935
mp-1224384,Hf4CN3,C-Hf-N,8,0.00350997125,0.0035099712500000005,0.0,False,True,-1.80164295953125,-29.044036555,-29.044036555
mp-1224390,HfAu9,Au-Hf,10,0.0,0.0,0.0117124149999998,True,False,-0.213183162999996,-50.254788837,-50.254788837
mp-1224399,Hf4C3N,C-Hf-N,8,0.0,0.0,0.0102135175000004,True,False,-1.394450512343752,-28.8414652375,-28.8414652375
mp-1224416,GdYAl4,Al-Gd-Y,6,0.003451423333332,0.0034514233333320004,0.0,False,True,-0.5738361633333321,-15.680336093333333,-15.680336093333333
mp-1224475,HfPt4,Hf-Pt,20,0.0,0.0,0.0109902532999983,True,False,-0.9544547249999991,-51.174911322999996,-51.174911322999996
mp-1224485,Hf2Se3,Hf-Se,20,0.0,0.0,0.0008451894999996,True,False,-1.457324311437503,-28.104826606,-28.104826606
mp-1224495,HfMnAl,Al-Hf-Mn,12,0.0,0.0,0.003440388333332,True,False,-0.357374708477012,-7.978968092500001,-22.622133066666667
mp-1224498,Hf5Zr5Ga6,Ga-Hf-Zr,16,0.0,0.0,0.00559661515625,True,False,-0.562651625312501,-26.07281988625,-26.07281988625
mp-1224549,GdZnSi,Gd-Si-Zn,3,0.0,0.0,0.0066022399999994,True,False,-0.605391453333331,-7.525786079999999,-21.04059325
mp-1224606,GdLuAl4,Al-Gd-Lu,6,0.007289675833335,0.007289675833335001,0.0,False,True,-0.499238749444444,-6.095924251666666,-6.095924251666666
mp-1224615,GdDyNi2,Dy-Gd-Ni,4,0.00259403,0.00259403,0.0,False,True,-0.426737010416664,-7.990429792499999,-25.1997184775
mp-1224645,GdDyAl4,Al-Dy-Gd,6,0.002748566666667,0.0027485666666670003,0.0,False,True,-0.576521792499998,-17.6277221,-17.6277221
mp-1224663,GdAlGa,Al-Ga-Gd,3,0.024128855833334,0.024128855833334,0.0,False,True,-0.568698669166667,-7.518630033333333,-7.518630033333333
mp-1224679,GdAlCu4,Al-Cu-Gd,6,0.017620560111113,0.017620560111113,0.0,False,True,-0.240120405000001,-15.826168343333334,-15.826168343333334
mp-1224680,Gd2SbO2,Gd-O-Sb,5,0.0,0.0,0.0124369560000001,True,False,-2.979000602,-11.414434148000002,-11.101234148
mp-1224681,GdAgSn2,Ag-Gd-Sn,4,0.031558852499998,0.031558852499998,0.0,False,True,-0.42885501874999904,-28.99016752,-28.99016752
mp-1224689,GdErCo4,Co-Er-Gd,6,0.0,0.0,0.0393582583333333,True,False,-0.19254410833333202,-8.055462096666666,-21.840128016666668
mp-1224747,GdYCu4,Cu-Gd-Y,6,0.000423976666667,0.00042397666666700004,0.0,False,True,-0.223225166666665,-18.072856876666666,-18.072856876666666
mp-1224750,GdDy,Dy-Gd,2,0.0,0.0,0.0092732500000014,True,False,-0.011903512499991001,-37.701307775000004,-37.701307775000004
mp-1224771,Fe3NiP4,Fe-Ni-P,8,0.0,0.0,6.24128124995238e-05,True,False,-0.5656395123214271,-7.17215131375,-11.80981446125
mp-1224786,GaSbO4,Ga-O-Sb,6,0.0,0.0,0.0008474025000007,True,False,-2.054515252916665,-6.546005466666666,-12.003216228333335
mp-1224799,Fe3NiP2,Fe-Ni-P,12,0.0,0.0,0.0044800808680571,True,False,-0.470802018214283,-7.474326578333333,-12.5196430275
mp-1224863,GaCo4Ge3,Co-Ga-Ge,8,0.0,0.0,0.0032676203124992,True,False,-0.111980443750001,-13.361434595,-13.361434595
mp-1224896,FeSb6Pd,Fe-Pd-Sb,16,0.0,0.0,0.0257514881249996,True,False,-0.33345201812499703,-5.136440825624998,-24.09073002875
mp-1224902,GdErAl6,Al-Er-Gd,16,0.302988283124999,0.30298828312499904,0.0,False,True,-0.15442998229166502,-14.868808788125,-14.868808788125
mp-1224942,Gd3ErNi4,Er-Gd-Ni,8,0.003384650937499,0.003384650937499,0.0,False,True,-0.42487137374999906,-9.164450405,-26.84507357625
mp-1224996,Gd8Sb3O8,Gd-O-Sb,19,0.0,0.0,0.0137154594736745,True,False,-3.110110309473685,-11.772198187368422,-11.45261924
mp-1225017,FeCu6GeS8,Cu-Fe-Ge-S,16,0.0,0.0,0.0043553665624997,True,False,-0.555414216562499,-4.979631140625,-4.728131140625
mp-1225041,DyZnSi,Dy-Si-Zn,3,0.0,0.0,0.0079299624999995,True,False,-0.715805074999998,-17.271195216666666,-17.271195216666666
mp-1225059,FeCl4,Cl-Fe,5,0.0,0.0,0.0495599439999994,True,False,-0.997598924,-4.170437406,-3.679237406
mp-1225070,Er2CuSi3,Cu-Er-Si,6,0.0,0.0,0.0211194574999993,True,False,-0.743680840277778,-18.24684086,-18.24684086
mp-1225072,Er2CuNi,Cu-Er-Ni,4,0.0,0.0,0.0033369424999998,True,False,-0.38917302749999905,-5.142868270000001,-23.04196453
mp-1225129,EuPPt,Eu-P-Pt,3,0.0,0.0,0.0129198316666645,True,False,-1.174433758214284,-8.432673344999998,-34.34199503333333
mp-1225155,EuSiNi2Ge,Eu-Ge-Ni-Si,5,0.0,0.0,0.0083868769999995,True,False,-0.622781628,-7.00212786,-7.00212786
mp-1225157,EuCu3Pd2,Cu-Eu-Pd,6,0.0,0.0,3.976999999988351e-05,True,False,-0.3569039225,-5.847819846666667,-5.847819846666667
mp-1225169,Ga2FeNi9,Fe-Ga-Ni,12,0.004936184166666,0.004936184166666,0.0,False,True,-0.21892125541666602,-5.764541536666666,-5.764541536666666
mp-1225205,EuGaAu,Au-Eu-Ga,6,0.0,0.0,0.0221580400000007,True,False,-0.679489522500001,-6.209519501666667,-34.27361799833333
mp-1225244,Eu2Si4IrPd3,Eu-Ir-Pd-Si,10,0.022373518000002,0.022373518000002,0.0,False,True,-0.8038651720000001,-7.469422728,-7.497822728
mp-1225255,Gd2CoNi3,Co-Gd-Ni,6,0.048022890833335,0.048022890833335004,0.0,False,True,-0.295673798333332,-9.066685671666667,-9.066685671666667
mp-1225256,Eu2ZnSb2,Eu-Sb-Zn,5,0.016759186181829,0.016759186181829002,0.0,False,True,-0.8198036980000011,-6.838597682,-6.761797681999999
mp-1225327,DyCuPbS3,Cu-Dy-Pb-S,12,0.0,0.0,0.0030314716666666,True,False,-1.3492028631944422,-5.4896065975,-5.2381065975
mp-1225364,Eu2Ga7Ag,Ag-Eu-Ga,10,0.0,0.0,0.0087467169999992,True,False,-0.49342352450000204,-18.343130947,-18.343130947
mp-1225399,Dy3NiPd2,Dy-Ni-Pd,12,0.0,0.0,0.0173124699999975,True,False,-0.7485136866666641,-5.747684834166667,-26.40655547333333
mp-1225406,Eu2Cu4Si3Ge,Cu-Eu-Ge-Si,10,0.002718942499996,0.002718942499996,0.0,False,True,-0.42714775750000006,-6.214351003,-6.235651003
mp-1225441,Eu2Si3Au,Au-Eu-Si,6,0.0,0.0,0.0169602483333273,True,False,-0.547441570000001,-7.235118223333333,-7.235118223333333
mp-1225466,Eu2Co4Si3Ge,Co-Eu-Ge-Si,10,0.009426298999998,0.009426298999998,0.0,False,True,-0.572238550500001,-7.573125816000001,-7.594425816
mp-1225502,DyHo,Dy-Ho,2,0.0,0.0,0.0131004700000003,True,False,-0.014702290000002002,-32.44627586,-32.44627586
mp-1225511,Eu2Ni3Sb4,Eu-Ni-Sb,9,0.0,0.0,0.0134262083333371,True,False,-0.666482582222222,-6.714553563333333,-24.619310564444444
mp-1225518,Er2SbO2,Er-O-Sb,5,0.0,0.0,0.0136986246666648,True,False,-3.051055223999999,-7.683127398000001,-7.369927398
mp-1225527,Eu2(ZnNi)5,Eu-Ni-Zn,12,0.0,0.0,0.005868866666665,True,False,-0.28761860583333204,-4.935587379166666,-15.387668744166668
mp-1225541,Er2TeS2,Er-S-Te,5,0.0,0.0,0.0763396986666755,True,False,-2.137644830458333,-24.004878650000002,-24.004878650000002
mp-1225557,La4GaSi3,Ga-La-Si,8,0.0,0.0,0.0108317237499999,True,False,-0.7957106018749971,-20.38860942125,-20.38860942125
mp-1225586,ErGaAu,Au-Er-Ga,6,0.0,0.0,0.0181309724999998,True,False,-0.8840810427777791,-32.868471465,-32.868471465
mp-1225592,DyGa3Cu,Cu-Dy-Ga,5,0.0,0.0,0.0109031969245254,True,False,-0.532060131,-15.963445545999999,-15.963445545999999
mp-1225611,Er2PtAu,Au-Er-Pt,8,0.0,0.0,0.0041320625,True,False,-1.217720370416664,-43.69860721625,-43.69860721625
mp-1225620,ErFeCo,Co-Er-Fe,6,0.00163648083333,0.0016364808333300001,0.0,False,True,-0.17226329,-6.895982203333333,-6.895982203333333
mp-1225628,ErCuPbS3,Cu-Er-Pb-S,12,0.0,0.0,0.0019910616666711,True,False,-1.352142200416665,-5.484103148333333,-5.232603148333333
mp-1225649,ErAlFe,Al-Er-Fe,12,0.0,0.0,0.0171317577083316,True,False,-0.320258999999996,-5.914697616666665,-18.65840227083333
mp-1225663,DyGaCu,Cu-Dy-Ga,6,0.0,0.0,0.0190597783333323,True,False,-0.564319998333334,-18.65477839,-18.65477839
mp-1225753,Eu2MnRhO6,Eu-Mn-O-Rh,20,0.090730552083327,0.090730552083327,0.0,False,True,-2.415023231293106,-9.094054533500001,-8.5150545335
mp-1225828,Eu2(AlAg)5,Ag-Al-Eu,12,0.0,0.0,0.005016406111113,True,False,-0.32544317041666604,-18.448913404166667,-18.448913404166667
mp-1225832,Cu2SnS3,Cu-S-Sn,6,0.0,0.0,0.0188133856944441,True,False,-0.41034496473958304,-12.167326208333334,-12.167326208333334
mp-1225836,Cu4Bi3Pb(SeO)4,Bi-Cu-O-Pb-Se,16,0.0,0.0,0.0940976313281254,True,False,-0.968228658085937,-5.065420321249999,-4.77567032125
mp-1225884,CsBH4,B-Cs-H,6,0.0,0.0,0.0013065366666662,True,False,-0.45635162624999903,-8.168894426666666,-8.168894426666666
mp-1225916,CsCNO,C-Cs-N-O,8,0.0,0.0,0.0314042869328723,True,False,-1.2376043086637951,-7.093904050000001,-6.83190405
mp-1225923,CsSbTeO6,Cs-O-Sb-Te,18,0.0,0.0,0.0218266738888885,True,False,-1.8222093301468711,-6.029770522777778,-5.571770522777778
mp-1225938,CsMgCoF6,Co-Cs-F-Mg,18,0.0,0.0,0.0034509044444401,True,False,-2.918185277183909,-5.268738450000001,-4.77873845
mp-1225966,Eu2(CuNi)5,Cu-Eu-Ni,12,0.0,0.0,0.0039505452777746,True,False,-0.145232135833328,-5.976310517499995,-16.0457028225
mp-1225978,La2(InSn)3,In-La-Sn,8,0.0,0.0,0.0065213425000001,True,False,-0.5967859925000021,-25.77977135375,-25.77977135375
mp-1225979,CsCoCuF6,Co-Cs-Cu-F,18,0.0,0.0,0.0285937603703736,True,False,-2.280394028295019,-4.905251273888889,-4.415251273888889
mp-1226003,CoPS,Co-P-S,12,0.0,0.0,0.011988913333333,True,False,-0.582053775262898,-10.672168665000001,-10.672168665000001
mp-1226011,CoSi4Ni3,Co-Ni-Si,8,0.006904919687501,0.006904919687501,0.0,False,True,-0.46931802000000106,-11.00362314375,-11.00362314375
mp-1226037,CoNiP,Co-Ni-P,9,0.0,0.0,0.0002069516666658,True,False,-0.507503998214284,-11.913512198888888,-11.913512198888888
mp-1226069,Co3SiMo2,Co-Mo-Si,12,0.037453396944442,0.037453396944442004,0.0,False,True,-0.18637113666666702,-16.956440614166667,-16.956440614166667
mp-1226106,CoRhS4,Co-Rh-S,12,0.0,0.0,0.0252501977777779,True,False,-0.701416429166665,-5.8759690025,-12.090706625833334
mp-1226138,Cs2W(OF2)2,Cs-F-O-W,9,0.0,0.0,0.0273745031635774,True,False,-2.688816068812262,-6.280529055555557,-16.72951121777778
mp-1226158,Cs2Zr(WO4)3,Cs-O-W-Zr,18,0.0,0.0,0.0009347349999995,True,False,-2.555746231628352,-8.589833927222223,-7.392167260555556
mp-1226264,Cr4GaS8,Cr-Ga-S,13,0.0,0.0,0.0048662699999999,True,False,-0.9915397713461531,-6.740729586923077,-11.394240102307693
mp-1226265,Cr4CoCuS8,Co-Cr-Cu-S,14,0.000187383958329,0.000187383958329,0.0,False,True,-0.9159975492857131,-6.840568618571429,-6.553140047142857
mp-12263,LiAuF4,Au-F-Li,12,0.003528873333333,0.003528873333333,0.0,False,True,-2.015588653888889,-4.155291048333333,-3.847291048333333
mp-1226352,Cr2Ir2C,C-Cr-Ir,5,0.0,0.0,0.0147222464999998,True,False,-0.17313177099999902,-9.41592096,-29.031105908
mp-1226363,Cr2S2BrCl,Br-Cl-Cr-S,6,0.0,0.0,0.0903703566666669,True,False,-1.19218155,-6.369911500000001,-6.0109115
mp-1226365,Cs2Cu3NiF10,Cs-Cu-F-Ni,16,0.00784364828125,0.00784364828125,0.0,False,True,-2.209980202285152,-10.084935868535153,-4.23639734
mp-1226384,Gd(CuS)3,Cu-Gd-S,14,9.49391964155666e-05,9.493919641556661e-05,0.0,False,True,-0.9921145540625,-15.283472408571429,-15.283472408571429
mp-1226405,Cr4CuNiSe8,Cr-Cu-Ni-Se,14,0.0,0.0,0.0008874077380998,True,False,-0.743853269196428,-6.205197915714286,-5.93548363
mp-1226464,CeZnSi,Ce-Si-Zn,3,0.0,0.0,0.0085965083333325,True,False,-0.5182204099999991,-4.72555758,-16.809161926666665
mp-1226482,CeZn4Ni,Ce-Ni-Zn,6,0.0,0.0,0.01210247346491,True,False,-0.30780722999999605,-3.100484061666664,-13.406107563333334
mp-1226503,CeSmB12,B-Ce-Sm,14,0.001321465,0.0013214650000000002,0.0,False,True,-0.550204870714286,-11.17376226,-11.17376226
mp-1226516,CeNiSb,Ce-Ni-Sb,3,0.0,0.0,0.0463945637179508,True,False,-0.8291752266666631,-6.111204489999999,-23.73156824666667
mp-1226542,CeYCu4,Ce-Cu-Y,6,0.0,0.0,0.0183757074999997,True,False,-0.18515620333333202,-15.94205849,-15.94205849
mp-1226612,CeYCo17,Ce-Co-Y,19,0.005014734473684,0.005014734473684001,0.0,False,True,-0.06560909473684101,-7.103194653157894,-14.589562466842105
mp-1226613,CeGa3Cu,Ce-Cu-Ga,5,0.0,0.0,0.0276650919999994,True,False,-0.527511801999997,-15.730662323999999,-15.730662323999999
mp-1226635,CeEuAl4,Al-Ce-Eu,6,0.0,0.0,0.0192968808333358,True,False,-0.483847925833333,-16.532165391666666,-16.532165391666666
mp-1226636,CeB2Ir2Rh,B-Ce-Ir-Rh,6,0.0,0.0,0.0190257556666804,True,False,-0.6816856547222211,-8.071170595,-8.071170595
mp-1226657,CeAs2Au,As-Au-Ce,8,0.0,0.0,0.0076778650000006,True,False,-0.782787381249998,-5.420556614999999,-28.591013565
mp-1226702,CeGaCu4,Ce-Cu-Ga,6,0.0,0.0,0.001144914226189,True,False,-0.26112830000000004,-14.539559751666667,-14.539559751666667
mp-1226730,CdH6(NCl)2,Cd-Cl-H-N,11,0.0,0.0,0.0026360909090907,True,False,-0.781625260681818,-4.5729570709090925,-4.395684343636364
mp-1226734,CeEuB12,B-Ce-Eu,14,0.0,0.0,0.0014550135714292,True,False,-0.57125431892857,-11.822523022142857,-11.822523022142857
mp-1226771,CdAg2Sn3S8,Ag-Cd-S-Sn,14,0.0,0.0,0.0058303364285707,True,False,-0.634293034880951,-4.332420378571428,-4.044991807142857
mp-1226772,Ce2SbTe,Ce-Sb-Te,4,0.0,0.0,0.0216380175000008,True,False,-1.3885194291666632,-6.175071147499999,-29.7548197
mp-1226785,Ce2NiRu3,Ce-Ni-Ru,6,0.0,0.0,5.970666666588187e-05,True,False,-0.333143676666664,-7.912684349999999,-25.306669111666665
mp-1226818,Ce2ZnBi4,Bi-Ce-Zn,7,0.0,0.0,0.0052572638311696,True,False,-0.509233060000004,-4.608344572857147,-44.18668756857143
mp-1226845,Ce3SiS2,Ce-S-Si,6,0.0,0.0,0.0136409087500002,True,False,-1.8340435767708332,-21.394664465,-21.394664465
mp-1226865,Ce2Si2NiPt,Ce-Ni-Pt-Si,6,0.0,0.0,0.0732293593171284,True,False,-0.9237029666666641,-6.686337266666666,-6.686337266666666
mp-1226887,CeAlCu4,Al-Ce-Cu,6,0.001234513166666,0.001234513166666,0.0,False,True,-0.25851480333333404,-13.751833318333333,-13.751833318333333
mp-1226899,Ce2SiGe,Ce-Ge-Si,8,0.0,0.0,0.0048239306250001,True,False,-0.674127509999997,-6.154688916249999,-21.877155195
mp-1226905,Ce2(TlSn)3,Ce-Sn-Tl,8,0.0,0.0,0.0011725716071424,True,False,-0.397468231875002,-4.27459718875,-37.40779836
mp-1226949,Ce2Ga5Cu3,Ce-Cu-Ga,10,0.0,0.0,0.017665814499999,True,False,-0.501104523999998,-15.644657051,-15.644657051
mp-1226991,Ce2Al6CuAu,Al-Au-Ce-Cu,10,0.0,0.0,0.0014019690000006,True,False,-0.543583871999998,-4.715628211,-4.715628211
mp-1227010,Ce2AlGaNi2,Al-Ce-Ga-Ni,18,0.0,0.0,0.003232121111111,True,False,-0.5919274706944431,-5.626568296111111,-5.626568296111111
mp-1227011,Cd3(CuP5)2,Cd-Cu-P,15,0.0,0.0,0.0033022643333353,True,False,-0.17161916331746102,-11.640240376000001,-11.640240376000001
mp-1227014,Cd2Ga2Se5,Cd-Ga-Se,18,0.008911973888891,0.008911973888891,0.0,False,True,-0.8658309663020831,-3.6942498344444443,-3.432027612222222
mp-1227020,CaZnAg,Ag-Ca-Zn,6,0.0,0.0,0.0040077208333331,True,False,-0.314119315555553,-2.350213038333331,-12.731366103333334
mp-1227042,CaGaSi,Ca-Ga-Si,3,0.0,0.0,0.0068581683333337,True,False,-0.5264824650000001,-9.611427213333334,-9.611427213333334
mp-1227046,CaSiAu,Au-Ca-Si,3,0.0,0.0,0.0360072333333336,True,False,-0.712450351666665,-22.844789833333333,-22.844789833333333
mp-1227072,CaGa3Pt,Ca-Ga-Pt,5,0.0,0.0,0.0054618240000001,True,False,-0.6547267465000011,-4.086931000000002,-19.298492578
mp-1227074,CeCdIn,Cd-Ce-In,6,0.0,0.0,0.0203867800000003,True,False,-0.508248183333336,-25.016317126666667,-25.016317126666667
mp-1227085,CaYb3(InGe2)2,Ca-Ge-In-Yb,10,0.0,0.0,0.0139689651249992,True,False,-0.7153895105000031,-22.442541624,-22.442541624
mp-1227116,CaFeSi2Rh,Ca-Fe-Rh-Si,5,0.0133370199375,0.013337019937500002,0.0,False,True,-0.6734796739999991,-6.411592678,-6.439992678
mp-1227182,CaLa3Mn4O12,Ca-La-Mn-O,20,0.15446641105,0.15446641105,0.0,False,True,-2.8939826793362062,-8.5358434005,-7.790043400499999
mp-1227227,CaCeN2,Ca-Ce-N,4,0.0,0.0,0.0880919874999994,True,False,-1.460997576875,-15.4951035275,-15.4951035275
mp-1227238,CaBiIO2,Bi-Ca-I-O,5,0.0,0.0,0.0144589620000061,True,False,-2.168917279,-5.6320310419999995,-5.2814310419999995
mp-1227251,CaMnFeGe2,Ca-Fe-Ge-Mn,5,0.005466961333334,0.005466961333334,0.0,False,True,-0.341918731586206,-6.11865715,-6.11865715
mp-1227310,Ce2(InSn)3,Ce-In-Sn,8,0.0,0.0,0.0010702787499994,True,False,-0.482971990624998,-4.5054890575,-26.025253375
mp-1227319,Bi3Sb,Bi-Sb,4,0.006644767499999,0.006644767499999001,0.0,False,True,0.003182081249995,-50.30010216,-50.30010216
mp-1227331,Ce4Ni3Bi8,Bi-Ce-Ni,15,0.0,0.0,0.023646095666665,True,False,-0.513652624000004,-5.327551557333337,-42.426599315333334
mp-1227351,Ca2Ga7Ag,Ag-Ca-Ga,10,0.0,0.0,0.0034263154583333,True,False,-0.422191242499999,-11.975380862,-11.975380862
mp-1227357,Be3Cu,Be-Cu,12,0.000412952083333,0.000412952083333,0.0,False,True,-0.104867697916667,-3.9342290141666663,-6.080608039166666
mp-1227372,BiTeIr,Bi-Ir-Te,12,0.0,0.0,0.0462240609722224,True,False,-0.307808057500011,-45.734091892500004,-45.734091892500004
mp-1227383,Ca2AlZn16,Al-Ca-Zn,19,0.0,0.0,9.379026316325144e-05,True,False,-0.188522674736838,-1.65761074578947,-8.800638582105265
mp-1227389,BiPbIO2,Bi-I-O-Pb,5,0.0,0.0,0.0151954109999996,True,False,-1.4530009430000002,-5.257524144,-4.9069241439999995
mp-1227429,Ca10Si6F,Ca-F-Si,17,0.00653858235294,0.00653858235294,0.0,False,True,-0.875490980588236,-8.296170540588236,-8.296170540588236
mp-1227444,BiPbBrO2,Bi-Br-O-Pb,5,0.0,0.0,0.0201219707499999,True,False,-1.588329075,-5.41543906,-5.03383906
mp-1227448,Ca(B2Pt3)2,B-Ca-Pt,11,0.0,0.0,0.0397366647319366,True,False,-0.45419479363636106,-31.84965042,-31.84965042
mp-1227477,Ca2LaTaO6,Ca-La-O-Ta,20,0.000489894999997,0.0004898949999970001,0.0,False,True,-3.592058270233335,-8.642248314000001,-16.2853877075
mp-1227567,Bi4PbS7,Bi-Pb-S,12,0.003211824583333,0.0032118245833330002,0.0,False,True,-0.663987993541667,-4.683535351666667,-29.330853108333333
mp-1227574,Ca4Cd3Au5,Au-Ca-Cd,12,0.0,0.0,0.0038135987500025,True,False,-0.6343471850000001,-2.9070005258333342,-29.146401780833333
mp-1227575,Ca2MnRuO6,Ca-Mn-O-Ru,20,0.0,0.0,0.0049554386500068,True,False,-2.394197838793103,-7.607736201,-7.028736200999999
mp-1227577,Ce4Ni4Bi3Sb5,Bi-Ce-Ni-Sb,16,0.0,0.0,0.0647309174739598,True,False,-0.724094156874998,-5.673060114999999,-5.613060115
mp-1227665,BaSrGa4,Ba-Ga-Sr,6,0.000556858333331,0.0005568583333310001,0.0,False,True,-0.480673801666668,-3.101304988333334,-15.135540058333333
mp-1227698,Ca2TlIn,Ca-In-Tl,4,0.014311585000001,0.014311585000001,0.0,False,True,-0.533947884999996,-22.992568475,-22.992568475
mp-1227713,Ca2Tl2O5,Ca-O-Tl,18,0.000986394259262,0.0009863942592620001,0.0,False,True,-2.089511071296295,-5.811060962222219,-18.59649789777778
mp-1227729,BaSiAu,Au-Ba-Si,3,0.0,0.0,0.0414918116666642,True,False,-0.579091880000001,-4.118483536666669,-29.251860339999997
mp-1227757,Ca3BiAu14,Au-Bi-Ca,18,0.005090945347212,0.005090945347212,0.0,False,True,-0.44327400027778,-44.210307163888885,-44.210307163888885
mp-1227788,Ca2(TlPb)3,Ca-Pb-Tl,8,0.0,0.0,0.0010564774999974,True,False,-0.2875282175,-3.070472882499999,-43.153898515
mp-1227860,BaPPd,Ba-P-Pd,12,0.0,0.0,0.018041774166666,True,False,-0.949516123214285,-5.120959548333334,-20.5371804925
mp-1227971,BaCdSn,Ba-Cd-Sn,6,0.0,0.0,0.0256113058333333,True,False,-0.515772764999995,-2.811958426666663,-24.372834586666666
mp-1227983,BaGa2GeS6,Ba-Ga-Ge-S,10,0.0,0.0,0.0069027283124984,True,False,-1.225585044499999,-4.967843156,-4.666043156
mp-1227993,BaGa2SiS6,Ba-Ga-S-Si,10,0.0,0.0,0.0046482409999999,True,False,-1.330769891999999,-5.153257021,-11.83606393
mp-1227997,AlSi3W2,Al-Si-W,6,0.0,0.0,0.0010496302083309,True,False,-0.264832075833335,-22.896328888333333,-22.896328888333333
mp-1228001,AlV,Al-V,2,0.0,0.0,0.0070527274999996,True,False,-0.28638329500000004,-10.697220325,-10.697220325
mp-1228081,BaHgPb,Ba-Hg-Pb,6,0.0,0.0,0.0004246650000041,True,False,-0.498360987500001,-2.478792336666667,-44.645920741666664
mp-1228125,BaCdPb,Ba-Cd-Pb,6,0.0,0.0,0.0212348625000018,True,False,-0.43958682666666005,-2.6367975599999953,-34.84263503666667
mp-1228144,BaEuFeCuO5,Ba-Cu-Eu-Fe-O,9,0.060192860579372,0.060192860579372,0.0,False,True,-2.258450407777778,-7.760241492222223,-7.127908158888889
mp-1228220,Ba4La2SbRuO12,Ba-La-O-Ru-Sb,20,0.000591650999999,0.000591650999999,0.0,False,True,-2.905572134,-7.4219146245,-7.009714624500001
mp-1228234,Ba3SrEr2(MoO6)2,Ba-Er-Mo-O-Sr,20,0.0,0.0,0.0054576003750002,True,False,-3.087167533499999,-7.969748674,-7.237348674000001
mp-1228332,Ba2TlSbO6,Ba-O-Sb-Tl,10,0.0,0.0,0.0109654050000003,True,False,-2.281407364333334,-6.284026291,-5.871826291
mp-1228360,Ba2InCuO4,Ba-Cu-In-O,8,0.0,0.0,2.825687499985463e-05,True,False,-2.225249320833332,-6.036271109999999,-5.69277111
mp-1228392,Ba2CePbO6,Ba-Ce-O-Pb,10,0.0,0.0,0.0005881360000001,True,False,-2.8738340829999993,-7.191365368,-6.779165367999999
mp-1228434,Ba2LaTlCu2O7,Ba-Cu-La-O-Tl,13,0.000195189471152,0.00019518947115200003,0.0,False,True,-2.194981044102564,-6.347255619230769,-5.977332542307693
mp-1228443,Al2Si4Mo3,Al-Mo-Si,9,0.020085916666669,0.020085916666669,0.0,False,True,-0.415967468492063,-14.502100064047617,-7.313486313333333
mp-1228491,Al2S3,Al-S,10,0.0,0.0,0.006541508333334,True,False,-1.236956223687499,-8.750217892,-8.750217892
mp-1228580,Ba2As6O11,As-Ba-O,19,0.000628501315789,0.000628501315789,0.0,False,True,-2.062195705263159,-6.603577606842106,-12.682288236842107
mp-1228689,Ba(TeMo)6,Ba-Mo-Te,13,0.158889196538462,0.158889196538462,0.0,False,True,-0.481912555384616,-7.085967244615385,-7.085967244615385
mp-1228721,Al4InAgSe8,Ag-Al-In-Se,14,0.0,0.0,0.0022870496428621,True,False,-0.8813140376785701,-14.120981372857143,-14.120981372857143
mp-1228724,AsRhSe,As-Rh-Se,12,0.0,0.0,0.0084983049999998,True,False,-0.6661096080208321,-18.384549557499998,-18.384549557499998
mp-1228745,AsRhS,As-Rh-S,12,0.0,0.0,0.0051636983333329,True,False,-0.731231218437502,-16.357163500000002,-16.357163500000002
mp-1228775,Ba3WO6,Ba-O-W,20,0.0,0.0,0.0205642600000004,True,False,-2.865173970999999,-7.705456078999999,-6.849456078999999
mp-1228784,Ba10IBr4N5,Ba-Br-I-N,20,0.0,0.0,0.0523040079999992,True,False,-1.366714386,-4.81436123,-4.59836123
mp-1228807,AlV6Ga,Al-Ga-V,8,0.0,0.0,0.0096953524999996,True,False,-0.20036260250000001,-13.039403685,-13.039403685
mp-1228810,AsIrSe,As-Ir-Se,12,0.0,0.0,0.0071376791666635,True,False,-0.622789714687499,-27.7489379375,-27.7489379375
mp-1228812,CsTi2(CuTe4)2,Cs-Cu-Te-Ti,13,0.0,0.0,0.0023088467948726,True,False,-0.771644519973474,-4.621169296153845,-4.361476988461538
mp-1228823,AsIrS,As-Ir-S,12,0.0,0.0,0.0045586441666669,True,False,-0.699005755937501,-25.73264631083333,-25.73264631083333
mp-1228829,AlV6Ge,Al-Ge-V,8,0.0,0.0,0.0028155393750015,True,False,-0.23588536937499902,-8.0948903825,-13.41597532875
mp-1228832,AlNi6Ge,Al-Ge-Ni,8,0.0,0.0,0.0026075575000001,True,False,-0.336871960000001,-11.89866931875,-11.89866931875
mp-1228848,CsBS2,B-Cs-S,8,0.0,0.0,0.0181510818749996,True,False,-1.093259212205459,-5.05880040375,-13.109359055
mp-1228856,AlPPd4,Al-P-Pd,18,0.0,0.0,0.0058791389444419,True,False,-0.66189478299602,-5.641990882222212,-18.59971642388889
mp-1228880,AlNi4Ge,Al-Ge-Ni,12,2.2983055561809355e-05,2.2983055561809355e-05,0.0,False,True,-0.393435677499998,-11.815259769166666,-11.815259769166666
mp-1228885,Ba2V2CuF12,Ba-Cu-F-V,17,0.0,0.0,0.0087507229411709,True,False,-3.326447592352941,-6.212988603529412,-5.686870956470589
mp-1228891,AlGaAs2,Al-As-Ga,4,0.0,0.0,0.0052791025000011,True,False,-0.537332601249999,-12.434816665,-12.434816665
mp-1228909,Al3SiPd4,Al-Pd-Si,8,0.005202613020832,0.005202613020832,0.0,False,True,-0.823905626874999,-15.92538988,-15.92538988
mp-1228910,Al2FeNi,Al-Fe-Ni,4,0.0,0.0,0.011137165,True,False,-0.5236166949999991,-5.9589440825,-10.40538212
mp-1228913,Al2CoNi,Al-Co-Ni,4,0.0,0.0,0.0111020874999994,True,False,-0.625177445,-10.2952136825,-10.2952136825
mp-1228914,Al4CrNi15,Al-Cr-Ni,20,0.001804654999997,0.001804654999997,0.0,False,True,-0.33933116699999805,-11.4257058225,-11.4257058225
mp-1228931,CsCuNiF6,Cs-Cu-F-Ni,18,0.157524051666674,0.15752405166667402,0.0,False,True,-2.094899824166641,-9.505248030833307,-3.986932450555555
mp-1228984,AlCu(PSe3)2,Al-Cu-P-Se,10,0.0,0.0,0.0043071128333327,True,False,-0.55887899333482,-4.523998834999999,-4.240798835
mp-1228986,AlH6N2F3,Al-F-H-N,12,0.0,0.0,0.0120352766666647,True,False,-1.618079401875,-5.495969991666667,-5.320303325
mp-1229015,AgPt,Ag-Pt,2,0.003116314999999,0.003116314999999,0.0,False,True,-0.0792769675,-36.50107399,-36.50107399
mp-1229032,AgPt4,Ag-Pt,5,0.008742394000002,0.008742394000002,0.0,False,True,-0.024214919000002003,-45.485563868,-45.485563868
mp-1229114,Al(V4Sn)3,Al-Sn-V,16,0.003547279374997,0.0035472793749970004,0.0,False,True,-0.114187503749997,-15.742034905625,-15.742034905625
mp-1229122,Ag2HgI4,Ag-Hg-I,7,0.001123387142858,0.0011233871428580002,0.0,False,True,-0.5112391594047601,-2.238610281428569,-27.518631687142857
mp-1229155,Ag4Hg4S4BrCl3,Ag-Br-Cl-Hg-S,16,0.0,0.0,0.0201269653124991,True,False,-0.597054644479167,-2.868467435,-2.594217435
mp-12317,SrCN2,C-N-Sr,4,0.000506667499999,0.000506667499999,0.0,False,True,-0.9915116593750011,-11.82911106,-11.82911106
mp-1232083,Dy2MgSe4,Dy-Mg-Se,14,0.0,0.0,0.0092274021428533,True,False,-1.953513270386902,-5.503637124999999,-19.894961399285712
mp-1232155,EuS2,Eu-S,12,0.041497492708334,0.041497492708334006,0.0,False,True,-1.623697453541666,-19.82001651,-19.82001651
mp-12322,RbGd2CuS4,Cu-Gd-Rb-S,16,0.00106782270833,0.00106782270833,0.0,False,True,-1.9047816453125002,-8.127478654375,-7.875978654375
mp-1232230,EuSe2,Eu-Se,6,0.0136282903125,0.013628290312500001,0.0,False,True,-1.557903364374998,-23.939237756666667,-23.939237756666667
mp-1232290,Cu3SbF12,Cu-F-Sb,16,0.0,0.0,0.0108482446874997,True,False,-2.04949965375,-4.511552763125,-7.9058030775
mp-1232302,RbCuCl3,Cl-Cu-Rb,10,0.000887255999999,0.000887255999999,0.0,False,True,-1.4847116834999992,-3.6097855119999993,-9.944297148
mp-1232332,ZnCu2SiSe4,Cu-Se-Si-Zn,8,0.0,0.0,0.0044718706250002,True,False,-0.6375325786718741,-4.245922689999999,-4.00992269
mp-1232659,MnO,Mn-O,8,0.0,0.0,0.0027148787499999,True,False,-2.032569766465519,-9.087557915000001,-12.297904145
mp-1235,TiIr,Ir-Ti,2,0.0,0.0,0.0151988675000023,True,False,-0.8576200016666671,-9.2245831,-9.2245831
mp-1236,NdAg,Ag-Nd,2,0.0,0.0,0.0082381712500003,True,False,-0.279320871249996,-25.666263935,-25.666263935
mp-12386,ErSi3Ni,Er-Ni-Si,10,0.020331149999997,0.020331149999997,0.0,False,True,-0.6392581580000001,-5.964020074000001,-15.147090823
mp-1238775,NaBC,B-C-Na,6,0.0,0.0,0.0299753695522033,True,False,-0.12882825583333302,-7.081418241666667,-7.081418241666667
mp-1238817,Li(CrS2)2,Cr-Li-S,14,0.0,0.0,0.0518020492857109,True,False,-1.093155952619045,-6.48810004642857,-10.28368813857143
mp-1238827,Cr2AgS4,Ag-Cr-S,14,0.0,0.0,0.0214829685714397,True,False,-0.8334234516666661,-6.361798232857143,-12.722311885
mp-1238887,TiCrCuS4,Cr-Cu-S-Ti,14,0.000663361428571,0.0006633614285710001,0.0,False,True,-1.185712821904761,-6.642475251428571,-6.35504668
mp-1239142,Mn2InCuSe4,Cu-In-Mn-Se,8,0.170577324374999,0.170577324374999,0.0,False,True,-0.582260846901938,-15.58704792875,-5.119183125
mp-1239146,HfCrCuS4,Cr-Cu-Hf-S,14,0.000146436428571,0.000146436428571,0.0,False,True,-1.287564739999998,-7.038855314285714,-6.751426742857142
mp-12433,NaSnN,N-Na-Sn,6,0.0,0.0,0.0640367756944426,True,False,-0.19462483379310302,-4.75781496,-4.637481626666667
mp-12453,HoCuS2,Cu-Ho-S,16,0.0,0.0,0.00112450625,True,False,-1.59167361328125,-16.540727205625,-16.540727205625
mp-12454,ErCuS2,Cu-Er-S,16,0.0,0.0,0.0022243881249996,True,False,-1.588405923489585,-16.79848232875,-16.79848232875
mp-12455,TmCuS2,Cu-S-Tm,16,0.0,0.0,0.0027957025000002,True,False,-1.591410292656252,-17.100389978749998,-17.100389978749998
mp-1245502,Li2TiN2,Li-N-Ti,5,0.01230257945833,0.012302579458330002,0.0,False,True,-1.184363372,-6.86234202,-8.455794145999999
mp-1245535,CdGeN2,Cd-Ge-N,16,0.0,0.0,0.0070873335416665,True,False,-0.119496214999999,-13.178112868125,-13.178112868125
mp-1245798,LiFeN,Fe-Li-N,12,0.0,0.0,0.0150094608333315,True,False,-0.45836739944444305,-6.697441339999998,-9.037432461666667
mp-1245993,Sr3RhN3,N-Rh-Sr,14,0.0,0.0,0.0690722040476181,True,False,-0.619139701607143,-14.470491680714286,-14.470491680714286
mp-1246000,LiMnN2,Li-Mn-N,8,0.0,0.0,0.0001643136458335,True,False,-0.517870325316093,-7.4547437375,-7.2742437375
mp-12463,Ni(TePd)2,Ni-Pd-Te,10,0.0,0.0,0.0585357856666677,True,False,-0.298515630999997,-22.045930231,-22.045930231
mp-12464,Co(PdSe)2,Co-Pd-Se,10,0.061122488000002,0.06112248800000201,0.0,False,True,-0.252444538624999,-17.808096301,-17.808096301
mp-1247259,Ca3RhN3,Ca-N-Rh,14,0.0,0.0,0.0592049012500011,True,False,-0.7603484701785721,-11.137114433571428,-11.137114433571428
mp-1247749,CsSnBr3,Br-Cs-Sn,20,0.0,0.0,0.0070906270000001,True,False,-1.572084271431037,-3.537762077500002,-19.2818131055
mp-1247807,Hf6Ga2Co,Co-Ga-Hf,9,0.006139018888887,0.006139018888887001,0.0,False,True,-0.402625630000001,-34.51687844888889,-34.51687844888889
mp-1250,Lu2In,In-Lu,6,0.0,0.0,0.0011078100000005,True,False,-0.440979852777777,-33.353763435,-33.353763435
mp-12516,NdZnSbO,Nd-O-Sb-Zn,8,0.0,0.0,0.0156044870500018,True,False,-1.874198885624999,-5.6504122075000005,-5.4306622075
mp-12543,Dy3Pd2,Dy-Pd,10,0.0,0.0,0.0156927295000004,True,False,-0.761640371999999,-29.134903751000003,-29.134903751000003
mp-12545,Er3Pd2,Er-Pd,10,0.0,0.0,0.0099739930000017,True,False,-0.7811134539999951,-30.320555997999996,-30.320555997999996
mp-12550,AlCuPt2,Al-Cu-Pt,4,0.0,0.0,0.0061807475000001,True,False,-0.7594491199999991,-30.8980311525,-30.8980311525
mp-12571,HfBeSi,Be-Hf-Si,6,0.0,0.0,6.531833333323078e-05,True,False,-0.630915291666667,-7.004888600000001,-20.101532851666665
mp-1259,YbAl3,Al-Yb,4,0.0,0.0,0.0854211475000008,True,False,-0.451476316249998,-14.63289476,-14.63289476
mp-12593,ScIr3,Ir-Sc,4,0.0,0.0,0.0101972400000001,True,False,-0.621093358749999,-8.833036270000001,-42.789617725
mp-12599,PrTl,Pr-Tl,2,0.0,0.0,0.0061488,True,False,-0.5041326808333361,-41.795763155,-41.795763155
mp-12608,CuPt7,Cu-Pt,8,0.0,0.0,0.0119233887500005,True,False,-0.105695779999997,-46.5132975675,-46.5132975675
mp-12613,LaNiSn,La-Ni-Sn,12,0.0,0.0,0.0027821300000008,True,False,-0.6333772400000001,-5.541949120000001,-22.810623888333335
mp-12630,MgSeO4,Mg-O-Se,12,0.0,0.0,0.0016770120833324,True,False,-1.8707510703906252,-6.023788655833333,-8.634295173333333
mp-1264,CdAu3,Au-Cd,4,0.011046036249993,0.011046036249993,0.0,False,True,-0.14286626500000202,-43.1078333,-43.1078333
mp-12640,Ba2DyNbO6,Ba-Dy-Nb-O,10,0.0,0.0,0.0021983270000003,True,False,-3.458601736166666,-8.283141384,-7.870941384
mp-12641,Ba2HoNbO6,Ba-Ho-Nb-O,10,0.0,0.0,0.0012144869999985,True,False,-3.4687507135,-8.291220755000001,-7.879020755000001
mp-12642,Ba2TmNbO6,Ba-Nb-O-Tm,10,0.0,0.0,4.7923000000338334e-05,True,False,-3.4924325310000013,-8.303384774,-7.891184774
mp-12644,Ba2LuNbO6,Ba-Lu-Nb-O,10,0.0,0.0,2.1679999999690835e-06,True,False,-3.506273435666666,-8.321144276,-18.547436588
mp-12646,EuNbO4,Eu-Nb-O,12,0.016763981488098,0.016763981488098,0.0,False,True,-3.188677660833333,-9.885554489999999,-17.552624795
mp-12657,HfAl2,Al-Hf,12,0.0,0.0,0.0009988150000008,True,False,-0.514484086666667,-20.053021436666665,-20.053021436666665
mp-12674,MnAu,Au-Mn,2,0.0,0.0,0.0729252630172414,True,False,-0.373967652241375,-33.008115065,-33.008115065
mp-12700,NbPt3,Nb-Pt,16,0.0,0.0,0.0026242768749993,True,False,-0.707492294375001,-45.506798631875,-45.506798631875
mp-12710,PrZnPd,Pd-Pr-Zn,9,0.0,0.0,0.0070039916666662,True,False,-0.674469673888891,-4.419501966666669,-21.10915304888889
mp-1271107,Cr2NiO4,Cr-Ni-O,14,0.001933539999999,0.0019335399999990002,0.0,False,True,-2.040816852857141,-8.451970515714285,-11.443232275
mp-1271278,Zn3SbN3,N-Sb-Zn,14,0.018494859821428,0.018494859821428,0.0,False,True,-0.019501071607144,-11.422983294285714,-11.422983294285714
mp-12723,CaAu,Au-Ca,4,0.0,0.0,0.0003373175000001,True,False,-0.8549962350000011,-29.66662316,-29.66662316
mp-1272338,V3O5,O-V,16,0.007672148906252,0.007672148906252001,0.0,False,True,-2.522345725624999,-9.02128613,-7.95441113
mp-12732,Dy3(CuSi)4,Cu-Dy-Si,11,0.005187968181818,0.005187968181818,0.0,False,True,-0.684120739545454,-16.541180017272726,-16.541180017272726
mp-1274785,V2FeO4,Fe-O-V,14,0.025213975892857,0.025213975892857003,0.0,False,True,-2.208468487142857,-8.84127954,-7.640708111428571
mp-1275545,Mg2MnWO6,Mg-Mn-O-W,20,0.003009911500001,0.0030099115000010003,0.0,False,True,-2.548564660793102,-8.055449819,-7.032649818999999
mp-1275560,V2Cu3NiO6,Cu-Ni-O-V,12,0.004153573333342,0.0041535733333420005,0.0,False,True,-1.621221091249999,-7.115665662916666,-6.277082329583333
mp-12759,Zn2CuAu,Au-Cu-Zn,8,0.0,0.0,0.0053160393421056,True,False,-0.155826837499998,-2.628970809999998,-19.9771802625
mp-1276026,LiVO2,Li-O-V,16,0.010559560625,0.010559560625,0.0,False,True,-2.483221481458334,-7.705409218125,-6.936909218125
mp-12764,SmC2,C-Sm,3,0.0,0.0,0.0226380212500023,True,False,-0.32605572333333505,-16.868520623333335,-16.868520623333335
mp-12765,GdC2,C-Gd,3,0.0,0.0,0.0149722837500032,True,False,-0.304990589999998,-21.40214915,-21.40214915
mp-12778,VOs,Os-V,2,0.0,0.0,0.0408355259999986,True,False,-0.33667420999999803,-33.8740765,-33.8740765
mp-12798,Ni3Pt,Ni-Pt,4,0.0,0.0,0.0008286000000001,True,False,-0.069345527499999,-5.9222313675,-21.9462575075
mp-12806,Cu2GeTe3,Cu-Ge-Te,6,0.009490157222227,0.009490157222227001,0.0,False,True,-0.120982610000001,-18.757189695,-18.757189695
mp-1281818,Sr2MnNbO6,Mn-Nb-O-Sr,20,0.004637322750001,0.004637322750001001,0.0,False,True,-2.9902245710431052,-8.223818825250001,-7.644818825250001
mp-12826,Sb8Te3,Sb-Te,11,0.002967736753248,0.0029677367532480003,0.0,False,True,-0.18058348636363503,-4.040758722727272,-3.925667813636363
mp-1284552,Sr2TaMnO6,Mn-O-Sr-Ta,20,0.0,0.0,0.0002113480000005,True,False,-3.103931391526438,-8.514087896000001,-7.935087896000001
mp-12846,YbGaGe,Ga-Ge-Yb,12,0.064515651111108,0.064515651111108,0.0,False,True,-0.5852841283333341,-21.1999949,-21.1999949
mp-12856,Pr(AlSi)2,Al-Pr-Si,5,0.0,0.0,0.024254705999998,True,False,-0.35958566633333405,-4.9870375020000015,-12.514302014
mp-12879,Tb2Si5Rh3,Rh-Si-Tb,20,0.0080303325,0.008030332500000001,0.0,False,True,-0.941607311833331,-6.791131412499999,-18.90887024
mp-12884,Hf5Te4,Hf-Te,9,0.02672030888889,0.02672030888889,0.0,False,True,-0.717770633333335,-37.09843443222222,-37.09843443222222
mp-12899,HoSi,Ho-Si,4,0.002679862500002,0.002679862500002,0.0,False,True,-0.893756724999995,-21.72131098,-21.72131098
mp-12900,HoSi,Ho-Si,8,0.0,0.0,0.0026741062499997,True,False,-0.8964365874999981,-21.7239908425,-21.7239908425
mp-12919,LaPIr,Ir-La-P,6,0.0,0.0,0.0247067416666659,True,False,-1.197164449880952,-7.593802719999999,-31.704626821666665
mp-12921,PrPIr,Ir-P-Pr,6,0.0,0.0,0.0499540974999996,True,False,-1.269222546547619,-31.524351256666666,-31.524351256666666
mp-12922,NdPIr,Ir-Nd-P,6,0.0,0.0,0.0442567083333331,True,False,-1.295849441825396,-31.55566235666667,-31.55566235666667
mp-1294,YCo2,Co-Y,6,0.0,0.0,0.000739115925926,True,False,-0.14596481,-7.071273123333333,-15.684944563333334
mp-12951,ZrGaAu,Au-Ga-Zr,6,0.0,0.0,0.0078738566666665,True,False,-0.690730113333335,-28.949906115,-28.949906115
mp-12960,Er5Sb3,Er-Sb,16,0.007330446562502,0.007330446562502001,0.0,False,True,-1.007606152083333,-31.85087153,-31.85087153
mp-12972,Zr6Sb2Pt,Pt-Sb-Zr,9,0.0,0.0,0.0043764905555523,True,False,-0.8231638077777771,-27.423063784444444,-27.423063784444444
mp-12984,TbCuSe2,Cu-Se-Tb,16,0.0,0.0,0.0025913212499997,True,False,-1.45312432783854,-5.385347639999999,-19.103508451875
mp-13002,K2SiF6,F-K-Si,18,0.0,0.0,0.0048175311111133,True,False,-3.428395247722219,-5.558525439444441,-7.7783078038888895
mp-13010,YSn2,Sn-Y,6,0.0,0.0,0.0009857599999998,True,False,-0.595892614999998,-5.438637684999999,-23.910196929999998
mp-13033,MgTe,Mg-Te,2,0.0,0.0,0.0007818200000002,True,False,-1.071569803333334,-3.458457757500001,-15.847378635
mp-13039,Tm2C(NO)2,C-N-O-Tm,7,0.0,0.0,0.0413162873809511,True,False,-2.526824120714288,-8.92231885,-8.622890278571429
mp-1303958,Li2Ni3SbO8,Li-Ni-O-Sb,14,0.000719177142855,0.0007191771428550001,0.0,False,True,-1.553617382976191,-6.187256315357144,-5.250184886785715
mp-1304327,Li2Mn3GaO8,Ga-Li-Mn-O,14,0.001265115000033,0.0012651150000330001,0.0,False,True,-2.115519857711413,-7.395210977142858,-6.645210977142858
mp-13055,Ba2LaTaO6,Ba-La-O-Ta,10,0.0,0.0,0.0004028125000008,True,False,-3.506661578233334,-8.539526634000001,-8.127326634000001
mp-1307,LiGa,Ga-Li,4,0.0,0.0,0.0004908481249996,True,False,-0.37987336583333303,-7.2946145475,-7.2946145475
mp-13073,PrNiGe3,Ge-Ni-Pr,10,0.000252171000002,0.000252171000002,0.0,False,True,-0.592177524333331,-5.481115864999998,-17.219904577
mp-13074,LuNiPb,Lu-Ni-Pb,9,0.0,0.0,0.0024359944444434,True,False,-0.406411827777769,-5.077902228888882,-35.90989823333334
mp-13149,BaAlSi,Al-Ba-Si,3,0.0,0.0,0.0005229333333334,True,False,-0.364180733333332,-4.060803666666666,-14.434035616666668
mp-13182,Li2TiGeO5,Ge-Li-O-Ti,18,0.00153696861111,0.0015369686111100002,0.0,False,True,-2.7158954927777783,-7.279914451666666,-6.898247785
mp-13190,KRb2GaF6,F-Ga-K-Rb,10,0.0,0.0,0.0015972140000002,True,False,-3.066574973975,-4.826939788,-4.549739788
mp-13268,GdCo4B,B-Co-Gd,12,0.0,0.0,0.0155656138141022,True,False,-0.26021582402777804,-8.475079305833335,-17.084741474166666
mp-13271,ErAsPd,As-Er-Pd,12,0.005822520333335,0.0058225203333350005,0.0,False,True,-1.300302336944445,-25.164775591666668,-25.164775591666668
mp-13323,Ba2EuNbO6,Ba-Eu-Nb-O,10,0.059748975250004,0.059748975250004006,0.0,False,True,-3.2191303125,-8.610643599,-8.198443598999999
mp-13357,Yb2MgSi2,Mg-Si-Yb,10,0.0,0.0,0.0788306055000003,True,False,-0.7578001540000031,-19.712918223,-19.712918223
mp-13381,CeZnPd,Ce-Pd-Zn,12,0.0,0.0,0.0029180149999996,True,False,-0.6525053522222201,-4.778030448888889,-21.588929276666665
mp-13382,CeZnPd,Ce-Pd-Zn,9,0.014023598888889,0.014023598888889,0.0,False,True,-0.638481753333331,-4.7640068499999995,-21.574905677777778
mp-1340,Ga2Se3,Ga-Se,10,0.0,0.0,0.0006893420000002,True,False,-0.700867464437499,-13.864913983000001,-13.864913983000001
mp-13416,Sc2InNi2,In-Ni-Sc,10,0.0,0.0,0.0018812029999999,True,False,-0.52315270933333,-5.920029771999998,-14.390877401000001
mp-13429,La2CdRh2,Cd-La-Rh,10,0.0,0.0,0.0168396094999971,True,False,-0.6393202490000001,-5.751448277,-26.253453579000002
mp-13449,YbGa2,Ga-Yb,3,0.0,0.0,0.0652572399999997,True,False,-0.6898012116666661,-20.49477810666667,-20.49477810666667
mp-13450,HfSb,Hf-Sb,12,0.0,0.0,0.0038595475000002,True,False,-0.6129251225000011,-36.0417906825,-36.0417906825
mp-1345538,Mg2NiIrO6,Ir-Mg-Ni-O,20,0.0,0.0,0.0731376094999998,True,False,-1.8667365949999999,-6.623464287,-5.9571642869999994
mp-13503,ScZn2,Sc-Zn,12,0.0,0.0,0.0217562158333333,True,False,-0.346485575833333,-3.297137684166666,-10.1169887025
mp-13504,CeAl4Co,Al-Ce-Co,12,0.0,0.0,0.0038251149999997,True,False,-0.48929717666666606,-5.164742161666667,-12.335060749166667
mp-13514,NdBO3,B-Nd-O,20,0.001357566500001,0.0013575665000010002,0.0,False,True,-3.465548755833333,-8.7238331995,-14.248909656999999
mp-13534,LaZnNi,La-Ni-Zn,9,0.0,0.0,0.0011812822222223,True,False,-0.391874919444444,-4.383837384444444,-17.23362949111111
mp-13536,TbZnNi,Ni-Tb-Zn,9,0.0,0.0,3.381833333371276e-05,True,False,-0.454986832222221,-4.347568136666666,-17.815474035555557
mp-13548,Cs2Pt,Cs-Pt,6,0.0,0.0,0.0708623856896548,True,False,-0.06368258,-33.96522354666667,-33.96522354666667
mp-1366540,Ca2TaMoO6,Ca-Mo-O-Ta,20,0.0,0.0,0.0006529020000005,True,False,-3.083761082733332,-8.724915427000001,-7.992515426999999
mp-1367307,Ca2CrIrO6,Ca-Cr-Ir-O,20,0.0,0.0,0.0169466957499988,True,False,-2.401740640499999,-7.6207853844999995,-7.0086853845
mp-13694,PrCuO2,Cu-O-Pr,4,0.0,0.0,0.0004519087499996,True,False,-2.581216355416654,-7.278866389999987,-15.482898545
mp-1373426,Ca2TaVO6,Ca-O-Ta-V,20,0.0,0.0,0.0394489269999986,True,False,-3.254614706733334,-8.719594647000001,-8.137394647
mp-1375998,Ca2CuIrO6,Ca-Cu-Ir-O,20,0.0,0.0,0.0507083622500088,True,False,-2.0191868105,-6.682847474499999,-6.2706474745
mp-1378,LiC,C-Li,4,0.0,0.0,0.0060876736111108,True,False,-0.09988055583333201,-6.2668513575,-6.2668513575
mp-13798,K2NaTlF6,F-K-Na-Tl,10,0.0,0.0,0.0223459195000002,True,False,-2.693568741921265,-4.439473401,-4.162273401
mp-1380,Zn3Ru,Ru-Zn,8,0.0,0.0,0.0018289125000001,True,False,-0.1515198325,-3.414928175,-13.19811931375
mp-13815,Rb2NaErF6,Er-F-Na-Rb,10,0.0,0.0,0.0007248579999998,True,False,-3.60256619763793,-5.537928396,-5.260728395999999
mp-13829,TlCu3S2,Cu-S-Tl,12,0.000833453333333,0.000833453333333,0.0,False,True,-0.37718145472222303,-4.201162713333335,-17.247470519166665
mp-13841,IrF4,F-Ir,10,0.000970868833329,0.000970868833329,0.0,False,True,-1.507181853999998,-14.479874903999999,-14.479874903999999
mp-13861,HfB4Ir3,B-Hf-Ir,16,0.0,0.0,0.0034216890277782,True,False,-0.532487689583332,-8.43124502125,-29.5224102525
mp-1386610,Ca2Sn3O8,Ca-O-Sn,13,0.004545263461547,0.004545263461547,0.0,False,True,-2.554531388846151,-6.833270109230767,-12.813412253846154
mp-1387,AlV3,Al-V,8,0.0,0.0,0.0077943424999995,True,False,-0.169027858749999,-12.41923423875,-12.41923423875
mp-1387328,CaBiF6,Bi-Ca-F,8,0.072938359375003,0.07293835937500301,0.0,False,True,-2.888242355625001,-13.42533424875,-13.42533424875
mp-139,Sr,Sr,2,0.0,0.0,0.0056042083333331,True,False,0.0,-15.14566107,-15.14566107
mp-13911,Ca(ZnGe)2,Ca-Ge-Zn,5,0.002288827553189,0.002288827553189,0.0,False,True,-0.324720504000001,-3.078949066000001,-10.889581463999999
mp-1391106,CaVF6,Ca-F-V,8,0.0,0.0,0.0672180387499992,True,False,-3.492439452500001,-8.47794409375,-8.47794409375
mp-1391273,ZnNiF6,F-Ni-Zn,8,0.0,0.0,0.0292230574999994,True,False,-1.936362921249999,-4.25173723875,-6.96800985125
mp-1391671,La2MgNiO6,La-Mg-Ni-O,10,0.0,0.0,0.0053809405000055,True,False,-2.8133004534999992,-7.510339146999999,-6.844039146999999
mp-1392416,CaFeF5,Ca-F-Fe,14,0.002854745000005,0.002854745000005,0.0,False,True,-3.32830012928572,-6.191854838571435,-8.561195585714286
mp-13926,Rb2NaYF6,F-Na-Rb-Y,10,0.0,0.0,0.0020454215,True,False,-3.56894743563793,-5.698446903,-5.421246903
mp-13941,Sr2YbReO6,O-Re-Sr-Yb,10,0.0,0.0,0.0183381630520882,True,False,-2.915716727,-18.422368481,-18.422368481
mp-13946,Rb2ZrF6,F-Rb-Zr,9,0.0,0.0,0.006782651111111,True,False,-3.6596197927777743,-6.103162351111107,-11.362302113333334
mp-1395,VRu,Ru-V,2,0.0,0.0,0.023807716666667,True,False,-0.306896892499999,-20.063952405,-20.063952405
mp-13955,SmSi2,Si-Sm,6,0.036248670000002,0.036248670000002,0.0,False,True,-0.6247261366666661,-16.384877306666667,-16.384877306666667
mp-1396958,ZnFeF6,F-Fe-Zn,8,0.0,0.0,0.0032198660416655,True,False,-2.326847351249995,-4.978457234999995,-7.5654785375
mp-13974,Ho2SeO2,Ho-O-Se,5,0.0,0.0,0.0035032121666649,True,False,-3.494920356468746,-8.01235884,-21.876047288000002
mp-13975,Er2SeO2,Er-O-Se,5,0.0,0.0,0.0111239441666652,True,False,-3.507646208468746,-8.013100429999998,-22.300679506
mp-1399321,CsAgBr3,Ag-Br-Cs,5,0.0,0.0,0.0043835779999996,True,False,-1.237065829264368,-2.9694168,-2.6490168
mp-13995,Hg2GeO4,Ge-Hg-O,14,0.013042309285713,0.013042309285713,0.0,False,True,-1.274128679285718,-4.85044524357143,-20.48849127642857
mp-1400520,Ca2CoN2,Ca-Co-N,10,0.054251725,0.05425172500000001,0.0,False,True,-0.7795358645,-9.893199839000001,-9.893199839000001
mp-1401720,CaVF5,Ca-F-V,14,0.002931668571427,0.002931668571427,0.0,False,True,-3.657193422142856,-8.908337590714286,-8.908337590714286
mp-14024,Zr3O,O-Zr,8,0.0,0.0,4.233375000062267e-05,True,False,-1.5461592956249999,-9.193925019375,-20.0978783925
mp-1402840,WF4,F-W,10,0.0,0.0,0.0348631179999996,True,False,-2.625930304,-6.748638250000001,-5.49143825
mp-14036,KRb2RhF6,F-K-Rb-Rh,10,0.0,0.0,0.0038342309999999,True,False,-2.625337121225,-4.81932312,-4.54212312
mp-1404,CdAu,Au-Cd,4,0.007815615555557,0.007815615555557001,0.0,False,True,-0.203186414999997,-35.548160335,-35.548160335
mp-1404142,MgCuF5,Cu-F-Mg,14,0.0,0.0,0.0598435228571405,True,False,-2.508810295,-6.8868444857142865,-6.8868444857142865
mp-1404968,CaCu2F8,Ca-Cu-F,11,0.0,0.0,0.0026076863636363,True,False,-2.261940485454545,-7.147404967272727,-7.147404967272727
mp-14070,RbAlO2,Al-O-Rb,8,0.0,0.0,0.0163631425000003,True,False,-2.861165701874999,-6.516673679999999,-10.9496928225
mp-14112,PdF3,F-Pd,12,0.063292796250001,0.063292796250001,0.0,False,True,-1.3887831224999991,-9.473417487499999,-9.473417487499999
mp-14128,K2HfF6,F-Hf-K,18,0.0,0.0,0.0376261105555588,True,False,-3.727239514388886,-6.360910928333331,-12.161251983888889
mp-14168,K2GeF6,F-Ge-K,18,0.00357029722222,0.0035702972222200003,0.0,False,True,-3.031289993277775,-5.07227683222222,-7.929316149444444
mp-14175,K3NbO8,K-Nb-O,12,0.001290267500002,0.0012902675000020002,0.0,False,True,-1.685816469312499,-6.109074989999999,-9.042263861666667
mp-14232,LiBO2,B-Li-O,8,0.0,0.0,0.0059633731249997,True,False,-2.7561545387499997,-7.377213700625,-8.01154996
mp-14243,Cd3TeO6,Cd-O-Te,20,0.0,0.0,0.0270096244999997,True,False,-1.504367380166665,-5.0754776295,-13.477153277
mp-1425,TiCr2,Cr-Ti,6,0.083971022777776,0.083971022777776,0.0,False,True,0.083971022777776,-14.277509575000002,-14.277509575000002
mp-143,Tm,Tm,2,0.0,0.0,0.0035789483333337,True,False,0.0,-35.12104829,-35.12104829
mp-1431,MnSi,Mn-Si,8,0.015901920380436,0.015901920380436002,0.0,False,True,-0.360731700991379,-12.08928133625,-12.08928133625
mp-14333,TaAlO4,Al-O-Ta,12,0.010726283750001,0.010726283750001,0.0,False,True,-3.400570372055554,-9.301294937499998,-16.421068055833334
mp-1434,MoS2,Mo-S,3,0.0,0.0,0.0002024049999995,True,False,-0.9661425452083321,-15.012827176666667,-15.012827176666667
mp-14344,Yb2(NiB2)3,B-Ni-Yb,11,0.0,0.0,0.0552349876173048,True,False,-0.651040945909089,-14.567589512727272,-14.567589512727272
mp-144,Ho,Ho,2,0.0,0.0,0.0103339599999996,True,False,0.0,-32.881343915,-32.881343915
mp-1441,CsO2,Cs-O,3,0.034859988333332,0.034859988333332,0.0,False,True,-0.9756556932183911,-4.576955553333334,-13.27380983
mp-14411,K4GeO4,Ge-K-O,18,0.0,0.0,0.0013714716666664,True,False,-1.953662920722222,-5.169257450277779,-8.699082202222222
mp-14437,RbYO2,O-Rb-Y,4,0.0,0.0,0.0006200437500032,True,False,-3.011982739375,-7.358369635,-14.5247358125
mp-1443978,Mg(MnS2)4,Mg-Mn-S,13,0.0,0.0,0.0105242507692278,True,False,-0.9931260735941511,-6.4837193723076805,-10.747292142307693
mp-1446593,ZnBiF6,Bi-F-Zn,8,0.040856767500002,0.040856767500002,0.0,False,True,-2.29314638125,-13.0642768875,-13.0642768875
mp-145,Lu,Lu,2,0.000736933333335,0.0007369333333350001,0.0,False,True,0.0007369333333350001,-38.07914325,-38.07914325
mp-14651,Zr2AgPdF11,Ag-F-Pd-Zr,15,0.0,0.0,0.0040252746666764,True,False,-3.127832708444444,-6.2058725,-5.867072500000001
mp-1473,Fe7W6,Fe-W,13,0.002664536249996,0.0026645362499960004,0.0,False,True,-0.016129649999999,-10.557585792307693,-10.557585792307693
mp-1482,Zr2Al3,Al-Zr,10,0.007218464399997,0.007218464399997001,0.0,False,True,-0.5809886159999991,-13.720164376,-13.720164376
mp-1484,Pr4Sb3,Pr-Sb,14,0.010006887499997,0.010006887499997001,0.0,False,True,-1.243236638095238,-29.062489875714284,-29.062489875714284
mp-1495,ErIr2,Er-Ir,6,0.0,0.0,0.0063478258333322,True,False,-0.8424371300000021,-8.257299520000004,-47.14568700666666
mp-1509,Sn2S3,S-Sn,20,0.0,0.0,0.0039938285000005,True,False,-0.47389199418749905,-15.1927878425,-15.1927878425
mp-1518556,Ba2EuBiO6,Ba-Bi-Eu-O,10,0.008074800749999,0.008074800749999,0.0,False,True,-2.589251522500001,-7.359637736000001,-6.947437736
mp-1519267,NaEuNb2O6,Eu-Na-Nb-O,10,0.0,0.0,0.0109432092500032,True,False,-3.007519069637931,-9.15953995,-8.74733995
mp-1519366,BaSrPrSbO6,Ba-O-Pr-Sb-Sr,20,0.0,0.0,0.0134488259999994,True,False,-2.988876333166666,-7.211240509,-6.799040508999999
mp-1519604,Sr2EuWO6,Eu-O-Sr-W,20,0.038190942499991,0.038190942499991005,0.0,False,True,-2.9907515225,-8.622637958,-7.7666379580000005
mp-1520398,SrCaTbBiO6,Bi-Ca-O-Sr-Tb,20,0.0,0.0,0.0080168042499995,True,False,-2.844511043666667,-7.035880237000001,-6.623680237
mp-15205,Dy2Si5Ni3,Dy-Ni-Si,20,0.006176872750002,0.0061768727500020005,0.0,False,True,-0.7546353293333311,-6.125010454,-15.191636586000001
mp-1520532,SrCaDyBiO6,Bi-Ca-Dy-O-Sr,10,0.0,0.0,0.0273881879999997,True,False,-2.8320906721666663,-7.021511056,-6.609311056
mp-15206,Ho2Si5Ni3,Ho-Ni-Si,20,0.006652810250002,0.006652810250002,0.0,False,True,-0.749148963499999,-6.1153848755,-6.1508848755
mp-1521,Sb7Mo3,Mo-Sb,20,0.002706000999999,0.0027060009999990003,0.0,False,True,0.002706001000001,-25.813308841999998,-25.813308841999998
mp-1521109,SrCaYBiO6,Bi-Ca-O-Sr-Y,20,0.0,0.0,0.007449981749998,True,False,-2.837715795500001,-7.216207776500001,-6.804007776500001
mp-1522133,BaSrNdSbO6,Ba-Nd-O-Sb-Sr,20,0.0,0.0,0.0136838214999999,True,False,-3.007535548250001,-7.2271673215,-6.814967321500001
mp-1523104,SrCaSmBiO6,Bi-Ca-O-Sm-Sr,20,0.0,0.0,0.0079590257499999,True,False,-2.806261998,-7.0057034425,-6.593503442499999
mp-1523886,BaF3,Ba-F,8,0.0007897275,0.0007897275000000001,0.0,False,True,-3.078845863749999,-12.0482632225,-12.0482632225
mp-1524357,BiPO4,Bi-O-P,12,0.002346614166667,0.002346614166667,0.0,False,True,-2.411929064940476,-7.2614877075,-17.359054769166665
mp-15257,Tb2Se3,Se-Tb,20,0.0,0.0,0.0091609634999993,True,False,-2.153581606572918,-6.106273942500001,-23.2581277575
mp-153,Mg,Mg,2,0.0,0.0,0.0092787149999999,True,False,0.0,-4.169303585,-4.169303585
mp-1539101,TeSeO4,O-Se-Te,12,2.8319166666790355e-05,2.8319166666790355e-05,0.0,False,True,-1.348482418168401,-5.753659316666666,-11.533918338333335
mp-1539317,Ta2O5,O-Ta,14,0.013605430714287,0.013605430714287001,0.0,False,True,-3.332957700666665,-10.257766287857141,-21.224881871428572
mp-1539446,Cs2PtCl4,Cl-Cs-Pt,14,0.007131671428567,0.0071316714285670005,0.0,False,True,-1.534510231428571,-19.579421444285714,-19.579421444285714
mp-1539667,CsPbCl3,Cl-Cs-Pb,10,0.0,0.0,0.0001841579999926,True,False,-1.88679431093104,-3.920044919000005,-21.662624556
mp-154,N2,N,8,0.0,0.0,5.181500000084327e-05,True,False,0.0,-9.12875067125,-9.12875067125
mp-1540,HoTl,Ho-Tl,2,0.0,0.0,0.0089126450000001,True,False,-0.428563092499992,-43.45888734,-43.45888734
mp-1540546,RbPbF3,F-Pb-Rb,10,0.006995526000001,0.006995526000001,0.0,False,True,-2.778983861499999,-4.865931515,-18.593615411000002
mp-1540904,KTaF6,F-K-Ta,16,0.0,0.0,0.0105829149999996,True,False,-3.595572352447917,-6.655748791875,-12.633396903125
mp-1540935,GeI2,Ge-I,9,0.000769172222223,0.000769172222223,0.0,False,True,-0.594223698333331,-3.151241393333331,-21.30596554888889
mp-1541909,CsTeAu,Au-Cs-Te,6,0.0,0.0,0.0048865527777781,True,False,-0.710220707107279,-3.151942528333333,-3.151942528333333
mp-1543,Ge2Pt,Ge-Pt,6,0.015904859166663,0.015904859166663,0.0,False,True,-0.33539509166666903,-26.745952445,-26.745952445
mp-1545405,KCO3,C-K-O,20,0.051536653375002,0.051536653375002,0.0,False,True,-1.479827735499998,-8.2564477515,-8.2564477515
mp-1545896,Li2Sb,Li-Sb,9,0.0,0.0,0.0016833588888887,True,False,-0.677205187777777,-10.837114706666666,-10.837114706666666
mp-1546120,EuSb2,Eu-Sb,6,0.002633840000001,0.002633840000001,0.0,False,True,-0.8404125666666691,-7.022450698333334,-30.80910372
mp-1551,Te2Ir,Ir-Te,9,0.003042140694439,0.0030421406944390003,0.0,False,True,-0.363477538888894,-34.76141156222222,-34.76141156222222
mp-1552,Mo2C,C-Mo,12,0.0,0.0,0.001189965,True,False,-0.13904961666666502,-20.836114306666666,-20.836114306666666
mp-15549,K2LiAlF6,Al-F-K-Li,20,0.000116338833333,0.00011633883333300001,0.0,False,True,-3.464304959283333,-5.4043401985,-5.127140198499999
mp-15553,KGd2CuS4,Cu-Gd-K-S,16,0.009135925312502,0.009135925312502001,0.0,False,True,-1.913766812156248,-8.1553182775,-7.9038182775
mp-156,La,La,1,0.019361705000001,0.019361705000001003,0.0,False,True,0.019361705000001003,-29.7254185,-29.7254185
mp-15617,Cr5B3,B-Cr,16,0.0419593625,0.04195936250000001,0.0,False,True,-0.26611382593750005,-12.44183564375,-12.44183564375
mp-15622,HfSe3,Hf-Se,8,0.004061746484374,0.004061746484374001,0.0,False,True,-1.169647978046875,-23.19117199875,-23.19117199875
mp-1564,NaTl,Na-Tl,4,0.0,0.0,0.0016308175000006,True,False,-0.166129025,-28.5378716,-28.5378716
mp-15651,NiSe,Ni-Se,6,0.0,0.0,0.002665509999999,True,False,-0.32913280119791705,-13.475771496666667,-13.475771496666667
mp-15670,Y5S7,S-Y,12,0.0,0.0,0.0016178577314818,True,False,-2.3785692108072922,-15.529091326666666,-15.529091326666666
mp-15724,KNa2Sb,K-Na-Sb,4,0.0,0.0,0.00539176875,True,False,-0.580791710937498,-10.2940269125,-10.2940269125
mp-1575,CaC2,C-Ca,6,0.0,0.0,0.0239275529166675,True,False,-0.13803003333333302,-9.115618060000001,-9.115618060000001
mp-158,As,As,4,0.0,0.0,0.0230069049999999,True,False,0.0,-14.7075309875,-14.7075309875
mp-1582,As2O3,As-O,20,0.0,0.0,0.0040372254999994,True,False,-1.626348611000001,-6.463174227,-10.748033394
mp-15839,NdSbPt,Nd-Pt-Sb,6,0.0,0.0,0.0436570633333337,True,False,-1.108964282499999,-6.098391613333334,-36.80603937833333
mp-1584,YbIr2,Ir-Yb,6,0.0,0.0,0.0206763700000003,True,False,-0.9439648233333261,-48.02666005166666,-48.02666005166666
mp-15846,Lu5SbPd2,Lu-Pd-Sb,16,0.0,0.0,0.0089149378125004,True,False,-0.8605097154166611,-33.61383769875,-33.61383769875
mp-15896,Cu2SiSe3,Cu-Se-Si,12,0.0,0.0,0.0216289558333331,True,False,-0.5171899661718741,-4.5357676,-12.585980045
mp-1592,Ag2Te,Ag-Te,12,0.0,0.0,0.0016307783333338,True,False,-0.09518987166666601,-22.804849405,-22.804849405
mp-15963,HfPRu,Hf-P-Ru,9,0.0,0.0,0.0130196355555565,True,False,-1.145337118769842,-27.671346117777777,-27.671346117777777
mp-15973,Cr2HgS4,Cr-Hg-S,14,0.0,0.0,0.0020128076785717,True,False,-0.8526310274999991,-6.019110717142857,-16.772837634285715
mp-1603,TmGa3,Ga-Tm,4,0.010813862499997,0.010813862499997001,0.0,False,True,-0.5349786750000011,-17.89732271,-17.89732271
mp-16096,Tl(TeMo)3,Mo-Te-Tl,14,0.114507830616881,0.11450783061688101,0.0,False,True,-0.287510241190479,-6.621558830714288,-30.02082840142857
mp-16225,Y3Si3Rh,Rh-Si-Y,14,0.015253955714285,0.015253955714285,0.0,False,True,-0.8974167385714261,-7.06420766142857,-16.911617231428572
mp-16234,CsAg3Se2,Ag-Cs-Se,12,0.0,0.0,0.0357754524999998,True,False,-0.58239625405711,-3.320498514166665,-20.167164346666667
mp-16236,KAgSe,Ag-K-Se,6,0.0,0.0,0.0433009058333295,True,False,-0.811976038753471,-3.302048998333333,-14.69413428
mp-16241,YbSiAg,Ag-Si-Yb,9,0.0,0.0,0.0972674177777768,True,False,-0.631385557222223,-22.851059065555557,-22.851059065555557
mp-16245,CaSbAu,Au-Ca-Sb,6,0.0,0.0,0.0130064233333335,True,False,-0.8008058683333311,-3.936966908333332,-28.698508495
mp-16251,Yb(SiAu)2,Au-Si-Yb,5,0.053144034000009,0.053144034000009006,0.0,False,True,-0.526100515000001,-31.57546617,-31.57546617
mp-1634,MoSe2,Mo-Se,6,0.0,0.0,0.0001853433333343,True,False,-0.749936842708334,-18.98163681,-18.98163681
mp-16415,LaPdO3,La-O-Pd,20,0.0,0.0,0.0167076994166688,True,False,-2.3622328309999983,-7.354187216999998,-16.3124497855
mp-16508,Lu3Al2,Al-Lu,20,0.0,0.0,0.0109458387500014,True,False,-0.37816298399999304,-25.918930425999996,-25.918930425999996
mp-16509,LuAl4Ni,Al-Lu-Ni,12,0.004632401333344,0.004632401333344,0.0,False,True,-0.56088443361111,-13.392549544166668,-13.392549544166668
mp-16523,Al3Pd5,Al-Pd,16,0.0,0.0,0.0002561137499998,True,False,-0.857533224374996,-17.732353604375,-17.732353604375
mp-16526,AlPt2,Al-Pt,12,0.002204759166666,0.002204759166666,0.0,False,True,-0.9216475133333311,-37.49082489,-37.49082489
mp-16577,Li2CaHfF8,Ca-F-Hf-Li,12,0.0,0.0,0.0033664925000005,True,False,-3.8766172094444453,-10.707562669166668,-10.707562669166668
mp-1664,V3Pd,Pd-V,8,0.0,0.0,0.0027215449999999,True,False,-0.15389148124999902,-16.46118668125,-16.46118668125
mp-16742,BaAgTeF,Ag-Ba-F-Te,8,0.0,0.0,0.0783701178125007,True,False,-2.183376328333333,-4.63814405,-4.41714405
mp-16745,ErAgPb,Ag-Er-Pb,9,0.0,0.0,0.02005691,True,False,-0.34986318055555005,-4.05763103333333,-37.63755119111111
mp-16750,HoCuPb,Cu-Ho-Pb,6,0.0,0.0,0.014097781666666,True,False,-0.375390489999998,-4.511901558333335,-33.832062475
mp-16751,ErCuPb,Cu-Er-Pb,6,0.0,0.0,0.0156110633333321,True,False,-0.370824046666659,-4.4973482299999965,-34.165195085
mp-16753,LuCuPb,Cu-Lu-Pb,6,0.0,0.0,0.0185282616666668,True,False,-0.33205180055555,-4.443232198333329,-35.507591865
mp-16764,RbYTe2,Rb-Te-Y,8,0.0,0.0,0.0038190012500001,True,False,-1.591618741458334,-5.035678081250001,-22.9269412875
mp-1681,La3Sn,La-Sn,4,0.003569375833333,0.0035693758333330003,0.0,False,True,-0.556394461249999,-29.05152556,-29.05152556
mp-1684,ZnAu,Au-Zn,2,0.0,0.0,0.0112672250000005,True,False,-0.22188130749999802,-29.969662685,-29.969662685
mp-16852,Ga7Ni3,Ga-Ni,20,0.017288673499997,0.017288673499997003,0.0,False,True,-0.300550506999999,-11.90500882,-11.90500882
mp-16886,CdAu,Au-Cd,18,0.0,0.0,0.0128523880555553,True,False,-0.211002030555549,-35.555975950555556,-35.555975950555556
mp-16914,Y2Si5Ni3,Ni-Si-Y,20,0.009789673999999,0.009789673999999,0.0,False,True,-0.745757004499999,-6.4942753235,-6.5297753235
mp-1697,TbPt2,Pt-Tb,6,0.021223541666664,0.021223541666664,0.0,False,True,-1.217029783333335,-45.95098576666667,-45.95098576666667
mp-1699,AlCr2,Al-Cr,3,0.104824336666665,0.104824336666665,0.0,False,True,0.035209829999999005,-12.257717873333334,-12.257717873333334
mp-1707,BaN6,Ba-N,14,0.139282349285712,0.139282349285712,0.0,False,True,-0.182876322857144,-7.604110810000001,-11.858691321428571
mp-17173,Rh2S3,Rh-S,20,0.001157145499998,0.001157145499998,0.0,False,True,-0.610465406187501,-15.085379194500002,-15.085379194500002
mp-17193,Ca3GeO,Ca-Ge-O,10,0.0,0.0,8.230499999939411e-05,True,False,-1.7076779870000012,-4.825235687000001,-9.929428771000001
mp-1727,SrSi2,Si-Sr,6,0.012737471666667,0.012737471666667001,0.0,False,True,-0.39498135500000103,-11.292711441666667,-11.292711441666667
mp-1749,CaAl4,Al-Ca,5,0.0,0.0,0.0048514400000008,True,False,-0.220582133999999,-7.013919538000001,-7.013919538000001
mp-1755,ZnAu3,Au-Zn,16,0.000399690000001,0.00039969000000100003,0.0,False,True,-0.157601969999994,-40.32397273375,-40.32397273375
mp-17593,Ta5Ge3,Ge-Ta,16,0.0,0.0,0.0241115087500016,True,False,-0.40993436708333003,-35.981821405,-35.981821405
mp-1761,LuIr2,Ir-Lu,6,0.0,0.0,0.0172893041666668,True,False,-0.8471208155555541,-8.24663942,-48.53279796333334
mp-17615,Ta5Ge3,Ge-Ta,16,0.023934453125001,0.023934453125001,0.0,False,True,-0.38599991395832906,-35.957886951875,-35.957886951875
mp-17720,Sr5Sn3,Sn-Sr,16,0.0030214525,0.0030214525,0.0,False,True,-0.737352021874999,-19.483209108125,-19.483209108125
mp-1782,ScSe,Sc-Se,2,0.0,0.0,0.0126737649999997,True,False,-1.788663982031248,-14.643687775,-14.643687775
mp-1786455,CaCuF5,Ca-Cu-F,14,0.014796337499999,0.014796337499999002,0.0,False,True,-2.708980647857143,-7.496870569285714,-7.496870569285714
mp-18,Tb,Tb,2,0.0,0.0,0.0189120100000002,True,False,0.0,-31.22643415,-31.22643415
mp-1800,Nd2C3,C-Nd,20,0.000888739,0.000888739,0.0,False,True,-0.317560050999998,-18.053104758,-18.053104758
mp-18063,SrSn3,Sn-Sr,16,0.027413276041663,0.027413276041663003,0.0,False,True,-0.38378210312500005,-22.729835205625,-22.729835205625
mp-1819,SbO2,O-Sb,12,0.0,0.0,0.0019336612499998,True,False,-1.839006646249989,-6.513981062916656,-14.1000906
mp-18198,ScSnPt,Pt-Sc-Sn,18,0.0,0.0,0.0064373294444433,True,False,-1.001755710555556,-6.472813803888891,-30.293646535555556
mp-1837,TbCu,Cu-Tb,2,0.0,0.0,0.0141185825,True,False,-0.25356538499999803,-21.29018046,-21.29018046
mp-1841,SiIr3,Ir-Si,8,0.0,0.0,0.004266387500003,True,False,-0.404167635000007,-41.86712387125,-41.86712387125
mp-18462,TbGa3Os,Ga-Os-Tb,15,0.000649556666658,0.0006495566666580001,0.0,False,True,-0.5664108360000001,-24.274409006,-24.274409006
mp-1866,KO2,K-O,3,0.0172468975,0.0172468975,0.0,False,True,-0.980193509083333,-4.65595742,-6.92483027
mp-18752,BaYb2NiO5,Ba-Ni-O-Yb,9,0.0,0.0,0.0153050099999969,True,False,-3.116472022083337,-18.827886307777778,-18.827886307777778
mp-18754,DyCrO4,Cr-Dy-O,12,0.0,0.0,0.0032931024999989,True,False,-2.779022291111109,-8.456233460833333,-14.671780598333333
mp-18764,Ba2SrWO6,Ba-O-Sr-W,10,0.0,0.0,0.0002764435000006,True,False,-2.968149434,-7.785776857,-6.929776857
mp-18769,CeVO3,Ce-O-V,20,0.004009321799998,0.004009321799998001,0.0,False,True,-3.225797496499999,-9.1987452875,-15.838129593
mp-18815,KVO3,K-O-V,20,0.0,0.0,0.0112964875000001,True,False,-2.406671246950001,-7.418503008500001,-10.114860848
mp-1883,SnTe,Sn-Te,2,0.0,0.0,0.0003478299999999,True,False,-0.265049880000002,-25.346753925,-25.346753925
mp-1884,Ca5Ge3,Ca-Ge,16,0.0018216525,0.0018216525000000002,0.0,False,True,-0.7223121262500011,-10.32323728125,-10.32323728125
mp-18840,BaMnO3,Ba-Mn-O,15,0.0,0.0,0.014897840333333,True,False,-2.489944874252874,-7.674919523666667,-14.413523106666666
mp-18847,V2CdO4,Cd-O-V,14,0.0,0.0,0.002415646428572,True,False,-2.23514351,-7.795095845714286,-6.916810131428571
mp-18850,BaYMn2O5,Ba-Mn-O-Y,9,0.005804709513899,0.0058047095138990005,0.0,False,True,-2.786945273429118,-8.508267723333333,-7.755934389999999
mp-18860,Li2VSiO5,Li-O-Si-V,18,0.0,0.0,5.06773958415252e-05,True,False,-2.7659651535185192,-7.551173471111111,-6.980617915555555
mp-18861,BaNd2Mn2O7,Ba-Mn-Nd-O,12,0.002730936755952,0.002730936755952,0.0,False,True,-2.9559738438218393,-8.323892795833332,-7.645142795833333
mp-18863,PrCrO4,Cr-O-Pr,12,0.0,0.0,0.0068180824999988,True,False,-2.726160331111111,-8.432887489166667,-14.180800652499999
mp-18953,NaV(OF)2,F-Na-O-V,12,0.0,0.0,0.000396654166666,True,False,-2.696898790229884,-6.721774391666666,-6.055441058333333
mp-18983,ErNiO3,Er-Ni-O,20,0.0,0.0,3.949600000030529e-05,True,False,-2.5175578599999993,-7.555905561,-15.3501046545
mp-1900,CaAs3,As-Ca,8,0.0,0.0,0.0010021062500005,True,False,-0.6725508368750001,-13.4627725025,-13.4627725025
mp-19006,MnO,Mn-O,4,0.053368562500001,0.05336856250000101,0.0,False,True,-1.979201203965518,-9.0341893525,-12.2445355825
mp-1901,NaO2,Na-O,6,0.000896421666666,0.0008964216666660001,0.0,False,True,-0.9068322404597691,-4.652713169999999,-6.042091589999999
mp-19039,CdMoO4,Cd-Mo-O,12,0.0,0.0,0.0147804124999995,True,False,-1.814628006666668,-7.080878726666668,-13.626278847499998
mp-19065,Ho6WO12,Ho-O-W,19,0.034703429342107,0.034703429342107,0.0,False,True,-3.656475647368419,-8.915409283157894,-8.247935598947368
mp-19076,HoCrO4,Cr-Ho-O,12,0.0,0.0,0.0029379274999996,True,False,-2.7799262849999993,-8.453688110833333,-14.827678291666667
mp-19094,VO2,O-V,6,0.042192478333317,0.042192478333317004,0.0,False,True,-2.480275698333334,-8.806885058333334,-11.252060561666667
mp-19126,NdCrO4,Cr-Nd-O,12,0.0,0.0,0.0062183808333333,True,False,-2.7388551062499973,-8.441028259999998,-14.193699194166667
mp-19138,BaNiO3,Ba-Ni-O,10,0.0,0.0,3.674000000231104e-06,True,False,-1.8200224730000012,-6.328621400000001,-13.214348171000001
mp-19157,LaMnO3,La-Mn-O,10,0.138132256023808,0.13813225602380802,0.0,False,True,-2.997132544586208,-8.785513627,-8.039713627000001
mp-19158,Mn3WO6,Mn-O-W,20,0.008992960499996,0.008992960499996,0.0,False,True,-2.133976629879308,-9.147170843499998,-15.291210795500001
mp-19176,La2NiRuO6,La-Ni-O-Ru,20,0.0,0.0,0.0192954417500015,True,False,-2.633363193,-8.094795139,-7.428495139000001
mp-19213,Ba2Mn2Sb2O,Ba-Mn-O-Sb,14,0.0,0.0,0.0219443735878481,True,False,-1.223353110123153,-6.275916531428572,-5.646345102857142
mp-19240,ErCrO4,Cr-Er-O,12,0.0,0.0,0.0026251591666657,True,False,-2.784355649999998,-8.453124033333333,-15.004911965833335
mp-19241,BaNiO3,Ba-Ni-O,10,8.089700000013522e-05,8.089700000013522e-05,0.0,False,True,-1.8199415760000002,-6.328540503000001,-13.214267274000001
mp-19272,TbCrO4,Cr-O-Tb,12,0.0,0.0,0.0037647841666679,True,False,-2.778189815277777,-8.458649000833333,-14.551126904999999
mp-19306,Fe3O4,Fe-O,14,0.013059251428572,0.013059251428572002,0.0,False,True,-1.6295829685714271,-8.086998347142856,-11.145220172857142
mp-19308,Li2NiO2,Li-Ni-O,5,0.002541691000002,0.002541691000002,0.0,False,True,-1.721651177333333,-5.620432062,-4.8374320619999995
mp-19317,Yb(FeO2)2,Fe-O-Yb,7,0.0,0.0,0.0443160285714228,True,False,-2.420447148571428,-15.169917244285713,-15.169917244285713
mp-19322,BaMoO3,Ba-Mo-O,5,0.0,0.0,0.0152510039999711,True,False,-2.5167960949999992,-8.038497707999998,-16.691306098000002
mp-19332,BaGd2NiO5,Ba-Gd-Ni-O,9,0.00572777472222,0.0057277747222200005,0.0,False,True,-3.069349602777778,-9.80170083888889,-9.13770083888889
mp-1934,LiZn,Li-Zn,4,0.0,0.0,0.0001504875000004,True,False,-0.22010558833333302,-5.8687600975,-5.8687600975
mp-19360,LuCrO4,Cr-Lu-O,12,0.0,0.0,0.0017943516666676,True,False,-2.7860604761111123,-8.447156966666666,-15.7020816075
mp-19372,WO2,O-W,6,0.0,0.0,0.0316886616666671,True,False,-2.036666524999999,-9.654683938333333,-7.717350605
mp-19373,LiVO3,Li-O-V,20,0.0,0.0,0.0153707020000064,True,False,-2.427956693666675,-7.595299084000008,-9.386514227000001
mp-19380,CrHgO4,Cr-Hg-O,12,0.002098004999995,0.002098004999995,0.0,False,True,-1.297561129583334,-6.256655050833333,-16.015122631666667
mp-19389,Ba2NdMoO6,Ba-Mo-Nd-O,10,0.0,0.0,0.0088764779999968,True,False,-2.982738908749999,-7.896690253999999,-7.164290253999999
mp-19395,MnO2,Mn-O,12,0.016697983888889,0.016697983888889,0.0,False,True,-1.80582994014368,-8.158475707500001,-10.894928611666666
mp-19403,Ba2CaMoO6,Ba-Ca-Mo-O,10,0.0,0.0,0.0026156960000012,True,False,-2.9021457209999992,-7.539842310999999,-6.807442311
mp-19418,VCrO4,Cr-O-V,12,0.007719505312454,0.007719505312454001,0.0,False,True,-2.354943370833332,-8.776409630833333,-11.309702440833334
mp-19455,MnMoO4,Mn-Mo-O,12,0.0,0.0,0.0043952749999842,True,False,-2.083752250488489,-8.717003820833318,-12.9799631125
mp-1948,LaAg,Ag-La,2,0.0,0.0,0.0113715562499994,True,False,-0.277487774999997,-25.82781645,-25.82781645
mp-1968,La2O3,La-O,5,0.0,0.0,0.0244061752500002,True,False,-3.8759289195,-8.8191083645,-19.214355546
mp-1971,HoCu,Cu-Ho,2,0.0,0.0,0.0034715124999999,True,False,-0.2765887125,-22.14065867,-22.14065867
mp-19722,MnCu2SnS4,Cu-Mn-S-Sn,8,0.0,0.0,0.0260370710416681,True,False,-0.6555518003663781,-5.3955007175,-5.1440007175
mp-19724,Cu3Ge,Cu-Ge,8,0.012639846249999,0.012639846249999,0.0,False,True,0.012639846249999,-11.59045154875,-11.59045154875
mp-19725,Hf(FeGe)6,Fe-Ge-Hf,13,0.00037247746795,0.00037247746795,0.0,False,True,-0.232097783846152,-7.040981123846153,-16.69170373153846
mp-19727,PbCN2,C-N-Pb,16,0.037617892499998,0.037617892499998,0.0,False,True,0.037617892499998,-21.084849768125,-21.084849768125
mp-19733,Ce2In,Ce-In,6,0.0,0.0,0.0275260899999993,True,False,-0.40696587666666,-28.49358184333333,-28.49358184333333
mp-19746,NbPbS2,Nb-Pb-S,8,0.0,0.0,0.00013239,True,False,-1.129671128749999,-6.6518580125,-25.2793254625
mp-19751,Ba2YbNbO6,Ba-Nb-O-Yb,10,0.0,0.0,0.0102818990000015,True,False,-3.3757481147500012,-18.385530766,-18.385530766
mp-1975771,RbAgCl3,Ag-Cl-Rb,5,0.001968153999999,0.001968153999999,0.0,False,True,-1.4168307758333332,-3.2906508060000013,-11.971745384
mp-19767,DyCoSi,Co-Dy-Si,12,0.0,0.0,0.0222998966666656,True,False,-0.688029722222218,-6.413733148333331,-18.68709142166667
mp-19789,Mn(BW)2,B-Mn-W,10,0.0,0.0,0.0038461229999988,True,False,-0.435409943896553,-26.85773631,-26.85773631
mp-19795,InS,In-S,8,0.0,0.0,0.0211354887500005,True,False,-0.683356846406249,-15.98967065,-15.98967065
mp-19799,BaPbF6,Ba-F-Pb,8,0.0,0.0,0.0034275900000002,True,False,-3.030567061249998,-5.169909093749998,-15.59087348
mp-19801,EuRhO3,Eu-O-Rh,20,0.065275577749996,0.06527557774999601,0.0,False,True,-2.205840328500002,-8.705100888500002,-18.1953435015
mp-19804,In2Co3S2,Co-In-S,7,0.068939948571427,0.068939948571427,0.0,False,True,-0.321549677946429,-14.73982805,-14.73982805
mp-19814,NiAs2,As-Ni,6,0.0,0.0,0.0022141550000007,True,False,-0.280906666666666,-14.079833045,-14.079833045
mp-19820,TmPb3,Pb-Tm,4,0.0,0.0,0.0027048875000001,True,False,-0.21422539249999803,-4.119336064999999,-51.2789363525
mp-19827,CeAlPt,Al-Ce-Pt,12,0.0,0.0,0.0392638991666673,True,False,-1.016719620833331,-6.267939294166666,-6.267939294166666
mp-19834,CeInCu2,Ce-Cu-In,4,0.037035769374998,0.037035769374998,0.0,False,True,-0.28605080999999505,-19.064253594999997,-4.4677230875
mp-19861,LaCrSb3,Cr-La-Sb,20,0.002318738499987,0.002318738499987,0.0,False,True,-0.6375155514999981,-25.0249295085,-25.0249295085
mp-19871,PbAu2,Au-Pb,6,0.004742635416668,0.004742635416668001,0.0,False,True,-0.065584006666663,-52.55060214333333,-52.55060214333333
mp-19897,Eu2TeO2,Eu-O-Te,5,0.082665761555556,0.08266576155555601,0.0,False,True,-2.719127551333334,-9.442217897999999,-25.517221028
mp-19901,EuInAu,Au-Eu-In,12,0.0,0.0,0.0114678938888888,True,False,-0.6625764147222211,-6.102965634166665,-38.008176185
mp-19903,V2Pb3O8,O-Pb-V,13,0.0,0.0,0.0051676111057554,True,False,-2.0668857126923,-7.36607351192307,-20.891490490000002
mp-19906,Zr2InNi2,In-Ni-Zr,10,0.0,0.0,0.0003832915000003,True,False,-0.502212656833336,-6.785182329500003,-18.958621994
mp-19908,EuF3,Eu-F,16,0.0,0.0,0.0758622562499997,True,False,-3.857402202500001,-15.83214384375,-15.83214384375
mp-19910,Ce2MgNi2,Ce-Mg-Ni,10,0.0,0.0,0.0097503887500005,True,False,-0.306411762999997,-5.319340385999999,-18.211062676
mp-19920,Ce3Ga,Ce-Ga,4,0.0,0.0,0.0284370056250002,True,False,-0.336930792499998,-26.32809635,-26.32809635
mp-19942,BaGdAuSe3,Au-Ba-Gd-Se,12,3.8759583331327015e-05,3.8759583331327015e-05,0.0,False,True,-1.7516820228385401,-6.711134291666666,-6.475134291666666
mp-19943,YCuSb2,Cu-Sb-Y,8,0.001976408749996,0.001976408749996,0.0,False,True,-0.6912010337500011,-21.33445813875,-21.33445813875
mp-1995,PrC2,C-Pr,3,0.0,0.0,0.0149357012500033,True,False,-0.26972206055555303,-16.70253097666667,-16.70253097666667
mp-19966,GdTl,Gd-Tl,2,0.0,0.0,0.0155309499999987,True,False,-0.44317195500000306,-48.731326895,-48.731326895
mp-19971,ZnCo2Ge,Co-Ge-Zn,4,0.018500701761364,0.018500701761364,0.0,False,True,-0.034346866250000004,-12.3471074775,-12.3471074775
mp-19974,In2Ag,Ag-In,6,0.0,0.0,0.0069435305555556,True,False,-0.050005156666661006,-22.221024458333332,-22.221024458333332
mp-20009,NaPr2OsO6,Na-O-Os-Pr,20,0.026785974666669,0.026785974666669002,0.0,False,True,-2.678076901471263,-7.862856617,-7.450656617
mp-20021,DySn2,Dy-Sn,6,0.0,0.0,0.0027443283333328,True,False,-0.5850517338888841,-4.797558146666664,-27.794718706666668
mp-20024,LaCuSn,Cu-La-Sn,6,0.0,0.0,0.0022932016666663,True,False,-0.6738442949999991,-22.453097623333335,-22.453097623333335
mp-20037,PrInRh,In-Pr-Rh,9,0.0,0.0,0.0079385936111107,True,False,-0.672986867222222,-5.645971224444445,-26.14949077111111
mp-20042,TlInS2,In-S-Tl,8,0.0,0.0,0.0125818471874996,True,False,-0.7771798081250011,-4.128540129375001,-23.6394317375
mp-20082,Yb(As2Rh3)2,As-Rh-Yb,11,0.008998628181817,0.008998628181817,0.0,False,True,-0.745441120454545,-22.579702440000002,-22.579702440000002
mp-20088,Na4PbO4,Na-O-Pb,18,0.0,0.0,0.0001843786111113,True,False,-1.601668832835247,-4.809599299999999,-11.946868325555556
mp-20089,GdFe2,Fe-Gd,6,0.020493659215688,0.020493659215688003,0.0,False,True,0.016234090000002,-10.322487463333331,-24.067608611666667
mp-20112,Ni3Sn,Ni-Sn,8,0.0006594225,0.0006594225000000001,0.0,False,True,-0.185204109999998,-5.522699583749999,-15.2946387375
mp-2012700,PrCrO4,Cr-O-Pr,12,0.000195361666664,0.000195361666664,0.0,False,True,-2.725964969444446,-8.432692127500003,-14.180605290833334
mp-20132,InHg,Hg-In,2,0.0,0.0,0.0063869966666665,True,False,-0.010396108750001002,-35.98359456,-35.98359456
mp-2015893,Ca(GePt)2,Ca-Ge-Pt,10,0.0,0.0,0.0430724509999995,True,False,-0.847230349,-28.398766881,-28.398766881
mp-20160,Mn2GaCo,Co-Ga-Mn,4,0.14761122676724,0.14761122676724,0.0,False,True,-0.0025588458405170003,-7.1239446775,-7.1239446775
mp-20170,CeCrSe3,Ce-Cr-Se,20,0.0,0.0,0.0028520204999997,True,False,-1.471222202406251,-6.686768557000002,-19.293411923
mp-2018036,Mg(BrO3)2,Br-Mg-O,9,0.137818166805554,0.137818166805554,0.0,False,True,-0.5273600191666671,-7.918722798888889,-7.918722798888889
mp-2018191,La2SbO2,La-O-Sb,5,0.0,0.0,0.0071871119999995,True,False,-2.988895113499998,-22.417083802,-22.417083802
mp-2020519,ZnAg,Ag-Zn,18,0.0,0.0,0.0138034325505049,True,False,-0.035582830555556,-15.168822705555556,-15.168822705555556
mp-2020987,HBr,Br-H,8,0.000421626249998,0.00042162624999800004,0.0,False,True,-0.5169105043750011,-3.032966991250001,-8.630160406249999
mp-20211,Mn3Si,Mn-Si,4,0.011287056422414,0.011287056422414002,0.0,False,True,-0.29685206711207,-13.5027942225,-13.5027942225
mp-2021192,Mg2Ag,Ag-Mg,3,0.0,0.0,0.0692862966666667,True,False,-0.14287866833333301,-10.041040106666667,-10.041040106666667
mp-20245,CeFeSi,Ce-Fe-Si,6,0.0,0.0,0.0017121583333334,True,False,-0.5844433266666651,-7.195206363333334,-18.473479864999998
mp-2025704,Ag2S,Ag-S,6,0.013338436666664,0.013338436666664,0.0,False,True,-0.10503542927083401,-17.020299268333336,-17.020299268333336
mp-20263,CaIn,Ca-In,2,0.020320988749999,0.020320988749999002,0.0,False,True,-0.5627682299999991,-15.37121027,-15.37121027
mp-20264,Tb(FeGe)2,Fe-Ge-Tb,5,0.001403995000005,0.001403995000005,0.0,False,True,-0.45200329533332506,-6.616795645999993,-18.04404153
mp-20265,LiIn2Pt,In-Li-Pt,4,0.0,0.0,0.0013520187499982,True,False,-0.602446651666664,-25.36034767,-25.36034767
mp-2027,HfCo,Co-Hf,2,0.0,0.0,0.0294311000000018,True,False,-0.434389815000002,-29.627213075,-29.627213075
mp-20277,RbEuO2,Eu-O-Rb,4,0.047080724999998,0.047080724999998005,0.0,False,True,-2.531090263125001,-7.8222322625,-18.5622815525
mp-20279,NbInSe2,In-Nb-Se,4,0.013804718333325,0.013804718333325002,0.0,False,True,-0.793856209531249,-19.7778025825,-19.7778025825
mp-20284,PdF2,F-Pd,12,0.0,0.0,0.0160641584259257,True,False,-1.379162214166664,-11.116665384166666,-11.116665384166666
mp-20289,NaInS2,In-Na-S,4,0.0,0.0,0.0020186343749992,True,False,-1.090385381406248,-11.6430967325,-11.6430967325
mp-20290,TbCuPb,Cu-Pb-Tb,6,0.0,0.0,0.0148031683333318,True,False,-0.396143643888885,-4.546049431666664,-33.30344024166667
mp-20291,YPb3,Pb-Y,4,0.015527627499999,0.015527627499999001,0.0,False,True,-0.36249086750000004,-47.65474169,-47.65474169
mp-2030372,La(HO)3,H-La-O,14,0.000273624285717,0.000273624285717,0.0,False,True,-2.236147788392859,-6.516917707857145,-10.387570417857143
mp-2032538,Li2ZnGe,Ge-Li-Zn,8,0.0,0.0,0.0199927431249986,True,False,-0.399771125208333,-7.288769378125,-7.288769378125
mp-20327,TiP2,P-Ti,12,0.006235406507938,0.0062354065079380004,0.0,False,True,-0.852471852539681,-11.166441731666666,-11.166441731666666
mp-2032711,Cs2CN2,C-Cs-N,5,0.0,0.0,0.000137817333333,True,False,-0.572164421499998,-16.256492928,-16.256492928
mp-20329,InAgO2,Ag-In-O,8,0.0,0.0,0.0001023625000007,True,False,-1.392417060833322,-5.26692541874999,-15.22241279875
mp-2033,Ni3N,N-Ni,8,0.014724856562498,0.014724856562498001,0.0,False,True,0.014724856562498001,-11.25375068125,-11.25375068125
mp-20331,CuSbSe2,Cu-Sb-Se,16,0.014676308819442,0.014676308819442001,0.0,False,True,-0.248575811406251,-16.542633859375,-16.542633859375
mp-20344,Fe3Ge,Fe-Ge,4,0.0,0.0,0.0053451899999998,True,False,-0.156686391249999,-7.6649592625,-14.3477929475
mp-20345,GdCoC,C-Co-Gd,6,0.0,0.0,0.0041727988095239,True,False,-0.262743226666666,-10.409583761666667,-22.474169871666664
mp-20376,Ce(BO2)3,B-Ce-O,20,0.03179395775,0.031793957750000004,0.0,False,True,-3.12434494675,-8.690634068,-8.278434068
mp-2038468,Pr(GePt)2,Ge-Pr-Pt,10,0.0,0.0,0.0420506070000001,True,False,-1.012430969333326,-33.037100034999995,-33.037100034999995
mp-2038579,CeF3,Ce-F,8,0.0,0.0,0.004630968333334,True,False,-4.389466343749999,-14.444144496249999,-14.444144496249999
mp-2038642,Mg4B3Ir2,B-Ir-Mg,9,0.0,0.0,0.0367618699999994,True,False,-0.40415813527777905,-16.341378561111114,-16.341378561111114
mp-20390,PrSnPt,Pr-Pt-Sn,9,0.003089677222221,0.003089677222221,0.0,False,True,-1.025074514444445,-5.983800058888891,-36.33761248444445
mp-20394,EuPb,Eu-Pb,2,0.0,0.0,0.0101838699999996,True,False,-0.505665372500001,-7.506044865,-7.506044865
mp-20424,MgCo3C,C-Co-Mg,5,0.064963105,0.06496310500000001,0.0,False,True,0.064963105000001,-10.698883327999999,-10.698883327999999
mp-2044367,CaAgSn,Ag-Ca-Sn,9,0.0,0.0,0.000251768888889,True,False,-0.564815498333331,-18.27826704,-18.27826704
mp-2045219,Li5BiO5,Bi-Li-O,11,0.002021586249997,0.0020215862499970002,0.0,False,True,-1.806516632916666,-10.92455973,-10.92455973
mp-2045437,Er2SbO2,Er-O-Sb,5,0.0,0.0,0.0112775906666655,True,False,-3.035733224833333,-24.136183898,-24.136183898
mp-20456,Co3Se4,Co-Se,14,0.0,0.0,0.0090510651428576,True,False,-0.349812147321427,-14.19965990642857,-14.19965990642857
mp-20458,PtPbF6,F-Pb-Pt,8,0.0,0.0,0.0226036425,True,False,-1.942023894999998,-17.75815123375,-17.75815123375
mp-2047136,Nd(GePt)2,Ge-Nd-Pt,10,0.0,0.0,0.0420986370000004,True,False,-1.011763138499998,-33.039242727,-33.039242727
mp-20474,MnCu2GeS4,Cu-Ge-Mn-S,16,0.0,0.0,0.0069501963628466,True,False,-0.650443175991378,-5.467074093125,-5.215574093125
mp-20482,EuAgP,Ag-Eu-P,6,0.0,0.0,0.0153606466666671,True,False,-0.890965169325397,-23.85057722666667,-23.85057722666667
mp-20485,InSe,In-Se,8,0.0,0.0,0.0023444749999992,True,False,-0.676726512031248,-19.1218018175,-19.1218018175
mp-2049132,Cs2In3,Cs-In,10,0.0,0.0,0.0137902749999998,True,False,-0.298604841000002,-23.889140269000002,-23.889140269000002
mp-20493,Mg(InS2)2,In-Mg-S,14,0.0,0.0,0.008147353928571,True,False,-1.100294376547618,-4.4857812839285724,-12.660638720714287
mp-20506,NbNiTe2,Nb-Ni-Te,16,0.0,0.0,0.001918046875005,True,False,-0.655144613958333,-6.197157990625001,-22.371508294375
mp-20522,TmAgPb,Ag-Pb-Tm,9,0.0,0.0,0.0202768322222217,True,False,-0.328322975000002,-4.007685051111114,-38.020857363333334
mp-20532,PrSb2Pd,Pd-Pr-Sb,8,0.0,0.0,0.0272336791071436,True,False,-0.944170084166664,-5.502509021249999,-26.875142925
mp-20584,RbEuS2,Eu-Rb-S,4,0.008869452916663,0.008869452916663,0.0,False,True,-1.766576756875002,-6.652437110000001,-18.90390805
mp-20588,ZrCuSiP,Cu-P-Si-Zr,8,0.007352707791667,0.007352707791667,0.0,False,True,-0.6979843711607141,-6.569909085,-6.587659085
mp-20608,Tb2In,In-Tb,6,0.0,0.0,0.0046861358333334,True,False,-0.48901931666666504,-28.832838876666667,-28.832838876666667
mp-20614,EuMnO3,Eu-Mn-O,20,0.076774672187498,0.076774672187498,0.0,False,True,-2.6527715280862063,-9.5115735725,-17.0018779995
mp-20627,YbGa5Co,Co-Ga-Yb,7,0.0,0.0,0.0282195426785718,True,False,-0.452371466428573,-15.734869990000002,-15.734869990000002
mp-20630,Ho(MnSn)6,Ho-Mn-Sn,13,0.0,0.0,0.0064205025081074,True,False,-0.137181406352786,-6.570043125384616,-20.98207358307692
mp-20645,TbSiRu,Ru-Si-Tb,12,0.0,0.0,0.0068794641666665,True,False,-0.793282764722221,-7.2391441625,-22.683265403333333
mp-20648,V2C,C-V,12,0.0,0.0,0.0007290433333331,True,False,-0.5392330508333341,-13.248028600833335,-13.248028600833335
mp-20652,PbF3,F-Pb,16,0.0,0.0,0.020293783125,True,False,-2.26442824375,-18.68023273375,-18.68023273375
mp-20662,Sn4Pt,Pt-Sn,10,0.044496788000003,0.044496788000003,0.0,False,True,-0.22578368000000001,-30.320274083999998,-30.320274083999998
mp-20663,TmCuPb,Cu-Pb-Tm,6,0.0,0.0,0.0135745016666675,True,False,-0.35469634833333,-4.452814754999996,-34.5545119
mp-20664,Mn2Sb,Mn-Sb,6,0.0,0.0,0.0464829740229886,True,False,-0.21540974465517101,-18.573071438333333,-18.573071438333333
mp-20665,CeInCu,Ce-Cu-In,9,0.0,0.0,0.0033319405555554,True,False,-0.403753805555557,-21.825758852222222,-21.825758852222222
mp-20685,Cr3Ge,Cr-Ge,8,0.09220284625,0.09220284625000001,0.0,False,True,0.09220284625000001,-14.68079834125,-14.68079834125
mp-20700,Gd(SiIr)2,Gd-Ir-Si,5,0.583288817100001,0.583288817100001,0.0,False,True,-0.07339917999999901,-8.594124512,-8.594124512
mp-20711,Fe3Ge,Fe-Ge,4,0.051767325,0.051767325,0.0,False,True,-0.10491906624999901,-7.6131919375,-14.2960256225
mp-20716,PbSeO3,O-Pb-Se,10,0.000837875499999,0.0008378754999990001,0.0,False,True,-1.455736836468751,-5.866225149000002,-18.833164185999998
mp-20737,KNaEuNbO5,Eu-K-Na-Nb-O,18,0.01441114009259,0.014411140092590001,0.0,False,True,-2.8095931026254792,-8.098738933888889,-7.717072267222223
mp-2074,Li3Sb,Li-Sb,4,0.0079774975,0.0079774975,0.0,False,True,-0.744135469999999,-8.9607442125,-8.9607442125
mp-20746,YbIn2Au,Au-In-Yb,8,0.089735316249999,0.089735316249999,0.0,False,True,-0.563394971249998,-33.631274895,-33.631274895
mp-20756,LaTiGe,Ge-La-Ti,6,0.0,0.0,0.0036952461111123,True,False,-0.728003070555554,-19.579508003333334,-19.579508003333334
mp-20760,La2In,In-La,6,0.0,0.0,0.0133111108333334,True,False,-0.48750918999999704,-27.84355945333333,-27.84355945333333
mp-20761,LaCoGe,Co-Ge-La,6,0.030799578333329,0.030799578333329,0.0,False,True,-0.602897624999999,-19.553227263333333,-19.553227263333333
mp-20764,YbCeSe3,Ce-Se-Yb,10,0.0,0.0,0.0827321290000018,True,False,-2.189161334437503,-24.250098982,-24.250098982
mp-20775,CeDyS3,Ce-Dy-S,20,0.0,0.0,0.0009829919999981,True,False,-2.4042347131875,-19.7891434465,-19.7891434465
mp-20785,Nd(FeGe)2,Fe-Ge-Nd,5,0.01564951333334,0.015649513333340002,0.0,False,True,-0.43562417949999305,-6.626473291999995,-17.658965721999998
mp-20798,MnGeO3,Ge-Mn-O,10,0.0,0.0,0.0167531989999929,True,False,-2.135882778586207,-7.861668011000001,-11.240830037
mp-20800,ZrIn2,In-Zr,12,0.0,0.0,0.0010714800000002,True,False,-0.39832570916666504,-23.033983264166665,-23.033983264166665
mp-20847,Ti5Sn3,Sn-Ti,16,0.0,0.0,0.0044880789062498,True,False,-0.381651281666666,-17.7475683325,-17.7475683325
mp-20848,TmIn,In-Tm,2,0.0,0.0,0.0092514249999995,True,False,-0.5408335000000011,-29.390652835,-29.390652835
mp-20855,Eu(Sb3Ru)4,Eu-Ru-Sb,17,0.0,0.0,0.0213802579411739,True,False,-0.44588589088235403,-6.147870417647061,-26.760951035294116
mp-20862,CoSe2,Co-Se,6,0.0,0.0,0.0218444655555565,True,False,-0.345678589375,-14.29812912,-14.29812912
mp-20865,YCuPb,Cu-Pb-Y,6,0.0,0.0,0.0094312149999993,True,False,-0.5062752366666671,-29.654785593333333,-29.654785593333333
mp-20882,CeBO3,B-Ce-O,20,0.0,0.0,0.0020910384999996,True,False,-3.412399983833333,-8.904444915000001,-14.526477975
mp-20887,VSn2,Sn-V,12,0.026624009444443,0.026624009444443004,0.0,False,True,-0.018103586666666,-21.212084683333334,-21.212084683333334
mp-2089,ZrTe3,Te-Zr,8,0.002800897499994,0.0028008974999940003,0.0,False,True,-0.8232634687500031,-25.5736296775,-25.5736296775
mp-20901,NiSe2,Ni-Se,12,0.0,0.0,0.0436079925000001,True,False,-0.319800996041666,-13.85474687,-13.85474687
mp-20938,RbIn5S8,In-Rb-S,14,0.000228936815475,0.000228936815475,0.0,False,True,-0.936158507202379,-4.355843113571429,-14.517062885
mp-2095,Rb2Te3,Rb-Te,20,0.0,0.0,0.0107051869999992,True,False,-0.9586328204999991,-3.2368299855,-21.69244965
mp-20954,DyTiSi,Dy-Si-Ti,6,0.0,0.0,0.0005323665555554,True,False,-0.7309316788888881,-18.628706623333333,-18.628706623333333
mp-20983,V2InC,C-In-V,8,0.0,0.0,0.0113037168749992,True,False,-0.42035901499999806,-15.5966032725,-15.5966032725
mp-21010,PrSnRu,Pr-Ru-Sn,12,0.0,0.0,0.0298801150000009,True,False,-0.49564471388888703,-6.522126664999999,-27.07208347
mp-2102,PrGe,Ge-Pr,8,0.0,0.0,0.0020470575000004,True,False,-0.9235145020833351,-22.561481476250002,-22.561481476250002
mp-21054,PrSnPd,Pd-Pr-Sn,9,0.002059900000002,0.002059900000002,0.0,False,True,-0.897920292222224,-5.559562000000003,-26.652258
mp-21061,GdSbPd,Gd-Pd-Sb,6,0.0,0.0,0.027568771666667,True,False,-1.15237022333333,-31.840295103333332,-31.840295103333332
mp-21067,ScInCu2,Cu-In-Sc,4,0.010323330000009,0.010323330000009,0.0,False,True,-0.34855347624999805,-14.26622091,-14.26622091
mp-21069,YSiRu,Ru-Si-Y,12,0.0,0.0,0.0072337458333331,True,False,-0.812563497499998,-7.882167520833332,-19.0385460675
mp-21071,Eu2SO2,Eu-O-S,5,0.143188981189663,0.143188981189663,0.0,False,True,-2.824861879499994,-9.746770589999992,-22.158076286
mp-21090,MnNiGe,Ge-Mn-Ni,6,0.030280691666666,0.030280691666666002,0.0,False,True,-0.22892120764367702,-6.7506478166666675,-6.7506478166666675
mp-21115,CeSi,Ce-Si,8,0.0,0.0,0.0242818224999998,True,False,-0.749129367499996,-20.556326045,-20.556326045
mp-21119,CeNiSn,Ce-Ni-Sn,12,0.0,0.0,0.0354831808333324,True,False,-0.590188871666665,-5.832408340000001,-23.152274795
mp-21122,NdSb2Pd,Nd-Pd-Sb,8,0.0,0.0,0.0246793112499998,True,False,-0.9447041556249991,-5.496212086250001,-26.877628475
mp-21162,SrPb3,Pb-Sr,4,0.0,0.0,0.0099096625000005,True,False,-0.42401861249999906,-46.4242844625,-46.4242844625
mp-21168,EuGa2,Eu-Ga,3,0.0,0.0,0.0276495533333331,True,False,-0.6354865083333341,-21.104298046666667,-21.104298046666667
mp-21170,KPb2,K-Pb,12,0.002546735811399,0.002546735811399,0.0,False,True,-0.25285652541666503,-39.782367244166664,-39.782367244166664
mp-21187,CaIn,Ca-In,8,0.0,0.0,0.0127157962500001,True,False,-0.5830892187499981,-15.39153125875,-15.39153125875
mp-21188,CeNi,Ce-Ni,4,0.0,0.0,0.0833828775,True,False,-0.31243531749999603,-6.170978592499999,-21.68198185
mp-2119,TbC2,C-Tb,3,0.0,0.0,0.043833549374999,True,False,-0.36907816999999904,-17.40937968,-17.40937968
mp-21201,LaGa3Pd2,Ga-La-Pd,6,0.0,0.0,0.018472647708335,True,False,-0.806249142499998,-19.138585021666668,-19.138585021666668
mp-21209,Cu3(AsO4)2,As-Cu-O,13,0.004286641153846,0.004286641153846,0.0,False,True,-1.307728772692308,-6.017079012307692,-9.52676945
mp-21221,Pr(FeGe)2,Fe-Ge-Pr,5,0.019920638722226,0.019920638722226002,0.0,False,True,-0.423533346333326,-6.6198472639999935,-17.64002327
mp-21267,Yb2InPd2,In-Pd-Yb,10,0.0,0.0,0.0188665700000001,True,False,-0.9664665829999991,-29.278117617,-29.278117617
mp-2128,Sn4Pd,Pd-Sn,10,0.051765138,0.051765138,0.0,False,True,-0.14896972500000003,-24.538007471,-24.538007471
mp-21283,Cs2PbO3,Cs-O-Pb,12,0.0,0.0,0.0004277641666652,True,False,-1.536935591551725,-4.9323497958333355,-22.091550793333337
mp-21288,La2InGe2,Ge-In-La,10,0.0,0.0,0.004848255083333,True,False,-0.8702524289999981,-22.832673618999998,-22.832673618999998
mp-21289,TiZn3,Ti-Zn,4,0.006043867499998,0.006043867499998,0.0,False,True,-0.20014775833333,-3.118828469999997,-10.122848
mp-21294,Y2In,In-Y,6,0.0,0.0,0.0031632083333326,True,False,-0.49457612333333106,-21.563173556666666,-21.563173556666666
mp-21295,Nd2In,In-Nd,6,0.0,0.0,0.0054905816666659,True,False,-0.47326662499999805,-27.611469406666668,-27.611469406666668
mp-2131,SrN6,N-Sr,14,0.009174299285714,0.009174299285714001,0.0,False,True,-0.257930001785715,-10.246239301428572,-10.246239301428572
mp-21313,Mn3GaC,C-Ga-Mn,10,0.0,0.0,0.0080511431764698,True,False,-0.11966750025862101,-8.068692409,-8.068692409
mp-21330,EuAgAs,Ag-As-Eu,6,0.0,0.0,0.0216938277777778,True,False,-0.7703992797222251,-6.704123321666668,-25.78282442833333
mp-21339,CeCoGe,Ce-Co-Ge,6,0.0,0.0,0.0090288999999996,True,False,-0.579672264999999,-6.477470413333333,-19.897951521666666
mp-2134,ErAl3,Al-Er,4,0.007975068749999,0.007975068749999,0.0,False,True,-0.45235782583333106,-13.982790365,-13.982790365
mp-21340,HfGePt,Ge-Hf-Pt,12,0.0,0.0,0.0380689358333334,True,False,-0.9810960783333321,-37.81813270166666,-37.81813270166666
mp-21347,CoBMo,B-Co-Mo,12,0.002455953333333,0.0024559533333330004,0.0,False,True,-0.38316462583333505,-15.934019548333334,-15.934019548333334
mp-21348,Ba2EuTaO6,Ba-Eu-O-Ta,10,0.0482296645,0.048229664500000005,0.0,False,True,-3.332704743233333,-8.90078028,-8.488580279999999
mp-21351,Dy2In,Dy-In,6,0.0,0.0,0.0041201083333328,True,False,-0.481883855000001,-29.329282798333335,-29.329282798333335
mp-2137,Mg2Ni,Mg-Ni,18,0.0,0.0,0.0527284827777778,True,False,-0.15303366444444402,-3.166725901111111,-6.887611588333333
mp-21370,Ba2EuSbO6,Ba-Eu-O-Sb,10,0.0,0.0,0.0019626529999996,True,False,-2.8517456435,-7.6460285500000005,-7.23382855
mp-21385,In3Ni2,In-Ni,5,0.0,0.0,0.0075913020000015,True,False,-0.210675882000001,-18.550516974,-18.550516974
mp-21389,Eu3AuO6,Au-Eu-O,10,0.157813393999997,0.15781339399999703,0.0,False,True,-2.540529372500005,-8.923127750000003,-22.606957123999997
mp-21401,TbSnPd,Pd-Sn-Tb,12,0.0,0.0,0.0148801974999992,True,False,-0.9220374080555521,-5.531143170833332,-27.30362227666667
mp-21402,PrCr2Si2C,C-Cr-Pr-Si,6,0.010237575457604,0.010237575457604,0.0,False,True,-0.388670934444444,-7.752535118333333,-7.776201785
mp-21412,Ce3Tl,Ce-Tl,4,0.0,0.0,0.0133113375000002,True,False,-0.269940165000001,-36.69523788,-36.69523788
mp-2142,Te2Os,Os-Te,12,0.0,0.0,0.0113414875000001,True,False,-0.15907392166667,-34.76563307833333,-34.76563307833333
mp-21441,CeSiIr,Ce-Ir-Si,12,0.0,0.0,0.0401405791666595,True,False,-0.9144104350000011,-7.647977795000003,-31.723695092499998
mp-21453,PrSnPt,Pr-Pt-Sn,12,0.0,0.0,0.0078515947222221,True,False,-1.028164191666664,-5.9868897361111095,-36.34070216166666
mp-21455,EuAlO3,Al-Eu-O,20,0.111482013999999,0.111482013999999,0.0,False,True,-3.324379768500001,-9.0998939205,-8.6876939205
mp-21458,GdCdCu,Cd-Cu-Gd,9,1.377455704444447,1.377455704444447,0.0,False,True,1.093467389444447,-23.68946227388889,-5.273433325555555
mp-21462,Eu,Eu,2,0.0,0.0,0.0530462299999996,True,False,0.0,-38.520882715,-38.520882715
mp-21463,PrTiGe,Ge-Pr-Ti,6,0.0,0.0,0.0047002765740762,True,False,-0.720598751111109,-19.458495738333333,-19.458495738333333
mp-21486,Tm2In,In-Tm,6,0.0,0.0,0.0024503333333338,True,False,-0.45745120333333406,-31.39768019,-31.39768019
mp-21489,Rb2PbO3,O-Pb-Rb,12,0.000977296666668,0.000977296666668,0.0,False,True,-1.554828175833331,-4.974427880833332,-18.365457811666666
mp-2150,BaTe2,Ba-Te,6,0.0,0.0,0.0010404150000002,True,False,-1.474518219444442,-4.209713794999999,-27.164046556666666
mp-21500,Yb2InCu2,Cu-In-Yb,10,0.0,0.0,0.0131846179999999,True,False,-0.47007365000000306,-23.93626164,-23.93626164
mp-21505,YAgPb,Ag-Pb-Y,9,0.0,0.0,0.0170353861111101,True,False,-0.501053014999999,-33.152590419999996,-33.152590419999996
mp-21521,Cs2PbO3,Cs-O-Pb,12,0.000271671666666,0.00027167166666600004,0.0,False,True,-1.536663919885058,-4.932078124166668,-22.09127912166667
mp-2157,Co3W,Co-W,8,0.108725058749999,0.108725058749999,0.0,False,True,0.108725058749999,-22.65889688375,-22.65889688375
mp-2159,DyTe,Dy-Te,2,0.0,0.0,0.0199679274999997,True,False,-1.495048897499998,-30.194562665,-30.194562665
mp-21845,FePd3,Fe-Pd,4,0.0,0.0,0.0023635224999996,True,False,-0.108251334999998,-6.110667995,-20.97385792
mp-2187,TiSb,Sb-Ti,4,0.0,0.0,0.0252089724999997,True,False,-0.553936993333334,-19.875973365,-19.875973365
mp-21893,MnTe2,Mn-Te,12,0.0,0.0,0.0966345416666669,True,False,-0.42263970816092405,-22.26190080666667,-22.26190080666667
mp-21911,PRu2,P-Ru,12,0.0,0.0,0.0041660024999998,True,False,-0.432611893492063,-20.382994194166667,-20.382994194166667
mp-22007,CsIn5S8,Cs-In-S,14,0.000770549404764,0.000770549404764,0.0,False,True,-0.8742669166071401,-15.322388539285713,-15.322388539285713
mp-22031,EuSnPd,Eu-Pd-Sn,12,0.0,0.0,0.0012872830555563,True,False,-0.8081600883333351,-7.300681948333334,-29.599016511666665
mp-22036,ZrSbPd,Pd-Sb-Zr,12,0.0,0.0,0.0217662627777768,True,False,-0.803571210833335,-24.609091625833333,-24.609091625833333
mp-2205,LuPd,Lu-Pd,2,0.0,0.0,0.0078877487499999,True,False,-1.01141381333333,-31.53158071,-31.53158071
mp-22060,Nb3In,In-Nb,8,0.0,0.0,0.0322743574999986,True,False,-0.0492185075,-24.24442209,-24.24442209
mp-22061,In(TeMo)3,In-Mo-Te,14,0.0,0.0,0.0583474925892879,True,False,-0.29588318714285805,-25.588197705714286,-25.588197705714286
mp-2207,NbSe2,Nb-Se,6,0.0,0.0,9.405333333312171e-05,True,False,-0.9834434577083321,-18.769175161666666,-18.769175161666666
mp-22075,In7Pt3,In-Pt,20,0.015418141999997,0.015418141999997002,0.0,False,True,-0.5286499090000001,-31.779978245000002,-31.779978245000002
mp-22085,DyCuPb,Cu-Dy-Pb,6,0.0,0.0,0.0143940883333328,True,False,-0.38582957222221803,-4.5292393283333325,-33.54457938
mp-2208711,NdSO,Nd-O-S,12,0.003814780781254,0.003814780781254,0.0,False,True,-2.8313490634375,-17.306209017083333,-17.306209017083333
mp-22146,In3Pd5,In-Pd,16,0.0,0.0,0.0003030693749996,True,False,-0.5678094987499981,-23.3850643975,-23.3850643975
mp-22150,Zr2InCo2,Co-In-Zr,10,0.0,0.0,0.0031812119999994,True,False,-0.34793659600000204,-19.257263886,-19.257263886
mp-22204,Co2P,Co-P,12,0.0,0.0,0.0496140775000002,True,False,-0.40633885349206106,-12.229851710833332,-12.229851710833332
mp-22214,Rb2RhF6,F-Rb-Rh,9,0.0,0.0,0.0002633077777698,True,False,-2.4919378049999983,-4.803992278888888,-10.295380654444445
mp-22227,ZrMnSi,Mn-Si-Zr,12,0.0,0.0,0.0042251366666672,True,False,-0.6708128309770091,-8.382490814999999,-16.197563957499998
mp-22228,DyCoSn,Co-Dy-Sn,12,0.0,0.0,0.001535609722219,True,False,-0.477068743055552,-5.730856777499999,-23.8170768825
mp-22230,BaPbO3,Ba-O-Pb,10,0.0,0.0,0.0012416629999991,True,False,-2.108850153,-6.203951158000001,-22.0315538
mp-2226,DyPd,Dy-Pd,2,0.0,0.0,0.0348307212499996,True,False,-0.9281805374999971,-28.399308955,-28.399308955
mp-22260,Y(MnSn)6,Mn-Sn-Y,13,0.0,0.0,0.01043998621574,True,False,-0.13877085135278502,-6.718664265384614,-20.02118267076923
mp-2226692,MgFe2Mo2(ClO4)2,Cl-Fe-Mg-Mo-O,15,0.0,0.0,0.0763506851852016,True,False,-1.966960060333333,-7.536464994666667,-6.360464994666667
mp-2227086,MgCu2GeS4,Cu-Ge-Mg-S,8,0.001670513124998,0.0016705131249980002,0.0,False,True,-0.843794971249999,-4.7189827287499995,-4.46748272875
mp-22275,YSnPt,Pt-Sn-Y,12,0.0,0.0,0.018396314166666,True,False,-1.058472415833335,-6.588404640833336,-33.36400121916667
mp-22282,LaIn2,In-La,6,0.0,0.0,0.0071970154166671,True,False,-0.6733555133333341,-25.640675835,-25.640675835
mp-22287,NbGeIr,Ge-Ir-Nb,12,0.0,0.0,0.0360247124999961,True,False,-0.529375719999989,-8.383631411666656,-30.915904900833336
mp-22294,BaEu2NiO5,Ba-Eu-Ni-O,9,0.158035553888892,0.158035553888892,0.0,False,True,-2.654110979444445,-8.544682143333333,-7.880682143333333
mp-2230728,Eu6MgWO12,Eu-Mg-O-W,20,0.054297169500001,0.054297169500001005,0.0,False,True,-3.14332548225,-9.927965672000001,-9.293865671999999
mp-22318,SrAl2,Al-Sr,6,0.0,0.0,0.0013314183333328,True,False,-0.285075443333332,-9.821694686666666,-9.821694686666666
mp-22332,TaInS2,In-S-Ta,4,0.0,0.0,0.0010664499999997,True,False,-1.104730417249999,-6.829954595,-22.79734876
mp-22334,FeGeO3,Fe-Ge-O,20,0.012197311499998,0.012197311499998,0.0,False,True,-1.9167305910000012,-7.504117007,-10.862608766
mp-22349,Sm(FeGe)2,Fe-Ge-Sm,5,0.006780240000007,0.006780240000007,0.0,False,True,-0.44818918699999205,-6.629126039999993,-17.73571331
mp-2235,YbRh2,Rh-Yb,6,0.0,0.0,0.0192901758333334,True,False,-0.8390280883333311,-29.10630677,-29.10630677
mp-22395,KCeSe4,Ce-K-Se,12,0.0,0.0,0.033845191333337,True,False,-1.45351873277083,-4.9621796499999995,-17.05723576666667
mp-22398,FeF3,F-Fe,8,0.0,0.0,0.0068871570833337,True,False,-2.648772015416667,-6.201666599166668,-8.49489821875
mp-224,WS2,S-W,6,0.0,0.0,0.0002083866666673,True,False,-0.8835800085416661,-23.362202953333334,-23.362202953333334
mp-22400,MnCu2SnSe4,Cu-Mn-Se-Sn,8,0.0,0.0,0.0191257300625009,True,False,-0.5598454115382541,-4.97905121125,-4.74305121125
mp-22419,NdSnPd,Nd-Pd-Sn,9,0.001193179444443,0.0011931794444430001,0.0,False,True,-0.9130349186111111,-5.565568617777779,-26.674343035555555
mp-22425,Sc2FeB2Ir5,B-Fe-Ir-Sc,20,0.0,0.0,0.0020201025624917,True,False,-0.7214436913333341,-8.590035077500001,-32.1895095795
mp-22438,Ce(SiPt)2,Ce-Pt-Si,10,0.0,0.0,0.0441977859999962,True,False,-1.064728638999998,-6.850699152999999,-31.458901341
mp-22460,LiIn,In-Li,4,0.0,0.0,0.030855545,True,False,-0.366299663333332,-12.84894806,-12.84894806
mp-22473,NaInSe2,In-Na-Se,4,0.0,0.0,0.0196307100000003,True,False,-1.009197114531248,-14.7006699675,-14.7006699675
mp-22475,EuSbAu,Au-Eu-Sb,6,0.0,0.0,0.0143772750000001,True,False,-0.8633745166666671,-6.760372901666666,-39.279243646666664
mp-22482,ErMn12,Er-Mn,13,0.092006644051721,0.092006644051721,0.0,False,True,0.062168094836428,-16.101328156923078,-16.101328156923078
mp-22483,NaInTe2,In-Na-Te,8,0.0,0.0,0.01627548625,True,False,-0.7743100253448261,-3.3711866025,-19.98708654375
mp-22489,HfCuSi,Cu-Hf-Si,12,0.0,0.0,0.0007612966666652,True,False,-0.582629535,-7.076534111666668,-22.233496530833335
mp-22499,EuSnF7,Eu-F-Sn,18,0.008014840555555,0.008014840555555,0.0,False,True,-3.214074913888888,-12.67510404111111,-12.67510404111111
mp-22508,YMn12,Mn-Y,13,0.071023091246685,0.071023091246685,0.0,False,True,0.071023091246685,-15.04540899076923,-15.04540899076923
mp-22522,ZrCuSi,Cu-Si-Zr,12,0.0,0.0,0.003758191666666,True,False,-0.644550211666667,-6.668625321666667,-14.834540439166666
mp-22531,Ba2GdNbO6,Ba-Gd-Nb-O,10,0.0,0.0,0.0040718860000001,True,False,-3.423956167000001,-9.194270486,-8.782070486
mp-22532,TbTiSi,Si-Tb-Ti,6,0.0,0.0,0.0037837625555559,True,False,-0.7271139322222241,-18.373099185,-18.373099185
mp-22539,CeNiSb2,Ce-Ni-Sb,8,0.0,0.0,0.0188297674166655,True,False,-0.8154229837499961,-5.8091952412499985,-24.3425702725
mp-22563,Gd(LuS2)3,Gd-Lu-S,20,0.022972630249978,0.022972630249978,0.0,False,True,-2.369015291000001,-7.615572378500002,-22.948094624
mp-22596,Ni3(PbS)2,Ni-Pb-S,7,0.0,0.0,0.0078964878571428,True,False,-0.475795109999998,-5.195866482142857,-23.87548619714286
mp-22608,CaVO3,Ca-O-V,20,0.001156626410715,0.001156626410715,0.0,False,True,-2.9363439975,-8.123021790500001,-10.828667470000001
mp-22619,NiP2,Ni-P,12,0.0,0.0,0.0002058733333329,True,False,-0.40791869115079205,-10.403208619166668,-10.403208619166668
mp-22631,Co2N,Co-N,6,0.177865282083335,0.17786528208333502,0.0,False,True,0.17786528208333302,-11.687872361666665,-11.687872361666665
mp-22645,PrSnPd,Pd-Pr-Sn,12,0.0,0.0,0.0050673508333325,True,False,-0.899980192222224,-5.561621900000003,-26.6543179
mp-22647,TmCrO4,Cr-O-Tm,12,0.0,0.0,0.0023982091666656,True,False,-2.789211074166669,-8.443776569166667,-15.213937629999998
mp-22660,InAgO2,Ag-In-O,4,0.00025061624999,0.00025061624999,0.0,False,True,-1.392166444583322,-5.26667480249999,-15.2221621825
mp-22691,InSe,In-Se,4,0.000424500000001,0.00042450000000100003,0.0,False,True,-0.6763020120312461,-19.1213773175,-19.1213773175
mp-22695,NdSnPd,Nd-Pd-Sn,12,0.0,0.0,0.0065425294444452,True,False,-0.914228098055554,-5.566761797222223,-26.675536214999997
mp-22701,ScFeSi,Fe-Sc-Si,12,0.0,0.0,0.0032762242592614,True,False,-0.658533175833332,-7.401135957499999,-7.4248026241666665
mp-2270157,YAsS,As-S-Y,6,0.011451471666666,0.011451471666666001,0.0,False,True,-1.691218591666667,-6.79675584,-6.629089173333334
mp-22704,YIn,In-Y,2,0.0,0.0,0.0082432999999992,True,False,-0.6035860350000021,-22.049681705,-22.049681705
mp-22707,EuAgSb,Ag-Eu-Sb,6,0.0,0.0,0.0152891333333338,True,False,-0.7919771855555591,-6.5453274633333365,-29.388034289999997
mp-22730,Na2MoO4,Mo-Na-O,14,0.04059137214286,0.04059137214286,0.0,False,True,-2.109114796108376,-6.869248465714287,-10.386491672142856
mp-2273942,TmAsSe,As-Se-Tm,6,0.010944179166666,0.010944179166666,0.0,False,True,-1.532292776614587,-5.748471273333334,-5.59113794
mp-22745,Co9Se8,Co-Se,17,0.088942310588233,0.088942310588233,0.0,False,True,-0.199138281323528,-13.940347811764706,-13.940347811764706
mp-22761,CeCuSn,Ce-Cu-Sn,6,0.0,0.0,0.0160149,True,False,-0.538675721666661,-5.220585186666663,-22.745251525
mp-22775,Sr(Sb3Ru)4,Ru-Sb-Sr,17,0.0,0.0,0.0217827644117649,True,False,-0.44211844705882203,-5.638474513529411,-25.379630998235292
mp-22779,YbSnPt,Pt-Sn-Yb,9,0.0,0.0,0.0091572602777771,True,False,-1.191797336111114,-38.779557157777774,-38.779557157777774
mp-228,Te2Rh,Rh-Te,3,0.0,0.0,0.0318466700000001,True,False,-0.43984005000000004,-25.430065799999998,-25.430065799999998
mp-2283,ZrCo,Co-Zr,2,0.0,0.0,0.0345480712500005,True,False,-0.3304633925,-18.32247491,-18.32247491
mp-2284,AgF2,Ag-F,12,0.0,0.0,0.0093179183333336,True,False,-1.311622154166665,-10.5142665025,-10.5142665025
mp-22848,Cl2,Cl,4,0.0,0.0,0.0076180674999999,True,False,0.0,-6.1524388975,-6.1524388975
mp-22855,HgCl2,Cl-Hg,12,0.0,0.0,0.0100279708333328,True,False,-0.683485675,-21.241047114166665,-21.241047114166665
mp-22865,CsCl,Cl-Cs,2,0.0,0.0,0.0477388950000001,True,False,-2.171597246249998,-17.802043195,-17.802043195
mp-22871,ZrCl3,Cl-Zr,8,0.010707283749999,0.010707283749999,0.0,False,True,-1.949523499375001,-12.25130064875,-12.25130064875
mp-22872,SbCl3,Cl-Sb,16,0.0,0.0,0.0097078275000002,True,False,-0.9443040312500001,-11.985212136874999,-11.985212136874999
mp-22880,FeBr2,Br-Fe,3,0.0,0.0,0.0715700233333329,True,False,-0.7966675133333341,-4.711305606666667,-14.36271143
mp-22887,EuCl2,Cl-Eu,12,0.0,0.0,0.0166233433333342,True,False,-2.6734610466666693,-19.615381216666666,-19.615381216666666
mp-22888,CaBr2,Br-Ca,6,0.0,0.0,0.0197575616666663,True,False,-2.402401639999999,-4.162232623333334,-13.488602084999998
mp-22904,CaCl2,Ca-Cl,6,0.001869090833332,0.001869090833332,0.0,False,True,-2.645431978333333,-9.09315581,-9.09315581
mp-22906,CsBr,Br-Cs,2,0.0,0.0,0.0403642300000002,True,False,-2.051713427327584,-3.324175479999997,-21.19796431
mp-22908,BiCl3,Bi-Cl,16,0.0,0.0,0.0566768643749999,True,False,-1.044261659374999,-20.28415926875,-20.28415926875
mp-22913,CuBr,Br-Cu,2,0.0,0.0,0.0607949899999997,True,False,-0.517612222499999,-3.385688824999999,-12.382427605
mp-22922,AgCl,Ag-Cl,2,0.0,0.0,0.0241344799999998,True,False,-0.568439933749999,-14.322597954999999,-14.322597954999999
mp-22925,AgI,Ag-I,2,0.002406555,0.0024065550000000003,0.0,False,True,-0.46535334333333106,-2.648828489999999,-23.26416329
mp-22937,Na4I2O,I-Na-O,7,0.0,0.0,0.0790241414285715,True,False,-1.469234532931035,-3.37821586857143,-11.375674715714286
mp-22939,BiClO,Bi-Cl-O,6,0.0,0.0,0.0647059888888899,True,False,-1.695745048333333,-5.257924419999999,-24.942789414999996
mp-2294,Al3Ir,Al-Ir,8,0.0,0.0,0.0045803062500002,True,False,-0.7665281825000001,-18.9054402925,-18.9054402925
mp-22951,BaIF,Ba-F-I,6,0.0,0.0,0.0903221516666672,True,False,-3.146598396666661,-4.932211706666661,-21.201811508333332
mp-22952,CeClO,Ce-Cl-O,6,0.0,0.0,0.0955995645833311,True,False,-3.4051250333333343,-7.649609591666668,-17.697423793333332
mp-22953,YbCuBi,Bi-Cu-Yb,6,0.018496766666672,0.018496766666672,0.0,False,True,-0.365391863333338,-35.65820804,-35.65820804
mp-22961,Li2ZnCl4,Cl-Li-Zn,14,0.0,0.0,0.0217813885714286,True,False,-1.714316919047619,-7.184855636428572,-7.184855636428572
mp-22962,CsTiBr3,Br-Cs-Ti,10,0.0,0.0,0.0061067785000012,True,False,-1.7109803175976999,-4.453842155999998,-17.230241667
mp-2297,NdC2,C-Nd,3,0.0,0.0,0.0191727887500006,True,False,-0.29459625249999905,-16.732089373333334,-16.732089373333334
mp-22975,Rb2TeCl6,Cl-Rb-Te,9,0.0,0.0,0.0014769222222223,True,False,-1.681574540185184,-3.481089077777776,-11.421395019999999
mp-22978,Rb2MnCl4,Cl-Mn-Rb,7,0.0,0.0,0.0174939442857136,True,False,-1.954087174704433,-4.599409265714286,-11.551715091428573
mp-22987,BiIO,Bi-I-O,6,0.0,0.0,0.0449323654166669,True,False,-1.334933545,-4.788936188333333,-30.753834065000003
mp-22990,CsICl2,Cl-Cs-I,4,0.0,0.0,0.0200958751923088,True,False,-1.414317306163793,-2.946586252499999,-16.74233609
mp-22994,LiIO3,I-Li-O,20,0.001666735499998,0.0016667354999980002,0.0,False,True,-1.384245133666667,-5.039608833000001,-10.026716369
mp-23017,CsCu2Br3,Br-Cs-Cu,12,0.0,0.0,0.0062345677777777,True,False,-1.063013854942529,-3.399218940833333,-15.365851355833334
mp-23021,K2ReBr6,Br-K-Re,9,0.0,0.0,0.0046389044444463,True,False,-1.335880026333332,-4.06171701111111,-17.19105968111111
mp-23025,LaClO,Cl-La-O,6,0.0,0.0,0.0266975956944435,True,False,-3.6045768816666692,-7.515413851666668,-17.453544503333333
mp-23034,SrZnCl4,Cl-Sr-Zn,12,0.0,0.0,0.0135206183333345,True,False,-2.02666814,-10.137671350833333,-10.137671350833333
mp-23036,K2SeBr6,Br-K-Se,9,0.0,0.0,0.0046921100000001,True,False,-1.299198075204859,-3.030345867777776,-12.774298741111112
mp-23044,VBiO4,Bi-O-V,12,0.0,0.0,0.0161012733333327,True,False,-2.154109184999999,-7.615073251666665,-18.197470091666666
mp-2305,MoC,C-Mo,2,0.0,0.0,0.0023879768749992,True,False,-0.160418414999998,-18.17002573,-18.17002573
mp-23055,RbCuCl3,Cl-Cu-Rb,20,0.0,0.0,0.0185529660000032,True,False,-1.485598939499999,-3.610672767999999,-9.945184403999999
mp-23058,NdClO,Cl-Nd-O,6,0.0,0.0,0.0556317091666658,True,False,-3.471199014166668,-7.326082760000002,-17.223253661666668
mp-23068,NdBrO,Br-Nd-O,6,0.0,0.0,0.0201993869444452,True,False,-3.28379890583333,-7.06815056333333,-19.41534648
mp-23072,BiBrO,Bi-Br-O,6,0.0,0.0,0.0550859883333343,True,False,-1.555466066666671,-5.047113350000004,-27.183072146666664
mp-23083,KAs4BrO6,As-Br-K-O,12,0.0,0.0,0.024841492916666,True,False,-1.7075144468541672,-5.968895481666667,-5.580895481666666
mp-23084,BiPbClO2,Bi-Cl-O-Pb,10,0.0,0.0,0.0259038650000009,True,False,-1.679936678,-5.549365916,-5.1517659160000004
mp-23085,Ba2Cu3(ClO2)2,Ba-Cl-Cu-O,11,0.0,0.0,0.0959921345454528,True,False,-1.8920105490909092,-5.494237777272727,-5.132783231818181
mp-23104,Pb2ClOF,Cl-F-O-Pb,10,0.0,0.0,0.0591645404999994,True,False,-1.929361382999999,-5.156491447,-4.803891447
mp-23110,NaHg2IO2,Hg-I-Na-O,18,0.0,0.0,0.016291599583333,True,False,-0.9971919618965531,-3.227358541666666,-2.9351918749999992
mp-23116,CuBiSeO,Bi-Cu-O-Se,8,0.0,0.0,0.0914649378124998,True,False,-0.950861200585937,-5.05913956625,-4.76938956625
mp-23118,CsEr6CI12,C-Cs-Er-I,20,0.0,0.0,0.0164386585833371,True,False,-1.477186284732758,-4.2688575075,-4.0414575075
mp-23126,KAs4IO6,As-I-K-O,12,0.0,0.0,0.0009437854166671,True,False,-1.660899759354167,-5.912869634166667,-5.537786300833333
mp-23129,Ba2Cu3(BrO2)2,Ba-Br-Cu-O,11,0.0,0.0,0.0795114545454538,True,False,-1.7906236781818181,-5.3543788581818195,-5.007469767272727
mp-23138,SbPbClO2,Cl-O-Pb-Sb,10,0.0,0.0,0.0499256629999953,True,False,-1.710929169,-5.628151793000001,-21.469276607
mp-2314,LiPb,Li-Pb,2,0.0,0.0,0.0001969149999996,True,False,-0.271878761666665,-3.08266373,-29.66080089
mp-23162,ZrCl2,Cl-Zr,3,0.0,0.0,8.13633333329733e-05,True,False,-1.87860569,-13.56349559,-13.56349559
mp-23194,LaI2,I-La,3,0.0,0.0,0.0055081000000001,True,False,-1.6789853050000012,-4.340329416666667,-27.92213028
mp-2321,Tb3Ge5,Ge-Tb,16,0.0,0.0,0.0012938312499999,True,False,-0.7968948006250011,-21.176793594375,-21.176793594375
mp-23221,PrBr3,Br-Pr,8,0.0,0.0,0.0080737724999995,True,False,-2.306216135416666,-4.73279390125,-19.4876367075
mp-23229,FeCl2,Cl-Fe,3,0.021833396666667,0.021833396666667,0.0,False,True,-1.125788739999999,-5.181491009999999,-9.892469376666666
mp-23231,AgBr,Ag-Br,2,0.0,0.0,0.0378098575000001,True,False,-0.6596210383333321,-2.899563145,-17.75802207
mp-23232,FeBr3,Br-Fe,8,0.0,0.0,0.0927808187499996,True,False,-0.7636172024999981,-4.108832406249999,-14.24050595875
mp-23240,CoCl2,Cl-Co,3,0.0,0.0,0.0267512566666674,True,False,-0.942769024999999,-9.455805333333332,-9.455805333333332
mp-23260,BaI2,Ba-I,12,0.0,0.0,0.0086620075000012,True,False,-2.050704712499999,-3.706371435833333,-27.251495210833337
mp-23265,GdCl3,Cl-Gd,8,0.0,0.0,0.0352151062499999,True,False,-2.506313930624998,-17.96989442875,-17.96989442875
mp-23267,BeCl2,Be-Cl,6,0.008707515833333,0.008707515833333,0.0,False,True,-1.8374670666666661,-4.316295794999999,-7.110621801666666
mp-23280,AsCl3,As-Cl,16,0.0,0.0,0.0030574062499999,True,False,-0.755685861249999,-9.04689778125,-9.04689778125
mp-23293,TbCl3,Cl-Tb,8,0.0,0.0,0.0265259987499995,True,False,-2.539397689374999,-14.9603354,-14.9603354
mp-23312,MoBr3,Br-Mo,16,0.0,0.0,0.0032044478125001,True,False,-0.9782778575000001,-4.91740028625,-17.228911585
mp-23313,InBi,Bi-In,4,0.044326534999996,0.044326534999996,0.0,False,True,-0.027260852499999003,-40.567692915,-40.567692915
mp-23317,AsBr3,As-Br,16,0.0,0.0,0.010641745,True,False,-0.860313386875,-3.255553921249999,-14.123356765
mp-23318,BiSCl,Bi-Cl-S,12,0.0,0.0,0.009145709166666,True,False,-0.7342089301041691,-24.963792220000002,-24.963792220000002
mp-23324,BiSBr,Bi-Br-S,12,0.0,0.0,0.0117703391666665,True,False,-0.8865928066666711,-4.108052325833337,-27.231898769166666
mp-23336,CsMnCl3,Cl-Cs-Mn,15,0.0,0.0,0.0079701129999953,True,False,-1.9012585557298851,-13.551079429333333,-13.551079429333333
mp-2334,DyCu,Cu-Dy,2,0.0,0.0,0.0069990237499997,True,False,-0.26587246749999904,-21.68017208,-21.68017208
mp-23353,Cu2HgI4,Cu-Hg-I,7,0.0,0.0,0.0047691521428574,True,False,-0.44475811892857203,-2.531063238571428,-24.45576370857143
mp-23361,Li5CrCl8,Cl-Cr-Li,14,0.0,0.0,0.0144557039285722,True,False,-1.8570389130952392,-7.301780744285715,-7.301780744285715
mp-23376,GaSeBr7,Br-Ga-Se,18,0.023736791805555,0.023736791805555,0.0,False,True,-0.8985914744270831,-2.896661835,-13.712716205
mp-23378,EuAgBi,Ag-Bi-Eu,6,0.0,0.0,0.0307620366666663,True,False,-0.681513990000003,-40.141191858333336,-40.141191858333336
mp-23396,MoNCl3,Cl-Mo-N,20,0.0,0.0,0.0480648316428542,True,False,-1.09528815100001,-6.04119940200001,-11.5395763695
mp-2348,Zr2Au,Au-Zr,3,0.0,0.0,0.0002983066666661,True,False,-0.468447070000001,-32.49662839,-32.49662839
mp-2348641,LiNiO2,Li-Ni-O,12,0.0,0.0,0.0064774316666662,True,False,-1.497991299166667,-5.894236688333334,-4.915486688333334
mp-23498,NbSeBr3,Br-Nb-Se,20,0.0,0.0,0.0823134342800013,True,False,-1.26132560496875,-4.9629368295,-16.7463965565
mp-23597,Sr4Mn3(ClO4)2,Cl-Mn-O-Sr,17,0.0,0.0,0.0633382151960635,True,False,-2.617217696105475,-7.178190159411763,-12.369655664705883
mp-23612,K3B6BrO10,B-Br-K-O,20,0.0,0.0,0.0239232280555725,True,False,-2.735504874587499,-7.4648556935,-7.0946556935
mp-23642,VBiPbO5,Bi-O-Pb-V,16,0.001762336249999,0.0017623362499990002,0.0,False,True,-2.021756554999999,-7.200055614375,-21.784846268125
mp-23657,Na6S2ClO8F,Cl-F-Na-O-S,18,0.0,0.0,0.026922769907407,True,False,-2.284168629904214,-5.599235480555555,-7.366386152222223
mp-2367,LaC2,C-La,3,0.0,0.0,0.0040514300000005,True,False,-0.330961655,-16.877378516666667,-16.877378516666667
mp-2371,Ga2Te5,Ga-Te,7,0.0,0.0,0.0023825599999995,True,False,-0.298831161428572,-21.72335594,-21.72335594
mp-23717,Ca2MgP2(H2O5)2,Ca-H-Mg-O-P,19,0.00152175242379,0.0015217524237900002,0.0,False,True,-2.621099851541352,-6.807041568947367,-6.4454626215789474
mp-23724,KHCO3,C-H-K-O,12,0.000102248333333,0.00010224833333300001,0.0,False,True,-1.881473091416667,-6.648373395,-7.8396024975
mp-23739,SiH4,H-Si,20,0.0,0.0,0.004634049499999,True,False,-0.008217420500000001,-4.5270602605,-4.5270602605
mp-23778,H4CN2O,C-H-N-O,16,0.0,0.0,0.0585131502604161,True,False,-0.707929925625,-6.2624505374999995,-6.55322870125
mp-23846,KHF2,F-H-K,8,0.0,0.0,0.0112824174999994,True,False,-2.492856250874999,-4.58141647875,-6.342992135
mp-23849,Li2H2SO5,H-Li-O-S,20,0.010542961999995,0.010542961999995,0.0,False,True,-1.991346373666667,-5.9398845085000005,-5.5963845085
mp-2385,TaCr2,Cr-Ta,6,0.059876289222223,0.059876289222223,0.0,False,True,0.059876289222221005,-26.18629620833333,-26.18629620833333
mp-23859,CaHCl,Ca-Cl-H,6,0.0,0.0,0.0405471508333334,True,False,-1.7564586887499951,-4.172895061666662,-7.24823739
mp-23860,SrHCl,Cl-H-Sr,6,0.0,0.0,0.0139254512499977,True,False,-1.8175602137499962,-4.129605989999995,-10.014084281666667
mp-23861,BaHCl,Ba-Cl-H,6,0.0,0.0,0.0116930495833331,True,False,-1.8344749187499971,-4.222036311666663,-13.804017663333333
mp-23880,FeH4(ClO)2,Cl-Fe-H-O,9,0.0,0.0,0.0586102266666666,True,False,-1.305381452777777,-5.265790596666666,-4.726012818888889
mp-23896,LuHCl,Cl-H-Lu,6,0.0,0.0,0.0342030183333337,True,False,-1.581415829305554,-4.836548059999998,-17.457398218333335
mp-23933,AlH3,Al-H,8,0.0,0.0,0.0092763950000005,True,False,-0.073632082812499,-4.34799096625,-4.34799096625
mp-2402,NaSi,Na-Si,16,0.0,0.0,0.0247153248491378,True,False,-0.069361268125,-6.238333850625,-6.238333850625
mp-24051,ErHCl,Cl-Er-H,6,0.0,0.0,0.0131141000000001,True,False,-1.610010280416666,-4.8804862966666684,-16.102319663333333
mp-2409,Ni5Sb2,Ni-Sb,14,0.024253112142854,0.024253112142854003,0.0,False,True,-0.12101837357142801,-16.024049410714287,-16.024049410714287
mp-24119,Ca2HN,Ca-H-N,16,0.0,0.0,0.0037804437500001,True,False,-0.9456374556250001,-7.61075007375,-7.61075007375
mp-24124,NdH2ClO2,Cl-H-Nd-O,12,0.0,0.0,0.0314742986111165,True,False,-2.400852244166666,-6.284676430833333,-5.9533430974999995
mp-24129,MnH4(BrO)2,Br-H-Mn-O,9,0.0,0.0,0.0510770922222221,True,False,-1.309259315881226,-5.299536663333333,-4.842869996666667
mp-2413,Ce3Al,Al-Ce,4,0.0,0.0,0.0132717956250001,True,False,-0.23543659249999702,-25.048932745,-25.048932745
mp-24131,GdH3,Gd-H,8,0.005940140833333,0.005940140833333001,0.0,False,True,-0.6685638928124981,-14.10914951875,-14.10914951875
mp-2420,PW,P-W,8,0.0,0.0,0.0309592362500001,True,False,-0.36425906398809305,-30.54919441,-30.54919441
mp-24204,CaHI,Ca-H-I,6,0.0,0.0,0.0431307549999999,True,False,-1.299942560416665,-3.608202204999999,-12.967915663333335
mp-24205,SrHI,H-I-Sr,6,0.0,0.0,0.0129209529166667,True,False,-1.358753585416662,-3.562622633333328,-15.739695358333334
mp-24208,CrH2,Cr-H,3,0.002280474166666,0.0022804741666660002,0.0,False,True,0.0022804741666660002,-7.325575256666667,-7.325575256666667
mp-2422,ErGa2,Er-Ga,3,0.0,0.0,0.0029789316666661,True,False,-0.72364276111111,-19.66063845,-19.66063845
mp-24287,CrH,Cr-H,2,0.185413735624999,0.18541373562499902,0.0,False,True,0.18541373562499902,-9.07881366,-9.07881366
mp-2432,CaMg2,Ca-Mg,12,0.001180938333333,0.0011809383333330002,0.0,False,True,-0.11631742833333301,-5.241951051666667,-5.241951051666667
mp-24341,CsBeH3,Be-Cs-H,10,0.0,0.0,0.0934211658333321,True,False,-0.20423279668103503,-3.170810747000001,-8.133900384
mp-24413,Na2LiAlH6,Al-H-Li-Na,20,0.0,0.0,0.001160583999999,True,False,-0.316796481859194,-3.187690370499999,-3.080290370499999
mp-24422,CaHBr,Br-Ca-H,6,0.0,0.0,0.0332329633333334,True,False,-1.572255617083334,-3.918159901666668,-9.447069373333333
mp-24423,SrHBr,Br-H-Sr,6,0.0,0.0,0.0115639370833329,True,False,-1.625272778749996,-3.866786466666662,-12.216422063333333
mp-2452,P2O5,O-P,14,0.010806055714287,0.010806055714287001,0.0,False,True,-2.43823965132653,-7.519775662142857,-8.975938807857142
mp-2454,TiFe2,Fe-Ti,12,0.0,0.0,0.0091735683333329,True,False,-0.283385237777777,-8.561896716666666,-14.125712569166666
mp-2458827,TePdI2,I-Pd-Te,8,0.0,0.0,0.0088307511250014,True,False,-0.547655257916666,-3.39045849125,-3.09545849125
mp-24668,CsHF2,Cs-F-H,8,0.0,0.0,0.0075927299999998,True,False,-2.478793071476294,-4.51150526125,-11.095038145
mp-2479693,LiCaSn,Ca-Li-Sn,9,0.000205153333335,0.000205153333335,0.0,False,True,-0.560958359444443,-3.202323226666666,-3.202323226666666
mp-2484,SmSn3,Sm-Sn,4,0.0,0.0,0.0030184549999994,True,False,-0.46060433499999703,-4.647429759999998,-26.4624071675
mp-2488,SiOs,Os-Si,8,0.0,0.0,0.0123727870833327,True,False,-0.392482408749998,-31.27197913125,-31.27197913125
mp-2490654,MnV2O6,Mn-O-V,9,0.0,0.0,0.0020955250000014,True,False,-2.333588346992338,-8.668876509444445,-7.647765398333334
mp-25,N2,N,8,0.001782819999998,0.0017828199999980001,0.0,False,True,0.0017828199999980001,-9.12696785125,-9.12696785125
mp-2516584,C,C,4,0.002317152499999,0.0023171524999990004,0.0,False,True,0.0023171524999990004,-9.9449180375,-9.9449180375
mp-2517,Ca2Si,Ca-Si,12,0.001089424999999,0.0010894249999990001,0.0,False,True,-0.5331682466666681,-8.149952245,-8.149952245
mp-2525,PrAg,Ag-Pr,2,0.0,0.0,0.0128398250000003,True,False,-0.23179544166666402,-4.051000009999999,-25.636647715
mp-25407,LiFePO4F,F-Fe-Li-O-P,16,0.005248857187499,0.005248857187499001,0.0,False,True,-2.549630086622024,-7.23714433625,-6.55389433625
mp-25469,AlCl3,Al-Cl,8,0.0,0.0,9.600000003828768e-07,True,False,-1.692806269374999,-7.990160025,-7.990160025
mp-2547,YbPd,Pd-Yb,2,0.010346364999996,0.010346364999996001,0.0,False,True,-1.002640602500001,-30.7475568,-30.7475568
mp-2550,NdTe2,Nd-Te,6,0.000499836666669,0.0004998366666690001,0.0,False,True,-1.47192105083333,-28.222740251666664,-28.222740251666664
mp-256,LaN,La-N,2,0.0,0.0,0.0140276799999998,True,False,-1.575390301875,-21.01215574,-21.01215574
mp-257,DyIn,Dy-In,2,0.0,0.0,0.0059293250000003,True,False,-0.5934552324999981,-27.873652035,-27.873652035
mp-2572,SrMg2,Mg-Sr,12,0.0,0.0,0.0159917874999999,True,False,-0.090161266666666,-7.91825068,-7.91825068
mp-2583,TiRh,Rh-Ti,2,0.0,0.0,0.0114445550000006,True,False,-0.7413721266666661,-8.37127207,-8.37127207
mp-2583419,SrTaNO2,N-O-Sr-Ta,20,0.0,0.0,0.0308185197222243,True,False,-2.7503927944666673,-9.109103872,-8.762103872
mp-26,La,La,4,0.0,0.0,0.0014906825,True,False,0.0,-29.744780205,-29.744780205
mp-2620,DySi,Dy-Si,4,0.00317644,0.0031764400000000004,0.0,False,True,-0.898450372500001,-21.2762342825,-21.2762342825
mp-2623,V4As3,As-V,14,0.0,0.0,0.0596568044897942,True,False,-0.607364221785715,-14.961777919285714,-14.961777919285714
mp-2632,TlF3,F-Tl,16,0.0,0.0,0.0227295806250005,True,False,-1.974226001249999,-17.61357310875,-17.61357310875
mp-2642,CdAg,Ag-Cd,2,0.0,0.0,0.007947278409091,True,False,-0.0530409375,-20.783473355,-20.783473355
mp-2644,CoSb,Co-Sb,4,0.05970856333333,0.05970856333333,0.0,False,True,-0.038880820000002,-19.50915425,-19.50915425
mp-2647077,NaCdBi,Bi-Cd-Na,12,0.0,0.0,0.0110117074999998,True,False,-0.214850322126436,-2.2787720816666672,-2.2787720816666672
mp-2647097,Cs2Pb(ICl)2,Cl-Cs-I-Pb,14,0.0,0.0,0.0987982747619042,True,False,-1.709331011330049,-3.4627185885714282,-3.179004302857142
mp-2667,CsAu,Au-Cs,2,0.0,0.0,0.0090158200000001,True,False,-0.360558844999999,-38.20726542,-38.20726542
mp-2672,K2O2,K-O,8,0.0,0.0,0.0004885825000009,True,False,-1.284958853625,-4.3246242175,-7.19174728875
mp-2674,YPt2,Pt-Y,6,0.024211479166659,0.024211479166659004,0.0,False,True,-1.187274214999997,-42.283619135,-42.283619135
mp-2678,VPt,Pt-V,2,0.0,0.0,2.344416666666405e-05,True,False,-0.550341079999999,-8.127860775,-8.127860775
mp-2688,HoGa3,Ga-Ho,4,0.030720793749999,0.030720793749999004,0.0,False,True,-0.528708859374999,-3.9492007425,-17.347354125
mp-2691,CdSe,Cd-Se,2,0.000553682500001,0.000553682500001,0.0,False,True,-0.8370525111718741,-3.065013345,-17.958086095
mp-2699,CaSi2,Ca-Si,6,0.0,0.0,0.000763393333333,True,False,-0.42687056833333403,-8.622144865000001,-8.622144865000001
mp-2710677,LiVF6,F-Li-V,8,0.0,0.0,0.0013242099999999,True,False,-2.9705122079166673,-5.78000510625,-5.22100510625
mp-27126,Na2Mn3Cl8,Cl-Mn-Na,13,0.000848984871799,0.0008489848717990001,0.0,False,True,-1.724849069496021,-9.447762634615385,-9.447762634615385
mp-27178,HgPS3,Hg-P-S,10,0.0,0.0,0.006081052999999,True,False,-0.485285830928573,-4.112753571000002,-16.757015455999998
mp-27194,SnI2,I-Sn,9,0.0,0.0,0.0334121488888885,True,False,-0.7447498127777771,-3.097282174444444,-25.137637854444442
mp-27214,CsSnBr3,Br-Cs-Sn,5,0.0111951395,0.011195139500000001,0.0,False,True,-1.560889131931036,-3.526566938000002,-19.270617966
mp-27234,Cu(IO3)2,Cu-I-O,18,0.003512188888887,0.0035121888888870003,0.0,False,True,-0.8261393838888881,-4.918916931666666,-11.088293636666668
mp-27239,Cs2VF6,Cs-F-V,18,0.0,0.0,0.001914042777777,True,False,-3.19648337,-12.42566664,-12.42566664
mp-27251,Bi2TeO6,Bi-O-Te,18,0.0,0.0,0.0005405611111113,True,False,-1.616918000740741,-6.12926695,-21.11209083388889
mp-27255,Ga2TeS2,Ga-S-Te,10,0.0,0.0,0.0658567909999954,True,False,-0.686490629125,-13.560660762000001,-13.560660762000001
mp-27336,CsCuBr3,Br-Cs-Cu,20,0.0,0.0,0.0066300960000025,True,False,-1.249501644431033,-3.233106413499999,-16.2455409915
mp-27362,Nb(SCl)2,Cl-Nb-S,10,0.0,0.0,0.0010611689999997,True,False,-1.4579086689999992,-5.872545882,-11.773780499999999
mp-27393,AlPd5I2,Al-I-Pd,8,0.0,0.0,5.879933593799791e-05,True,False,-0.524211835,-4.610838098750001,-21.770923085
mp-27400,RbCdBr3,Br-Cd-Rb,20,0.0,0.0,0.0005591689999988,True,False,-1.560353950499999,-2.930630723999999,-16.2209733695
mp-2740865,V2CdO4,Cd-O-V,14,0.025334144428565,0.025334144428565002,0.0,False,True,-2.251146387142857,-12.561756923571428,-12.561756923571428
mp-27409,RbNiBr3,Br-Ni-Rb,10,0.0,0.0,0.0003446149999977,True,False,-1.2659275505,-3.600229622,-14.369000116999999
mp-27410,Sn4P3,P-Sn,7,0.012068922142859,0.012068922142859002,0.0,False,True,0.008157812295918,-17.99055133857143,-17.99055133857143
mp-2741754,Pr(ReO4)2,O-Pr-Re,11,0.020096858295445,0.020096858295445,0.0,False,True,-2.092970779696969,-18.638921233636363,-18.638921233636363
mp-27424,BaCu4S3,Ba-Cu-S,16,0.0,0.0,0.0151616956249993,True,False,-0.8240477865624981,-4.66504713125,-12.50686188875
mp-27439,TmIO,I-O-Tm,6,0.0,0.0,0.0462104069444455,True,False,-3.102426840000003,-6.753918540000001,-24.934893454999997
mp-2744,LiPd,Li-Pd,2,0.0,0.0,0.0052058250000008,True,False,-0.416655163333333,-13.090235175,-13.090235175
mp-27449,GaTeCl,Cl-Ga-Te,12,0.0,0.0,0.0921104072222278,True,False,-0.818999890833334,-15.15647961,-15.15647961
mp-27450,KCuCl3,Cl-Cu-K,20,0.0,0.0,0.0064344730000018,True,False,-1.29111858725,-8.355593913,-8.355593913
mp-27456,BaBr2,Ba-Br,12,0.0,0.0,0.0174137133333331,True,False,-2.5807169366666702,-4.311672940000004,-20.175167444166664
mp-27490,Te2AuCl,Au-Cl-Te,8,0.0,0.0,0.0047425387499999,True,False,-0.30498063687500104,-27.19794255375,-27.19794255375
mp-27513,Sc7Cl10,Cl-Sc,17,0.0,0.0,0.0140521380392151,True,False,-1.892506550588236,-10.205083048235295,-10.205083048235295
mp-27517,Rb2CoI4,Co-I-Rb,14,0.0,0.0,0.0026529185714294,True,False,-1.122183679285713,-3.292260154285713,-21.047075837857143
mp-2751956,WF4,F-W,10,0.202170283999993,0.202170283999993,0.0,False,True,-2.404777133000002,-15.179158369000001,-15.179158369000001
mp-27527,Te2AuI,Au-I-Te,8,0.0,0.0,0.0187601337500002,True,False,-0.40614709208333105,-3.1772736924999982,-31.62816867375
mp-27529,PI3,I-P,8,0.0,0.0,0.00537050375,True,False,-0.341758141160712,-2.838635983749999,-20.74025878
mp-2756056,Bi3ClO4,Bi-Cl-O,8,0.0,0.0,0.0096497720833346,True,False,-1.3684751753125,-27.0621495175,-27.0621495175
mp-27563,Rb2In4O7,In-O-Rb,13,0.0,0.0,0.0033442373076919,True,False,-1.8943283266666642,-5.5584429538461535,-14.081963258461538
mp-2759982,RbSrCl3,Cl-Rb-Sr,20,0.017697023,0.017697023000000003,0.0,False,True,-2.513581673749999,-12.020349492,-12.020349492
mp-2759992,LiCu2F7,Cu-F-Li,20,0.0,0.0,0.0336097395000152,True,False,-1.9168636306666662,-6.513113036999999,-6.513113036999999
mp-27617,Ce2SeF4,Ce-F-Se,7,0.0,0.0,0.0599975825396876,True,False,-3.808537906049131,-7.097855151428596,-16.487189775714292
mp-27628,Te3Cl2,Cl-Te,20,0.0,0.0,0.0127377078749999,True,False,-0.33295714550000005,-18.0442672905,-18.0442672905
mp-27634,TiBr4,Br-Ti,20,0.000323628999998,0.000323628999998,0.0,False,True,-1.658445301916668,-4.547100933250002,-14.563127001500002
mp-2764,LaNi3,La-Ni,12,0.001762432916667,0.001762432916667,0.0,False,True,-0.32366634458333204,-5.892770630833333,-16.684412514166667
mp-2764005,KCrCl3,Cl-Cr-K,10,0.0,0.0,0.0285920199999987,True,False,-1.681667577249999,-9.591452181,-9.591452181
mp-27666,IrCl3,Cl-Ir,8,0.000808524374999,0.0008085243749990001,0.0,False,True,-0.623958485624999,-18.32812602125,-18.32812602125
mp-2766627,TiFeSi,Fe-Si-Ti,9,0.0,0.0,0.0299929122222213,True,False,-0.6388502472222221,-12.680486996666666,-12.680486996666666
mp-27668,Mg2Ga5,Ga-Mg,14,0.0,0.0,0.0053916544642853,True,False,-0.11567534178571401,-2.744449647857143,-9.502193637142856
mp-2767589,BiOF,Bi-F-O,12,0.0,0.0,0.003674960833333,True,False,-2.230428690833333,-5.8143779208333335,-24.507229459166666
mp-27677,KCu4S3,Cu-K-S,8,0.0,0.0,0.0326118093749991,True,False,-0.5903214574687491,-4.33287015,-9.70202045
mp-27691,K2PtBr6,Br-K-Pt,9,0.0,0.0,0.002894405555557,True,False,-1.346559577166666,-3.3638431300000002,-17.055633966666665
mp-2772,ZrAl2,Al-Zr,12,0.0,0.0,0.0008346250000004,True,False,-0.6153121733333341,-12.686641695,-12.686641695
mp-27725,AuI,Au-I,8,0.0,0.0,0.0092613337499996,True,False,-0.265866406249999,-2.66481371375,-37.6705202925
mp-27726,SO2,O-S,6,0.0,0.0,0.0044984749999992,True,False,-1.521880410833333,-6.199653651666666,-7.723498731666666
mp-27757,Be4B,B-Be,10,0.0,0.0,0.0128054659999996,True,False,-0.016717138833333003,-4.344125785000001,-4.952637803
mp-27797,Li4H4Rh,H-Li-Rh,9,0.0,0.0,0.0333179166666637,True,False,-0.469242827962962,-5.747409926666666,-5.747409926666666
mp-27814,CS14,C-S,15,0.056117046041666,0.05611704604166601,0.0,False,True,0.056117046041668006,-8.105466712,-8.105466712
mp-27823,SmClO,Cl-O-Sm,6,0.0,0.0,0.0667618929166646,True,False,-3.489553778333333,-7.3279170916666665,-17.347595415
mp-2783,Ta2Si,Si-Ta,6,0.0,0.0,0.0016524104166713,True,False,-0.594204636555555,-35.913347976666664,-35.913347976666664
mp-27835,K2OsBr6,Br-K-Os,9,0.0,0.0,0.0020031522222234,True,False,-1.237443363833331,-3.827641817777776,-17.116380216666666
mp-27850,TiNCl,Cl-N-Ti,6,0.0,0.0,0.0759399595833327,True,False,-1.772338020972223,-11.178653548333335,-11.178653548333335
mp-27851,Hg3(SeCl)2,Cl-Hg-Se,14,0.0,0.0,0.0840788549999995,True,False,-0.5136008886607121,-27.518089149285714,-27.518089149285714
mp-27852,Hg3(TeCl)2,Cl-Hg-Te,14,0.0,0.0,0.0760674864285717,True,False,-0.48409618964285905,-30.661631330000002,-30.661631330000002
mp-27853,Hg3(TeBr)2,Br-Hg-Te,14,0.0,0.0,0.0780185178571422,True,False,-0.612633355119052,-2.111136350714287,-32.62561143642857
mp-27857,PdBr2,Br-Pd,6,0.0,0.0,0.0064715916666666,True,False,-0.694771309999999,-3.5126962699999993,-3.15669627
mp-27919,Ti8C5,C-Ti,13,0.0,0.0,0.0025758204807679,True,False,-0.8287010371794871,-12.61625734923077,-12.61625734923077
mp-27922,GeI2,Ge-I,9,0.0,0.0,0.0004452577777778,True,False,-0.594992870555555,-3.152010565555555,-21.306734721111113
mp-27934,CdBr2,Br-Cd,6,0.000302808333332,0.00030280833333200003,0.0,False,True,-1.2261671650000001,-2.637468251666668,-16.59640944
mp-27984,PrClO,Cl-O-Pr,6,0.0,0.0,0.0472152154166654,True,False,-3.453472725555557,-7.317464480000002,-17.196835173333334
mp-27999,K5CuSb2,Cu-K-Sb,8,0.00085968142857,0.0008596814285700001,0.0,False,True,-0.48333012234374906,-12.027173515,-12.027173515
mp-28,Ce,Ce,1,0.0,0.0,0.0015399099999999,True,False,0.0,-30.84062876,-30.84062876
mp-28006,Ca(Cu2As)2,As-Ca-Cu,7,0.0,0.0,0.0149926728571436,True,False,-0.40476749357142905,-11.810558875714287,-11.810558875714287
mp-28020,AlCuCl4,Al-Cl-Cu,12,0.0,0.0,0.0034784758333294,True,False,-1.319186356666666,-8.35062801,-8.35062801
mp-28027,AsF3,As-F,16,0.0,0.0,0.0025351506250004,True,False,-2.229369302499999,-8.250773011875,-8.250773011875
mp-28038,NbTeBr3,Br-Nb-Te,20,0.0,0.0,0.0727565269374999,True,False,-1.175170097333334,-4.806260205000001,-18.891060531
mp-28044,TmCl3,Cl-Tm,8,0.0,0.0,0.0441747937500007,True,False,-2.512653630624999,-15.90724487625,-15.90724487625
mp-28099,SBr,Br-S,8,0.0,0.0,0.0013492399999996,True,False,-0.31156847874999904,-3.1987406025,-10.70259868
mp-28136,Hg2IO,Hg-I-O,16,0.0,0.0,0.0927017956250004,True,False,-0.541214396250005,-2.314043820000002,-32.6528890075
mp-2815,MoS2,Mo-S,6,0.001692728333331,0.001692728333331,0.0,False,True,-0.9644498168750011,-15.011134448333335,-15.011134448333335
mp-28156,NaGdCl4,Cl-Gd-Na,12,0.0,0.0,0.0025815305555578,True,False,-2.353419613333334,-14.281909856666667,-14.281909856666667
mp-28164,Ba4P2O,Ba-O-P,14,0.0,0.0,0.0002848280357143,True,False,-1.507804984183673,-4.858491815,-20.158521401428573
mp-28166,K3BrO,Br-K-O,5,0.0,0.0,0.0901972440000018,True,False,-1.56421230635,-3.560015648000001,-8.96255295
mp-28171,K3IO,I-K-O,5,0.0,0.0,0.0380100480000002,True,False,-1.445846300349999,-3.419062857999999,-11.138002954
mp-28174,Pd(SCl3)2,Cl-Pd-S,9,0.0,0.0,0.0029896697106499,True,False,-0.33480553895833304,-8.772934588888889,-8.772934588888889
mp-28175,Pd(SeCl3)2,Cl-Pd-Se,18,0.0,0.0,0.0251663084444446,True,False,-0.408247119236109,-10.24138128111111,-10.24138128111111
mp-28214,TiBr3,Br-Ti,8,0.0,0.0,0.0282715612500004,True,False,-1.624886069583334,-4.826468975000001,-14.6222764575
mp-2822,TmSe,Se-Tm,2,0.0,0.0,0.0018723931249997,True,False,-1.898432479531251,-26.61473674,-26.61473674
mp-28229,Bi4Te3,Bi-Te,7,0.001555137142851,0.0015551371428510002,0.0,False,True,-0.194445580000003,-44.517412424285716,-44.517412424285716
mp-28231,Ti2FeO5,Fe-O-Ti,16,0.0007921071875,0.0007921071875,0.0,False,True,-3.020799182708333,-9.14590046625,-11.59743246
mp-2826,Lu2S3,Lu-S,10,0.0,0.0,0.0155858500000007,True,False,-2.354043240354164,-22.40641765,-22.40641765
mp-28269,Cs2SbBr6,Br-Cs-Sb,9,0.0,0.0,0.0003130834722235,True,False,-1.5274097465900391,-3.279258145555556,-18.589907418888888
mp-28282,RbTiCl3,Cl-Rb-Ti,10,0.0,0.0,0.0207996095,True,False,-2.029099489166666,-4.913430387,-10.970466496
mp-28283,CsTiCl3,Cl-Cs-Ti,10,0.0,0.0,0.0144020112500022,True,False,-1.946154178833333,-13.246859520000001,-13.246859520000001
mp-28295,CsIO3,Cs-I-O,10,0.0,0.0,0.0011156970000083,True,False,-1.372726376931034,-4.827901016999999,-14.574093283
mp-28327,LiGaBr3,Br-Ga-Li,20,0.0,0.0,0.0001632310000019,True,False,-1.419440549666665,-3.389012248499999,-11.972084306000001
mp-28340,CaAsPt,As-Ca-Pt,18,0.0,0.0,0.0002583155555555,True,False,-1.151342647499998,-25.562523176666666,-25.562523176666666
mp-28358,NbAlCl8,Al-Cl-Nb,20,0.005422443833348,0.005422443833348001,0.0,False,True,-1.4942250885,-9.5627935045,-9.5627935045
mp-28360,Na3CrCl6,Cl-Cr-Na,20,0.003222670999999,0.0032226709999990002,0.0,False,True,-1.790036133499999,-8.058087881999999,-8.058087881999999
mp-28405,S(ClO)2,Cl-O-S,10,0.0,0.0,0.0918205396875055,True,False,-1.2609632865,-4.807044351,-7.232173353999999
mp-28421,Cs2HgI4,Cs-Hg-I,14,0.0,0.0,0.0006497878571427,True,False,-1.261049519544335,-2.43557489642857,-29.461776555714287
mp-28423,Ga2TeSe2,Ga-Se-Te,10,0.0,0.0,0.0675494009999964,True,False,-0.6201830866250021,-16.005362421,-16.005362421
mp-28424,K4P3,K-P,14,0.0,0.0,0.0034266083035716,True,False,-0.503690436989795,-7.800731105714285,-7.800731105714285
mp-28448,DyCl3,Cl-Dy,8,0.0,0.0,0.0356245949999998,True,False,-2.527565295624999,-15.137345275,-15.137345275
mp-2845,SbPt,Pt-Sb,4,0.005804035624997,0.005804035624997,0.0,False,True,-0.44591140249999406,-39.0429277175,-39.0429277175
mp-28480,Sc2NCl2,Cl-N-Sc,5,0.0,0.0,0.0095616916666632,True,False,-2.300705814999999,-7.2407661260000005,-11.050137864
mp-28497,Cs2CrCl4,Cl-Cr-Cs,7,0.0,0.0,0.0299915695238084,True,False,-1.872968705714285,-14.715826417142859,-14.715826417142859
mp-28522,Gd2CBr,Br-C-Gd,8,0.0,0.0,0.0009592937500002,True,False,-1.08862588625,-10.84366930125,-28.623420855
mp-28534,CaInBr3,Br-Ca-In,10,0.0,0.0,0.0025924379999984,True,False,-1.824617550333334,-3.759740196000001,-15.574967857999999
mp-28542,Na3ErCl6,Cl-Er-Na,20,0.0,0.0,0.0017079149999981,True,False,-2.239124308833334,-10.392385335,-10.392385335
mp-28545,RbLiO,Li-O-Rb,12,0.001270019166666,0.001270019166666,0.0,False,True,-1.596113124444444,-4.2085857725,-8.975056330833334
mp-28550,Hf2Ag3F14,Ag-F-Hf,19,0.02792317609648,0.027923176096480002,0.0,False,True,-2.7520634002631583,-13.180213585263159,-13.180213585263159
mp-28553,Ca2IN,Ca-I-N,8,0.0,0.0,0.0298409159375001,True,False,-1.358238939999999,-4.82661147,-13.3251222275
mp-28558,RbGeBr3,Br-Ge-Rb,20,0.001473122499999,0.0014731224999990002,0.0,False,True,-1.4168271675000002,-3.519707474,-14.7130228565
mp-28577,RbBrF4,Br-F-Rb,12,0.0,0.0,0.058671425,True,False,-1.88487098375,-3.597019335,-3.289019335
mp-28580,Y2NCl3,Cl-N-Y,12,0.0,0.0,0.033177703333334,True,False,-2.402162087708333,-13.771040301666666,-13.771040301666666
mp-28603,NaLiSe,Li-Na-Se,12,0.0,0.0,0.0044598050000002,True,False,-1.371980806076387,-8.1261298775,-8.1261298775
mp-28629,Ta5B6,B-Ta,11,0.0,0.0,0.0028053090909097,True,False,-0.827731799242428,-26.922030776363638,-26.922030776363638
mp-2866,Yb(FeSi)2,Fe-Si-Yb,5,0.002155070666663,0.0021550706666630002,0.0,False,True,-0.5021426869999991,-17.082879738,-17.082879738
mp-28671,ZrTe2Br5,Br-Te-Zr,16,0.0,0.0,0.0087459368560596,True,False,-1.267670202291665,-4.145050838749999,-18.56930386375
mp-28753,NdI2,I-Nd,3,0.0,0.0,0.0076887699999996,True,False,-1.557796115833332,-4.163187003333334,-27.682694226666666
mp-28875,Hg2P3Cl,Cl-Hg-P,12,0.0,0.0,0.0060262564583335,True,False,-0.24673058523809702,-22.229110731666665,-22.229110731666665
mp-28878,RbTe6,Rb-Te,14,0.080473251964284,0.08047325196428401,0.0,False,True,-0.26189561250000104,-3.096234102857145,-24.087438757142856
mp-28954,Tl2PdSe2,Pd-Se-Tl,10,0.0,0.0,0.0073625074545455,True,False,-0.446582548624996,-32.035019195000004,-32.035019195000004
mp-28982,Pd(PbCl3)2,Cl-Pb-Pd,18,0.0,0.0,0.0050179305555548,True,False,-1.068089196111111,-20.22868422,-20.22868422
mp-28989,Li10BrN3,Br-Li-N,14,0.0,0.0,0.0249481050000004,True,False,-0.6631821730952381,-3.930397061428571,-5.281292060714286
mp-29011,BiTePd,Bi-Pd-Te,12,0.0,0.0,0.0634198322435883,True,False,-0.35464625333333705,-35.98129680833333,-35.98129680833333
mp-29083,NaErCl4,Cl-Er-Na,12,0.0,0.0,0.0021466347222203,True,False,-2.371451195555556,-12.721346416666668,-12.721346416666668
mp-29141,Re3Ge7,Ge-Re,20,0.012616640750003,0.012616640750003,0.0,False,True,0.012616640750002002,-25.420952077499997,-25.420952077499997
mp-29149,Li4NCl,Cl-Li-N,6,0.0,0.0,0.0526773066666668,True,False,-1.018106857986112,-5.156109395,-5.156109395
mp-29154,Hf2CoP,Co-Hf-P,8,0.020758326718748,0.020758326718748003,0.0,False,True,-0.935349421994047,-29.0701339775,-29.0701339775
mp-29163,Ag2TeS3,Ag-S-Te,12,0.0,0.0,0.0170769523148148,True,False,-0.078949780572917,-15.450798160833335,-15.450798160833335
mp-2918,YCuO2,Cu-O-Y,8,0.00031791609375,0.00031791609375,0.0,False,True,-2.712541574999999,-7.83859662,-13.39274017625
mp-29190,Te4MoBr,Br-Mo-Te,12,0.107178906458334,0.10717890645833401,0.0,False,True,-0.34709146027777604,-4.523061496666666,-23.795765824166665
mp-29200,KNO2,K-N-O,16,0.0,0.0,0.0027699906249996,True,False,-1.287441688062499,-6.1288340575,-7.7458702125
mp-29238,TlAgSe,Ag-Se-Tl,12,0.0,0.0,0.0068280025000002,True,False,-0.312412854687498,-29.927993506666667,-29.927993506666667
mp-29243,Ba3SnO,Ba-O-Sn,5,0.0,0.0,0.0022728,True,False,-1.531505142000002,-4.474396678000002,-23.58642139
mp-29250,Li6VCl8,Cl-Li-V,15,0.0,0.0,0.016552333333335,True,False,-1.9455690673333341,-7.120857426666666,-7.120857426666666
mp-29299,TeSeO4,O-Se-Te,12,0.0,0.0,0.0014339266666674,True,False,-1.348510737335068,-5.753687635833333,-11.533946657500001
mp-29315,Sc7(CCl5)2,C-Cl-Sc,19,0.004289668684201,0.0042896686842010005,0.0,False,True,-1.974895987368421,-10.459541821052632,-10.459541821052632
mp-29327,SmBrO,Br-O-Sm,6,0.0,0.0,0.0330126062500006,True,False,-3.310946965000001,-7.078778190000001,-19.546866551666668
mp-29331,KH3F4,F-H-K,16,0.0,0.0,0.0003913228125007,True,False,-2.188447753875,-4.55998257125,-5.67074964125
mp-29362,GaCuCl4,Cl-Cu-Ga,12,0.0,0.0,0.0041207274999965,True,False,-1.025192511666667,-8.841747101666668,-8.841747101666668
mp-29365,Li5BiO5,Bi-Li-O,11,0.0,0.0,0.0138227136363635,True,False,-1.948860575606061,-5.419265454545455,-5.106992727272727
mp-29404,La2CCl,C-Cl-La,4,0.004483820961538,0.004483820961538001,0.0,False,True,-1.183569436250002,-6.421454350000001,-20.14138237
mp-29408,AlSeBr7,Al-Br-Se,18,0.017253937638889,0.017253937638889,0.0,False,True,-1.02974525359375,-3.107535592777777,-13.3370889
mp-29415,Cd3PCl3,Cd-Cl-P,14,0.0,0.0,0.000196649107143,True,False,-0.8829669564965981,-13.42216068142857,-13.42216068142857
mp-29417,Na3ScBr6,Br-Na-Sc,20,0.0,0.0,0.0014678464999997,True,False,-1.95806372541379,-3.975994790499997,-12.033782533
mp-29419,Hf(Te2Cl3)2,Cl-Hf-Te,11,0.0,0.0,0.0067136899999997,True,False,-1.083728778636363,-17.786905689090908,-17.786905689090908
mp-29455,Ga4GeO8,Ga-Ge-O,13,0.010709424230768,0.010709424230768,0.0,False,True,-2.232362397307692,-6.564600857692307,-10.29313043
mp-29515,PH2F3,F-H-P,12,0.0,0.0,0.0093874674999998,True,False,-1.846990989523809,-4.838218244166667,-5.889951901666667
mp-29520,LiAuI4,Au-I-Li,12,0.0,0.0,0.0109097116666667,True,False,-0.6960096280555541,-2.575818849166666,-25.732041656666667
mp-29541,GaTeI7,Ga-I-Te,18,0.0,0.0,0.0030463527777779,True,False,-0.601696241018519,-2.472750710000001,-23.542660802777775
mp-29620,Sr5Bi3,Bi-Sr,16,0.000141727187497,0.00014172718749700002,0.0,False,True,-1.042344969375001,-32.4467357925,-32.4467357925
mp-29624,Mg2Al2Se5,Al-Mg-Se,9,0.0,0.0,0.0162627911111137,True,False,-1.303387147968749,-4.440237045555555,-11.585099337777779
mp-29638,BiTePt,Bi-Pt-Te,12,0.0,0.0,0.0276040371666663,True,False,-0.38061501083332805,-45.51635332916666,-45.51635332916666
mp-29684,La5Sb3Br,Br-La-Sb,18,0.0,0.0,0.0189375761666621,True,False,-1.361890107777778,-5.662332972222221,-28.005483275000003
mp-2969,CsSbSe2,Cs-Sb-Se,16,0.0,0.0,0.005802841875,True,False,-0.8353274714062481,-20.694799769375,-20.694799769375
mp-29764,RbHF2,F-H-Rb,8,0.0,0.0,0.0073964687499996,True,False,-2.4853297609375,-4.53618107625,-8.30427959875
mp-29777,Er2Ge5,Er-Ge,14,0.003400170238096,0.003400170238096,0.0,False,True,-0.508768382142855,-5.115993652857142,-20.138425410714287
mp-29821,Gd4B3C4,B-C-Gd,11,0.0,0.0,0.0320384472727468,True,False,-0.5237199579545451,-21.925176735454546,-21.925176735454546
mp-29836,Na3HoCl6,Cl-Ho-Na,20,0.0,0.0,0.0022237579999986,True,False,-2.239178432999999,-10.288030334,-10.288030334
mp-29862,SnBr2,Br-Sn,12,0.0,0.0,0.001625680833333,True,False,-1.173346578333331,-3.601168219999998,-17.921297343333332
mp-29896,Y2B3C2,B-C-Y,7,0.0,0.0,0.001726773095239,True,False,-0.49099177250000003,-7.850752287142859,-12.402936
mp-29941,Sc2C,C-Sc,3,0.0,0.0,0.0342739433333338,True,False,-0.519047323333332,-11.433783956666666,-11.433783956666666
mp-29959,TlBSe3,B-Se-Tl,10,0.0,0.0,0.0050260304545464,True,False,-0.297648988937498,-20.989716883,-20.989716883
mp-29973,SrN,N-Sr,8,0.0,0.0,0.0001534695833331,True,False,-0.668827469375001,-12.80603334,-12.80603334
mp-29980,Nb4B3C2,B-C-Nb,18,0.05020516027778,0.050205160277780006,0.0,False,True,-0.6412302056837561,-16.29343371373931,-9.359899121111109
mp-29993,TaAgF6,Ag-F-Ta,16,0.0,0.0,0.0130700531249994,True,False,-2.9137138465416683,-14.00169854125,-14.00169854125
mp-300,YbPt3,Pt-Yb,4,0.0,0.0,0.0678162791666672,True,False,-1.184153733750001,-48.932286105,-48.932286105
mp-30033,CoBr2,Br-Co,3,0.0,0.0,0.0263809633333336,True,False,-0.6677658133333331,-4.136869076666667,-13.902914303333333
mp-30045,CoGe2,Co-Ge,12,0.017875628333333,0.017875628333333,0.0,False,True,-0.030440754166666,-13.689836184166666,-13.689836184166666
mp-30056,CsCaBr3,Br-Ca-Cs,5,0.0,0.0,0.0022843624999966,True,False,-2.304029258931034,-3.8689126700000003,-16.633099476
mp-30111,BaLaI4,Ba-I-La,12,0.0,0.0,0.0032915733333345,True,False,-1.8700117208333331,-4.028517138333332,-27.606112258333336
mp-30155,Ce3SiPd5,Ce-Pd-Si,18,0.0,0.0,0.0110173788888889,True,False,-0.842330237777776,-6.301838758888889,-6.301838758888889
mp-30161,Si2CN4,C-N-Si,14,0.073513034523809,0.073513034523809,0.0,False,True,-0.807115940714284,-9.951368378571429,-9.951368378571429
mp-30192,Pr4Se3O4,O-Pr-Se,11,0.0,0.0,0.0057321475000051,True,False,-3.104685029427083,-7.601181782727273,-19.788718867272728
mp-30195,HoCuP2,Cu-Ho-P,8,0.031389992625001,0.031389992625001,0.0,False,True,-0.967022948988095,-16.40009608375,-16.40009608375
mp-30196,ErCuP2,Cu-Er-P,16,0.011212953124999,0.011212953124999,0.0,False,True,-0.9761921873214281,-16.670288135,-16.670288135
mp-30218,Ti2P,P-Ti,9,0.0,0.0,0.0141993766666672,True,False,-1.128354833769839,-12.75421828,-12.75421828
mp-30228,Li4HN,H-Li-N,12,0.0,0.0,0.0277260225,True,False,-0.470201509097221,-3.698390784166666,-4.1773785016666665
mp-30292,Nd4Se3N2,N-Nd-Se,18,0.0,0.0,0.0774485256944439,True,False,-2.03018731329861,-21.903989309444444,-21.903989309444444
mp-30307,DyBiRh,Bi-Dy-Rh,9,0.0,0.0,0.00238065,True,False,-0.739406383888888,-6.030312286666667,-39.03613336777778
mp-3033,RbTaO3,O-Rb-Ta,20,0.0,0.0,0.0002546445000017,True,False,-3.032331979466696,-8.57060090550003,-18.942054782
mp-30357,Sr3Ag2,Ag-Sr,15,0.003260875199998,0.0032608751999980003,0.0,False,True,-0.215496192,-17.845243692,-17.845243692
mp-30366,Ca3Au,Au-Ca,16,0.0,0.0,0.0035711924999999,True,False,-0.5012645812500011,-18.42622489375,-18.42622489375
mp-30371,Cd5Au3,Au-Cd,16,0.0,0.0,0.005677401875,True,False,-0.20018613062499901,-31.735163493125,-31.735163493125
mp-30373,RbAu,Au-Rb,2,0.0,0.0,0.0213778074999999,True,False,-0.27381589375000004,-2.401023930000001,-32.56751189
mp-30393,LuInAu2,Au-In-Lu,4,0.013883352777774,0.013883352777774001,0.0,False,True,-0.760536086666668,-41.2176338025,-41.2176338025
mp-30395,ScInAu2,Au-In-Sc,4,0.009886136500007,0.009886136500007001,0.0,False,True,-0.687778471249998,-34.47452798,-34.47452798
mp-304,Ca2Ge,Ca-Ge,12,0.001749285833334,0.001749285833334,0.0,False,True,-0.7131978508333331,-10.0293861775,-10.0293861775
mp-30401,KAu2,Au-K,12,0.0,0.0,0.0054952813095243,True,False,-0.345464143750002,-36.07485888916667,-36.07485888916667
mp-30404,Li2SbAu,Au-Li-Sb,4,0.0,0.0,0.018573508333334,True,False,-0.600052838333333,-20.866225015,-20.866225015
mp-30412,Pb3Au,Au-Pb,16,0.005083911875004,0.005083911875004001,0.0,False,True,-0.06182607312499701,-54.921916693125,-54.921916693125
mp-3042,K2SiF6,F-K-Si,9,0.002719897222219,0.0027198972222190003,0.0,False,True,-3.425675350499996,-5.555805542222219,-7.775587906666666
mp-30435,BaZn2,Ba-Zn,6,0.0,0.0,0.0107719814583335,True,False,-0.19734314333333203,-1.676830529999999,-14.931449846666666
mp-30466,YbBiPd,Bi-Pd-Yb,3,0.0,0.0,0.015001254166667,True,False,-1.008552173333332,-40.33925422,-40.33925422
mp-30469,TlBi2,Bi-Tl,3,0.029724537222229,0.029724537222229,0.0,False,True,0.015296066666669002,-56.71265462333333,-56.71265462333333
mp-30477,LiCaSn,Ca-Li-Sn,9,0.0,0.0,0.00226199,True,False,-0.5611635127777781,-3.202528380000001,-12.034076346666668
mp-30483,CaZn,Ca-Zn,4,0.0,0.0,0.00371068875,True,False,-0.24749411749999903,-1.8801658625000002,-8.2199432
mp-30491,MgCd3,Cd-Mg,8,0.012905597916667,0.012905597916667,0.0,False,True,-0.034410316249998005,-1.1620354625,-16.181510515
mp-30500,TiCd,Cd-Ti,4,0.0,0.0,0.0002902500000008,True,False,-0.072274210833331,-16.5936465625,-16.5936465625
mp-30530,TlClO4,Cl-O-Tl,6,0.0,0.0,0.0091828658333339,True,False,-0.6997980705555561,-4.7017745600000005,-14.133884303333334
mp-30571,Tl2Au,Au-Tl,6,0.0,0.0,0.0177516400000001,True,False,-0.045777170000008006,-52.36030027333334,-52.36030027333334
mp-30579,ErCu5,Cu-Er,6,0.000885172222218,0.0008851722222180001,0.0,False,True,-0.19254898055555703,-14.885784841666668,-14.885784841666668
mp-30586,HoInCu2,Cu-Ho-In,4,0.0,0.0,0.0207965066666693,True,False,-0.31954735291666303,-4.208363989999999,-19.66482847
mp-30609,ErTlPd,Er-Pd-Tl,9,0.0,0.0,0.0184024627777779,True,False,-0.648914547777773,-4.6886054599999945,-37.40487426111111
mp-30618,DySnPd,Dy-Pd-Sn,12,0.0,0.0,0.0168658933333327,True,False,-0.9156642205555531,-5.518273951666667,-27.548477350833334
mp-30619,Zr3Co,Co-Zr,8,0.017004411249999,0.017004411249999,0.0,False,True,-0.14822728500000001,-20.51912899625,-20.51912899625
mp-30627,DyZn5,Dy-Zn,6,0.0,0.0,0.0236988195000003,True,False,-0.33201823166666605,-13.08782094,-13.08782094
mp-30630,EuTl2,Eu-Tl,6,0.0,0.0,0.0088707333333344,True,False,-0.44063644166666904,-48.7338004,-48.7338004
mp-3065,Ho(FeGe)2,Fe-Ge-Ho,5,0.003121056333338,0.003121056333338,0.0,False,True,-0.44076069699999104,-6.597516215999993,-18.36239925
mp-30660,Ga5Pd,Ga-Pd,12,0.003866114722223,0.0038661147222230005,0.0,False,True,-0.224303759166668,-13.5866926525,-13.5866926525
mp-30681,YGa6,Ga-Y,14,0.025145816071428,0.025145816071428,0.0,False,True,-0.304411769285714,-3.82979286,-13.06008125
mp-30683,ZrGa2,Ga-Zr,6,0.008013790416667,0.008013790416667001,0.0,False,True,-0.619017138333333,-15.830798406666666,-15.830798406666666
mp-30725,YHg2,Hg-Y,3,0.0,0.0,0.0235429633333335,True,False,-0.474424555000003,-40.15749589,-40.15749589
mp-30728,HoIn,Ho-In,2,0.0,0.0,0.0081515299999992,True,False,-0.42398418583333,-4.10241079,-28.306142065
mp-30731,HoSnPd2,Ho-Pd-Sn,4,0.0,0.0,0.0036200199999996,True,False,-0.8814031375000051,-5.623156872500008,-26.7897690575
mp-30732,HoTlPd,Ho-Pd-Tl,9,0.0,0.0,0.0125708247222231,True,False,-0.725201990555553,-37.065569358888894,-37.065569358888894
mp-30743,TmIr2,Ir-Tm,6,0.0,0.0,0.0104824841666655,True,False,-0.8452270983333351,-8.231683711666667,-47.55082590833334
mp-30760,Li3Pb,Li-Pb,4,0.001960421000001,0.001960421000001,0.0,False,True,-0.32159767249999904,-2.68145159,-16.2621895275
mp-30763,LiPd2Pb,Li-Pb-Pd,4,0.0,0.0,0.0047808924999994,True,False,-0.419870908333332,-4.415204297500001,-26.573667795
mp-30766,Li5Sn2,Li-Sn,7,0.0,0.0,0.0003161457142857,True,False,-0.39956100380952203,-2.9086692957142852,-9.228801622857144
mp-30767,Li7Sn2,Li-Sn,18,0.0,0.0,0.0080596416666689,True,False,-0.37388265648148,-2.749616409444444,-7.7800522077777785
mp-30768,Li7Sn3,Li-Sn,20,0.000965117166666,0.000965117166666,0.0,False,True,-0.39368295233333306,-2.9328005155,-9.5439933235
mp-30797,Nb5Te4,Nb-Te,9,0.0,0.0,0.011864739259261,True,False,-0.5491252340740751,-7.55798620888889,-25.470605205555554
mp-30837,TbTlPd,Pd-Tb-Tl,9,0.0,0.0,0.0006838383333347,True,False,-0.658099057777775,-4.7211715744444405,-36.52696007
mp-30856,ZnPt3,Pt-Zn,4,0.0,0.0,0.0103671400000004,True,False,-0.312519874999996,-5.180805767499997,-41.216198685
mp-30875,Ti2Sn,Sn-Ti,6,0.0,0.0,0.0090258100000015,True,False,-0.366336929444443,-17.24023619833333,-17.24023619833333
mp-30882,TiZn2,Ti-Zn,12,0.003797694999998,0.003797694999998,0.0,False,True,-0.19797383111111103,-3.669633576666667,-10.533041817500001
mp-30885,YZn5,Y-Zn,6,0.0,0.0,0.0096346193678158,True,False,-0.332843220833332,-11.143945551666667,-11.143945551666667
mp-30893,Sr4Bi3,Bi-Sr,14,0.004727650642848,0.0047276506428480004,0.0,False,True,-1.047437582142862,-34.774504084285724,-34.774504084285724
mp-30908,Ag3PSe4,Ag-P-Se,16,0.00609484575893,0.00609484575893,0.0,False,True,-0.15376517052827401,-16.443258754375,-16.443258754375
mp-30909,Sm(GaPd)2,Ga-Pd-Sm,5,0.0,0.0,0.0215360624666667,True,False,-0.7830973839999991,-5.010005744,-20.543007154
mp-30933,ZrBi,Bi-Zr,12,0.0,0.0,0.0103898116666689,True,False,-0.373875650833339,-6.5927431208333385,-41.08804401416666
mp-30999,CuCl2,Cl-Cu,3,0.0,0.0,0.0006392266666668,True,False,-0.670025861666665,-8.387250459999999,-8.387250459999999
mp-31002,Rb2Te5,Rb-Te,7,0.145109646309522,0.145109646309522,0.0,False,True,-0.539628082619048,-3.064999170000001,-22.782625491428572
mp-31011,Y2Si2Rh,Rh-Si-Y,10,0.0,0.0,0.0012698477499908,True,False,-0.9596104779999991,-7.206235864,-17.499125839
mp-31018,SrAgBi,Ag-Bi-Sr,6,0.0,0.0,0.002914829999999,True,False,-0.696440603333333,-32.36437792333333,-32.36437792333333
mp-31024,Sc5CCl8,C-Cl-Sc,14,0.002003223333352,0.0020032233333520002,0.0,False,True,-2.037317738214285,-10.334402248571427,-10.334402248571427
mp-31040,NbCl4,Cl-Nb,10,0.0,0.0,0.0003080050000008,True,False,-1.412415387999999,-11.281181436,-11.281181436
mp-31059,Ba(AlGe)2,Al-Ba-Ge,5,0.005721685,0.005721685000000001,0.0,False,True,-0.39085612900000005,-4.122092591,-14.00065819
mp-31076,Tl2TeBr6,Br-Te-Tl,18,0.0,0.0,0.0023818594444455,True,False,-0.981408941481483,-2.948956645555556,-24.184793307222222
mp-31136,Lu2NiSn6,Lu-Ni-Sn,9,0.004757057962961,0.004757057962961,0.0,False,True,-0.39054529814814803,-4.710650044444445,-26.69824705111111
mp-31138,MnPd3,Mn-Pd,8,0.0,0.0,0.0070899762499943,True,False,-0.228938158232756,-6.404353338749999,-21.28387022625
mp-31168,Li2AlAg,Ag-Al-Li,4,0.0,0.0,0.0006551774999996,True,False,-0.247168274583334,-8.46251535,-8.46251535
mp-31176,HoNiSn,Ho-Ni-Sn,12,0.0,0.0,0.0058325291666667,True,False,-0.6765381811111051,-5.472334181111108,-23.909584
mp-31185,MnAlFe2,Al-Fe-Mn,4,0.0,0.0,0.004437222672414,True,False,-0.19067050448275802,-7.65257889,-12.5736595875
mp-31203,Pr(SiAg)2,Ag-Pr-Si,5,0.002789522666665,0.002789522666665,0.0,False,True,-0.40394706500000005,-4.670343640000001,-18.398772764
mp-31277,Sn4Ir,Ir-Sn,20,0.027021374500002,0.027021374500002002,0.0,False,True,-0.159459893500002,-30.4282776075,-30.4282776075
mp-31303,Pr4Se3N2,N-Pr-Se,18,0.0,0.0,0.0744383794444454,True,False,-2.000509450706014,-21.868065840555555,-21.868065840555555
mp-31330,NdInRh,In-Nd-Rh,9,0.0,0.0,0.002750504722222,True,False,-0.6967559091666671,-5.660632257777779,-26.176952756666665
mp-31362,Na3YCl6,Cl-Na-Y,20,0.0,0.0,0.0027555949999999,True,False,-2.2386238704999992,-9.030701476,-9.030701476
mp-31412,PrSnAu,Au-Pr-Sn,6,0.0,0.0,0.0019718816666669,True,False,-0.824945663888885,-4.851254101666664,-35.835751985
mp-31413,TbSnAu,Au-Sn-Tb,6,0.0,0.0,0.0284780399999995,True,False,-0.8258439038888901,-4.799616396666669,-36.45204089166666
mp-31414,DySnAu,Au-Dy-Sn,6,0.0,0.0,0.0330583383333333,True,False,-0.8139786638888921,-4.781255125000006,-36.692010065
mp-31438,YZrSb,Sb-Y-Zr,6,0.0,0.0,0.0085869566666669,True,False,-0.9340323033333341,-23.857268501666667,-23.857268501666667
mp-31457,ZrSbRu,Ru-Sb-Zr,3,0.0,0.0,0.0211806125000002,True,False,-0.667661066666667,-25.294542043333333,-25.294542043333333
mp-31462,Er5BiPt2,Bi-Er-Pt,16,0.013618628749995,0.013618628749995,0.0,False,True,-1.048739989583332,-42.436850411875,-42.436850411875
mp-31502,ScCd7,Cd-Sc,16,0.0,0.0,0.0006521918749999,True,False,-0.125089603749998,-19.141764751875,-19.141764751875
mp-317,SnRh,Rh-Sn,8,0.0,0.0,0.0099309850000004,True,False,-0.462899801249999,-6.149839663750001,-24.89701737375
mp-31756,Ba2FeReO6,Ba-Fe-O-Re,10,0.003049289499999,0.0030492894999990003,0.0,False,True,-2.48591545325,-7.9303005859999995,-7.292500586
mp-3190,Er(FeB)2,B-Er-Fe,5,0.0,0.0,0.0075126463018833,True,False,-0.45104905566666603,-7.424358010000001,-15.867959098
mp-321,RhPb2,Pb-Rh,6,0.008055188333329,0.008055188333329001,0.0,False,True,-0.10320523499999901,-45.67203751833333,-45.67203751833333
mp-3228,HgSO4,Hg-O-S,12,0.0,0.0,0.0073033200000018,True,False,-1.470038915833334,-5.5098578775,-14.686858440833333
mp-3250,Ni2SbTe2,Ni-Sb-Te,10,0.0,0.0,0.0213783260000015,True,False,-0.46743144566666506,-4.862608722999999,-20.373410186
mp-32565,Tb4H9,H-Tb,13,0.003157183589745,0.0031571835897450003,0.0,False,True,-0.7731245506730771,-12.77325902846154,-12.77325902846154
mp-3268,YbB2Ru3,B-Ru-Yb,6,0.0,0.0,0.0056091799999959,True,False,-0.5301658075000021,-21.779447985,-21.779447985
mp-3275,PrFeSi2,Fe-Pr-Si,8,0.0,0.0,0.02276524,True,False,-0.5996763179166661,-6.6287085,-15.87644268875
mp-3288,CsNO2,Cs-N-O,12,0.0,0.0,0.0142923049999996,True,False,-1.267775601163792,-6.053319932499999,-12.524798905833334
mp-3332,NaCrSe2,Cr-Na-Se,4,0.0,0.0,0.0029979600000009,True,False,-1.039510734016702,-5.536158535,-12.9182269875
mp-33432,Mg(FeO2)2,Fe-Mg-O,14,0.061498870714283,0.061498870714283005,0.0,False,True,-2.10351821,-7.583854846428571,-10.083508421428572
mp-33498,Rb2CrCl4,Cl-Cr-Rb,14,0.0,0.0,0.008987011904761,True,False,-1.906372723571428,-4.621842268571428,-11.500757604285713
mp-33554,Na3GdCl6,Cl-Gd-Na,10,0.010689565999996,0.010689565999996,0.0,False,True,-2.216722670499999,-11.31714071,-11.31714071
mp-336,SmCo2,Co-Sm,6,0.0,0.0,0.0050682033333337,True,False,-0.078742238333334,-6.407215430000001,-18.74759501
mp-3395,SrSeO3,O-Se-Sr,10,0.0,0.0,0.0036654755,True,False,-2.31565746346875,-6.32210198,-11.532056419
mp-34148,Li2MnCl4,Cl-Li-Mn,14,0.0,0.0,0.0113829942857117,True,False,-1.840411679688013,-8.135626407142857,-8.135626407142857
mp-3427,LiAlO2,Al-Li-O,16,0.014060453749999,0.014060453749999001,0.0,False,True,-3.082882981458333,-6.970488158125,-8.27042363125
mp-34337,H4NCl,Cl-H-N,6,0.0,0.0,0.0104462425000004,True,False,-0.7607981116666671,-4.722045828333333,-5.498843463333333
mp-34418,AgPF6,Ag-F-P,8,0.0,0.0,0.0102588249999993,True,False,-2.364613824122023,-8.50387896875,-8.50387896875
mp-3474,LaCuO3,Cu-La-O,10,0.0,0.0,0.0430595629999999,True,False,-2.4238557999999992,-7.199675158,-13.986808172
mp-348,TmPd,Pd-Tm,2,0.0,0.0,0.0177917624999999,True,False,-0.983058719999998,-30.02380967,-30.02380967
mp-349,Yb3Si5,Si-Yb,8,0.0,0.0,0.0397428131250006,True,False,-0.6674931537500011,-19.84961307,-19.84961307
mp-34932,CaHN,Ca-H-N,3,0.0,0.0,0.0464466208333327,True,False,-0.8929288191666671,-7.433647743333334,-7.433647743333334
mp-3494,CeGa3Pd2,Ce-Ga-Pd,6,0.0,0.0,0.0045027831249981,True,False,-0.726272432083333,-4.956439358333334,-19.277494518333334
mp-35152,Sr2H5Rh,H-Rh-Sr,8,0.0,0.0,0.0187739959374999,True,False,-0.6570266854687501,-9.6199157825,-9.6199157825
mp-35162,MnIn2O4,In-Mn-O,14,0.008186709285717,0.008186709285717,0.0,False,True,-1.9968813580377651,-6.921482329285713,-13.847650246428572
mp-352,HfO2,Hf-O,12,0.0,0.0,0.0051305508333321,True,False,-4.019811040833332,-10.637514720833332,-22.93920023
mp-35475,MnV2O4,Mn-O-V,14,0.067812813035713,0.067812813035713,0.0,False,True,-2.323312615418719,-9.054979965714287,-7.938408537142857
mp-3553,KTeAu,Au-K-Te,6,0.0,0.0,0.0218562616666666,True,False,-0.7731471412499971,-28.113296606666665,-28.113296606666665
mp-35644,Sr3FeN3,Fe-N-Sr,14,0.01676607,0.01676607,0.0,False,True,-0.746695595714285,-6.255572555,-13.258980781428573
mp-3569,Nd(Sb3Os)4,Nd-Os-Sb,17,0.0,0.0,0.0138206455882334,True,False,-0.23282902867646602,-32.57604744882353,-32.57604744882353
mp-35759,Li2NiF4,F-Li-Ni,14,0.0,0.0,0.0038915621428543,True,False,-2.780159261190476,-6.960050945,-6.960050945
mp-3597,BaRuO3,Ba-O-Ru,20,0.0,0.0,0.0066173323333282,True,False,-2.1901550725,-7.397607171500001,-15.9902734355
mp-3627,Eu(Mo3S4)2,Eu-Mo-S,15,0.0,0.0,0.0029740275000005,True,False,-1.037706652499999,-18.319377130666666,-18.319377130666666
mp-3635,LiBO2,B-Li-O,16,0.0181639975,0.0181639975,0.0,False,True,-2.73799054125,-7.359049703125,-7.9933859625
mp-3637,YOF,F-O-Y,6,0.0,0.0,0.0135090641666657,True,False,-4.214092868333336,-8.67106116166667,-14.02321549
mp-36383,Ag3(PO4)2,Ag-O-P,13,0.0,0.0,0.0198042380769125,True,False,-1.605811363406592,-6.139922757692307,-11.30455121923077
mp-3654,RbCaF3,Ca-F-Rb,5,0.0,0.0,0.001572320000001,True,False,-3.717050224499998,-5.462588439999999,-9.766201628000001
mp-36662,Ho(Mo3S4)2,Ho-Mo-S,15,0.0,0.0,0.0160230085277799,True,False,-1.0405268845,-17.946228109333333,-17.946228109333333
mp-3679,NiSbS,Ni-S-Sb,12,0.0,0.0,0.0217700307051273,True,False,-0.5463531583333331,-5.228531702500001,-15.5821952375
mp-37153,AgAsF6,Ag-As-F,8,0.0,0.0,0.0055493062500007,True,False,-2.201692029895833,-4.5762138375,-8.86545485125
mp-372,VPt3,Pt-V,4,0.0,0.0,0.0171810699999994,True,False,-0.45455101500000306,-7.278877522500004,-42.6717373375
mp-37458,Na2HF4,F-H-Na,7,0.0,0.0,0.0142516835714312,True,False,-2.284757249144089,-4.246759748571429,-5.470851815714285
mp-37480,LiSbSe2,Li-Sb-Se,8,0.0078473140625,0.007847314062500001,0.0,False,True,-0.7143406736979171,-14.893376325,-14.893376325
mp-37514,SrCuO2,Cu-O-Sr,4,0.0,0.0,0.0146228812500002,True,False,-2.077688422499998,-5.999577614999999,-11.413776615
mp-3770,Li2Ce2Ge3,Ce-Ge-Li,14,0.041151745042015,0.041151745042015006,0.0,False,True,-0.6318557138095231,-4.854831290714286,-4.854831290714286
mp-378,ErSi,Er-Si,4,0.002141467499999,0.0021414674999990003,0.0,False,True,-0.884979544166668,-22.234579425,-22.234579425
mp-37808,Sc(TiN)9,N-Sc-Ti,19,0.0,0.0,0.0186533584210639,True,False,-1.8579952405263152,-9.880963501578947,-12.95027264
mp-37829,La5TlSe8,La-Se-Tl,14,0.0,0.0,0.0026958957142957,True,False,-2.131377053363095,-6.061291300714283,-24.752894127857143
mp-37859,Sr(PrSe2)2,Pr-Se-Sr,14,0.0,0.0,0.0017440135714261,True,False,-2.246160954226188,-20.988991629999997,-20.988991629999997
mp-37949,NdSiAg,Ag-Nd-Si,6,0.0,0.0,0.0129481533333333,True,False,-0.5992806058333331,-20.448497513333333,-20.448497513333333
mp-38,Pr,Pr,4,0.014565703333335,0.014565703333335001,0.0,False,True,0.014565703333335001,-29.389390665,-29.389390665
mp-3802,Ta4AlC3,Al-C-Ta,16,0.001788114999989,0.0017881149999890002,0.0,False,True,-0.639050575541666,-29.506692419375,-29.506692419375
mp-38102,Na3CeF7,Ce-F-Na,11,0.0,0.0,0.0050862527272697,True,False,-3.495887479012538,-5.619440099999999,-9.212541052727273
mp-38117,Ba(GaTe2)2,Ba-Ga-Te,7,0.0,0.0,0.0072366557142853,True,False,-1.025832131666665,-3.961316497142856,-22.504352965714286
mp-3834,BaZrO3,Ba-O-Zr,5,7.172199999949669e-05,7.172199999949669e-05,0.0,False,True,-3.639168969000001,-8.701280686,-17.024098182
mp-3847,DyCoC2,C-Co-Dy,4,0.0,0.0,0.0031310437499998,True,False,-0.33554742791666603,-7.888986812500001,-16.68180567
mp-38593,Sm2AsSe,As-Se-Sm,8,0.0,0.0,0.0098857412499997,True,False,-2.007836052890624,-24.1290710175,-24.1290710175
mp-3879,Ba2CuF6,Ba-Cu-F,18,0.0,0.0,0.0086324750000006,True,False,-3.391703464444444,-5.549511331111111,-12.559283286666666
mp-389,SiPd,Pd-Si,8,0.001982122083333,0.001982122083333,0.0,False,True,-0.507645422499999,-16.374754525,-16.374754525
mp-3891,EuTl2Pd,Eu-Pd-Tl,8,0.0,0.0,0.0086175370833334,True,False,-0.49552279875000205,-42.45550917,-42.45550917
mp-390,TiO2,O-Ti,6,0.0,0.0,0.0063979666666664,True,False,-3.5080554519444442,-9.438526794166666,-11.608372143333334
mp-3904,Mg2GeO4,Ge-Mg-O,14,0.0,0.0,0.0003451200000004,True,False,-2.7410589342857152,-6.694746349285715,-9.170767190000001
mp-3944,ZrAlNi2,Al-Ni-Zr,4,0.0,0.0,0.0228463249999997,True,False,-0.5980511674999931,-6.561438622499994,-13.9724156775
mp-3970,K2TiF6,F-K-Ti,9,0.0,0.0,0.0037609322222218,True,False,-3.534285907537046,-5.938879875555565,-8.353404311111111
mp-398,ErGa3,Er-Ga,4,0.020147778749997,0.020147778749997,0.0,False,True,-0.5382812583333341,-17.6017220125,-17.6017220125
mp-3996,GaAsO4,As-Ga-O,18,0.0,0.0,0.0057593627777778,True,False,-1.9393015047222222,-6.520978600555555,-9.983148880555555
mp-4002,Li2ZrF6,F-Li-Zr,9,0.004588797222222,0.004588797222222001,0.0,False,True,-3.6890106353703693,-8.831163127777778,-8.831163127777778
mp-40066,CaLaMnFeO6,Ca-Fe-La-Mn-O,20,0.057458161166655,0.057458161166655,0.0,False,True,-2.697698679793102,-8.1238396315,-7.319239631499999
mp-4044,ErAgSe2,Ag-Er-Se,16,0.0,0.0,0.0094581556250004,True,False,-1.432454579713541,-5.033074440625,-22.38285994125
mp-4076,VCoSb,Co-Sb-V,3,0.0,0.0,0.0056125984027772,True,False,-0.189397489999999,-17.86610502,-17.86610502
mp-410,YbPt2,Pt-Yb,6,0.064692394583332,0.06469239458333201,0.0,False,True,-1.212786765000004,-47.71439096,-47.71439096
mp-4122,GaPO4,Ga-O-P,18,0.0,0.0,0.0109024566666517,True,False,-2.59967003924603,-7.305572300555555,-9.718126452222222
mp-4135,RbPO3,O-P-Rb,20,0.0,0.0,0.0016314667499992,True,False,-2.68106058217857,-6.929038704749999,-10.6373921255
mp-414,LuSe,Lu-Se,2,0.022326606111114,0.022326606111114002,0.0,False,True,-1.812223762864579,-28.00794397,-28.00794397
mp-4156,Li2ZrO3,Li-O-Zr,12,0.0,0.0,0.0080528625000004,True,False,-3.040215971111112,-7.575120867500001,-10.5773053075
mp-4165,TaNO,N-O-Ta,12,0.0,0.0,0.0873683176666713,True,False,-2.2641036474444443,-10.648492411666666,-23.4143860675
mp-4179,YbPO4,O-P-Yb,12,0.0,0.0,0.0625954366666663,True,False,-3.372331683829365,-14.942596634166668,-14.942596634166668
mp-4190,CaSnO3,Ca-O-Sn,10,0.0148707705,0.014870770500000002,0.0,False,True,-2.679684276000007,-6.851495226000007,-12.434224544
mp-4196,NdFeSi2,Fe-Nd-Si,8,0.0,0.0,0.0274996837500003,True,False,-0.617751108125,-6.6399522837500005,-15.90149963875
mp-4247,NaZnSb,Na-Sb-Zn,6,0.0,0.0,0.0083145566666664,True,False,-0.40256350166666705,-13.129596470000001,-13.129596470000001
mp-4248,YCoC2,C-Co-Y,4,0.0,0.0,0.0029123312500001,True,False,-0.318267587500001,-8.344385965,-13.7506449425
mp-4251,Pr(Sb3Os)4,Os-Pr-Sb,17,0.0,0.0,0.0086126564705866,True,False,-0.23969218598039502,-32.582083981764704,-32.582083981764704
mp-4266,KAsF6,As-F-K,8,0.0,0.0,0.0013279137500044,True,False,-2.740819834343749,-4.9013956475,-7.53878262875
mp-4271,EuTaO4,Eu-O-Ta,12,0.038071070833336,0.038071070833336,0.0,False,True,-3.349579321222222,-10.340726567499999,-21.70859252
mp-4280,GaCuO2,Cu-Ga-O,4,0.000302468749987,0.00030246874998700004,0.0,False,True,-1.6747150606249912,-5.930521236249991,-10.0785811625
mp-4298,Tm(MnSn)6,Mn-Sn-Tm,13,0.0,0.0,0.001596686984973,True,False,-0.13405122673740402,-6.558053100769235,-21.145275253846155
mp-4300,Yb2Si2O7,O-Si-Yb,11,0.0,0.0,0.0537472686363669,True,False,-3.58617321102273,-15.623811603636364,-15.623811603636364
mp-4316,Sr(NiAs)2,As-Ni-Sr,5,0.0,0.0,0.0005445900000005,True,False,-0.7208339249999991,-14.425665398000001,-14.425665398000001
mp-4341,Pr(P3Ru)4,P-Pr-Ru,17,0.014006564705873,0.014006564705873002,0.0,False,True,-0.72779525455182,-14.794090154117647,-14.794090154117647
mp-4370,Sr(AsPd)2,As-Pd-Sr,5,0.0,0.0,0.0028163880000002,True,False,-0.7698684410000011,-5.048355796000001,-18.926588902
mp-4395,TbScGe,Ge-Sc-Tb,6,0.0,0.0,0.0010153555555554,True,False,-0.842730058333332,-19.675029753333334,-19.675029753333334
mp-4405,Rb3AuO,Au-O-Rb,5,0.0,0.0,0.0108218999999998,True,False,-0.8160150875000001,-3.048704132,-20.42800224
mp-4438,CaSnO3,Ca-O-Sn,20,0.0,0.0,0.0140191064999992,True,False,-2.694555046500007,-6.866365996500008,-12.449095314500001
mp-448,CoN,Co-N,2,0.102861460625,0.10286146062500001,0.0,False,True,0.10286146062500001,-11.07862944,-11.07862944
mp-45,Ca,Ca,1,0.0,0.0,0.0012852499999997,True,False,0.0,-7.0382937,-7.0382937
mp-4514,NaNbO3,Na-Nb-O,10,0.0,0.0,0.0108943150000015,True,False,-2.844822765275861,-8.102204531999998,-11.886621909999999
mp-4541,NaCuO2,Cu-Na-O,4,0.0,0.0,0.0078113374999997,True,False,-1.362515704094827,-5.19672806875,-7.773161825
mp-4649,PdSe2O5,O-Pd-Se,16,0.000905401874999,0.000905401874999,0.0,False,True,-1.077457179335938,-5.691395903125,-10.88981249625
mp-4651,SrTiO3,O-Sr-Ti,10,0.0,0.0,0.0004725879999991,True,False,-3.551662291666667,-8.438022916,-12.647329048
mp-4663,Yb2CdPd2,Cd-Pd-Yb,10,0.0,0.0,0.0290795720000001,True,False,-0.8627220469999991,-28.679652542999996,-28.679652542999996
mp-4676,La3(B3Ru4)2,B-La-Ru,17,0.0,0.0,0.0194398176470578,True,False,-0.44586752058823403,-8.03878471235294,-20.29380763352941
mp-470,GeO2,Ge-O,6,0.0,0.0,0.0037918238888901,True,False,-2.156655663333334,-6.996305618333334,-10.448098275
mp-4711,Li2CuO2,Cu-Li-O,5,0.014433391249998,0.014433391249998002,0.0,False,True,-1.6624233733333331,-5.225018256,-7.109147332000001
mp-4744,Ca(NiAs)2,As-Ca-Ni,5,0.0,0.0,0.0009898759999993,True,False,-0.661425000999999,-5.242648661999999,-12.804977566
mp-4782,CaSnF6,Ca-F-Sn,8,0.0,0.0,0.0014265875000001,True,False,-3.402839576875,-5.590125325000001,-9.59780236625
mp-4819,MgGeO3,Ge-Mg-O,20,0.011727870000003,0.011727870000003,0.0,False,True,-2.554010083,-6.77348626,-9.5562859875
mp-4824,NaZnP,Na-P-Zn,6,0.0,0.0,0.0178355000000012,True,False,-0.518619665992063,-7.677572828333333,-7.677572828333333
mp-485,ZrNi3,Ni-Zr,8,0.0,0.0,0.0009901691666689,True,False,-0.45845552374999704,-6.930483191249998,-15.11612042625
mp-4860,Gd2CuO4,Cu-Gd-O,7,0.0,0.0,0.0235704250000168,True,False,-3.059107154285715,-10.493863607142858,-10.101292178571429
mp-4886,NdCuO2,Cu-Nd-O,4,0.0,0.0,0.0002361362499998,True,False,-2.610852319374999,-7.301671347499999,-15.5210062975
mp-4936,Yb(SiPt)2,Pt-Si-Yb,5,0.0,0.0,0.0500939089999992,True,False,-1.065422442999999,-32.475890798,-32.475890798
mp-496,SrSi2,Si-Sr,12,0.0,0.0,0.0034099883333329,True,False,-0.40771882666666903,-11.305448913333334,-11.305448913333334
mp-4972,LuInCu2,Cu-In-Lu,4,0.0,0.0,0.0252734225000024,True,False,-0.366030491666666,-20.9540461325,-20.9540461325
mp-4989,CrNiAs,As-Cr-Ni,9,0.0,0.0,0.0126736508333316,True,False,-0.21253556249999803,-6.913637789999999,-14.25588877888889
mp-4990,MnSnRh2,Mn-Rh-Sn,4,0.0,0.0,2.836249999926821e-05,True,False,-0.435062605732757,-7.410113327499999,-22.5529099625
mp-4995,LiSbO3,Li-O-Sb,20,0.0,0.0,0.0017326565000006,True,False,-2.118194097166666,-6.294555521499999,-11.1097613505
mp-50,Ta,Ta,1,0.009149912666664,0.009149912666664001,0.0,False,True,0.009149912666664001,-48.5826828,-48.5826828
mp-5020,BaTiO3,Ba-O-Ti,5,4.098999996848818e-05,4.098999996848818e-05,0.0,False,True,-3.492236987666666,-8.423906982,-14.836121170000002
mp-504498,K2CdPb,Cd-K-Pb,8,0.0,0.0,0.0003326699999999,True,False,-0.157758239874998,-1.891607416249999,-1.891607416249999
mp-504708,CsCoCl3,Cl-Co-Cs,10,0.0,0.0,0.0061200757499983,True,False,-1.5149197285,-12.874919893000001,-12.874919893000001
mp-504778,NaMoF6,F-Mo-Na,8,0.0,0.0,0.0854324137499986,True,False,-2.80708427125,-8.856125235,-8.856125235
mp-504818,MoPO5,Mo-O-P,14,0.0,0.0,0.0130194007142865,True,False,-2.379245834591837,-8.236521357500001,-11.539035030714286
mp-505005,CeSiOs,Ce-Os-Si,6,0.0,0.0,0.0475723166666668,True,False,-0.6367607150000001,-8.166639158333334,-31.594991841666666
mp-505066,NaFeF3,F-Fe-Na,20,0.0004148375,0.00041483750000000005,0.0,False,True,-2.737226594775862,-5.847886417500001,-8.074528467499999
mp-505438,BaGd2PdO5,Ba-Gd-O-Pd,18,0.0,0.0,0.0058737938888846,True,False,-3.015181963888906,-9.680838214444462,-21.356712463333334
mp-505540,TiAsRh,As-Rh-Ti,12,0.0,0.0,0.004993022499999,True,False,-0.8726296427777781,-7.515937115833334,-18.215252028333335
mp-505569,CeH2,Ce-H,3,0.017444702424242,0.017444702424242002,0.0,False,True,-0.588220359166667,-13.171838213333332,-13.171838213333332
mp-505577,Dy3Ge5,Dy-Ge,16,0.0,0.0,0.0006964993749996,True,False,-0.7794576968749991,-21.44261989375,-21.44261989375
mp-505604,GdNiO3,Gd-Ni-O,20,0.0,0.0,0.0239796119999997,True,False,-2.449596327999998,-9.389624715,-17.1420109675
mp-505622,Mn4N,Mn-N,5,0.0,0.0,0.0105943064137932,True,False,-0.295696929336207,-13.868114804000001,-13.868114804000001
mp-505626,Cr12P7,Cr-P,19,0.0,0.0,0.036110562932329,True,False,-0.37273138820175306,-13.209291538947369,-13.209291538947369
mp-505769,Eu(CuSb)2,Cu-Eu-Sb,10,0.0,0.0,0.0146879719999981,True,False,-0.520817588000001,-5.869723135000001,-22.838574897999997
mp-505780,Ge7Ir3,Ge-Ir,20,0.005841246249993,0.005841246249993001,0.0,False,True,-0.24965854550000302,-25.667848886500003,-25.667848886500003
mp-505791,ReH8(Br3N)2,Br-H-N-Re,17,0.0,0.0,0.0946614437941164,True,False,-0.7080407648529421,-4.596727848235295,-4.365786671764706
mp-5078,SrZnF4,F-Sr-Zn,12,0.018241905833331,0.018241905833331,0.0,False,True,-3.366921715,-9.4603176275,-9.4603176275
mp-510076,Rb7Au5O2,Au-O-Rb,14,0.0,0.0,0.0031485942857139,True,False,-0.6940673616071451,-3.060429541428573,-26.555256482857143
mp-510098,EuAu5,Au-Eu,6,0.0,0.0,0.0049419750000003,True,False,-0.42999690250000605,-4.872917221666673,-49.06028364
mp-510126,Ce3Ni2Sn7,Ce-Ni-Sn,12,0.0,0.0,0.0893885804166787,True,False,-0.549313944583333,-5.335824440833335,-24.727077506666664
mp-510240,Rb2Ag4S3,Ag-Rb-S,18,0.0,0.0,0.0408671005555554,True,False,-0.630635717685179,-3.491192606111107,-15.855821133888888
mp-510369,Ce5Pb3O,Ce-O-Pb,18,0.0,0.0,0.0046948675925966,True,False,-1.030977366666663,-6.116605318333332,-37.83913394277778
mp-510377,EuBRh3,B-Eu-Rh,5,0.024343480000002,0.024343480000002003,0.0,False,True,-0.463738158833334,-8.275823618,-24.169623274
mp-510456,Zr(MoO4)2,Mo-O-Zr,11,0.000156976363635,0.000156976363635,0.0,False,True,-2.466072208181817,-8.813589379999998,-13.71435766727273
mp-510490,GdScS3,Gd-S-Sc,20,0.0,0.0,0.0017820871666618,True,False,-2.262785510687499,-18.042306378,-18.042306378
mp-510536,MoO2,Mo-O,6,0.0,0.0,0.0174761500000002,True,False,-2.021555188333332,-8.935412561666666,-7.410079228333333
mp-510557,CsN3,Cs-N,8,0.0,0.0,0.0011230874999998,True,False,-0.21685479031249902,-13.34053104375,-13.34053104375
mp-5106,TbCoC2,C-Co-Tb,4,0.0,0.0,0.0064977662499998,True,False,-0.32990507166666705,-7.88821648,-16.4866570775
mp-510688,HoCoSi,Co-Ho-Si,12,0.0,0.0,0.0156264416666669,True,False,-0.7000273674999961,-6.418832105833331,-18.99829024916667
mp-511,PrGe,Ge-Pr,4,0.001098581250001,0.001098581250001,0.0,False,True,-0.9224159208333341,-22.560382895,-22.560382895
mp-514,HfZn2,Hf-Zn,6,0.0,0.0,0.0192223983333335,True,False,-0.278166579999999,-21.269040113333332,-21.269040113333332
mp-515,TmTl,Tl-Tm,2,0.0,0.0,0.01367903,True,False,-0.387422700000001,-44.537599135,-44.537599135
mp-5166,Ca(AsPd)2,As-Ca-Pd,5,0.017494350791668,0.017494350791668,0.0,False,True,-0.7979935890000001,-17.272846168,-17.272846168
mp-5189,AlAsO4,Al-As-O,18,0.0,0.0,0.0052370449999985,True,False,-2.456086594583332,-7.157343658333332,-9.745314795
mp-5193,SrZrS3,S-Sr-Zr,20,0.006412831499997,0.006412831499997,0.0,False,True,-2.077791916499998,-6.608256288,-14.463375196000001
mp-5244,Ti2SbP,P-Sb-Ti,8,0.0,0.0,0.0155513165625,True,False,-0.99371750157738,-16.13969401875,-16.13969401875
mp-5279,Ca3TeO6,Ca-O-Te,20,0.0,0.0,0.0189914135000011,True,False,-2.812126670666663,-6.696913826999998,-10.881398549
mp-5280,In2Ge2O7,Ge-In-O,11,0.022559468181813,0.022559468181813,0.0,False,True,-2.060192433484849,-6.5511133636363645,-12.272542474545453
mp-5295,LaNbO4,La-Nb-O,12,0.000319965833332,0.00031996583333200005,0.0,False,True,-3.5578728433333353,-9.362732204166669,-16.4186903375
mp-530,Nd4Sb3,Nd-Sb,14,0.014205981785714,0.014205981785714,0.0,False,True,-1.24658761642857,-29.073870919285717,-29.073870919285717
mp-5330,LaAlSi2,Al-La-Si,8,0.0,0.0,0.0063228275,True,False,-0.5679337224999991,-14.07403565375,-14.07403565375
mp-5331,AlPO4,Al-O-P,18,0.0,0.0,0.0092103111111114,True,False,-3.12717220299603,-7.9526544322222215,-9.508306340555556
mp-5364,YbBO3,B-O-Yb,10,0.0,0.0,0.0213137785000023,True,False,-3.42637511375,-15.785041901,-15.785041901
mp-5376,Y4Ga12Pd,Ga-Pd-Y,17,0.001857570220588,0.0018575702205880001,0.0,False,True,-0.605879578235293,-4.5796089947058825,-14.853126237647059
mp-5385,TbSnPd2,Pd-Sn-Tb,4,0.0,0.0,0.0153513775,True,False,-0.8678104079166731,-5.619610182500008,-26.363494385
mp-539,Ga2S3,Ga-S,10,0.0,0.0,0.0005857980000003,True,False,-0.7975143386875001,-10.195047055,-10.195047055
mp-54,Co,Co,2,0.025098924999999,0.025098924999999002,0.0,False,True,0.025098924999999002,-13.209132205,-13.209132205
mp-540685,V2CdO6,Cd-O-V,9,0.0,0.0,0.0169274566666661,True,False,-2.180888695555554,-7.604842957777777,-11.614153322222222
mp-540701,V3As2,As-V,20,0.0,0.0,0.0374014320714275,True,False,-0.605266699999998,-14.942024533,-14.942024533
mp-540703,Cs2S,Cs-S,12,0.0,0.0,0.0217649541666666,True,False,-1.192438348437498,-20.609419424166667,-20.609419424166667
mp-540872,AgSbO3,Ag-O-Sb,20,0.0,0.0,0.0199245990000003,True,False,-1.444474670333332,-5.807639057,-14.184953307999999
mp-540921,CsCuF4,Cs-Cu-F,12,0.048435446666665,0.048435446666665,0.0,False,True,-2.108593645,-10.185153778333333,-10.185153778333333
mp-540924,NbTeI3,I-Nb-Te,20,0.0,0.0,0.0555159766874995,True,False,-0.7703017873333311,-4.333631542999998,-25.3250107765
mp-540943,SeBr,Br-Se,16,0.061527153652344,0.061527153652344006,0.0,False,True,-0.357321793046875,-2.923750799375,-13.889441458125
mp-541047,ZrAlPd2,Al-Pd-Zr,4,0.0,0.0,0.0020952100000002,True,False,-0.803114597499998,-6.4663746175,-19.68725047
mp-541134,TeAuBr8,Au-Br-Te,20,0.327853372874997,0.32785337287499705,0.0,False,True,-0.301280221666667,-2.252556239,-18.504084839
mp-541378,CsBiS2,Bi-Cs-S,16,0.0,0.0,0.0126534837500003,True,False,-0.8667762614062541,-25.78647656125,-25.78647656125
mp-541404,VO2,O-V,12,0.0,0.0,0.0200107233333337,True,False,-2.522468176666668,-8.849077536666668,-11.294253040000001
mp-541772,Bi4RuBr2,Bi-Br-Ru,14,0.0,0.0,0.0044671571428578,True,False,-0.46931114928571505,-4.484801556428571,-41.19761640571429
mp-541785,GePdS3,Ge-Pd-S,10,0.0,0.0,0.0064561120000004,True,False,-0.6512282284999991,-5.094248789000001,-12.613753348
mp-541817,NbSeI3,I-Nb-Se,20,0.0,0.0,0.0801053424800013,True,False,-0.852683505468748,-4.486534377999999,-23.1777173155
mp-541911,HfNCl,Cl-Hf-N,6,0.0,0.0,0.0003478250000004,True,False,-2.150861657083332,-22.29506331,-22.29506331
mp-541912,ZrBrN,Br-N-Zr,6,0.0,0.0,0.0163107583333301,True,False,-1.9025169500000012,-8.076825253333334,-16.982887065
mp-541989,Na2CN2,C-N-Na,5,0.0,0.0,0.0019066179999995,True,False,-0.607621109499999,-7.674240643999999,-7.674240643999999
mp-542022,Sc2MnB2Rh5,B-Mn-Rh-Sc,20,0.124867945750004,0.12486794575000401,0.0,False,True,-0.6028310736264371,-7.803558712999999,-7.803558712999999
mp-542096,CrPS4,Cr-P-S,12,0.128875780125,0.128875780125,0.0,False,True,-0.588334053273808,-5.8580193608333335,-5.5226860275
mp-542132,YbCuAs2,As-Cu-Yb,8,0.0,0.0,0.0613583324999975,True,False,-0.8933221762499991,-20.09113136625,-20.09113136625
mp-542187,Sr2MnClO3,Cl-Mn-O-Sr,14,0.0,0.0,0.0743571008928754,True,False,-2.732661370418719,-6.90970384,-6.289275268571429
mp-542281,KGdTe4,Gd-K-Te,12,0.000142316666664,0.00014231666666400002,0.0,False,True,-1.097483393958332,-26.278177806666665,-26.278177806666665
mp-542449,Sc5Cl8,Cl-Sc,13,0.0,0.0,0.0096052197435891,True,False,-1.973734355,-10.143884197692309,-10.143884197692309
mp-542484,Sr5Cd3,Cd-Sr,16,0.0,0.0,0.0031103875,True,False,-0.229375212499999,-1.64714659,-17.23941359
mp-542584,EuTl,Eu-Tl,2,0.114671457,0.114671457,0.0,False,True,-0.26821079949999604,-46.118304447,-6.47778345
mp-542633,GdCo2,Co-Gd,6,1.630257117058822,1.630257117058822,0.0,False,True,1.5487430266666662,-7.898908866666667,-7.898908866666667
mp-542724,LaNbO4,La-Nb-O,12,0.0,0.0,7.283749999942302e-05,True,False,-3.558192809166667,-9.363052170000001,-16.419010303333334
mp-542752,Ce4Co2Sn5,Ce-Co-Sn,11,0.0,0.0,0.0515955193181785,True,False,-0.507071718636362,-5.785480100000001,-25.46800465181818
mp-542881,Ce3(CuSn)4,Ce-Cu-Sn,11,0.018364684090906,0.018364684090906,0.0,False,True,-0.44612153636363505,-5.01393641909091,-5.01393641909091
mp-542915,TiAl3,Al-Ti,4,0.0,0.0,0.0047577300000005,True,False,-0.43388963166666605,-8.7174026325,-8.7174026325
mp-543024,Cs2Pd(IBr2)2,Br-Cs-I-Pd,9,0.0,0.0,0.0836638740000035,True,False,-1.271828721034483,-3.115345201111111,-2.793789645555555
mp-543029,La2TeI2,I-La-Te,5,0.0,0.0,0.0534836480000038,True,False,-1.754802779333334,-4.9674718460000005,-28.548868094
mp-5450,K2ZrF6,F-K-Zr,18,0.0,0.0,0.0181213150000107,True,False,-3.655629739388885,-6.132691331111108,-9.628903586111111
mp-545359,KNa2CuO2,Cu-K-Na-O,6,0.0,0.0,0.0099396316666666,True,False,-1.3349603116681021,-4.303283638333333,-4.074283638333333
mp-545399,NaNiIO6,I-Na-Ni-O,9,0.0,0.0,0.0039654152777783,True,False,-1.035657982931034,-5.294950883333333,-4.55461755
mp-545467,Li3(CuO2)2,Cu-Li-O,9,0.012494715555554,0.012494715555554,0.0,False,True,-1.582540591111112,-5.328876808888889,-7.32736687
mp-545500,BaSbClO2,Ba-Cl-O-Sb,10,0.0,0.0,0.0698751571249962,True,False,-2.501479447,-6.059967644999999,-5.662367645
mp-545850,VBiO4,Bi-O-V,12,0.003063109166665,0.0030631091666650004,0.0,False,True,-2.151046075833334,-7.6120101425,-18.194406982500002
mp-546295,Sr2CuOsO6,Cu-O-Os-Sr,10,0.0,0.0,0.0226593239285737,True,False,-2.148619267999999,-6.988538899,-6.576338899
mp-546321,Ba2NdBiO6,Ba-Bi-Nd-O,10,0.0,0.0,4.430549999856481e-05,True,False,-2.763932660750001,-6.982322426,-6.570122426
mp-546500,NaCNO,C-N-Na-O,4,0.0,0.0,0.0866252599305479,True,False,-1.205901649094827,-7.170637192499999,-8.19451421
mp-546864,Y2C(NO)2,C-N-O-Y,7,0.0,0.0,0.0533948284523813,True,False,-2.4484711107142862,-9.42299156,-9.123562988571429
mp-547244,SrBiClO2,Bi-Cl-O-Sr,10,0.0,0.0,0.0556345089999954,True,False,-2.416585643,-5.881971085,-5.484371085
mp-548,NbCr2,Cr-Nb,6,0.154778203333332,0.154778203333332,0.0,False,True,0.154778203333331,-18.138808273333336,-18.138808273333336
mp-549,ScSb,Sb-Sc,2,0.0,0.0,0.0004589800000003,True,False,-1.103990267499998,-19.65639181,-19.65639181
mp-5491,MnAlAu2,Al-Au-Mn,4,0.0,0.0,0.0019713366666636,True,False,-0.24791825448275803,-5.111757035,-31.06628923
mp-549671,KLiMnO2,K-Li-Mn-O,20,0.0,0.0,0.0068582279999978,True,False,-1.850684253202874,-6.2703302315,-5.6619302314999995
mp-550,Al12Mo,Al-Mo,13,0.014142691923076,0.014142691923076002,0.0,False,True,-0.113242641538461,-8.333024133846154,-8.333024133846154
mp-550117,Sm4Se3O4,O-Se-Sm,11,0.0,0.0,0.0190796182575798,True,False,-3.165801031548299,-7.634339485454549,-19.976728369090907
mp-550306,YCu2Bi2(SeO2)2,Bi-Cu-O-Se-Y,11,0.0,0.0,0.0293590907386391,True,False,-1.733456438607945,-6.212660114545444,-20.785251544545453
mp-550553,CdBiClO2,Bi-Cd-Cl-O,10,0.0,0.0,0.0594340664999997,True,False,-1.597906265,-4.916808127,-4.519208127000001
mp-550566,EuBi2ClO4,Bi-Cl-Eu-O,8,0.037395265758926,0.037395265758926,0.0,False,True,-2.195646299375002,-7.15921721875,-6.73896721875
mp-550622,V2CdO6,Cd-O-V,9,0.002205929999998,0.0022059299999980003,0.0,False,True,-2.178682765555555,-7.602637027777778,-11.611947392222223
mp-551092,KLiZnO2,K-Li-O-Zn,10,0.0,0.0,0.0002041149999998,True,False,-1.809552719116666,-4.648744361,-4.373944361
mp-551456,Ba2CuClO2,Ba-Cl-Cu-O,6,0.0,0.0,0.0094247674999961,True,False,-2.449774615,-5.730044841666667,-5.398711508333334
mp-551702,Ba2CdReO6,Ba-Cd-O-Re,10,0.000617750785709,0.0006177507857090001,0.0,False,True,-2.46229983225,-7.155683863,-6.743483863
mp-551835,Ba2I2O,Ba-I-O,10,0.0,0.0,0.0398812800000012,True,False,-2.476811028,-4.843598251,-24.030731148999998
mp-552016,YbBi2BrO4,Bi-Br-O-Yb,8,0.0,0.0,0.0596726593750007,True,False,-2.225699840937501,-26.06106742125,-26.06106742125
mp-552098,Bi2SeO2,Bi-O-Se,5,0.0,0.0,0.0606525060000011,True,False,-1.351369364468753,-5.585749786000003,-29.734541890000003
mp-552185,AgNO3,Ag-N-O,10,0.0,0.0,8.13260000001037e-05,True,False,-0.6806635453333341,-5.885683233000001,-9.962477149
mp-552234,SrBiBrO2,Bi-Br-O-Sr,10,0.0,0.0,0.0023628534999948,True,False,-2.337092985000001,-5.760159174,-5.378559174
mp-552488,LaCuSeO,Cu-La-O-Se,8,0.0,0.0,0.0276034215624996,True,False,-2.314142779335937,-6.68391434375,-6.39416434375
mp-552537,Sr2CuBrO2,Br-Cu-O-Sr,6,0.0,0.0,0.0346145637500026,True,False,-2.411228150833334,-5.580716716666668,-13.33460434
mp-552806,BaBiClO2,Ba-Bi-Cl-O,10,0.0,0.0,0.0444784082500024,True,False,-2.409013681000001,-5.919708493,-5.522108493
mp-5529,MnFe2Si,Fe-Mn-Si,4,0.0,0.0,0.0047532012500006,True,False,-0.31918941948275803,-8.201033355,-13.2473456675
mp-553025,CaBiClO2,Bi-Ca-Cl-O,10,0.0,0.0,0.0295729992500044,True,False,-2.432455363,-5.960475163,-5.562875162999999
mp-553278,Nd4Se3O4,Nd-O-Se,11,0.0,0.0,0.008302218636369,True,False,-3.134966523366476,-7.621527267272726,-19.825404056363638
mp-553281,Ba2LaNbO6,Ba-La-Nb-O,10,0.0,0.0,0.000160847,True,False,-3.3879811675,-8.244283973,-7.832083973
mp-5538,YSnPd2,Pd-Sn-Y,4,0.0,0.0,0.01549625125,True,False,-0.8632583037500101,-6.082865047500011,-23.6263133875
mp-554142,Ge(TeO3)2,Ge-O-Te,18,0.018502887777782,0.018502887777782,0.0,False,True,-1.697089002592593,-6.207911855000001,-12.52934683611111
mp-554252,K2NaCrF6,Cr-F-K-Na,10,0.0,0.0,0.0007106244999999,True,False,-3.116832699587931,-5.590894894,-5.113794894
mp-554278,TiO2,O-Ti,12,0.006417397499999,0.006417397499999001,0.0,False,True,-3.501638054444445,-9.432109396666666,-11.601954745833334
mp-554601,RbCuF3,Cu-F-Rb,5,0.031564307,0.031564307,0.0,False,True,-2.3056485615,-4.469908135,-9.163086
mp-554623,Sm2Ta2Cl2O7,Cl-O-Sm-Ta,13,0.0,0.0,0.0845035701648413,True,False,-3.443359100743589,-8.943654484615385,-8.47926986923077
mp-554899,CsAlF4,Al-Cs-F,18,0.0,0.0,0.006130180138884,True,False,-3.6381687611111113,-11.028945949444443,-11.028945949444443
mp-554960,KMoPClO5,Cl-K-Mo-O-P,18,0.0,0.0,0.0509828355476242,True,False,-2.351687704654762,-7.238447153888889,-6.432780487222222
mp-554971,ZrFeF6,F-Fe-Zr,8,0.173703126250006,0.173703126250006,0.0,False,True,-3.324647427499999,-6.8872519387499995,-6.25875193875
mp-555152,RbMoPClO5,Cl-Mo-O-P-Rb,18,0.0,0.0,0.0501894789087353,True,False,-2.357882179126985,-7.227882111666667,-6.422215445
mp-555184,SmTiClO3,Cl-O-Sm-Ti,12,0.0,0.0,0.0612759365277728,True,False,-3.510568672222222,-8.394986,-7.9491526666666665
mp-555194,SiHg3(SF3)2,F-Hg-S-Si,12,0.0,0.0,0.0243304966666668,True,False,-2.082008722708334,-4.258029040833333,-3.9431957074999993
mp-555212,Ba2InBrO3,Ba-Br-In-O,14,0.0,0.0,0.0371812899999985,True,False,-2.561333907380952,-5.8581843607142865,-5.487470075
mp-555234,RbSbBrF3,Br-F-Rb-Sb,12,0.0,0.0,0.0778296119940478,True,False,-2.511351812916666,-4.592691641666667,-4.2726916416666665
mp-555321,BaNiF4,Ba-F-Ni,12,0.0,0.0,0.0002746435714291,True,False,-3.38353836916667,-5.942625222500005,-11.686214400833334
mp-555403,K3WF6,F-K-W,10,0.0,0.0,0.0569821433750021,True,False,-2.8451750771749973,-5.628710441999997,-11.494141196
mp-555683,DyMoClO4,Cl-Dy-Mo-O,14,0.0,0.0,0.0743037621428701,True,False,-2.686860015238095,-7.987490366428572,-7.049776080714286
mp-555836,Sn2PClO4,Cl-O-P-Sn,16,0.0,0.0,0.0658738381250003,True,False,-2.139350682455357,-6.523726189375,-12.910918738125
mp-555850,LuSF,F-Lu-S,6,0.0,0.0,0.0323132972222195,True,False,-3.289838426493053,-19.703153546666666,-19.703153546666666
mp-555900,Nb2Tl5S4Cl9,Cl-Nb-S-Tl,20,0.002006653250001,0.002006653250001,0.0,False,True,-1.389856803333334,-4.652179138999999,-4.275279139
mp-555909,Tb5Se2Cl3O10,Cl-O-Se-Tb,20,0.0,0.0,0.0338551139374985,True,False,-3.029098746401041,-7.2894177225,-6.8538177225
mp-555949,KEuPdO3,Eu-K-O-Pd,12,0.127878568833332,0.127878568833332,0.0,False,True,-2.020182513708333,-7.260723590833333,-6.917223590833333
mp-555970,NaTl2MoF6,F-Mo-Na-Tl,10,0.0,0.0,0.000436874,True,False,-2.556509695804598,-5.397852632999999,-4.800452633
mp-556094,AgBiSCl2,Ag-Bi-Cl-S,10,0.0,0.0,0.0069091777499994,True,False,-0.9455932878333341,-3.859084348,-3.512884348
mp-556108,DyTiClO3,Cl-Dy-O-Ti,12,0.0,0.0,0.073803363888885,True,False,-3.538176204166665,-8.405891764166666,-7.9600584308333335
mp-556120,RbTl(SO4)2,O-Rb-S-Tl,12,0.0,0.0,0.0108136908333325,True,False,-1.837796461319444,-6.105337265833334,-12.427644843333333
mp-556185,RbNaTiO3,Na-O-Rb-Ti,12,0.0,0.0,0.0001635666666661,True,False,-2.772059853702107,-6.9489981675,-6.605498167499999
mp-556233,KAs4ClO6,As-Cl-K-O,12,0.0,0.0,0.0468700420833334,True,False,-1.730736970604168,-6.009751027500002,-10.3419929275
mp-556450,PrB2ClO4,B-Cl-O-Pr,16,0.0,0.0,0.07655330854167,True,False,-3.091260808124999,-8.065591035625,-12.1770727125
mp-556487,K2NaMoF6,F-K-Mo-Na,10,0.0,0.0,0.0110767039999997,True,False,-2.9660800865879313,-5.559402545,-4.962002545
mp-556582,Cu(IO3)2,Cu-I-O,18,0.0,0.0,0.0010647127777776,True,False,-0.829651572777775,-4.922429120555553,-11.091805825555555
mp-556585,MnF2,F-Mn,12,0.0,0.0,0.0091986949999993,True,False,-2.966967116810346,-7.296873797500001,-9.899413149166667
mp-556633,Na3VF6,F-Na-V,20,0.037283821000003,0.037283821000003006,0.0,False,True,-3.084973801000001,-7.438802315000001,-5.0723366785
mp-556645,RbNbAsClO5,As-Cl-Nb-O-Rb,18,0.0,0.0,0.0338337738297864,True,False,-2.330440385555556,-7.034919215555556,-6.585030326666667
mp-556872,RbCO2,C-O-Rb,16,0.0,0.0,0.0065278346874979,True,False,-1.897084116250002,-6.923943798125001,-10.600739665
mp-557018,Cs(CoS)2,Co-Cs-S,5,0.0,0.0,0.019293765499996,True,False,-0.722538781124998,-14.251536724,-14.251536724
mp-557020,Sr3Fe2Cu2Se2O5,Cu-Fe-O-Se-Sr,14,0.0,0.0,0.051327162499998,True,False,-1.9263293628348221,-6.351141363571429,-5.716069935
mp-557224,HgSeO3,Hg-O-Se,20,0.000734085999999,0.000734085999999,0.0,False,True,-1.047778544968753,-4.777671851000003,-17.004837618499998
mp-557257,KVF3,F-K-V,5,0.0,0.0,0.0008938209999937,True,False,-3.03907132245,-6.230437906000001,-8.966597338
mp-557375,NaLiCO3,C-Li-Na-O,18,0.000259599629628,0.000259599629628,0.0,False,True,-2.165770112452108,-6.720021663333334,-6.3765216633333335
mp-557397,K2MnF6,F-K-Mn,9,0.005587686111111,0.005587686111111,0.0,False,True,-2.888768716936781,-5.434087493333333,-8.02713148888889
mp-557403,LiFe2F6,F-Fe-Li,18,0.0,0.0,0.0001104338888922,True,False,-2.753536442592592,-6.123767502222222,-5.314434168888889
mp-557411,KRb2VF6,F-K-Rb-V,10,0.0,0.0,0.0116280555000001,True,False,-3.152215331225002,-5.518161150000002,-9.811785007000001
mp-557655,GdTlS2,Gd-S-Tl,4,0.033200397152793,0.033200397152793,0.0,False,True,-1.73337654208332,-7.913973987499986,-29.8379412
mp-557664,Cs2TlBiF6,Bi-Cs-F-Tl,10,0.0,0.0,0.0137980054999999,True,False,-2.596629716500001,-20.662094919,-20.662094919
mp-557685,NbIO2,I-Nb-O,16,0.0,0.0,0.0869412409641787,True,False,-2.356103289375,-7.736413205625,-17.40711754
mp-557686,ZrVF6,F-V-Zr,8,0.002055395312506,0.002055395312506,0.0,False,True,-3.646671824375,-10.59611374125,-10.59611374125
mp-557713,Ba2LaTaO6,Ba-La-O-Ta,20,4.504500001445422e-06,4.504500001445422e-06,0.0,False,True,-3.506657073733334,-8.5395221295,-8.1273221295
mp-557761,KBa4Sb3O,Ba-K-O-Sb,18,0.0,0.0,0.006486686407408,True,False,-1.45370454136111,-4.358397231111111,-4.218063897777778
mp-557856,BCl(OF2)2,B-Cl-F-O,16,0.0,0.0,0.0004759074999993,True,False,-1.947817728020833,-5.207725988125,-4.804975988125
mp-558005,HoMoClO4,Cl-Ho-Mo-O,14,0.0,0.0,0.0763204776190518,True,False,-2.684803627857142,-7.9824773985714295,-7.044763112857143
mp-558016,CaMgAsO4F,As-Ca-F-Mg-O,16,0.000249169374999,0.00024916937499900005,0.0,False,True,-2.8850425253125,-6.636528628125,-6.235278628125
mp-558046,KMnF3,F-K-Mn,20,0.000373002499999,0.00037300249999900004,0.0,False,True,-3.015730156536206,-6.222718584499999,-9.0255603295
mp-558111,Rb2MnF6,F-Mn-Rb,9,0.001436264444444,0.001436264444444,0.0,False,True,-2.9007038969923373,-5.41250364,-9.791737789999999
mp-558130,MnBiS2Cl,Bi-Cl-Mn-S,20,0.0,0.0,0.0046520209285683,True,False,-0.9383685105862071,-5.5734460760000015,-5.249446076
mp-558133,Rb2MnF6,F-Mn-Rb,18,0.0,0.0,0.0044056255555551,True,False,-2.902140161436781,-5.413939904444444,-9.793174054444444
mp-558223,TbMoClO4,Cl-Mo-O-Tb,14,0.0,0.0,0.0725343316666808,True,False,-2.689001050952381,-7.9924154157142855,-7.05470113
mp-558243,Ba2InClO3,Ba-Cl-In-O,14,0.0,0.0,0.0436460835714287,True,False,-2.64616423095238,-5.9732427221428575,-5.591099864999999
mp-558285,GaBiO3,Bi-Ga-O,20,0.002005644999999,0.0020056449999990003,0.0,False,True,-1.9634968209999992,-6.315899490499999,-19.276034923
mp-558332,K5Au(IO)2,Au-I-K-O,20,0.0,0.0,0.0545279064999997,True,False,-1.368802641624999,-3.5562704270000003,-3.418870427
mp-558382,Li2SO4,Li-O-S,14,0.0549303375,0.0549303375,0.0,False,True,-2.256338859166667,-6.220208497142857,-5.827637068571429
mp-558387,TeOF2,F-O-Te,16,0.0,0.0,0.0068675000000002,True,False,-2.116769906666666,-5.09651281875,-11.238954124375
mp-558663,Ca2CuTe4(ClO5)2,Ca-Cl-Cu-O-Te,19,0.0,0.0,0.0551193186842073,True,False,-1.9210221466666662,-5.808407707368421,-5.382197181052631
mp-558760,SrZrS3,S-Sr-Zr,20,0.0,0.0,0.0009402364999999,True,False,-2.084204747999996,-6.6146691194999985,-14.469788027499998
mp-558802,Hg2MoO4,Hg-Mo-O,14,0.0,0.0,0.0073215896428573,True,False,-1.357248065000004,-5.822510665714288,-22.62615069357143
mp-558864,CrHgF6,Cr-F-Hg,8,0.0,0.0,0.0001226562499994,True,False,-2.308362642812519,-4.989091862500018,-12.66265437125
mp-558997,SmMoClO4,Cl-Mo-O-Sm,14,0.0,0.0,0.049480402380948,True,False,-2.681249134285715,-7.996195286428572,-7.058481000714286
mp-559004,ErMoClO4,Cl-Er-Mo-O,14,0.0,0.0,0.0655729088888952,True,False,-2.685698043571428,-7.979091720714286,-7.041377435
mp-559032,GdMoClO4,Cl-Gd-Mo-O,14,0.0,0.0,0.0704433833333553,True,False,-2.669957121428571,-9.321694145714286,-8.38397986
mp-559178,TmMoClO4,Cl-Mo-O-Tm,14,0.0,0.0,0.0685608791666743,True,False,-2.685963249285715,-7.967183022142857,-7.029468736428571
mp-559243,Nd2Ta2Cl2O7,Cl-Nd-O-Ta,13,0.0,0.0,0.0879279255128242,True,False,-3.436312331128205,-8.94423253,-8.479847914615384
mp-559270,RbBa4Sb3O,Ba-O-Rb-Sb,18,0.0,0.0,0.0205769350555558,True,False,-1.436434523055554,-4.324367696111111,-4.184034362777777
mp-559417,LaB2ClO4,B-Cl-La-O,16,0.0,0.0,0.07427136874999,True,False,-3.143332195416666,-8.13522937875,-7.71497937875
mp-559521,InBi2S4Cl,Bi-Cl-In-S,8,0.0,0.0,0.0068477312500005,True,False,-0.842193859583332,-4.459365861249999,-4.13111586125
mp-559695,Cs2RbBiF6,Bi-Cs-F-Rb,10,0.0,0.0,0.0189088010000002,True,False,-2.9101303966810352,-4.727094173999999,-4.449894174
mp-559702,Pr2Ta2Cl2O7,Cl-O-Pr-Ta,13,0.0,0.0,0.0878419319230836,True,False,-3.427969009461539,-8.940092904615385,-8.47570828923077
mp-559736,VAgO3,Ag-O-V,20,0.0,0.0,0.017595233000013,True,False,-1.754956429833332,-7.1091017825,-12.504190304
mp-559976,Ta2CS2,C-S-Ta,5,0.0,0.0,0.0059601219999994,True,False,-1.133026158933333,-9.38095279,-25.681567324000003
mp-560037,Rb2NaBiF6,Bi-F-Na-Rb,10,0.0,0.0,0.0064904235000033,True,False,-2.9172050726379313,-4.784798821,-4.507598821
mp-560127,K2MnF6,F-K-Mn,18,0.0,0.0,0.0007803183333336,True,False,-2.894356403047892,-5.4396751794444445,-8.032719175
mp-560157,LiMgVO4,Li-Mg-O-V,14,0.0,0.0,0.0041549769047621,True,False,-2.659056395476189,-7.289791105714285,-6.654362534285714
mp-560170,Nd5Te2Cl3O10,Cl-Nd-O-Te,20,0.0,0.0,0.0111438521666729,True,False,-3.036888929041666,-7.294518298999999,-6.858918299
mp-560369,La2MnVO6,La-Mn-O-V,20,0.048445869511915,0.048445869511915006,0.0,False,True,-3.158837756293104,-8.939407916499999,-8.1904079165
mp-560380,Ba4Ho(RuO4)3,Ba-Ho-O-Ru,20,0.002341267624999,0.002341267624999,0.0,False,True,-2.524250893749999,-7.497866838999999,-7.085666839
mp-560502,Ba2CuTeO6,Ba-Cu-O-Te,20,0.0,0.0,0.0095574358750045,True,False,-2.177571373166666,-6.2543942205,-5.8421942205
mp-560663,Rb(CoS)2,Co-Rb-S,5,0.0,0.0,0.0044777644999953,True,False,-0.804153500499998,-5.5085860879999995,-12.022888120000001
mp-560699,VBiPbO5,Bi-O-Pb-V,16,0.0,0.0,0.0059849075000002,True,False,-2.02351889125,-7.201817950625,-6.559942950624999
mp-560878,Rb2CoF6,Co-F-Rb,9,0.0,0.0,0.0362552333333381,True,False,-2.481685928333333,-4.76808583,-9.16793889
mp-560902,MnF2,F-Mn,6,0.000218557500001,0.00021855750000100002,0.0,False,True,-2.966748559310345,-7.29665524,-9.899194591666665
mp-560959,KTl2MoF6,F-K-Mo-Tl,10,0.0,0.0,0.0282031005000007,True,False,-2.535024284391668,-5.355332116,-4.757932116
mp-561068,BiAsO4,As-Bi-O,12,0.0,0.0,0.0072104949999998,True,False,-1.771183774166667,-6.49651725125,-17.640068654166665
mp-561122,Gd2SnS5,Gd-S-Sn,16,0.0,0.0,0.0123493793750011,True,False,-1.63737684300781,-20.6011744075,-20.6011744075
mp-561203,F2,F,4,0.002373407499999,0.0023734074999990002,0.0,False,True,0.0023734074999990002,-3.1236545425,-3.1236545425
mp-561243,Sr2CuClO2,Cl-Cu-O-Sr,18,0.0,0.0,0.0530866358333357,True,False,-2.505375169444444,-5.710129779444444,-5.378796446111111
mp-561307,DySCl,Cl-Dy-S,12,0.0,0.0,0.0146333499999986,True,False,-2.466786533437499,-17.856212983333332,-17.856212983333332
mp-561397,SO3,O-S,16,0.0,0.0,0.0031769181250016,True,False,-1.580818240208334,-6.326138422083335,-7.618891705
mp-561400,NaZr2AgF11,Ag-F-Na-Zr,15,0.002971182249998,0.0029711822499980003,0.0,False,True,-3.379161184536398,-6.201323574,-5.862523574
mp-561410,LiFeMoClO4,Cl-Fe-Li-Mo-O,16,0.0,0.0,0.0650504169270895,True,False,-1.956749722291666,-7.314871580625,-6.212371580625
mp-561418,Zr3O,O-Zr,16,0.000898194375,0.0008981943750000001,0.0,False,True,-1.545261101249999,-9.193026824999999,-20.096980198125
mp-561428,NiF3,F-Ni,8,0.0070565275,0.0070565275000000005,0.0,False,True,-1.9116055650000001,-7.2515558175,-7.2515558175
mp-561430,LiLuF4,F-Li-Lu,12,0.0,0.0,0.0097831783333361,True,False,-4.095328204722222,-12.9237779375,-12.9237779375
mp-561500,Cs2NaVF6,Cs-F-Na-V,20,0.0,0.0,0.0598374160000005,True,False,-3.087504034568966,-5.4599736585,-5.0127736585
mp-561586,CsLaS2,Cs-La-S,4,0.0,0.0,0.0005543525,True,False,-2.159362920156248,-19.889689835,-19.889689835
mp-561639,CsSbS2,Cs-S-Sb,16,0.0,0.0,0.01243574125,True,False,-0.854614326406252,-17.5753251225,-17.5753251225
mp-561751,CsErS2,Cs-Er-S,4,0.0,0.0,0.0015891750000003,True,False,-2.108745502239578,-20.8842361575,-20.8842361575
mp-5618,Mg2As2O7,As-Mg-O,11,0.0,0.0,0.0054311593181823,True,False,-2.276241102727271,-6.57050584181818,-9.289698166363637
mp-561808,YbBi2ClO4,Bi-Cl-O-Yb,8,0.0,0.0,0.0780945110937496,True,False,-2.271845920312504,-25.2189083925,-25.2189083925
mp-561902,CsAg3S2,Ag-Cs-S,12,0.0,0.0,0.0743591866666664,True,False,-0.49726753177083305,-18.03796068,-18.03796068
mp-562230,Rb3(Cu4S3)2,Cu-Rb-S,17,0.0,0.0,0.0553141573529405,True,False,-0.658363996323529,-4.220695870000001,-10.996221179411764
mp-562302,KEuSiS4,Eu-K-S-Si,14,0.0,0.0,0.0121966317976189,True,False,-1.52982578675,-6.300453003571429,-6.013024432142857
mp-562418,ZrFeF6,F-Fe-Zr,8,0.0,0.0,0.0083939849999996,True,False,-3.49835055375,-7.060955065,-10.360103992500001
mp-563025,Na6PbO5,Na-O-Pb,12,0.033761816249999,0.033761816249999,0.0,False,True,-1.526727909439655,-4.568625973333334,-4.282375973333333
mp-564,TePd,Pd-Te,4,0.0,0.0,0.0058780837499989,True,False,-0.353706705,-24.542545665,-24.542545665
mp-5646,NdSnAu,Au-Nd-Sn,6,0.0,0.0,0.0069101233333332,True,False,-0.8340292058333281,-4.851229634999996,-35.851815475
mp-5652,Y2Si2O7,O-Si-Y,11,0.012987350075766,0.012987350075766001,0.0,False,True,-3.658035678636363,-8.976630778181818,-12.616700612727273
mp-567172,Cs2NaYbCl6,Cl-Cs-Na-Yb,10,0.0,0.0,0.0938076749999998,True,False,-2.400583374999999,-15.123093248999998,-15.123093248999998
mp-567191,CaAlSi,Al-Ca-Si,15,0.0,0.0,0.0028000532222218,True,False,-0.445902588333333,-7.960621463333334,-7.960621463333334
mp-567197,YSnAu,Au-Sn-Y,6,0.0,0.0,0.0272770483333344,True,False,-0.8165893133333331,-5.414104431666668,-32.801932101666665
mp-567248,Yb4Mn2Sn5,Mn-Sn-Yb,11,0.0,0.0,0.078307717876175,True,False,-0.576329412633232,-27.77770244818182,-27.77770244818182
mp-567249,GdMg2Ni9,Gd-Mg-Ni,12,0.451390201874999,0.451390201874999,0.0,False,True,0.19107078666666602,-5.588786912500001,-5.588786912500001
mp-567276,TaV2,Ta-V,6,0.0,0.0,0.0112218449999996,True,False,-0.11093404577778102,-25.701262103333335,-25.701262103333335
mp-567313,Te,Te,3,0.00098161,0.0009816100000000002,0.0,False,True,0.000981610000001,-25.416242699999998,-25.416242699999998
mp-567318,TlSbSe2,Sb-Se-Tl,16,0.0,0.0,0.0206730556249992,True,False,-0.38881093203124806,-27.265996125,-27.265996125
mp-567332,Ce,Ce,2,0.003860715000001,0.0038607150000010003,0.0,False,True,0.0038607150000010003,-30.836768045,-30.836768045
mp-567338,Pr(SiPt)2,Pr-Pt-Si,5,0.0,0.0,0.075459298000001,True,False,-0.9891786663333341,-6.546853498000002,-31.075156176
mp-567441,HfIN,Hf-I-N,6,0.0,0.0,0.0640943512499969,True,False,-1.659509371666664,-8.266002501666664,-27.926931258333337
mp-567498,Rb2NaTmCl6,Cl-Na-Rb-Tm,10,0.0,0.0,0.010579002,True,False,-2.466064262637931,-4.353718982999999,-3.985318983
mp-567503,PbI2,I-Pb,6,0.0,0.0,0.0001597849999996,True,False,-0.9218665316666631,-3.175423964999998,-35.89967361666667
mp-567515,Rb2Hg2PdBr8,Br-Hg-Pd-Rb,13,0.0,0.0,0.000833824615384,True,False,-1.190028612307692,-2.7943260207692298,-2.465710636153846
mp-567530,KMnCl3,Cl-K-Mn,20,0.0,0.0,0.0002170784999986,True,False,-1.852932281646552,-9.6847153425,-9.6847153425
mp-567542,PbI2,I-Pb,12,0.000786355833331,0.0007863558333310001,0.0,False,True,-0.921080175833331,-3.174637609166666,-35.898887260833334
mp-567594,Cs2HgI4,Cs-Hg-I,14,0.000729107857141,0.0007291078571410001,0.0,False,True,-1.260320411687192,-2.434845788571428,-2.21827436
mp-5676,MnSbPt,Mn-Pt-Sb,3,0.054743462428165,0.054743462428165,0.0,False,True,-0.364117662643674,-6.81816761333333,-31.29349693
mp-567604,GeBr4,Br-Ge,20,0.000976470249998,0.0009764702499980001,0.0,False,True,-1.061006728000001,-3.295169527000001,-14.0823253375
mp-567628,Rb2LiDyBr6,Br-Dy-Li-Rb,10,0.0,0.0,0.0129112333333343,True,False,-2.115091375999999,-3.946095951,-3.625695951
mp-567629,CsPbBr3,Br-Cs-Pb,20,0.004584386999999,0.0045843869999990005,0.0,False,True,-1.629785204431034,-3.5360780535,-25.726876087
mp-567644,RbCu2Br3,Br-Cu-Rb,12,0.0,0.0,0.0139573299999997,True,False,-1.048001235416665,-3.396299071666666,-13.479987308333333
mp-567655,Sr2C(NCl)2,C-Cl-N-Sr,7,0.0,0.0,0.0773951657142877,True,False,-1.857765472142857,-6.570548317142857,-6.291976888571428
mp-567658,Ba2Li3NbN4,Ba-Li-N-Nb,20,0.00557790097619,0.005577900976190001,0.0,False,True,-0.9247732095000011,-6.2266866595,-6.0822866595
mp-567681,CsPbBr3,Br-Cs-Pb,20,0.0,0.0,0.0011619739999968,True,False,-1.634369591431033,-3.5406624405000002,-25.731460474
mp-567736,TaPbSe2,Pb-Se-Ta,4,0.0,0.0,0.0025694675000007,True,False,-0.7593216713645811,-34.1343434925,-34.1343434925
mp-567744,SrBr2,Br-Sr,12,0.001216111166666,0.0012161111666660002,0.0,False,True,-2.504140495000001,-4.159580881666668,-16.2950950575
mp-567752,Cs2In3,Cs-In,10,0.001914818000003,0.0019148180000030002,0.0,False,True,-0.296690023000002,-23.887225451,-23.887225451
mp-567768,YbCuGe,Cu-Ge-Yb,6,0.0,0.0,0.0057049208333332,True,False,-0.7608316233333361,-21.176882411666668,-21.176882411666668
mp-567849,Er2Al3Co,Al-Co-Er,12,0.0,0.0,0.0066005668750017,True,False,-0.488614176666666,-5.072877815000001,-17.390643600833332
mp-567889,TiGe2,Ge-Ti,6,0.046053947833332,0.046053947833332005,0.0,False,True,-0.392877595555556,-13.95344832,-13.95344832
mp-567909,Pr(NiSn)2,Ni-Pr-Sn,5,0.0,0.0,0.0476502120000006,True,False,-0.48377720433333704,-5.358754910000004,-21.068904956
mp-567927,ZrAlPt,Al-Pt-Zr,18,0.004510663333332,0.004510663333332001,0.0,False,True,-1.043460199999997,-7.164930126666665,-28.15025461388889
mp-567982,TaSn2,Sn-Ta,12,0.046035172777777,0.046035172777777,0.0,False,True,0.012022175888887002,-32.682711248333334,-32.682711248333334
mp-568005,CsYbBr3,Br-Cs-Yb,5,0.145285499666663,0.14528549966666301,0.0,False,True,-1.8053148135000012,-22.088209028,-22.088209028
mp-568014,Nb3Bi,Bi-Nb,8,0.0,0.0,0.0313003787500001,True,False,-0.030583905,-33.20670832875,-33.20670832875
mp-568052,K2Ga3,Ga-K,10,0.000102776549999,0.000102776549999,0.0,False,True,-0.1379900434,-2.407395546000001,-9.503948985000001
mp-568077,TaFe2,Fe-Ta,12,0.0,0.0,0.0129453349999995,True,False,-0.19293761577777901,-9.79526093666667,-25.877467640833334
mp-568080,CeP2,Ce-P,12,0.002965294166667,0.0029652941666670003,0.0,False,True,-1.194350468650791,-17.475944263333332,-17.475944263333332
mp-568168,Rb(In3Au2)2,Au-In-Rb,11,0.0,0.0,0.0009872747727266,True,False,-0.247203897045451,-3.031849763636361,-32.29987783909091
mp-568177,CaAlSiH,Al-Ca-H-Si,4,0.005182762499999,0.005182762499999,0.0,False,True,-0.466630160625,-6.9664474171875,-4.032337645
mp-568182,Ce(CoAs)2,As-Ce-Co,5,0.0,0.0,0.0315667819999996,True,False,-0.7197202689999941,-6.628525943999994,-18.109926766
mp-568208,IrCl3,Cl-Ir,16,0.0,0.0,0.0024598193749998,True,False,-0.624767009999999,-18.328934545625,-18.328934545625
mp-568263,GaSe,Ga-Se,16,0.0,0.0,0.0002655612499999,True,False,-0.69001870828125,-13.56718679875,-13.56718679875
mp-568264,SiSe2,Se-Si,6,0.004154867083331,0.0041548670833310005,0.0,False,True,-0.514418671041667,-12.980047023333334,-12.980047023333334
mp-568284,SrI2,I-Sr,12,0.0,0.0,0.0126914374999991,True,False,-1.961197940833329,-3.5413490474999962,-23.361558143333337
mp-568346,HfBrN,Br-Hf-N,6,0.0,0.0,0.0324831258333304,True,False,-2.005601068333334,-8.649738838333334,-24.48750686833333
mp-568430,BaRh2,Ba-Rh,6,0.0,0.0,0.0276898391666682,True,False,-0.090883238333335,-5.640080131666669,-24.991956298333335
mp-568476,BiPd2Pb,Bi-Pb-Pd,16,0.007578611874997,0.007578611874997001,0.0,False,True,-0.275683045625001,-40.452761814375,-40.452761814375
mp-568526,SrHg2,Hg-Sr,6,0.0,0.0,0.0078491,True,False,-0.48636248833333406,-1.256953209999996,-38.49978891666667
mp-568539,LaInRh,In-La-Rh,9,0.0,0.0,0.0021648916666672,True,False,-0.7203787472222211,-5.74020832,-26.305168164444446
mp-568559,YbAg2,Ag-Yb,6,0.095202675000003,0.09520267500000301,0.0,False,True,-0.26388218,-26.677593204999997,-26.677593204999997
mp-568560,TlBr,Br-Tl,2,0.004668182499997,0.004668182499997,0.0,False,True,-1.146353669166671,-3.150562995000001,-34.191586625
mp-568625,La3(SiPd)4,La-Pd-Si,11,0.025769969772728,0.025769969772728003,0.0,False,True,-0.9581003359090691,-20.61002882999998,-6.140006788181818
mp-568628,CsHg5Cl11,Cl-Cs-Hg,17,0.002867528823526,0.0028675288235260003,0.0,False,True,-1.173408340715015,-2.51401472647059,-20.86549349117647
mp-568666,RbAuI3,Au-I-Rb,10,0.0,0.0,0.0010140940000002,True,False,-0.9100505774999991,-2.675341360999999,-28.426661324999998
mp-568687,TbGa2Co3,Co-Ga-Tb,6,0.0,0.0,0.0146555533333341,True,False,-0.37003990861110503,-5.719090879999995,-15.940032171666667
mp-568695,CaCdSn,Ca-Cd-Sn,9,0.0,0.0,0.0081667272222225,True,False,-0.487043260555554,-2.812103902222222,-17.876620193333334
mp-568711,VPd3,Pd-V,4,0.0,0.0,0.0174177575000005,True,False,-0.266354059999997,-21.0090882,-21.0090882
mp-568722,CdBr2,Br-Cd,6,0.0,0.0,0.0009849466666667,True,False,-1.226469973333333,-2.6377710600000013,-16.596712248333333
mp-568744,Ba2Cd3Bi4,Ba-Bi-Cd,18,0.001447452777776,0.0014474527777760002,0.0,False,True,-0.45274788055555903,-2.928094290555558,-39.13558821555555
mp-568830,TmInAu2,Au-In-Tm,4,0.000762892777778,0.000762892777778,0.0,False,True,-0.778851024999994,-40.4962407675,-40.4962407675
mp-568880,YInPd2,In-Pd-Y,4,0.0,0.0,0.0005091149999998,True,False,-0.866197379999999,-23.06947202,-23.06947202
mp-568931,YbNiSb,Ni-Sb-Yb,3,0.0,0.0,0.0924797116666669,True,False,-1.001248031666667,-25.740385256666666,-25.740385256666666
mp-568944,Yb5Au3,Au-Yb,16,0.065996709062503,0.065996709062503,0.0,False,True,-0.7737768674999971,-42.573998664375,-42.573998664375
mp-568949,TlBr,Br-Tl,4,0.0,0.0,0.0215989250000001,True,False,-1.151021851666669,-3.155231177499999,-34.1962548075
mp-569073,LiSn,Li-Sn,6,0.0,0.0,0.0068022433333334,True,False,-0.325866989166666,-3.28511435,-13.909353045000001
mp-569106,Yb2CdSb2,Cd-Sb-Yb,10,0.294611543999995,0.294611543999995,0.0,False,True,-0.7229657420000021,-29.638241086,-29.638241086
mp-569118,Cs3MnI5,Cs-I-Mn,18,0.0,0.0,0.005320902777778,True,False,-1.421442310766285,-3.588776875000001,-25.153877805555553
mp-569125,Mg3In,In-Mg,4,0.016354179999998,0.016354179999998,0.0,False,True,-0.057869260416666006,-1.9705152075,-8.8613134275
mp-569152,SnCl2,Cl-Sn,12,0.000459859166664,0.00045985916666400005,0.0,False,True,-1.0545792825,-13.404933140833334,-13.404933140833334
mp-569200,Eu(Al2Fe)4,Al-Eu-Fe,13,0.0,0.0,0.0040672053846151,True,False,-0.356285661153845,-6.058808999230768,-11.852292947692309
mp-569249,Ta3Au,Au-Ta,8,0.0,0.0,0.0676128831730764,True,False,-0.054570624250004,-49.14468519625,-49.14468519625
mp-569267,Ca2CdSb2,Ca-Cd-Sb,20,0.0,0.0,0.0032367889999997,True,False,-0.854672659499999,-3.5005151455,-18.068894153
mp-569320,Sm3Ge5,Ge-Sm,16,0.000200594374998,0.000200594374998,0.0,False,True,-0.7435294250000011,-5.402391635000001,-20.63652214125
mp-569410,PCl5,Cl-P,18,0.0,0.0,0.0148773055555553,True,False,-0.650811190079366,-7.278189656666667,-7.278189656666667
mp-569411,La3ScBi5,Bi-La-Sc,18,0.006358309444443,0.006358309444443,0.0,False,True,-1.03645002722222,-44.719138548888886,-44.719138548888886
mp-569424,Cr2B,B-Cr,12,0.067649685833332,0.067649685833332,0.0,False,True,-0.20619314833333302,-12.7038728075,-12.7038728075
mp-569426,SrZn2,Sr-Zn,6,0.0,0.0,0.0101524083333333,True,False,-0.22804347333333402,-11.2169989,-11.2169989
mp-569442,RbAuCl4,Au-Cl-Rb,12,0.0,0.0,7.53974999998519e-05,True,False,-1.3371062620833332,-3.278537474166666,-15.909007135000001
mp-569558,AlAu2,Al-Au,12,0.0,0.0,0.0012172683333329,True,False,-0.333313270833334,-36.30065281416667,-36.30065281416667
mp-569571,Nb3Sb2Te5,Nb-Sb-Te,20,0.0,0.0,0.0176032198999989,True,False,-0.644887052833331,-6.072731759499999,-25.7302933225
mp-569605,Yb2Tl,Tl-Yb,12,0.0,0.0,0.0079445096666668,True,False,-0.36262339000000504,-42.44197744,-42.44197744
mp-569628,CaCdAu,Au-Ca-Cd,12,0.0,0.0,0.0057652841666664,True,False,-0.608601469166665,-2.6884321591666662,-26.582795575000002
mp-569639,TlCl,Cl-Tl,2,0.006233657499997,0.0062336574999970005,0.0,False,True,-1.31958458666667,-3.429592044999999,-30.77080446
mp-569671,ZrSb,Sb-Zr,8,0.008003260000002,0.008003260000002,0.0,False,True,-0.801805910000002,-25.0298597275,-25.0298597275
mp-569673,PrI2,I-Pr,12,0.0,0.0,0.032481665833334,True,False,-1.567806443055554,-4.182305339166665,-27.70708247
mp-569675,Tl2Hg2PdCl8,Cl-Hg-Pd-Tl,13,0.0,0.0,0.0032752369230761,True,False,-1.100098677051284,-3.04859964,-2.670753486153846
mp-569677,Sr2IN,I-N-Sr,4,0.0,0.0,0.0003119224999998,True,False,-1.273546459999999,-4.585333094999999,-17.290385985
mp-569683,InAu3,Au-In,8,0.00018088363636,0.00018088363636000002,0.0,False,True,-0.149090706249999,-43.73245841375,-43.73245841375
mp-569737,Tb(SiPt)2,Pt-Si-Tb,5,0.0,0.0,0.0582481899999995,True,False,-1.113413916000001,-31.463293344,-31.463293344
mp-569776,TaNi3,Ni-Ta,16,0.0,0.0,0.0022424562499994,True,False,-0.32708908495833405,-21.461335133125,-21.461335133125
mp-569803,B2W,B-W,12,0.0,0.0,0.0287683416666659,True,False,-0.320738852499999,-22.340906444166666,-22.340906444166666
mp-569859,MnTl2SnTe4,Mn-Sn-Te-Tl,8,0.0,0.0,0.034842306931818,True,False,-0.440537989533047,-4.25150735875,-4.04050735875
mp-569877,Dy2InGe2,Dy-Ge-In,10,0.002585501666644,0.002585501666644,0.0,False,True,-0.8034714730000011,-23.660701871,-23.660701871
mp-569881,Sr(NiSb)2,Ni-Sb-Sr,5,0.0,0.0,0.0115410120000003,True,False,-0.596464901999993,-4.898605687999995,-18.654909322
mp-569894,La4B4Cl5,B-Cl-La,13,0.0,0.0,0.0310985030769233,True,False,-1.737931922820511,-6.022878807692306,-15.498825333846154
mp-569940,K3Bi,Bi-K,8,0.000441908749998,0.00044190874999800004,0.0,False,True,-0.500781259062502,-19.6400476475,-19.6400476475
mp-569961,Sr8Mn2FeN8,Fe-Mn-N-Sr,19,0.0,0.0,0.0137158214035064,True,False,-0.843027991887477,-6.476696332631579,-6.324696332631579
mp-570005,SbBr3,Br-Sb,16,0.0,0.0,0.0214765618750001,True,False,-1.008689353124999,-3.268649564375,-17.05507509
mp-570014,YbSbPt,Pt-Sb-Yb,3,0.0,0.0,0.0866372658333336,True,False,-1.378672905000002,-39.28647671,-39.28647671
mp-570081,CuI,Cu-I,4,0.0,0.0,0.019633315,True,False,-0.34341796833333205,-3.155027610833333,-17.90113337
mp-570113,BiAu2,Au-Bi,6,0.00090746,0.0009074600000000001,0.0,False,True,0.0009074599999980001,-53.22315722166667,-53.22315722166667
mp-570150,CaAlSi,Al-Ca-Si,18,0.000506135555556,0.0005061355555560001,0.0,False,True,-0.445396452777777,-7.960115327777777,-7.960115327777777
mp-570180,YbPt,Pt-Yb,8,0.0,0.0,0.0320418,True,False,-1.464130011249999,-45.47267785375,-45.47267785375
mp-570183,Pr(AsPd)2,As-Pd-Pr,5,0.0,0.0,0.0250994830000026,True,False,-0.8529325593333341,-5.752028588000002,-21.881545382
mp-570199,Ti3Pd5,Pd-Ti,8,0.000825531250001,0.000825531250001,0.0,False,True,-0.6267247837499951,-19.82866717,-19.82866717
mp-570219,InBr3,Br-In,8,0.0,0.0,0.00016713125,True,False,-1.239028326666666,-3.15653166375,-16.6105462725
mp-570259,MgCl2,Cl-Mg,3,0.000639126666666,0.000639126666666,0.0,False,True,-2.254810721666666,-4.030662593333333,-7.568387166666667
mp-570270,NbSeCl3,Cl-Nb-Se,20,0.0,0.0,0.0843826635800013,True,False,-1.245848912812499,-12.7464392275,-12.7464392275
mp-570291,DyGa3,Dy-Ga,4,0.04095822,0.040958220000000004,0.0,False,True,-0.550739958749999,-17.1282727275,-17.1282727275
mp-570298,Ba(SbAu)2,Au-Ba-Sb,10,0.0102993655,0.010299365500000001,0.0,False,True,-0.6094389680000031,-3.954387252000003,-36.471417233
mp-570308,Eu(NiSb)2,Eu-Ni-Sb,5,0.0,0.0,0.0216682059999993,True,False,-0.6209355390000041,-6.642213090000004,-23.369610815999998
mp-570340,AgAuCl4,Ag-Au-Cl,12,0.0,0.0,0.0005357908333341,True,False,-0.45443635000000104,-16.546201830833333,-16.546201830833333
mp-570370,SnPSe3,P-Se-Sn,20,0.002049227499997,0.0020492274999970002,0.0,False,True,-0.288478995032735,-15.625067152,-15.625067152
mp-570377,Sn3As4,As-Sn,7,0.0,0.0,0.0327821906349194,True,False,-0.064334008571429,-19.074144764285712,-19.074144764285712
mp-570436,CaIr2,Ca-Ir,6,0.0,0.0,0.0204267908333335,True,False,-0.534670940000002,-37.78700447333333,-37.78700447333333
mp-570437,CdI2,Cd-I,9,0.0,0.0,0.0262952677777774,True,False,-0.827083558444443,-2.16309536511111,-23.792948917777778
mp-570443,Tl2CN2,C-N-Tl,15,0.053579225166664,0.053579225166664,0.0,False,True,0.053579225166667,-26.85908991333333,-26.85908991333333
mp-570466,Li2Ca,Ca-Li,12,0.0,0.0,0.0037255466666668,True,False,-0.019342178611111,-3.9565776875000003,-3.9565776875000003
mp-570482,Ba(AlGe)2,Al-Ba-Ge,20,0.0,0.0,0.0370172745000001,True,False,-0.39657781400000003,-4.127814276,-14.006379874999999
mp-570491,TaNi3,Ni-Ta,4,0.000261238125002,0.000261238125002,0.0,False,True,-0.32682784683333205,-21.461073895,-21.461073895
mp-570597,La2GeI2,Ge-I-La,5,0.003172466,0.003172466,0.0,False,True,-1.445252525000001,-4.953865984000001,-26.006622796
mp-570632,ScBi,Bi-Sc,2,0.0,0.0,0.0138740825000001,True,False,-0.809993955000003,-35.760374505,-35.760374505
mp-570707,NdSe2,Nd-Se,12,0.000500132697915,0.000500132697915,0.0,False,True,-1.887452508541666,-21.234495656666667,-21.234495656666667
mp-570769,CaInCu4,Ca-Cu-In,6,0.020469135833332,0.020469135833332,0.0,False,True,-0.18192813333333402,-12.349272813333334,-12.349272813333334
mp-570863,CrCoPt2,Co-Cr-Pt,4,0.036714289166669,0.036714289166669,0.0,False,True,-0.13019943749999702,-7.362382144999998,-33.11259626
mp-570864,Er5NiPb3,Er-Ni-Pb,18,0.0,0.0,0.0014390201388891,True,False,-0.513024055,-4.930432048333336,-39.57227169222222
mp-570872,CeCo3,Ce-Co,12,0.02781178,0.02781178,0.0,False,True,-0.147834257499998,-6.982134264999999,-17.70210361166667
mp-570879,CaCuSn,Ca-Cu-Sn,18,0.0,0.0,0.0119321011111108,True,False,-0.44361545222222104,-3.815074920555555,-14.70244532888889
mp-570886,BeI2,Be-I,6,0.006735296666666,0.006735296666666,0.0,False,True,-0.8296143583333341,-3.092093723333334,-18.483932593333332
mp-570896,Tl2Pd,Pd-Tl,6,0.0,0.0,0.0023723011111109,True,False,-0.15898911666666501,-43.26534337333334,-43.26534337333334
mp-570899,YbNi2Sn,Ni-Sn-Yb,4,0.0,0.0,0.0749047237500004,True,False,-0.50672605375,-21.816475275,-21.816475275
mp-570901,Yb2Au,Au-Yb,12,0.0,0.0,0.0062930083333334,True,False,-0.7852546008333351,-41.99982717416667,-41.99982717416667
mp-570959,Dy2CdSe4,Cd-Dy-Se,14,0.0,0.0,0.0113876407142869,True,False,-1.7692832596726191,-5.223627139285717,-21.964079655714283
mp-571039,CaAlPd,Al-Ca-Pd,12,0.0,0.0,0.0036113458333337,True,False,-0.753648914166667,-12.997264127500001,-12.997264127500001
mp-571079,TlCl,Cl-Tl,4,0.0,0.0,0.0190301600000002,True,False,-1.325818244166667,-3.435825702499997,-30.7770381175
mp-571096,FeCl2,Cl-Fe,3,0.0,0.0,0.0031608700000003,True,False,-1.1476221366666661,-5.203324406666667,-9.914302773333334
mp-571122,FeI2,Fe-I,3,0.0,0.0,0.0015862525000001,True,False,-0.35320006000000004,-4.192548873333334,-21.454866526666667
mp-571143,TiCl3,Cl-Ti,8,0.01605232499998,0.01605232499998,0.0,False,True,-1.791129423541667,-9.63989785,-9.63989785
mp-571160,Tl2Pt,Pt-Tl,6,0.0,0.0,0.0272811438888895,True,False,-0.10629864666666801,-52.72174066666667,-52.72174066666667
mp-571212,Yb5Ag3,Ag-Yb,16,0.045747249999998,0.045747249999998005,0.0,False,True,-0.230674216249997,-31.06998988625,-31.06998988625
mp-571215,Ca2Sb4Pd3,Ca-Pd-Sb,18,0.0,0.0,0.0026937183333322,True,False,-0.821918418333332,-4.829346212777778,-4.744012879444444
mp-571222,CsBr,Br-Cs,2,0.005111849999998,0.005111849999998,0.0,False,True,-2.046601577327585,-3.319063629999998,-21.19285246
mp-571363,YbSbPd,Pd-Sb-Yb,3,0.0,0.0,0.079773934166667,True,False,-1.226686474999998,-29.625402516666668,-29.625402516666668
mp-571405,NdTl,Nd-Tl,2,0.0,0.0,0.0050972549999999,True,False,-0.38732067541667003,-3.957130450000001,-41.80824392
mp-571467,Cs2NaYBr6,Br-Cs-Na-Y,10,0.0,0.0,0.0014777084999995,True,False,-2.157973410068965,-4.106818073,-3.786418073
mp-571499,TaIr,Ir-Ta,12,0.0,0.0,0.0048283449999999,True,False,-0.6471931228333381,-51.122786204166665,-51.122786204166665
mp-571500,Ho(FeB)2,B-Fe-Ho,5,0.0,0.0,0.0023759072903226,True,False,-0.44229857666666406,-7.421599662,-15.64153791
mp-571554,PrAlSi2,Al-Pr-Si,8,0.0,0.0,0.0395507937500001,True,False,-0.439967944166666,-5.28788878125,-13.94089635875
mp-571566,Li2ZnSi,Li-Si-Zn,16,0.0,0.0,0.0039195924999995,True,False,-0.267694867291667,-2.893421710624999,-2.911171710625
mp-571571,CeTe3,Ce-Te,8,0.207731057916667,0.20773105791666702,0.0,False,True,-1.322284103749997,-5.164000991249999,-4.84750099125
mp-571608,Yb3Ag2,Ag-Yb,10,0.045435116,0.045435116000000005,0.0,False,True,-0.249414447999998,-30.709392577,-30.709392577
mp-571642,CaCl2,Ca-Cl,12,0.0,0.0,0.0010945400000004,True,False,-2.647301069166667,-9.095024900833334,-9.095024900833334
mp-572596,TlIn3S5,In-S-Tl,18,0.000894145138883,0.0008941451388830001,0.0,False,True,-0.8063226478703711,-4.288098415555557,-18.622249154444447
mp-572767,CsAuF4,Au-Cs-F,12,0.0,0.0,0.0167673291666679,True,False,-1.9246664358333332,-16.6242539275,-16.6242539275
mp-572797,Cs2IrF6,Cs-F-Ir,9,0.0,0.0,0.0051238033333351,True,False,-2.396600496666666,-15.87798129111111,-15.87798129111111
mp-573204,Cs2KBiF6,Bi-Cs-F-K,10,0.0,0.0,0.0068795414999991,True,False,-2.932455240656035,-4.7645025830000005,-4.487302583
mp-573376,Lu2CCl2,C-Cl-Lu,5,0.0,0.0,0.0001053579999998,True,False,-1.8175836356666681,-6.211872266,-21.514979164
mp-573498,Yb(AlGa)2,Al-Ga-Yb,5,0.042551519999994,0.042551519999994,0.0,False,True,-0.37132920699999905,-14.947154676,-14.947154676
mp-573523,Sr8Fe3N8,Fe-N-Sr,19,0.0,0.0,0.0247787582456124,True,False,-0.769955628421052,-6.330782486842104,-13.274877954210528
mp-573697,CsCl,Cl-Cs,2,0.00714125,0.007141250000000001,0.0,False,True,-2.164455996249998,-17.794901945,-17.794901945
mp-573763,Cs2Te,Cs-Te,12,0.0,0.0,0.0168417149999999,True,False,-1.220100983333334,-26.431477753333336,-26.431477753333336
mp-573891,K2Ag4Se3,Ag-K-Se,18,0.0,0.0,4.494972222168769e-05,True,False,-0.6632701742442101,-3.343517351111109,-16.225823298333335
mp-574086,SiBr4,Br-Si,20,5.669625000148672e-05,5.6696250001486724e-05,0.0,False,True,-1.260897489999997,-3.6555183239999973,-13.281002062499999
mp-574283,GdTe,Gd-Te,2,0.064618484999996,0.064618484999996,0.0,False,True,-1.537004795000001,-35.9441196,-35.9441196
mp-574599,CsAuSe,Au-Cs-Se,6,0.0,0.0,0.0003983866666668,True,False,-0.8916692380208341,-30.89332703166667,-30.89332703166667
mp-5748,HfAlNi2,Al-Hf-Ni,4,0.0,0.0,0.0108519949999994,True,False,-0.6473235700000011,-19.60906058,-19.60906058
mp-5757,CeB2Rh3,B-Ce-Rh,6,0.0,0.0,0.009795843333336,True,False,-0.765778537499999,-20.422782378333334,-20.422782378333334
mp-5773,BaRuO3,Ba-O-Ru,15,0.001936062166667,0.0019360621666670002,0.0,False,True,-2.188219010333334,-7.395671109333334,-15.988337373333334
mp-5777,BaTiO3,Ba-O-Ti,5,0.0,0.0,0.0004476780000004,True,False,-3.492277977666666,-8.423947971999999,-14.83616216
mp-5787,SrCuO2,Cu-O-Sr,8,7.25637499989773e-05,7.25637499989773e-05,0.0,False,True,-2.077615858749999,-5.99950505125,-11.41370405125
mp-579536,CsCu2ICl2,Cl-Cs-Cu-I,12,0.0,0.0,0.0624295325000003,True,False,-1.139822898275862,-3.527737752499999,-14.951190350833334
mp-579605,Cs2KEuCl6,Cl-Cs-Eu-K,10,0.00503532575,0.005035325750000001,0.0,False,True,-2.318157430156035,-4.7508267879999995,-4.382426788
mp-579628,Gd2Tl,Gd-Tl,6,0.7628240916666651,0.7628240916666651,0.0,False,True,0.46737612166667003,-46.190395605,-46.190395605
mp-580126,Sm3Ge5,Ge-Sm,16,0.0,0.0,0.0034763049999995,True,False,-0.743730019374999,-5.402592229374999,-20.636722735625
mp-580234,Fe3RhN,Fe-N-Rh,5,0.0,0.0,0.0065806950000038,True,False,-0.14610608499999903,-8.368635934,-15.447662294
mp-580357,Cu3Pd,Cu-Pd,4,0.004421831071429,0.004421831071429,0.0,False,True,-0.095113082499999,-13.970323485,-13.970323485
mp-580631,Cs2KTbCl6,Cl-Cs-K-Tb,10,0.0,0.0,0.0119767029999957,True,False,-2.514091067322701,-4.381735596,-4.013335596
mp-580941,AgI,Ag-I,8,0.0,0.0,0.0175226749999994,True,False,-0.46775989833333204,-2.651235045,-23.266569845
mp-581024,CsK2Sb,Cs-K-Sb,4,0.0,0.0,0.0116084781249994,True,False,-0.556562996875001,-16.2693871475,-16.2693871475
mp-5820,Ce(CoP)2,Ce-Co-P,5,0.0,0.0,0.0177224559999995,True,False,-1.002406097857165,-7.209352170000024,-16.081839674
mp-5821,TaAgS3,Ag-S-Ta,10,0.0,0.0,0.0043603684444324,True,False,-0.9555403932999991,-6.379952065,-19.587416722
mp-582142,Ce3Bi4Pd3,Bi-Ce-Pd,20,0.069359501999997,0.069359501999997,0.0,False,True,-0.8558810625000031,-40.3971152715,-40.3971152715
mp-582242,La8Ni4Br7,Br-La-Ni,19,0.0,0.0,0.0065948557894754,True,False,-1.374667487631579,-5.272942714210527,-5.076205872105263
mp-582618,Eu2C(NCl)2,C-Cl-Eu-N,7,0.0,0.0,0.0725734385714318,True,False,-1.788396470714288,-8.95708898,-8.678517551428572
mp-583,CoAs,As-Co,8,0.004044105624998,0.0040441056249980005,0.0,False,True,-0.213544173750001,-14.1844252325,-14.1844252325
mp-5831,Cu(SbO3)2,Cu-O-Sb,18,0.004815776111111,0.0048157761111110005,0.0,False,True,-1.639420865555554,-6.311084774444444,-12.300289823333333
mp-5862,CrCuS2,Cr-Cu-S,4,0.037529580000009,0.037529580000009,0.0,False,True,-0.768421636249998,-6.2751840275,-11.246795175
mp-5908,CeAsS,As-Ce-S,6,0.024709728333331,0.024709728333331002,0.0,False,True,-1.801925272604165,-19.6626575975,-6.472618241666667
mp-5927,Cs2Mn3Te4,Cs-Mn-Te,18,0.0,0.0,0.0044692324521085,True,False,-0.9493663031609221,-22.720011555,-22.720011555
mp-5942,NaAsS2,As-Na-S,16,0.0,0.0,0.0015300468749996,True,False,-0.707556392656249,-9.292502895625,-9.292502895625
mp-5970,Ba(CuS)2,Ba-Cu-S,20,0.0,0.0,0.0130011789999979,True,False,-1.126581507999994,-4.805018248999994,-13.9227423875
mp-5992,LaB2Ir2C,B-C-Ir-La,6,0.0,0.0,0.0554994779166637,True,False,-0.5747661847222211,-8.108539793333334,-8.108539793333334
mp-6015,LiSiNO,Li-N-O-Si,16,0.0,0.0,0.0720157783333341,True,False,-2.120794075208334,-7.2759139868750005,-8.645413670625
mp-601823,TaTe2,Ta-Te,9,0.002648021111108,0.0026480211111080004,0.0,False,True,-0.6384653054074061,-6.689645081851852,-33.55992097
mp-604153,LaCr2Si2C,C-Cr-La-Si,6,0.000145608333332,0.000145608333332,0.0,False,True,-0.40517255500000104,-7.792459346666667,-14.975783016666666
mp-604321,Rb,Rb,4,0.0022357275,0.0022357275,0.0,False,True,0.0022357275,-0.978298345,-0.978298345
mp-604496,CeSiHRu,Ce-H-Ru-Si,8,0.0,0.0,0.0438621197499955,True,False,-0.770666635312499,-6.778625855,-6.751625855
mp-604516,Y2AlNi2,Al-Ni-Y,5,0.002298067499997,0.0022980674999970004,0.0,False,True,-0.513972116,-6.178778554000002,-14.785996739999998
mp-604884,BN,B-N,4,0.0,0.0,0.0041534174999995,True,False,-1.412978993125001,-9.6505314275,-9.6505314275
mp-605786,Eu2BrO2,Br-Eu-O,10,0.000404081333337,0.000404081333337,0.0,False,True,-3.080129076000003,-9.501947551,-23.447434626
mp-6058,K2NaScF6,F-K-Na-Sc,10,0.0,0.0,0.0054992259999995,True,False,-3.56599070808793,-5.7079950660000005,-5.430795066
mp-605854,Gd3Co11B4,B-Co-Gd,18,0.0,0.0,0.0003535458760683,True,False,-0.32778133370369905,-8.517421207222217,-17.227278000555557
mp-6059,Cs2KYF6,Cs-F-K-Y,10,0.0,0.0,0.0032459254999999,True,False,-3.579909350656033,-5.673862412,-5.396662411999999
mp-607298,Cs2Pd(ICl2)2,Cl-Cs-I-Pd,9,0.0,0.0,0.0796601502222258,True,False,-1.437699943256705,-3.375259207777778,-3.018148096666666
mp-6074,KRb2TiF6,F-K-Rb-Ti,10,0.0,0.0,0.0063834560000008,True,False,-3.298384584558333,-5.545488998,-5.268288998
mp-608,TiCo3,Co-Ti,4,0.040453574999999,0.040453574999999006,0.0,False,True,-0.16309942166666602,-13.3232120225,-13.3232120225
mp-608016,Mg(FeO2)2,Fe-Mg-O,14,0.0,0.0,0.0066882457142858,True,False,-2.165017080714286,-7.645353717142858,-10.145007292142859
mp-608146,Gd2S3,Gd-S,20,0.142553472500001,0.142553472500001,0.0,False,True,-2.192290453687496,-24.37151491,-24.37151491
mp-608517,EuSnPt,Eu-Pt-Sn,12,0.0,0.0,0.0057470466666664,True,False,-0.9234220133333351,-7.713027710000001,-39.27518257916667
mp-608777,Eu(InAs)2,As-Eu-In,10,0.0,0.0,0.0018788239999993,True,False,-0.59517001166667,-5.624510905000003,-23.420921616999998
mp-610687,CeSnRu,Ce-Ru-Sn,6,0.0,0.0,0.0091308608333333,True,False,-0.627678915833329,-7.034653670833332,-27.696832222500003
mp-610706,Cs2CoF6,Co-Cs-F,9,0.0,0.0,0.04459058888889,True,False,-2.472950881034483,-4.743227115555555,-11.66501167
mp-610738,Zr(InBr3)2,Br-In-Zr,18,0.0,0.0,0.0204959294444408,True,False,-1.446075890925921,-4.100267816111107,-17.651110221666666
mp-611,Ag3Sn,Ag-Sn,8,0.01317748125,0.013177481250000001,0.0,False,True,0.013177481250000001,-22.1902763225,-22.1902763225
mp-611062,EuSb2,Eu-Sb,6,0.0,0.0,0.0090082000000002,True,False,-0.8430464066666701,-7.025084538333336,-30.81173756
mp-613,Te2Pd3,Pd-Te,10,0.0,0.0,0.0511523109999991,True,False,-0.3376539,-24.28081579,-24.28081579
mp-613162,CsSnSe3,Cs-Se-Sn,10,0.003953938999998,0.003953938999998,0.0,False,True,-0.8075934474375001,-19.365456942,-3.760277457
mp-614455,GdCu,Cu-Gd,2,0.009389447500002,0.009389447500002,0.0,False,True,-0.14120216499999902,-27.263102815,-27.263102815
mp-614777,NiF3,F-Ni,8,0.0,0.0,0.0816923100000002,True,False,-1.9186620925,-7.258612345,-7.258612345
mp-614803,Cs2TeO3,Cs-O-Te,12,0.0,0.0,0.0034239624999994,True,False,-1.826989690162835,-5.127513698333334,-17.225428524166666
mp-616196,OsC3I2O3,C-I-O-Os,18,0.0,0.0,0.0400560233333324,True,False,-0.9219372133333331,-7.234406503333334,-6.9211842811111115
mp-616220,Rb3(Cu4Se3)2,Cu-Rb-Se,17,0.0,0.0,0.0128134782352886,True,False,-0.6173688345036741,-3.953293801764704,-13.166197854705883
mp-616573,Cs2V5O13,Cs-O-V,20,0.001067443749991,0.001067443749991,0.0,False,True,-2.410337946715519,-7.988286874500001,-12.4437283325
mp-617291,Mn5Ge3,Ge-Mn,16,0.0,0.0,0.0154799593750007,True,False,-0.10672375995689601,-7.566618763125,-14.66334074875
mp-6181,NaNb(CuS2)2,Cu-Na-Nb-S,16,0.0,0.0,0.0154236638020837,True,False,-0.9970451157974121,-5.520923866875,-5.269423866875
mp-618324,ZrCo3B2,B-Co-Zr,18,0.041130589999999,0.041130589999999,0.0,False,True,-0.49222402666666804,-13.349756308333333,-13.349756308333333
mp-618813,Gd2Br3,Br-Gd,10,0.007978507000004,0.007978507000004001,0.0,False,True,-1.846708126999996,-8.459324943999997,-27.046834416000003
mp-618999,Pr4NiI5,I-Ni-Pr,20,0.0,0.0,0.0009787824999998,True,False,-1.277652909666668,-4.535861468500002,-26.5153515135
mp-621024,Gd6C3Cl5,C-Cl-Gd,14,0.0,0.0,0.0022232364284988,True,False,-1.592394811785729,-10.263280195714302,-24.49694367714286
mp-6215,AgHgAsS3,Ag-As-Hg-S,12,0.0,0.0,0.0030451670833349,True,False,-0.36442808402777704,-3.736915648333332,-18.429313098333335
mp-622009,TaNi2TeSe,Ni-Se-Ta-Te,20,0.0,0.0,0.0726044476153813,True,False,-0.642832238268748,-6.656115892999999,-6.477315892999999
mp-622620,ErNiSn,Er-Ni-Sn,12,0.0,0.0,0.0032112755555555,True,False,-0.6682833075000041,-5.454092422500007,-24.252364484166666
mp-623024,TiCdF6,Cd-F-Ti,8,0.0,0.0,0.0039219387499995,True,False,-3.277109955416666,-5.8194370125,-9.66388696375
mp-623089,CaCdPb,Ca-Cd-Pb,9,0.0,0.0,0.0032797238888875,True,False,-0.37421893,-2.600304643333336,-28.31043690888889
mp-623532,Eu,Eu,1,0.031110114999997,0.031110114999997003,0.0,False,True,0.031110114999997003,-38.4897726,-38.4897726
mp-624492,Li(Fe3Ge2)2,Fe-Ge-Li,11,0.02025493583333,0.02025493583333,0.0,False,True,-0.16760704121212,-6.642258090909092,-13.224464780909091
mp-624909,LaNb2CuBrO7,Br-Cu-La-Nb-O,12,0.053744971994053,0.053744971994053,0.0,False,True,-2.77292445625,-8.232132575,-7.786882575
mp-625054,AlHO2,Al-H-O,8,0.007370145624999,0.007370145624999,0.0,False,True,-2.6454554365625,-6.90462150625,-8.0565302325
mp-625150,ScHO2,H-O-Sc,8,0.009073969999999,0.009073969999999001,0.0,False,True,-2.9613998003125,-7.86728918875,-9.50937316375
mp-625152,AlHO2,Al-H-O,16,0.0,0.0,0.0058256175000002,True,False,-2.6528255821875,-6.911991651875,-8.063900378125
mp-625359,NdHO2,H-Nd-O,8,0.0,0.0,0.0026139024999993,True,False,-2.8894026521875,-7.4042116225,-13.972027685
mp-625381,V2H3O5,H-O-V,10,0.010258540499984,0.010258540499984,0.0,False,True,-1.9619874158750252,-7.271299064000024,-8.778557338
mp-625397,Nd(HO)3,H-Nd-O,14,4.775071428841928e-05,4.7750714288419274e-05,0.0,False,True,-2.209456756607143,-6.466246722857143,-10.32368414
mp-625403,Nd(HO)3,H-Nd-O,14,0.0,0.0,0.0010756921428569,True,False,-2.2095045073214292,-6.466294473571429,-6.171865902142857
mp-625509,H3BrO,Br-H-O,5,0.0,0.0,0.0519434399999996,True,False,-1.02984396275,-4.383925334,-6.736148695999999
mp-625663,ScHO2,H-O-Sc,16,0.0,0.0,0.0044059237499993,True,False,-2.9704737703124993,-7.876363158749999,-9.51844713375
mp-6259,SrLi2Ta2O7,Li-O-Sr-Ta,12,0.002008852916665,0.002008852916665,0.0,False,True,-3.207777473027777,-8.531098801666667,-8.130348801666667
mp-626000,NaHO,H-Na-O,6,0.0,0.0,0.0049408533333288,True,False,-1.544601617543103,-4.772884358333333,-5.784784266666667
mp-626218,SbHO3,H-O-Sb,20,0.015799989749987,0.015799989749987,0.0,False,True,-1.591824771249998,-6.06543491,-10.72662605
mp-626417,CsH3O2,Cs-H-O,6,0.0,0.0,0.0007655525000007,True,False,-1.441926417234195,-4.940159566666666,-9.202018705
mp-626787,VHO2,H-O-V,16,0.0,0.0,0.0053904593749987,True,False,-2.078761513437499,-7.672510143125,-9.43918290125
mp-628,Zr2Co,Co-Zr,6,0.043680501666667,0.043680501666667,0.0,False,True,-0.176628426666667,-19.754566739999998,-19.754566739999998
mp-628599,YbBi2IO4,Bi-I-O-Yb,8,0.0,0.0,0.0479091764062493,True,False,-2.138261678437498,-27.38610476,-27.38610476
mp-632229,HBr,Br-H,4,0.0,0.0,1.3229999999975206e-05,True,False,-0.517332130624999,-3.0333886175,-8.6305820325
mp-632502,Zr2InNi2,In-Ni-Zr,20,0.002072019000001,0.002072019000001,0.0,False,True,-0.5001406378333341,-6.7831103105000015,-18.956549974999998
mp-632715,Cs3CeF6,Ce-Cs-F,10,0.0,0.0,0.0414505089999996,True,False,-3.461380038896552,-5.475779722000001,-15.930130462
mp-6328,Na2Ti2Sb2O,Na-O-Sb-Ti,7,0.0,0.0,0.0215346285714304,True,False,-1.225238070632183,-5.751007938571428,-5.598007938571428
mp-634117,BH3,B-H,16,0.01222323375,0.012223233750000001,0.0,False,True,-0.0449355434375,-4.47285839375,-4.47285839375
mp-634657,NaHS,H-Na-S,6,0.0,0.0,0.020371837499999,True,False,-0.810359105520833,-5.828135838333334,-5.828135838333334
mp-634751,YbH2,H-Yb,3,0.0,0.0,0.0593033941666667,True,False,-0.799731970833332,-15.279599833333334,-15.279599833333334
mp-634859,CaO2,Ca-O,3,0.0,0.0,0.0031221933333336,True,False,-2.206560153333333,-6.173734116666668,-8.421391573333333
mp-635413,Cs3Bi,Bi-Cs,4,0.0,0.0,0.0233269874999999,True,False,-0.46584940374999906,-33.92275759,-33.92275759
mp-636264,La(CuSn)2,Cu-La-Sn,10,0.0,0.0,0.004712478,True,False,-0.5056304490000001,-20.691778402,-20.691778402
mp-636279,EuPd3,Eu-Pd,4,0.017754212500001,0.017754212500001,0.0,False,True,-0.5450250037499981,-27.39558589,-27.39558589
mp-636619,Gd2MnGa6,Ga-Gd-Mn,9,0.0,0.0,0.0173367592592619,True,False,-0.5288708881034361,-6.693630433333321,-19.496515707777778
mp-637213,La2GeI2,Ge-I-La,5,0.0,0.0,0.0049375160000009,True,False,-1.448424991000002,-4.957038450000001,-26.009795262
mp-637308,Ce5Sn3,Ce-Sn,16,0.0,0.0,0.0081549423214273,True,False,-0.529866996874995,-5.744050111249997,-29.303743105
mp-638079,Gd2In,Gd-In,6,0.0,0.0,0.0200583133333331,True,False,-0.48292161166665903,-36.940455271666664,-36.940455271666664
mp-638084,DyNiGe2,Dy-Ge-Ni,16,0.010941506874999,0.010941506874999,0.0,False,True,-0.703420376666664,-5.614562356249999,-18.664387998125
mp-640159,V2GaSn2,Ga-Sn-V,20,0.018234313833339,0.018234313833339,0.0,False,True,-0.12507118149999802,-17.947930175499998,-17.947930175499998
mp-640372,Dy5NiPb3,Dy-Ni-Pb,18,0.0,0.0,0.0033368975277783,True,False,-0.519410749259257,-4.964961363888891,-38.52107660888889
mp-640444,Tb5NiPb3,Ni-Pb-Tb,18,0.0,0.0,0.0034537763055553,True,False,-0.528054605925928,-4.984431940000004,-38.11040376833333
mp-640447,Ce5NiPb3,Ce-Ni-Pb,18,0.0,0.0,0.0337850333333316,True,False,-0.379318306111108,-5.557410221666667,-5.557410221666667
mp-640862,Sb16Te3,Sb-Te,19,0.0,0.0,0.0055109705263163,True,False,-0.11349907473684101,-4.086864207368421,-4.020232628421053
mp-641,As2S3,As-S,20,6.126899999969737e-05,6.126899999969737e-05,0.0,False,True,-0.156448726187498,-10.8598834575,-10.8598834575
mp-642648,KP(HO)2,H-K-O-P,12,0.0,0.0,0.0418706379861122,True,False,-1.62216268989881,-5.4943457125,-5.205679045833333
mp-642650,LiP(HO)2,H-Li-O-P,12,0.0,0.0,0.0470652180555539,True,False,-1.6766460025793641,-5.678421215833333,-5.389754549166667
mp-642659,V2H,H-V,12,0.0,0.0,0.0082856783333333,True,False,-0.170647656249999,-10.715402276666666,-10.715402276666666
mp-642795,PHSF2,F-H-P-S,20,0.0,0.0,0.005262910666663,True,False,-1.628153310178571,-4.9833017955,-4.6621017955
mp-642807,TbH2Br,Br-H-Tb,8,0.0,0.0,0.0494844606250008,True,False,-1.298964439791661,-4.565250198749995,-14.108641215
mp-642834,BaH5ClO3,Ba-Cl-H-O,20,0.0,0.0,0.0516957971249976,True,False,-1.742991589624999,-5.301714884499999,-5.0342148845
mp-642844,BaH5BrO3,Ba-Br-H-O,20,0.0,0.0,0.0381956351249979,True,False,-1.692264442125,-5.2298281105,-4.9703281105000015
mp-643023,Mg2H4Ru,H-Mg-Ru,14,0.069338961011903,0.06933896101190301,0.0,False,True,-0.32130957571428603,-4.052167907857143,-7.194112832142857
mp-643036,BaHBrO,Ba-Br-H-O,16,0.0,0.0,0.0897208740624995,True,False,-2.3018639871875,-5.276626216875,-14.469903211875
mp-643069,Li2HIO,H-I-Li-O,20,0.0,0.0,0.0466547884999997,True,False,-1.661883586583333,-4.398880745,-4.185680745
mp-643101,Rb2H6Pt,H-Pt-Rb,9,0.000279988611112,0.00027998861111200004,0.0,False,True,-0.379526484722221,-3.535437606666666,-11.589483155555556
mp-643253,Ba2H6Pt,Ba-H-Pt,18,0.0,0.0,0.0164798386111124,True,False,-0.658170076388889,-4.022623613333334,-14.554066129999999
mp-643260,Na2H4Pd,H-Na-Pd,7,0.0,0.0,0.0068248928571428,True,False,-0.32011560642857,-6.5928676571428575,-6.5928676571428575
mp-643270,K3ZnH5,H-K-Zn,18,0.0,0.0,0.0002943727777782,True,False,-0.31892401000000004,-5.234585834444444,-5.234585834444444
mp-643367,YCBr,Br-C-Y,6,0.0,0.0,0.007530113749997,True,False,-1.242935380000005,-7.035275606666673,-15.806170701666666
mp-643384,BaHIO,Ba-H-I-O,16,0.0,0.0,0.0219241565625001,True,False,-2.129415744687499,-5.075944494374999,-4.809444494375
mp-643385,SrHIO,H-I-O-Sr,16,0.0,0.0,0.037378137187499,True,False,-2.1186444984375,-5.008536535625,-4.742036535625
mp-643697,Rb3MnH5,H-Mn-Rb,18,0.0,0.0,0.0474970769047633,True,False,-0.16384171407566903,-3.39489168111111,-8.441887974444445
mp-643706,Cs3MnH5,Cs-H-Mn,18,0.0,0.0,0.0200759440740738,True,False,-0.16558486757184002,-3.37244933388889,-12.18303883
mp-643727,HPbBrO,Br-H-O-Pb,16,0.0,0.0,0.0949436571874997,True,False,-1.370477384062499,-4.79365764625,-4.48840764625
mp-643756,EuMgH4,Eu-H-Mg,12,0.0,0.0,0.0039794481249995,True,False,-0.49500200416666706,-4.744876618333333,-9.9075275475
mp-643790,CeNiSnH,Ce-H-Ni-Sn,16,0.0,0.0,0.0756604975000003,True,False,-0.603847197187498,-5.384303408125,-5.339553408125
mp-643801,K2H6PbO6,H-K-O-Pb,15,0.0,0.0,0.0043078440000003,True,False,-1.4505196888,-5.186129767333333,-4.911329767333333
mp-643902,SnH4(NF)2,F-H-N-Sn,9,0.0,0.0,0.0287705175000017,True,False,-1.155173741111111,-5.387895724444444,-5.205006835555555
mp-644,K5Te3,K-Te,16,0.0,0.0,0.0095580937500003,True,False,-1.174004153593751,-14.46687823,-14.46687823
mp-6440,CaTiSiO5,Ca-O-Si-Ti,16,0.00011766625,0.00011766625000000001,0.0,False,True,-3.476083984166667,-8.484360853125,-8.054985853125
mp-644136,Li2H2Pt,H-Li-Pt,5,0.0,0.0,0.0068998800000006,True,False,-0.567461766166665,-13.201732672,-13.201732672
mp-644143,LaSb2Au,Au-La-Sb,8,0.0,0.0,0.02613597078125,True,False,-0.8720730412500021,-4.989045937500002,-33.80538189
mp-644280,GaCuPt2,Cu-Ga-Pt,4,0.0,0.0,0.0007512449999973,True,False,-0.47561765437499903,-5.2930099875,-31.8364086325
mp-644389,Li2H2Pd,H-Li-Pd,5,0.0,0.0,0.0111751300000015,True,False,-0.477491832166666,-7.40631008,-7.40631008
mp-644514,MnO2,Mn-O,9,0.0,0.0,0.0162726663888896,True,False,-1.8225279240325691,-8.17517369138889,-10.911626595555555
mp-646399,Gd(NiGe)2,Gd-Ge-Ni,5,0.8615227669999981,0.8615227669999981,0.0,False,True,0.331149979999999,-6.645340282000001,-19.717223949999998
mp-647818,CsNi2F6,Cs-F-Ni,18,0.0,0.0,0.0074164388888924,True,False,-2.380659328333334,-9.917109886111112,-9.917109886111112
mp-647924,Eu2O3,Eu-O,15,0.011704752000001,0.011704752000001001,0.0,False,True,-3.4334678050000003,-10.517489173999998,-22.002462945999998
mp-651160,Gd3NCl6,Cl-Gd-N,20,0.0,0.0,0.0078780115000132,True,False,-2.426606997374997,-20.050046993000002,-20.050046993000002
mp-6526,NaGeSbO5,Ge-Na-O-Sb,16,0.015804995624997,0.015804995624997,0.0,False,True,-2.078461207672414,-6.43265557,-6.00328057
mp-654374,Ba2YTlCu2O7,Ba-Cu-O-Tl-Y,13,0.0,0.0,0.0185402767211506,True,False,-2.21219812525641,-6.485479192307692,-6.115556115384615
mp-656144,BaEuFe2O5,Ba-Eu-Fe-O,9,0.065755908928569,0.065755908928569,0.0,False,True,-2.370123225555556,-8.35756037,-7.47456037
mp-656152,Gd2Cl3,Cl-Gd,10,0.003493344000002,0.0034933440000020004,0.0,False,True,-2.048253818499995,-23.098519276999998,-8.573587886
mp-662563,CsFe2Se3,Cs-Fe-Se,12,0.0,0.0,0.0196337733333331,True,False,-0.7575462427810741,-5.480171980000004,-16.825006935833333
mp-662714,GdAs2Pd3,As-Gd-Pd,18,0.003662682361117,0.0036626823611170005,0.0,False,True,-0.8212340822222121,-24.436805433055547,-7.239371290555557
mp-6633,NaCSN,C-N-Na-S,16,0.041497373437501,0.041497373437501005,0.0,False,True,-0.46063793226562405,-8.129188846875,-8.129188846875
mp-6647,BaYAgSe3,Ag-Ba-Se-Y,12,0.0,0.0,0.0010954866666672,True,False,-1.773074978116318,-5.399531403333333,-5.163531403333333
mp-6653,Ba2ErNbO6,Ba-Er-Nb-O,10,0.0,0.0,0.0005816129999995,True,False,-3.479930908,-8.299404884000001,-7.887204884000001
mp-6686,K2NaInF6,F-In-K-Na,10,0.0,0.0,0.0113822024999992,True,False,-2.9891306462545972,-4.773805468,-4.496605468
mp-669431,EuBi2BrO4,Bi-Br-Eu-O,8,0.038579338125007,0.038579338125007,0.0,False,True,-2.147145916250002,-7.084267302500001,-6.6740173025
mp-669456,La2Al3Ge4,Al-Ge-La,18,0.038679198611109,0.038679198611109,0.0,False,True,-0.548753113888889,-15.568060416111113,-15.568060416111113
mp-669509,Gd2S3,Gd-S,20,0.0,0.0,0.0037671995000021,True,False,-2.334843926187497,-24.5140683825,-24.5140683825
mp-669573,EuBi2IO4,Bi-Eu-I-O,8,0.041576721718747,0.041576721718747,0.0,False,True,-2.062838352500002,-6.98584299875,-6.59496799875
mp-672322,Eu3(B3Rh4)2,B-Eu-Rh,17,0.0,0.0,0.0021595394117568,True,False,-0.6110867070588241,-8.249624902941177,-8.249624902941177
mp-672325,TbIn2Ni,In-Ni-Tb,8,0.0,0.0,0.002187314374999,True,False,-0.42607325499999604,-4.410160202499998,-22.62473717
mp-672959,Li2Cu(PO3)4,Cu-Li-O-P,19,0.018163737850876,0.018163737850876,0.0,False,True,-2.463637537644111,-7.145452198947369,-6.711557462105263
mp-674333,Na3PO4,Na-O-P,16,0.0,0.0,0.0039906481249998,True,False,-2.518010732972598,-6.172070718125,-5.828570718125
mp-674514,In5CuS8,Cu-In-S,14,0.009970630892857,0.009970630892857001,0.0,False,True,-0.699669817142855,-14.129101654107144,-4.146725325
mp-674849,TlBiF4,Bi-F-Tl,12,0.0,0.0,0.0080177644999999,True,False,-2.3940643525,-23.091679373333335,-23.091679373333335
mp-675037,Sm2EuS4,Eu-S-Sm,14,0.0,0.0,0.0052358853571439,True,False,-2.375634292857145,-7.557759297857144,-20.990620027142857
mp-675104,Na3YCl6,Cl-Na-Y,10,0.002902338,0.0029023380000000004,0.0,False,True,-2.2357215325,-9.027799138,-9.027799138
mp-675230,NaLaS2,La-Na-S,8,0.0,0.0,0.0022300675000002,True,False,-2.12479554765625,-14.469054355,-14.469054355
mp-675232,CrHO2,Cr-H-O,16,0.00071756625,0.0007175662500000001,0.0,False,True,-1.9853010184375002,-7.721334998125,-9.5420231975
mp-675349,DyCuSe2,Cu-Dy-Se,4,0.0,0.0,0.00607457,True,False,-1.4194057257812491,-19.2823356475,-19.2823356475
mp-675539,Na7Cu3O8,Cu-Na-O,18,0.00424808194445,0.004248081944450001,0.0,False,True,-1.4205063166475091,-4.82458151111111,-7.149323319444444
mp-675779,Li2Mo3S4,Li-Mo-S,18,0.0,0.0,0.0058114049999966,True,False,-1.144519545740736,-7.02278475833333,-13.864457482222223
mp-675941,Li7IN2,I-Li-N,20,0.0,0.0,0.0468240219999991,True,False,-0.661041414833333,-3.817344232,-6.635571143999999
mp-675989,Tl9BiSe6,Bi-Se-Tl,16,0.0,0.0,0.0147914024999997,True,False,-0.456963439960937,-39.393549461875,-39.393549461875
mp-676,CaN6,Ca-N,14,0.040612989999999,0.040612989999999,0.0,False,True,-0.23335801964285802,-9.063471980714287,-9.063471980714287
mp-676117,Li2CuGe,Cu-Ge-Li,8,0.008357956249999,0.008357956249999,0.0,False,True,-0.31139316916666604,-3.44641323375,-3.44641323375
mp-676274,Tl9SbSe6,Sb-Se-Tl,16,0.0,0.0,0.0135230618749999,True,False,-0.42728642277344103,-37.31412506875,-37.31412506875
mp-676448,CsTiZnOF5,Cs-F-O-Ti-Zn,18,0.0,0.0,0.0207370261111075,True,False,-3.205446717554279,-5.936606281666666,-5.603606281666667
mp-676861,AlSbO4,Al-O-Sb,6,0.0,0.0,0.0060316458333344,True,False,-2.5433669,-7.154437081666667,-11.745960788333333
mp-677272,La2EuS4,Eu-La-S,14,0.574282744642857,0.574282744642857,0.0,False,True,-1.920954309464288,-20.5133246,-20.5133246
mp-677335,GaPO4,Ga-O-P,6,0.007762330555554,0.007762330555554001,0.0,False,True,-2.591907708690476,-7.29780997,-9.710364121666666
mp-6798,Ba2NaReO6,Ba-Na-O-Re,10,0.0,0.0,0.003300768999999,True,False,-2.688152365387931,-7.419707454999999,-7.007507455
mp-680530,BiPtPb3,Bi-Pb-Pt,20,0.002416453999998,0.002416453999998,0.0,False,True,-0.16548661287500802,-55.934565207874996,-4.35496618
mp-680677,Sn3Ru2,Ru-Sn,20,0.0,0.0,0.0026849320714292,True,False,-0.1499195775,-25.1674439635,-25.1674439635
mp-680742,GdP5,Gd-P,12,0.0,0.0,0.0002342511111104,True,False,-0.621731799980156,-15.356296276666667,-15.356296276666667
mp-684782,CsTiMnOF5,Cs-F-Mn-O-Ti,18,0.0,0.0,0.0207450572222098,True,False,-3.327212825102171,-6.936402576111111,-6.418069242777778
mp-685150,PbF2,F-Pb,6,0.00295866333333,0.00295866333333,0.0,False,True,-2.541051640000001,-23.386781643333336,-4.88331768
mp-690542,Li4WO5,Li-O-W,10,0.033065952999999,0.033065952999999,0.0,False,True,-2.337595145833334,-6.870957818000001,-11.466022971
mp-690556,CaLaMnRuO6,Ca-La-Mn-O-Ru,20,0.343162110741662,0.34316211074166203,0.0,False,True,-2.369455040793103,-7.8760341255,-7.2970341255
mp-690560,TiTlWO5F,F-O-Ti-Tl-W,18,0.0,0.0,0.0119175144444572,True,False,-2.586697433518519,-8.128780962777777,-7.202669851666666
mp-690687,Ag2H2IOF,Ag-F-H-I-O,14,0.0,0.0,0.0398784472619055,True,False,-1.046624786547618,-4.026915390714286,-3.808629676428571
mp-694,VSe2,Se-V,3,0.0,0.0,0.0138256949999995,True,False,-0.833392346041667,-15.070957743333333,-15.070957743333333
mp-6945,SiO2,O-Si,12,0.005370743055555,0.005370743055555001,0.0,False,True,-3.267460600833333,-8.374540614166667,-9.9388024925
mp-694855,Li2MoO3,Li-Mo-O,12,0.0,0.0,0.0235430474999986,True,False,-2.153861700277772,-7.071758176666662,-10.348298279166666
mp-694873,SrLaNiRuO6,La-Ni-O-Ru-Sr,20,0.148296129666665,0.148296129666665,0.0,False,True,-2.259729206999999,-7.396803251499999,-6.730503251499999
mp-6950,BaSb3,Ba-Sb,8,0.090126158333331,0.09012615833333101,0.0,False,True,-0.5474064925000001,-4.123901157500001,-26.5558021275
mp-6951,RbCdF3,Cd-F-Rb,5,0.0,0.0,0.0016550169999964,True,False,-2.696909542499998,-4.233329819999999,-11.361106484
mp-6952,RbYbF3,F-Rb-Yb,5,0.379750392249997,0.379750392249997,0.0,False,True,-3.239705441250001,-15.207370234,-15.207370234
mp-6955,KGeNO,Ge-K-N-O,16,0.0,0.0,0.0269926281249999,True,False,-1.2733568555625001,-6.033515937500001,-5.7715159375
mp-6964,NaTbO2,Na-O-Tb,8,0.0,0.0,0.0007158831250002,True,False,-3.126936168261493,-7.095812771249999,-14.76477322625
mp-696946,BaSn2(HO2)2,Ba-H-O-Sn,18,0.0,0.0,0.0011612972222216,True,False,-1.906150635833333,-5.963961252222222,-5.6586279188888895
mp-696965,Cs3TbF6,Cs-F-Tb,10,0.0,0.0,0.033686329,True,False,-3.508558099000001,-16.039354184,-16.039354184
mp-696969,Sr(H2N)2,H-N-Sr,14,0.001277223214286,0.001277223214286,0.0,False,True,-0.6499108003571421,-7.396141088571428,-7.396141088571428
mp-697047,Li3H4Rh,H-Li-Rh,16,0.0,0.0,0.0154093724999997,True,False,-0.48679786437500006,-6.12639754875,-6.12639754875
mp-697084,HPbIO,H-I-O-Pb,16,0.0,0.0,0.0722550424999992,True,False,-1.2150349734374981,-4.609981755624999,-4.343481755625
mp-697180,Mg3In,In-Mg,16,0.0,0.0,0.0036835850000001,True,False,-0.07422344041666401,-1.986869387499998,-8.8776676075
mp-697540,K3GeH2NO3,Ge-H-K-N-O,20,0.0,0.0,0.0131027025357175,True,False,-1.4711622679249992,-5.270125333999999,-5.027925334
mp-6978,RbHoO2,Ho-O-Rb,4,0.0,0.0,0.0007782837500025,True,False,-3.052321075624998,-6.9208549625,-17.6936500275
mp-699363,SrLaMnRuO6,La-Mn-O-Ru-Sr,20,0.387480595666682,0.387480595666682,0.0,False,True,-2.306940116293105,-7.782202022000002,-7.203202022000001
mp-7000,SiO2,O-Si,9,0.0,0.0,0.0127592788888879,True,False,-3.27283134388889,-8.379911357222223,-9.944173235555557
mp-702,CeHg,Ce-Hg,2,0.0,0.0,0.0166123824999999,True,False,-0.46794474374999506,-40.572162385,-40.572162385
mp-7035,CaMgAsO4F,As-Ca-F-Mg-O,16,0.0,0.0,0.0123895075000026,True,False,-2.885291694687499,-6.6367777975,-6.2355277975
mp-7048,Al2O3,Al-O,10,0.017159517999999,0.017159517999999003,0.0,False,True,-3.409391490000001,-7.876398425,-9.609012256
mp-7060,LaZnPO,La-O-P-Zn,8,0.0,0.0,0.0063964900000001,True,False,-2.066136894910714,-6.20593320625,-6.03418320625
mp-7100,LaOF,F-La-O,6,9.399500000029096e-05,9.399500000029097e-05,0.0,False,True,-4.256614436666667,-8.189221264999999,-17.13337951666667
mp-7108,Tm(SiPt)2,Pt-Si-Tm,5,0.0,0.0,0.0505123969999994,True,False,-0.9986962220000011,-6.493777058000001,-32.203606586
mp-7117,LiAlSe2,Al-Li-Se,16,0.0,0.0,0.0002184350000007,True,False,-1.276307118072917,-10.711788419375,-10.711788419375
mp-7121,Dy(AlSi)2,Al-Dy-Si,5,0.0,0.0,0.0246423789999994,True,False,-0.414561772999999,-13.013267588,-13.013267588
mp-7126,TiSnSb,Sb-Sn-Ti,12,0.0456612525,0.045661252500000006,0.0,False,True,-0.32363007638889,-21.45371558416667,-21.45371558416667
mp-7127,Ba2YbTaO6,Ba-O-Ta-Yb,10,0.0,0.0,0.001080653999999,True,False,-3.509662673483333,-20.905221130999998,-20.905221130999998
mp-7138,YbSb2,Sb-Yb,6,0.184889386666668,0.18488938666666802,0.0,False,True,-0.663091684999997,-29.9770951,-29.9770951
mp-7144,Sm3AlC,Al-C-Sm,5,0.0,0.0,0.0026457837500002,True,False,-0.37786016400000005,-21.55348146,-21.55348146
mp-715584,MoO3,Mo-O,16,0.0,0.0,0.0023708506250006,True,False,-1.9246418721875,-8.3470251534375,-13.100144551875
mp-7158,Lu(AlGe)2,Al-Ge-Lu,5,0.000657713999999,0.000657713999999,0.0,False,True,-0.359631457333331,-4.611410421999999,-16.27944403
mp-7186,NdAl3Ni2,Al-Nd-Ni,6,0.0,0.0,0.0118539891666671,True,False,-0.610513811249999,-5.204705191666666,-12.891784385000001
mp-7199,RbPrTe4,Pr-Rb-Te,12,0.0,0.0,0.0041703602380964,True,False,-1.241184202638885,-4.299389053333331,-25.314201148333336
mp-720,TlF,F-Tl,8,0.0,0.0,0.0032317737500004,True,False,-1.871560961250001,-30.02422722625,-30.02422722625
mp-7210,Cd2B2O5,B-Cd-O,18,0.003082487166665,0.0030824871666650005,0.0,False,True,-2.233278833703705,-6.6797909388888925,-11.471481858333334
mp-7238,NdBO3,B-Nd-O,20,0.0,0.0,0.007967293,True,False,-3.466906322333334,-8.725190766,-14.2502672235
mp-7251,Ba2YNbO6,Ba-Nb-O-Y,10,0.0,0.0,0.0025652449999995,True,False,-3.444694518,-8.458305763,-8.046105763
mp-725294,TeI7,I-Te,16,0.0,0.0,0.0680659131249996,True,False,-0.267606461458333,-1.99403073625,-1.66240573625
mp-726170,RbF3,F-Rb,16,0.0,0.0,0.0094340525000014,True,False,-1.8137609156249992,-3.494283715,-3.147783715
mp-728,Li2Pd,Li-Pd,3,0.0,0.0,0.0027453000000003,True,False,-0.35966722777777704,-9.604289373333334,-9.604289373333334
mp-7289,K2Te3,K-Te,20,0.0,0.0,0.0059406529999996,True,False,-0.863097973,-18.5207381335,-18.5207381335
mp-7291,CrP2,Cr-P,6,0.001482781666666,0.001482781666666,0.0,False,True,-0.32607621031745904,-11.351907881666667,-11.351907881666667
mp-730101,H2,H,8,0.0,0.0,0.00716240125,True,False,0.0,-3.45511240125,-3.45511240125
mp-7310,ZrPbF6,F-Pb-Zr,16,0.0,0.0,0.008524461875,True,False,-3.510055982500001,-15.733942696875,-15.733942696875
mp-731800,TlBr3,Br-Tl,16,0.0,0.0,0.0983061020833333,True,False,-0.7912007239583361,-2.611778654375001,-23.671294010625
mp-733,GeO2,Ge-O,9,0.079582796111111,0.079582796111111,0.0,False,True,-2.077072867222222,-6.916722822222223,-10.368515478888888
mp-7342,Sm3Ir,Ir-Sm,16,0.001494981874998,0.001494981874998,0.0,False,True,-0.5655428612500011,-35.95507446375,-35.95507446375
mp-7368,Dy2Se3,Dy-Se,20,0.0,0.0,0.0197923094999996,True,False,-2.162599036937499,-23.5422564655,-23.5422564655
mp-743,RbN3,N-Rb,8,0.0,0.0,0.0043893737499995,True,False,-0.140204309375,-6.63904613625,-10.54086911375
mp-7435,KCuSe,Cu-K-Se,6,0.0,0.0,0.0230377550000002,True,False,-0.830537769864582,-3.7393670599999993,-11.198182931666667
mp-7457,SnF2,F-Sn,12,0.005851616249999,0.005851616249999,0.0,False,True,-2.370105079166668,-12.702851639166667,-12.702851639166667
mp-746,Sr5Si3,Si-Sr,16,0.000118289999999,0.00011828999999900001,0.0,False,True,-0.456398266875,-13.21259815875,-13.21259815875
mp-7470,RbCuO,Cu-O-Rb,12,0.0,0.0,0.0024921325000004,True,False,-1.188898820833333,-4.5314660700000005,-11.318360499999999
mp-7476,RbDyO2,Dy-O-Rb,4,0.0,0.0,0.000619730000003,True,False,-3.039326717291665,-6.9130346199999995,-17.4548527125
mp-7477,RbErO2,Er-O-Rb,4,0.0,0.0,0.0010272625000027,True,False,-3.069514136875,-6.93055786,-17.9704318375
mp-7478,RbTmO2,O-Rb-Tm,4,0.0,0.0,0.0011379825000021,True,False,-3.087397629375002,-6.92713702,-18.29508505
mp-7480,RbLuO2,Lu-O-Rb,4,0.0,0.0,0.0014609550000033,True,False,-3.105072738541667,-6.9546086225,-19.0554155725
mp-7482,RbHgF3,F-Hg-Rb,5,0.0,0.0,0.0154487649999999,True,False,-2.229765481,-3.636118127999998,-16.661897054
mp-7483,KHgF3,F-Hg-K,5,0.0,0.0,0.0592313240000001,True,False,-2.198555532950001,-3.63507531,-3.35787531
mp-7494,K2Ag4S3,Ag-K-S,18,0.0,0.0,0.0165189961111109,True,False,-0.599046196770831,-14.105951545,-14.105951545
mp-752467,NbO2F,F-Nb-O,8,0.0,0.0,0.0119200237499992,True,False,-3.16759997625,-8.6453698325,-12.855497255
mp-752508,Cs2WO4,Cs-O-W,14,0.000804891071428,0.0008048910714280001,0.0,False,True,-2.252165459187195,-7.19015537214286,-20.270185344999998
mp-752561,SbO2F,F-O-Sb,8,0.008674775375,0.008674775375,0.0,False,True,-1.9869488425,-5.97164274875,-11.92571210625
mp-752580,RbNO2,N-O-Rb,12,0.0,0.0,0.024158531666667,True,False,-1.256175526458334,-6.059858983333334,-9.716812210833334
mp-752658,Y2SeO2,O-Se-Y,5,0.0,0.0,0.0085427184999975,True,False,-3.44194683646875,-8.723950134,-16.816626966
mp-752675,BaYF5,Ba-F-Y,14,0.0,0.0,0.0002282950000003,True,False,-4.33565048357143,-6.906697385714287,-13.265176552857143
mp-752681,Eu6WO12,Eu-O-W,19,1.370391096381579,1.370391096381579,0.0,False,True,-1.8107157868421062,-8.86662809105263,-8.199154406842105
mp-752752,LiMnF6,F-Li-Mn,8,0.0,0.0,0.0281881306249971,True,False,-2.363049628908046,-5.182306179999999,-6.916237545
mp-752922,Li8HfO6,Hf-Li-O,15,0.002766317666667,0.002766317666667,0.0,False,True,-2.512032497111112,-6.173121696666667,-9.138750216666667
mp-753014,VO2F,F-O-V,16,0.005366479791664,0.005366479791664,0.0,False,True,-2.460168215,-7.68358832875,-9.858044989375
mp-753031,LiCu5F12,Cu-F-Li,18,0.011730613333333,0.011730613333333001,0.0,False,True,-1.939937189259258,-7.169549512222222,-7.169549512222222
mp-753063,Li3CuF6,Cu-F-Li,20,0.0079108235,0.0079108235,0.0,False,True,-2.5990478825,-6.2753561765,-6.2753561765
mp-753173,HoIO,Ho-I-O,6,0.0,0.0,0.0251547137500001,True,False,-3.092498383333333,-6.782382745000002,-24.180117921666668
mp-753192,Yb4Sb2O,O-Sb-Yb,7,0.153683759166664,0.15368375916666402,0.0,False,True,-1.552057626964288,-30.62386909142857,-30.62386909142857
mp-753202,Li5CuF8,Cu-F-Li,14,0.006714843571429,0.006714843571429,0.0,False,True,-2.766525747380952,-6.179993723571428,-6.179993723571428
mp-753226,SmAgO2,Ag-O-Sm,4,0.0,0.0,0.0005262199999993,True,False,-2.539877864166665,-6.9042393199999985,-18.1623670425
mp-753260,LaAgO2,Ag-La-O,4,0.0,0.0,0.0002848437500002,True,False,-2.568305550416656,-6.987022248749989,-18.169146
mp-753395,FePO4,Fe-O-P,12,0.0,0.0,0.0098818433333329,True,False,-2.351585960357142,-7.964475752916666,-10.016279271666667
mp-753467,TaCrO4,Cr-O-Ta,12,0.0,0.0,0.0028230549999914,True,False,-2.945962722055546,-9.831265894166657,-17.424490525
mp-7535,Li5AlO4,Al-Li-O,20,0.003293842374999,0.003293842374999,0.0,False,True,-2.492909137666666,-5.801112556,-5.526312556
mp-753571,LiVF6,F-Li-V,8,0.001807733749999,0.0018077337499990001,0.0,False,True,-2.968704474166667,-5.7781973725,-7.39355290375
mp-753594,BiOF,Bi-F-O,6,0.0152643925,0.015264392500000001,0.0,False,True,-2.215164298333333,-5.799113528333332,-24.491965066666666
mp-753657,TiOF,F-O-Ti,3,0.003607511111111,0.0036075111111110005,0.0,False,True,-3.462545334444444,-8.381647133333333,-10.69984791
mp-753660,Li2VCrP2(HO5)2,Cr-H-Li-O-P-V,18,0.0,0.0,0.0447487777777775,True,False,-2.46725768380291,-7.448129308888888,-6.860962642222223
mp-753668,Ba2GdSbO6,Ba-Gd-O-Sb,10,0.0,0.0,0.0038382150000018,True,False,-3.056831461,-8.2299154,-18.698780005
mp-753669,Hf(MnSn)6,Hf-Mn-Sn,13,0.0,0.0,0.004702193621795,True,False,-0.14791065283819402,-21.819335739230766,-21.819335739230766
mp-753671,PNO,N-O-P,6,0.0,0.0,0.0563554470000022,True,False,-1.479780393214285,-7.713684484999999,-9.373010008333333
mp-753712,YIO,I-O-Y,6,0.0,0.0,0.0321091334722236,True,False,-3.048536466666665,-7.375558173333331,-19.968351023333334
mp-753747,Ta3O7F,F-O-Ta,11,0.0,0.0,0.0081166145454538,True,False,-3.37351299018182,-9.932636811818185,-20.492554396363634
mp-753767,LiMnBO3,B-Li-Mn-O,12,0.006736496249999,0.0067364962499990005,0.0,False,True,-2.508223118405171,-7.940591942499999,-7.319091942499999
mp-753781,EuHfO3,Eu-Hf-O,5,0.0,0.0,0.0561548970000043,True,False,-3.719666126000001,-10.737502918,-23.96848706
mp-753902,LiFeBO3,B-Fe-Li-O,12,0.002656948333332,0.002656948333332,0.0,False,True,-2.329483669583334,-7.646520146666667,-6.927020146666667
mp-753920,Tm2SeO2,O-Se-Tm,5,0.0,0.0,0.0190368939999983,True,False,-3.518511036468754,-7.989878326000001,-22.798539652
mp-7541,SnP3,P-Sn,8,0.0,0.0,0.0132439081250002,True,False,-0.006844442232141001,-12.94494762125,-12.94494762125
mp-754109,PrAsO4,As-O-Pr,12,0.0,0.0,0.0161526816666661,True,False,-2.79469663736112,-7.670936305833343,-13.909482572500002
mp-754110,SmAgO2,Ag-O-Sm,8,0.000137575,0.00013757500000000002,0.0,False,True,-2.539740289166665,-6.904101744999998,-18.1622294675
mp-754112,CeBrO,Br-Ce-O,6,0.0,0.0,0.0487212462500137,True,False,-3.227982858333332,-7.401935328333333,-19.89455604666667
mp-754206,LiBi3(ClO2)2,Bi-Cl-Li-O,20,0.0,0.0,0.0280882751666684,True,False,-1.807761035833334,-5.5145565775000005,-5.1169565775
mp-754214,TlAsO4,As-O-Tl,12,0.0,0.0,0.0347784225000005,True,False,-1.408863723472221,-5.881103501666664,-16.423812530833334
mp-754237,LiTmO2,Li-O-Tm,8,0.000193475625,0.00019347562500000002,0.0,False,True,-3.349070688333334,-7.4209072775,-15.6522826325
mp-754246,TiSnO3,O-Sn-Ti,10,0.002102758499999,0.0021027584999990002,0.0,False,True,-2.754611473666665,-8.104400850999998,-13.663136927
mp-754274,MnV2O6,Mn-O-V,18,0.001232923333331,0.001232923333331,0.0,False,True,-2.332355423659006,-8.667643586111113,-11.195619179444444
mp-754322,Sr2CuO4,Cu-O-Sr,7,0.0,0.0,0.0039858062500055,True,False,-2.185755024285735,-6.0823131485714494,-11.317889811428572
mp-7544,ZrSiRu,Ru-Si-Zr,9,0.0,0.0,0.0055471544444447,True,False,-0.9924654838888871,-19.975162748888888,-19.975162748888888
mp-754459,BCl(OF2)2,B-Cl-F-O,16,0.009036455624999,0.009036455624999001,0.0,False,True,-1.938781272395833,-5.1986895325,-4.7959395325
mp-754534,Li2CeO3,Ce-Li-O,6,0.0,0.0,0.0016657699999997,True,False,-2.998827910277773,-7.098607679999996,-11.781017225
mp-754535,LaAgO2,Ag-La-O,8,0.000276647499989,0.000276647499989,0.0,False,True,-2.5680289029166543,-6.9867456012499884,-18.1688693525
mp-754589,VOF,F-O-V,12,0.007482265833333,0.007482265833333001,0.0,False,True,-2.844892315,-8.160132131666666,-10.651054950833332
mp-754596,RbGaO2,Ga-O-Rb,8,0.0,0.0,0.0973447037499992,True,False,-2.05098305875,-5.527121085,-11.23861174875
mp-754745,Na2SnO3,Na-O-Sn,12,0.000162262916666,0.000162262916666,0.0,False,True,-2.06624707795977,-5.655729815833333,-10.247033159166667
mp-754796,NaTmO2,Na-O-Tm,16,0.0,0.0,0.0015046112499996,True,False,-3.213913110344829,-7.1439491775,-15.830900385
mp-754815,YBr3,Br-Y,8,0.0,0.0,0.0002019112499995,True,False,-2.30537281125,-5.1603555875,-17.185569575
mp-754825,NaTmO2,Na-O-Tm,4,0.003793755,0.0037937550000000002,0.0,False,True,-3.210119355344829,-7.1401554224999995,-15.82710663
mp-754826,CsScO2,Cs-O-Sc,8,0.0,0.0,0.0567686493749999,True,False,-2.976672738663793,-7.26076491,-14.95610160375
mp-754895,LiVF4,F-Li-V,12,0.0,0.0,0.0133802241666671,True,False,-3.234862918055556,-6.342902657500001,-8.069614801666667
mp-754944,TaFeO4,Fe-O-Ta,12,0.005776183333331,0.005776183333331001,0.0,False,True,-2.668206807055554,-9.356338935833334,-16.969917860833334
mp-7550,CeNbO4,Ce-Nb-O,12,0.0,0.0,0.0059718858333344,True,False,-3.473460117499996,-9.445143272499998,-16.560214865833334
mp-755007,CeOF,Ce-F-O,6,0.001825151666668,0.0018251516666680002,0.0,False,True,-4.082741916666667,-8.348996333333334,-17.409065008333332
mp-755074,CeOF,Ce-F-O,6,0.0,0.0,0.0022164316666675,True,False,-4.084567068333334,-8.350821485000003,-17.41089016
mp-755094,Li2FeO2,Fe-Li-O,5,0.0020245375,0.0020245375,0.0,False,True,-1.877975758333332,-6.314733549,-5.5887335490000005
mp-755190,TaVO4,O-Ta-V,12,0.0,0.0,0.0009698433334026,True,False,-3.039436780388889,-9.829883052500001,-17.37105842833333
mp-755225,Li8ZrO6,Li-O-Zr,15,0.000657791,0.000657791,0.0,False,True,-2.46284939711111,-6.029972703333332,-7.610470977333334
mp-755229,V4(OF3)3,F-O-V,16,0.0012407428125,0.0012407428125000002,0.0,False,True,-2.9542137359375,-7.2294749028125,-9.44387193375
mp-755326,Sr3WO6,O-Sr-W,20,0.0,0.0,0.0043619849999965,True,False,-3.009926146499997,-7.782244199499997,-16.2405384915
mp-755357,NdAsO4,As-Nd-O,12,0.004941221666666,0.004941221666666,0.0,False,True,-2.800570602499998,-7.672256266666665,-13.921789018333333
mp-755364,NdSeO,Nd-O-Se,12,0.0,0.0,0.0753256475000023,True,False,-2.8743595082812483,-7.2783661466666665,-19.327730623333334
mp-755558,BaLa2O4,Ba-La-O,14,0.023887287857141,0.023887287857141,0.0,False,True,-3.582359028571431,-8.09419233857143,-19.122230003571428
mp-755587,V2O3F,F-O-V,12,0.017487347083333,0.017487347083333,0.0,False,True,-2.669934031666667,-8.490858620000001,-10.990641159166666
mp-755657,TiVO3,O-Ti-V,10,0.029407818000001,0.029407818000001,0.0,False,True,-3.000208739666667,-9.36486496,-11.917638918
mp-755713,Tb2SbO2,O-Sb-Tb,5,0.0,0.0,0.0070827817222216,True,False,-3.028075614666669,-7.688205714000003,-23.038163624
mp-755756,Y2TeO2,O-Te-Y,5,0.0,0.0,0.0006212623333325,True,False,-3.275033299333331,-8.486515479999998,-18.870313930000002
mp-7558,TaGe2,Ge-Ta,9,0.025434656666668,0.025434656666668002,0.0,False,True,-0.19319700577777701,-25.63845963,-25.63845963
mp-755801,LiVF4,F-Li-V,12,0.015654067500001,0.015654067500001,0.0,False,True,-3.219208850555554,-6.327248589999999,-8.053960734166667
mp-755813,Sc6N2O5,N-O-Sc,13,0.0,0.0,0.0593661534294849,True,False,-3.191871448846153,-9.300423383076922,-12.094375175384615
mp-755893,CaBiO3,Bi-Ca-O,20,0.0,0.0,0.0150912719999993,True,False,-2.264222731499998,-6.412126172499998,-18.7092011325
mp-755950,Ba2Sc2O5,Ba-O-Sc,18,0.0,0.0,0.0075717945370357,True,False,-3.507443436666667,-8.089964893888888,-15.124829966666665
mp-755999,Rb2Be2O3,Be-O-Rb,14,0.037651743571428,0.037651743571428004,0.0,False,True,-2.340071654285714,-5.8091826385714285,-10.029017385714285
mp-756006,LiSbS,Li-S-Sb,6,0.0,0.0,0.0290960933333339,True,False,-0.9534255986111101,-4.345199538333333,-4.113532871666666
mp-756103,Y2HgO4,Hg-O-Y,14,0.000506137321429,0.000506137321429,0.0,False,True,-3.005133088214286,-7.736518667857142,-19.171135134285716
mp-756156,Rb2ZrO3,O-Rb-Zr,12,0.000170915416666,0.00017091541666600001,0.0,False,True,-2.750381017500001,-6.975822982500001,-14.106990024166668
mp-756218,LiVCrO4,Cr-Li-O-V,14,0.000520025982146,0.0005200259821460001,0.0,False,True,-2.460201116904763,-8.237018320714286,-10.426673267142858
mp-756311,LiFeSnO4,Fe-Li-O-Sn,14,0.001434741964287,0.001434741964287,0.0,False,True,-2.013281224404761,-6.896189788928571,-6.181332646071428
mp-756320,Li3Fe4SbO8,Fe-Li-O-Sb,16,0.0,0.0,0.0023907203124968,True,False,-1.849916090624999,-7.057387510624999,-6.149887510625
mp-756366,LiMnNiO4,Li-Mn-Ni-O,14,0.0,0.0,0.0016243970833356,True,False,-1.706483919466339,-6.941186613571429,-5.947329470714286
mp-756374,SrPt3O4,O-Pt-Sr,16,0.0,0.0,0.00563970046875,True,False,-1.377228348124995,-6.339437356874995,-25.403902379375
mp-756382,Sr3WO6,O-Sr-W,20,0.015692356499996,0.015692356499996,0.0,False,True,-2.9942337899999982,-7.7665518429999985,-16.224846135
mp-756506,V2NiO6,Ni-O-V,18,0.01260455,0.01260455,0.0,False,True,-2.102618245,-8.062142117222223,-10.648239666666667
mp-756690,EuAgO2,Ag-Eu-O,8,0.148493706875013,0.148493706875013,0.0,False,True,-2.123101837916653,-7.879844738749986,-19.95013482875
mp-756692,Li3Cr(FeO3)2,Cr-Fe-Li-O,12,0.004772382569442,0.004772382569442,0.0,False,True,-2.094991399166666,-7.2622934425,-6.376210109166667
mp-756746,Rb4PbO4,O-Pb-Rb,18,0.000117170000001,0.000117170000001,0.0,False,True,-1.5273026566666652,-4.574705698888888,-16.465149497777777
mp-7571,KNbF6,F-K-Nb,16,0.0,0.0,0.0088760981250004,True,False,-3.414340102781249,-6.2538137293750005,-9.452116496875
mp-759097,VF3,F-V,16,0.00134294625,0.0013429462500000001,0.0,False,True,-3.2371851025,-9.1040999975,-9.1040999975
mp-7592,AgF,Ag-F,2,0.0,0.0,0.0002479608333336,True,False,-1.122615552499999,-13.3635681,-13.3635681
mp-7595,GeF2,F-Ge,12,0.006355995416665,0.006355995416665001,0.0,False,True,-2.154149663333333,-8.862160823333333,-8.862160823333333
mp-759541,Ba(PdO2)2,Ba-O-Pd,14,0.0,0.0,0.0307329085714354,True,False,-1.5184770292857142,-6.099988826428571,-15.035923375
mp-7596,NbNO,N-Nb-O,12,0.0,0.0,0.0947639560804614,True,False,-1.975965141666666,-9.771813071666665,-15.1402636825
mp-7597,NbSe2,Nb-Se,3,0.000109165000001,0.000109165000001,0.0,False,True,-0.9833342927083321,-18.769065996666665,-18.769065996666665
mp-759856,W(OF)2,F-O-W,10,0.002773624125,0.002773624125,0.0,False,True,-2.483364816999999,-7.819716215,-16.4678718
mp-759876,Na5SbO5,Na-O-Sb,11,0.001006113181819,0.001006113181819,0.0,False,True,-1.841294021990595,-5.075604036363637,-8.411591955454545
mp-759968,Na2BiO3,Bi-Na-O,12,0.0,0.0,0.0015793683333384,True,False,-1.7254514146264421,-5.295011228333338,-15.459872905833334
mp-7604,Mg3NF3,F-Mg-N,7,0.0,0.0,0.0423115791964274,True,False,-2.7766350564285682,-5.486812901428569,-7.244934817142857
mp-760403,CaCd3O4,Ca-Cd-O,8,0.0,0.0,0.0006252137499993,True,False,-1.848988828749998,-4.9336731375,-13.155122645
mp-760417,Rb4I2O,I-O-Rb,7,0.0,0.0,0.0653932985714287,True,False,-1.497929806428573,-3.20051873857143,-17.310087107142856
mp-760432,Cu2O3,Cu-O,10,0.0,0.0,0.0050813572499999,True,False,-0.851877498249999,-5.460336769249999,-8.496119517
mp-760510,Sr2Bi2O5,Bi-O-Sr,18,0.0,0.0,0.000115967777778,True,False,-2.353507547222223,-6.342921972222222,-21.806992891666667
mp-760762,NbOF3,F-Nb-O,20,0.0,0.0,0.0118720355000006,True,False,-3.292822406999999,-7.450987040999999,-11.110793020500001
mp-761024,Na2Cd2O3,Cd-Na-O,14,0.006258749642856,0.006258749642856,0.0,False,True,-1.418337111108373,-4.196529247142856,-10.628628442857144
mp-761033,Hf3N2O3,Hf-N-O,16,0.0,0.0,0.0607248274999996,True,False,-3.111325125,-10.785325824375,-24.527629261875
mp-761275,LiVF5,F-Li-V,14,0.002257743928568,0.0022577439285680003,0.0,False,True,-3.095859333333333,-6.033300877857143,-7.704129988571429
mp-762326,Li2CuF5,Cu-F-Li,16,0.010555744874999,0.010555744874999001,0.0,False,True,-2.423879192291666,-6.330172764375,-6.330172764375
mp-7631,SiC,C-Si,12,7.649035088874712e-06,7.649035088874712e-06,0.0,False,True,-0.305938795833333,-9.666438688333333,-9.666438688333333
mp-763482,VPO5,O-P-V,14,0.0,0.0,0.0049325289285722,True,False,-2.5017754142346913,-8.107373217142854,-9.992225722142857
mp-764074,Na2FeO3,Fe-Na-O,12,0.0,0.0,0.0007722761111113,True,False,-1.6516379029597692,-5.9845288666666665,-8.2739920875
mp-764098,Li2Ni3TeO8,Li-Ni-O-Te,14,0.000441329285714,0.00044132928571400006,0.0,False,True,-1.529100045238094,-6.092332167142857,-5.155260738571428
mp-7645,KAl(SO4)2,Al-K-O-S,12,0.0,0.0,0.0255650658333337,True,False,-2.324786537687498,-6.719405622499998,-8.43763597
mp-764900,VOF,F-O-V,18,0.0,0.0,0.0014586166666674,True,False,-2.852374580833333,-8.1676143975,-10.658537216666666
mp-7650,RbScO2,O-Rb-Sc,8,0.0,0.0,0.0467284006250041,True,False,-3.000576440624999,-7.302807737499999,-12.25646915125
mp-765230,LiVOF3,F-Li-O-V,12,0.014901510000011,0.014901510000011001,0.0,False,True,-2.9778538405555564,-6.5915783516666675,-5.962745018333333
mp-768,TmAl3,Al-Tm,4,0.001857505,0.0018575050000000002,0.0,False,True,-0.451976679999999,-14.2813125,-14.2813125
mp-768368,K4I2O,I-K-O,7,0.0,0.0,0.0660208900000003,True,False,-1.525181681999999,-3.3139624142857143,-12.826438015714286
mp-768613,Zr(MnSn)6,Mn-Sn-Zr,13,0.0,0.0,0.0036231489080496,True,False,-0.106719355198939,-6.843428856153848,-20.145985316923074
mp-768863,PrAsO4,As-O-Pr,12,0.007221674166674,0.007221674166674001,0.0,False,True,-2.787474963194453,-7.663714631666675,-13.902260898333333
mp-768906,YBrO,Br-O-Y,6,0.0,0.0,0.0972115895833347,True,False,-3.316152355000001,-7.680818701666667,-16.428362196666665
mp-768949,KEuO2,Eu-K-O,4,0.030793771249999,0.030793771249999,0.0,False,True,-2.5851433405625013,-7.9139942525,-16.6365892375
mp-770932,LiSbO3,Li-O-Sb,10,0.0162339305,0.0162339305,0.0,False,True,-2.101960166666666,-6.278321590999999,-11.09352742
mp-7715,AgF2,Ag-F,6,0.034467127499999,0.034467127499999,0.0,False,True,-1.277155026666665,-10.479799375,-10.479799375
mp-771648,RbCrO2,Cr-O-Rb,8,0.0,0.0,0.0025180237499995,True,False,-2.000040384375,-7.1324162725,-6.2891662725
mp-772261,LaAsO4,As-La-O,12,0.012079903333341,0.012079903333341,0.0,False,True,-2.840337132083333,-7.7399994083333326,-14.003574855833334
mp-772968,LiTlPHO3,H-Li-O-P-Tl,14,0.0,0.0,0.0058757902529746,True,False,-1.9839961353656481,-5.974698701428572,-5.654698701428572
mp-774702,Li3BiO4,Bi-Li-O,16,0.0025006278125,0.0025006278125,0.0,False,True,-1.884712245,-5.56079311125,-12.898407323125
mp-776093,CsAsO3,As-Cs-O,20,0.0,0.0,0.0331280119999997,True,False,-1.888655890931032,-5.973052514499997,-13.1858419335
mp-776264,LiFeF4,F-Fe-Li,12,0.009928558148132,0.009928558148132,0.0,False,True,-2.825005161388888,-5.8307307575,-7.648863254999999
mp-777400,LiMnVP2(O4F)2,F-Li-Mn-O-P-V,15,0.0,0.0,4.024437500049771e-05,True,False,-2.671717012703338,-7.631529283999999,-6.9789959506666674
mp-778,Fe2P,Fe-P,9,0.0,0.0,0.0085203530555553,True,False,-0.45708832265872906,-7.908926971111111,-12.908195223333333
mp-780619,RbTaO3,O-Rb-Ta,20,0.010196908000001,0.010196908000001,0.0,False,True,-3.022135071466695,-8.560403997500028,-18.931857874
mp-780857,Li2VOF4,F-Li-O-V,16,0.003700841250004,0.0037008412500040004,0.0,False,True,-3.032055145208333,-6.22019543375,-5.69082043375
mp-7814,Ta2CS2,C-S-Ta,5,0.001581572000002,0.0015815720000020002,0.0,False,True,-1.131444586933329,-9.379371217999998,-25.679985752
mp-7819,Pd4S,Pd-S,10,0.002573407999999,0.002573407999999,0.0,False,True,-0.20709210956249802,-20.182262443,-20.182262443
mp-7824,K2ReF6,F-K-Re,9,0.0,0.0,0.0067878294444474,True,False,-2.765490939666662,-5.675931817777774,-11.96556254888889
mp-7825,K2GeF6,F-Ge-K,9,0.0,0.0,0.0035157944444472,True,False,-3.034860290499997,-5.075847129444442,-7.932886446666667
mp-7829,MnNbSi,Mn-Nb-Si,9,0.0,0.0,0.044277694722222,True,False,-0.6115613142720291,-16.675285954444444,-16.675285954444444
mp-784631,CrNi2,Cr-Ni,3,0.111591173333332,0.111591173333332,0.0,False,True,0.111591173333332,-12.90066773,-12.90066773
mp-7848,AlPO4,Al-O-P,6,0.006733440555554,0.006733440555554001,0.0,False,True,-3.120438762440476,-7.945920991666667,-9.501572900000001
mp-7849,AlAsO4,Al-As-O,6,0.013083061666666,0.013083061666666,0.0,False,True,-2.443003532916666,-7.1442605966666655,-9.732231733333334
mp-7851,TaCo3,Co-Ta,12,0.022571235833334,0.022571235833334,0.0,False,True,-0.21759491016666502,-8.534389335833332,-22.126096311666668
mp-7878,Ca(AgGe)2,Ag-Ca-Ge,5,0.008417349999996,0.008417349999996,0.0,False,True,-0.32484689,-15.82364752,-15.82364752
mp-7881,Sr(CdGe)2,Cd-Ge-Sr,5,0.000373556,0.00037355600000000004,0.0,False,True,-0.295944923999998,-2.867645759999999,-16.970232484
mp-7886,Cs2RbYF6,Cs-F-Rb-Y,10,0.0,0.0,0.0137621995000003,True,False,-3.557187892681034,-5.636057388999999,-5.358857389
mp-7897,K3P,K-P,8,0.0,0.0,0.0124504829687501,True,False,-0.335066864806547,-7.099283895,-7.099283895
mp-7904,CdP4,Cd-P,10,0.0,0.0,0.0108665766666682,True,False,-0.120742532380951,-11.34340112,-11.34340112
mp-7949,Rb2GeF6,F-Ge-Rb,9,0.0,0.0,0.0093822911111143,True,False,-3.048175578888887,-5.055643384444443,-9.69190374777778
mp-7955,Li3Sb,Li-Sb,8,0.0,0.0,0.0021469149999999,True,False,-0.7521129675,-8.96872171,-8.96872171
mp-796278,CoO2,Co-O,6,0.164294270000001,0.16429427000000102,0.0,False,True,-0.9081383900000001,-6.584584633333333,-5.580584633333333
mp-7976,RbGdO2,Gd-O-Rb,4,0.0,0.0,3.4401250003313066e-05,True,False,-2.979642334375001,-9.217786915000001,-20.2004894525
mp-7979,K2PdF6,F-K-Pd,9,0.0,0.0,0.0033610544444444,True,False,-2.381861047166666,-4.484720547777777,-8.280505987777778
mp-799,V3S4,S-V,14,0.056969857857135,0.05696985785713501,0.0,False,True,-1.300097730714278,-7.557427596428566,-11.765193927857142
mp-8,Re,Re,2,0.003587022499999,0.003587022499999,0.0,False,True,0.003587022499999,-52.407027685,-52.407027685
mp-8001,LiAlO2,Al-Li-O,4,0.0,0.0,0.0184956287500002,True,False,-3.096943435208333,-6.984548611875,-8.284484085
mp-8042,ZrGeO4,Ge-O-Zr,12,0.020715669999999,0.020715669999999003,0.0,False,True,-2.964421039166666,-8.458183123333333,-12.909949404166667
mp-8057,Ti3O5,O-Ti,16,0.0,0.0,0.0050849706250009,True,False,-3.382133738125,-9.4354188725,-11.800886276875
mp-8111,LaOF,F-La-O,6,0.0,0.0,0.0052406166666667,True,False,-4.256708431666667,-8.189315259999999,-17.13347351166667
mp-8124,YbCuSi,Cu-Si-Yb,6,0.0,0.0,0.0443495975000001,True,False,-0.728462728333335,-19.445109188333333,-19.445109188333333
mp-8127,K2Mg(CO3)2,C-K-Mg-O,11,0.0,0.0,0.00773274909091,True,False,-2.263282359954545,-6.994458794545454,-8.590586251818182
mp-8161,CaPdF4,Ca-F-Pd,12,0.001513387083337,0.0015133870833370002,0.0,False,True,-2.79919496,-9.883004811666668,-9.883004811666668
mp-8187,K2ZnO2,K-O-Zn,10,0.0,0.0,0.0110892829999968,True,False,-1.5774439758999992,-4.261124989,-8.06769738
mp-819,HfCr2,Cr-Hf,6,0.08468114333333,0.08468114333333,0.0,False,True,0.084681143333331,-25.014685580000002,-25.014685580000002
mp-8191,Cs2PtF6,Cs-F-Pt,9,0.0,0.0,0.011632158888891,True,False,-2.358812694444446,-15.743344983333335,-15.743344983333335
mp-8192,Rb2PtF6,F-Pt-Rb,9,0.0,0.0,0.0033326888888911,True,False,-2.440364056111109,-4.608732468888887,-13.249281535555555
mp-82,Tl,Tl,2,0.0,0.0,0.0038812916666666,True,False,0.0,-53.17930458,-53.17930458
mp-820,HgSe,Hg-Se,2,0.001414384999996,0.0014143849999960002,0.0,False,True,-0.23550632828125,-32.075189705,-32.075189705
mp-8211,GaGeTe,Ga-Ge-Te,6,0.0,0.0,0.0095535854166666,True,False,-0.29642961166666704,-17.207088891666668,-17.207088891666668
mp-8221,ZrAsRu,As-Ru-Zr,9,0.0,0.0,0.0090854147222199,True,False,-0.8519818369444451,-8.349390404444444,-21.910378648888887
mp-8224,CaSnF6,Ca-F-Sn,8,0.001296618749999,0.001296618749999,0.0,False,True,-3.401542958125,-5.58882870625,-9.5965057475
mp-8230,Zn(PO3)2,O-P-Zn,18,0.0,0.0,0.0131902111111106,True,False,-2.502442132420636,-7.144492875833334,-9.216722409444445
mp-8232,BaZrF6,Ba-F-Zr,16,0.0088353634375,0.0088353634375,0.0,False,True,-4.1287576625,-6.87248139,-12.626876331875
mp-8244,Ti5TlSe8,Se-Ti-Tl,14,0.0,0.0,0.006783091666664,True,False,-1.375937897053571,-6.3628110414285715,-17.87545182857143
mp-8248,Rb2TeO3,O-Rb-Te,12,0.0,0.0,0.0099993358333332,True,False,-1.832296276111109,-5.157005784999999,-13.490928643333334
mp-8250,La(NiP)2,La-Ni-P,5,0.0,0.0,0.0123454699999996,True,False,-0.9925994168571671,-6.458044920000025,-15.384517776000001
mp-8251,VP4,P-V,10,0.0,0.0,0.0252769916666668,True,False,-0.385611564380951,-10.40518776,-10.40518776
mp-827,KN3,K-N,8,0.0,0.0,0.0101070500000002,True,False,-0.22111233375000103,-8.57224132125,-8.57224132125
mp-8287,SmCuP2,Cu-P-Sm,8,0.020272720267854,0.020272720267854,0.0,False,True,-0.9522152664880941,-15.5981835025,-15.5981835025
mp-8289,SnF3,F-Sn,8,0.0146278146875,0.0146278146875,0.0,False,True,-2.533785512499999,-11.06485242,-11.06485242
mp-8290,BaSnF6,Ba-F-Sn,8,0.0,0.0,0.0013012187500001,True,False,-3.396749804374999,-5.5732074350000005,-12.0651757175
mp-8347,BaMnS2,Ba-Mn-S,16,0.0,0.0,0.0123516043750031,True,False,-1.585543703232757,-6.424490117499999,-16.069408566875
mp-8361,CsTe,Cs-Te,8,0.0,0.0,0.0204299729166677,True,False,-1.0644603675,-26.3272990225,-26.3272990225
mp-8377,TeO2,O-Te,12,0.0,0.0,0.0113343679166675,True,False,-1.4950600038888862,-5.841469304999998,-13.556773076666666
mp-8382,CePO4,Ce-O-P,18,0.028257842083332,0.028257842083332003,0.0,False,True,-3.404146650218259,-8.594857886111118,-13.875561011666667
mp-8388,K2CuF4,Cu-F-K,14,0.0,0.0,0.0002385771428574,True,False,-2.538780793499999,-4.541260167142857,-7.603959137857143
mp-839,V3Au,Au-V,8,0.0,0.0,0.0081073837499996,True,False,-0.088406430000002,-23.301828265,-23.301828265
mp-8396,CsEuF3,Cs-Eu-F,5,0.015776123999998,0.015776123999998,0.0,False,True,-3.573640819000002,-18.175124732,-18.175124732
mp-8398,CsYbF3,Cs-F-Yb,5,0.414283702500004,0.414283702500004,0.0,False,True,-3.205172131,-17.408355258,-17.408355258
mp-8402,RbMgF3,F-Mg-Rb,5,0.0,0.0,0.0021546039999993,True,False,-3.507841387833333,-5.178353630333333,-9.024368142
mp-8456,SrAsPt,As-Pt-Sr,6,0.0,0.0,0.013482746666666,True,False,-1.155768352499999,-28.269404671666667,-28.269404671666667
mp-8482,LiYbGe,Ge-Li-Yb,9,0.0,0.0,0.0449133154444449,True,False,-0.80947635388889,-18.405497280000002,-18.405497280000002
mp-8490,LiGe,Ge-Li,12,0.033398377708333,0.033398377708333,0.0,False,True,-0.247402372708333,-3.513377733541666,-8.414848954166667
mp-849086,CuS2,Cu-S,6,0.004899086840277,0.004899086840277,0.0,False,True,-0.180291191875001,-9.151914676666667,-9.151914676666667
mp-849872,Bi2TeO2,Bi-O-Te,5,0.0,0.0,0.0758637246666706,True,False,-1.2661092213333331,-5.429968525999999,-31.860744083999997
mp-85,In,In,1,0.0,0.0,0.03681058,True,False,0.0,-22.57859038,-22.57859038
mp-851,ErPd,Er-Pd,2,0.0,0.0,0.0236469125000002,True,False,-0.960327171666666,-29.40327156,-29.40327156
mp-8515,BaSm2PdO5,Ba-O-Pd-Sm,18,0.0,0.0,0.0042733745833336,True,False,-3.009463532222222,-7.595667315,-7.214000648333333
mp-8560,SF6,F-S,7,0.008920994761905,0.008920994761905,0.0,False,True,-1.844461896116071,-5.671634028571428,-5.671634028571428
mp-8566,Ag,Ag,4,0.0,0.0,0.0072303158333335,True,False,0.0,-21.355877145,-21.355877145
mp-8605,SrSbPt,Pt-Sb-Sr,3,0.0,0.0,0.0022794800000003,True,False,-0.9505581366666671,-4.9147456866666674,-31.85974674666667
mp-8607,Na(Cu2Sb)2,Cu-Na-Sb,7,0.007890400714284,0.007890400714284,0.0,False,True,-0.120316262857142,-14.172315695714286,-14.172315695714286
mp-861182,Li4TiS4,Li-S-Ti,9,0.0116382425,0.011638242500000002,0.0,False,True,-1.535564807962962,-5.100095289444444,-7.571126448888888
mp-8612,Sb2TeSe2,Sb-Se-Te,5,0.0,0.0,0.0731042780000015,True,False,-0.498195292270844,-4.176821558000012,-21.317463576
mp-861479,PrYMg2,Mg-Pr-Y,4,0.0,0.0,0.0001342425000001,True,False,-0.084039455416666,-3.7254152025,-14.62216487
mp-861501,AgHgPd2,Ag-Hg-Pd,4,0.0,0.0,0.0002357100000001,True,False,-0.13944391354166502,-3.517537247499998,-29.325884145
mp-861507,ScAlIr2,Al-Ir-Sc,4,0.0,0.0,0.0020558218749995,True,False,-1.009155341249998,-7.947883664999999,-31.824551245
mp-861512,PrCrSe3,Cr-Pr-Se,20,0.0,0.0,0.0001794465000006,True,False,-1.492157599739583,-6.479408272000001,-19.0029067125
mp-861594,Pr2TlCd,Cd-Pr-Tl,4,0.0,0.0,0.0031352575000003,True,False,-0.45231644083332806,-33.4753676925,-33.4753676925
mp-861600,Ho2ZnIn,Ho-In-Zn,4,0.0,0.0,0.0122402099999998,True,False,-0.387168546666664,-3.690737617500001,-24.79475667
mp-861617,LaHgAu2,Au-Hg-La,4,0.0,0.0,0.0037793999999999,True,False,-0.6220908443750021,-3.570451630000001,-45.7522757125
mp-861627,Ti2AlMo,Al-Mo-Ti,4,0.0,0.0,0.0175784649999997,True,False,-0.34524999583333305,-15.015147945,-15.015147945
mp-861629,LiMnPd2,Li-Mn-Pd,4,0.0,0.0,0.0013439450000003,True,False,-0.365073502816093,-5.722748947500001,-16.271948465
mp-861640,Ti2AlRe,Al-Re-Ti,4,0.0,0.0,0.0457850925000009,True,False,-0.510066803958334,-21.76462357,-21.76462357
mp-861657,Li2PrAl,Al-Li-Pr,4,0.0,0.0,0.0052731320833334,True,False,-0.221982791249999,-10.4493496725,-10.4493496725
mp-861658,LiMnPt2,Li-Mn-Pt,4,0.0,0.0,0.0024459025000007,True,False,-0.48018209781609406,-6.283483297500002,-30.70869402
mp-861725,LiTl2Rh,Li-Rh-Tl,4,0.0,0.0,1.2051388888600911e-05,True,False,-0.149139516666664,-33.3695255675,-33.3695255675
mp-861878,Cd2AgRh,Ag-Cd-Rh,4,0.0,0.0,0.0274936158333329,True,False,-0.09371767624999801,-21.519237965,-21.519237965
mp-861892,DyInRh2,Dy-In-Rh,4,0.0,0.0,0.0085807225000005,True,False,-0.7474745770833301,-6.27401583,-26.549704475
mp-861893,Li2LaPb,La-Li-Pb,4,0.0,0.0,0.0386774891666665,True,False,-0.37902647041666804,-3.495651447500002,-23.1772359075
mp-861894,Li2LaSn,La-Li-Sn,4,0.0,0.0,0.0114744083333335,True,False,-0.49024710416666606,-3.6811032775,-15.375922585
mp-861908,TaTiRu2,Ru-Ta-Ti,4,0.0,0.0,0.0157182212500011,True,False,-0.6045244860000021,-28.699189565,-28.699189565
mp-861909,CdGaRh2,Cd-Ga-Rh,4,0.0,0.0,0.0823161324999999,True,False,-0.357465039374998,-5.036645527499999,-20.361461
mp-861910,Sc3Hg,Hg-Sc,8,0.0,0.0,0.0445924374999995,True,False,-0.27086436687499904,-21.16168151375,-21.16168151375
mp-861931,LiPt3,Li-Pt,4,0.0,0.0,0.0118886325000007,True,False,-0.481434601666663,-39.69389888,-39.69389888
mp-861933,LiTmHg2,Hg-Li-Tm,4,0.0,0.0,0.0034627400000002,True,False,-0.489551250416667,-34.5503931875,-34.5503931875
mp-861934,HoAlAg2,Ag-Al-Ho,4,0.0,0.0,0.0056594139285706,True,False,-0.326717519583329,-3.834000182499998,-20.93552944
mp-861935,CaSnRh2,Ca-Rh-Sn,4,0.0,0.0,0.0134246758333338,True,False,-0.551106108749998,-5.737052977499999,-20.581581055
mp-861936,LiPd3,Li-Pd,4,0.0,0.0,0.0164163850000012,True,False,-0.25798811666666605,-18.0750049275,-18.0750049275
mp-861941,Ho2PdRu,Ho-Pd-Ru,4,0.0,0.0,0.0323432900000026,True,False,-0.6704483924999971,-6.582859212500001,-29.2476466875
mp-861958,Ti2MnBe,Be-Mn-Ti,4,0.0,0.0,0.01870334,True,False,-0.203390732399426,-7.37649378,-11.390158965
mp-861962,BaSb2F12,Ba-F-Sb,15,0.0,0.0,0.0181707100000085,True,False,-2.993863724666665,-5.203410785999998,-10.531442844666666
mp-861965,Ho2RuRh,Ho-Rh-Ru,4,0.0,0.0,0.0012505874999986,True,False,-0.648692167499998,-7.107209502500002,-29.540332005
mp-861979,Ir2S3,Ir-S,10,0.000835235500002,0.000835235500002,0.0,False,True,-0.48724733868750103,-26.251411055,-26.251411055
mp-861983,Ti2MnFe,Fe-Mn-Ti,4,0.0,0.0,0.0052720799999992,True,False,-0.33844832864942703,-8.694203462499999,-13.9279422275
mp-862256,Cu2PdAu,Au-Cu-Pd,4,0.0,0.0,0.0065529724999988,True,False,-0.11528439250000101,-4.278328680000001,-23.933382115
mp-862257,Sc2ZnAu,Au-Sc-Zn,4,0.0,0.0,0.00755718,True,False,-0.599019242499999,-4.8986601975,-21.2062358
mp-862258,Sc2ZnPt,Pt-Sc-Zn,4,0.0,0.0,0.0007707949999993,True,False,-0.835461669999999,-5.834415455,-21.6853919925
mp-862260,ScZn3,Sc-Zn,8,0.0,0.0,0.0039708224999999,True,False,-0.313133792499999,-2.841058776249999,-9.8510869525
mp-862261,Sc2ZnRu,Ru-Sc-Zn,4,0.0,0.0,0.0480565425000003,True,False,-0.49405276999999903,-6.29382386,-14.793947005
mp-862287,BeAlRh2,Al-Be-Rh,4,0.0,0.0,0.0068906724999999,True,False,-0.8688942487500011,-6.422295357500001,-15.77120468
mp-862296,LiAlPt2,Al-Li-Pt,4,0.0,0.0,0.0162687149999989,True,False,-1.020856209166666,-29.044415845,-29.044415845
mp-8623,K2Te2Pt,K-Pt-Te,5,0.0,0.0,0.0340584704000019,True,False,-0.9639222794999991,-23.835660958,-23.835660958
mp-862300,Sc2GaOs,Ga-Os-Sc,4,0.0,0.0,0.0611353975000001,True,False,-0.529882809374998,-7.259983224999999,-22.39573083
mp-862311,Sc2GaRu,Ga-Ru-Sc,4,0.0,0.0,0.0627846249999972,True,False,-0.6024781018749981,-6.844337294999999,-15.555367605
mp-862338,Sc2CuRu,Cu-Ru-Sc,4,0.0,0.0,0.0115879875000004,True,False,-0.47142781999999805,-6.981064674999999,-15.2333128675
mp-862364,Sc2OsPt,Os-Pt-Sc,4,0.0,0.0,0.0500330649999991,True,False,-0.837381349999997,-8.328241089999999,-32.74201083
mp-862365,Sc2OsPd,Os-Pd-Sc,4,0.0,0.0,0.0411454800000008,True,False,-0.6930195999999981,-7.9610664625,-25.41390902
mp-862370,Sc2PdRu,Pd-Ru-Sc,4,0.0,0.0,0.0363924074999966,True,False,-0.7844749699999971,-7.564280609999997,-18.592000785
mp-862371,Sc2RuPt,Pt-Ru-Sc,4,0.0,0.0,0.0278453675000003,True,False,-0.9565562949999981,-7.959174812499999,-25.946359875
mp-862372,Sc2RuRh,Rh-Ru-Sc,4,0.0,0.0,9.065249999906656e-05,True,False,-0.8194979575000001,-8.1454101125,-18.929265785
mp-862377,LiBe2Ir,Be-Ir-Li,4,0.0,0.0,0.0529780479166666,True,False,-0.386029505833333,-4.9425752,-16.27896093
mp-862431,Sc2AgOs,Ag-Os-Sc,4,0.0,0.0,0.0745838425,True,False,-0.37469696291666704,-7.058507792500002,-24.6870365575
mp-862473,Sc2AgRu,Ag-Ru-Sc,4,0.0,0.0,0.0779014799999986,True,False,-0.439213590416665,-6.634783197499999,-17.83475452
mp-862486,Sc2AlOs,Al-Os-Sc,4,0.0,0.0,0.0398423074999998,True,False,-0.48039860499999903,-7.3898689725,-21.159960945
mp-862539,BH6CN3F4,B-C-F-H-N,15,0.0,0.0,0.0359754939444441,True,False,-1.432805491777777,-6.029579877333333,-5.834179877333333
mp-862548,Sc2AlZn,Al-Sc-Zn,4,0.0,0.0,0.0019929574999997,True,False,-0.424913742499999,-4.842478155,-10.046590115
mp-862615,Er2NiRu,Er-Ni-Ru,4,0.0,0.0,0.0155644700000028,True,False,-0.45097431249999603,-6.498468522499998,-26.7769214925
mp-862620,IrRu3,Ir-Ru,8,0.0,0.0,0.002136021250001,True,False,-0.064791034999998,-32.22303086875,-32.22303086875
mp-862623,ScSnRh2,Rh-Sc-Sn,4,0.0,0.0,0.0177873599999998,True,False,-0.8764835499999981,-7.144147725,-22.0169413125
mp-862629,ScRh2Pb,Pb-Rh-Sc,4,0.0,0.0,0.0281679625000004,True,False,-0.5848243712499991,-6.7782573500000005,-29.62708954
mp-862657,LiCuPd2,Cu-Li-Pd,4,0.0,0.0,0.0175241374999979,True,False,-0.28482597666666504,-15.073428385,-15.073428385
mp-862658,LiCu3,Cu-Li,4,0.0,0.0,0.0124603387500004,True,False,-0.011274624166665002,-8.7430482275,-8.7430482275
mp-862666,DyGaRh2,Dy-Ga-Rh,4,0.0,0.0,0.0139401308333342,True,False,-0.814781299791663,-6.408553122499999,-23.8052288
mp-862691,Al2FeCo,Al-Co-Fe,4,0.0,0.0,0.0033658325000001,True,False,-0.46805296249999906,-6.24170036,-10.62915902
mp-862694,Al2IrRh,Al-Ir-Rh,4,0.0,0.0,0.0072034090000006,True,False,-1.130865957499999,-23.6208106425,-23.6208106425
mp-862705,AlZnIr2,Al-Ir-Zn,4,0.0,0.0,0.0065712525000005,True,False,-0.693766981249999,-30.78411894,-30.78411894
mp-862712,Sc2CoIr,Co-Ir-Sc,4,0.0,0.0,0.0040449559999977,True,False,-0.7195633299999991,-7.8787606075,-22.86548309
mp-862713,BeGeRu2,Be-Ge-Ru,4,0.0,0.0,0.006223191208333,True,False,-0.279699512499998,-7.0075109625,-17.5393884025
mp-862714,Be3Ir,Be-Ir,4,0.0,0.0,0.0418956691666672,True,False,-0.461441378749999,-5.4756095725,-16.8351486875
mp-862715,Al2PdRu,Al-Pd-Ru,4,0.0,0.0,0.0509399149999998,True,False,-0.8579669187500011,-16.32026331,-16.32026331
mp-862737,LiHgPd2,Hg-Li-Pd,4,0.0,0.0,0.0212898524999998,True,False,-0.35285247145833304,-3.497442102499999,-24.767721445
mp-862746,Sr2LiTl,Li-Sr-Tl,4,0.0,0.0,0.0047489998958334,True,False,-0.282441951666669,-21.746775235,-21.746775235
mp-862748,Sr2MnZn2(AsO)2,As-Mn-O-Sr-Zn,9,0.000464351111108,0.000464351111108,0.0,False,True,-1.503426578103449,-5.31481833,-4.97681833
mp-862755,PrCd3,Cd-Pr,4,0.002343039945653,0.0023430399456530002,0.0,False,True,-0.346884070416663,-22.77661393,-22.77661393
mp-862757,PrDyMg2,Dy-Mg-Pr,4,0.0,0.0,0.0012508724999999,True,False,-0.075159143333331,-3.243855897499999,-17.530800435
mp-862760,PrCdAg2,Ag-Cd-Pr,4,0.0,0.0,0.0011971131081098,True,False,-0.259733593749997,-3.120072844999999,-23.32407385
mp-862774,LiInPt2,In-Li-Pt,4,0.0,0.0,0.0605532899999996,True,False,-0.633030456666666,-32.618213105,-32.618213105
mp-862778,AlSiRu2,Al-Ru-Si,4,0.0,0.0,0.0116593825000004,True,False,-0.7554451362499991,-17.344178515,-17.344178515
mp-862781,AlCrRu2,Al-Cr-Ru,4,0.0,0.0,0.0020536925000005,True,False,-0.3686861925,-18.53231402,-18.53231402
mp-862800,PrI3,I-Pr,8,0.0,0.0,0.0330162349999998,True,False,-1.689724197916664,-4.031601523749998,-27.371317435
mp-862805,PrSnAu2,Au-Pr-Sn,4,0.0,0.0,0.0048557262499997,True,False,-0.6842041816666631,-4.522406009999997,-39.5429326975
mp-862871,PbCl2,Cl-Pb,6,0.042926025833335,0.042926025833335005,0.0,False,True,-1.265812036666669,-24.129149338333335,-24.129149338333335
mp-862895,Er2ZnRu,Er-Ru-Zn,4,0.0,0.0,0.0428111225000007,True,False,-0.402019619999996,-5.319415562499998,-25.98439904
mp-862931,ErSnRh2,Er-Rh-Sn,4,0.0,0.0,0.0066260774999999,True,False,-0.8253240662500001,-6.651800667500002,-27.607154755
mp-862944,Er2CuRu,Cu-Er-Ru,4,0.0,0.0,0.0104252224999994,True,False,-0.38564200749999805,-6.012903715,-26.4364575475
mp-862978,Er2AgRu,Ag-Er-Ru,4,0.0,0.0,0.0649253275000028,True,False,-0.39368670791666505,-5.706881167500001,-29.078901715
mp-862982,Ag2Br3,Ag-Br,10,0.0,0.0,0.0257794930000003,True,False,-0.589244397666665,-2.708587389999999,-16.869108686
mp-863026,SmCl3,Cl-Sm,8,0.0,0.0,0.0535204762500001,True,False,-2.428301643125001,-14.47586189625,-14.47586189625
mp-863028,SmI3,I-Sm,8,0.0,0.0,0.0248297737499996,True,False,-1.679602593749999,-4.002258588749999,-27.43733635125
mp-863029,ErCl3,Cl-Er,8,0.0,0.0,0.0766405599999995,True,False,-2.431907822708332,-15.5275957875,-15.5275957875
mp-863264,TbI3,I-Tb,8,0.0,0.0,0.0534910575,True,False,-1.661328500416667,-3.963803867500001,-27.79107372875
mp-863659,LiScHg2,Hg-Li-Sc,4,0.0,0.0,0.0007391374999996,True,False,-0.438690244166668,-28.5688919475,-28.5688919475
mp-863666,Er2RuRh,Er-Rh-Ru,4,0.0,0.0,0.0003708824999995,True,False,-0.689887254999998,-7.1334242625,-30.095077515
mp-863679,ErTaRu2,Er-Ru-Ta,4,0.0,0.0,0.056577727499997,True,False,-0.425428669333328,-9.171291527499996,-33.828183595
mp-863690,Ti2MnCo,Co-Mn-Ti,4,0.0,0.0,0.0119029575000002,True,False,-0.378944631149426,-8.4005486425,-13.7450654525
mp-863707,KNa2Bi,Bi-K-Na,4,0.0,0.0,0.0013575237499994,True,False,-0.517660647187501,-18.4298853525,-18.4298853525
mp-863709,Ir3Rh,Ir-Rh,4,0.0,0.0,0.0074005658333327,True,False,-0.025206192500000002,-45.3287784375,-45.3287784375
mp-863724,InPd2Au,Au-In-Pd,4,0.0,0.0,0.0314875024999992,True,False,-0.43434150749999706,-30.205455945,-30.205455945
mp-863735,ErRh2Pb,Er-Pb-Rh,4,0.0,0.0,0.0032578099999973,True,False,-0.5773328749999981,-6.32957828,-35.263539432500004
mp-863739,ErCdRh2,Cd-Er-Rh,4,0.0,0.0,0.0305917624999993,True,False,-0.5866167199999971,-5.650702904999999,-26.226687075
mp-863746,TbBr3,Br-Tb,8,0.0,0.0,0.0584514025000002,True,False,-2.253170766666668,-4.640346573750001,-19.8332893175
mp-863759,CsK2Bi,Bi-Cs-K,4,0.0,0.0,0.0082623693749996,True,False,-0.5110704906250021,-24.422884145,-24.422884145
mp-863763,K2Y4Cu4Se9,Cu-K-Se-Y,19,0.0,0.0,0.0028948348684263,True,False,-1.499322636610196,-5.507698185263158,-5.284119237894736
mp-864600,TbSnRh2,Rh-Sn-Tb,4,0.0,0.0,0.006224285,True,False,-0.7767526179166651,-6.6207654225,-26.878346415
mp-864607,ZrCdPd2,Cd-Pd-Zr,4,0.0,0.0,0.0107152796381582,True,False,-0.577488087499999,-5.5443566975,-22.811149225
mp-864617,NdI3,I-Nd,8,0.0,0.0,0.0331473949999994,True,False,-1.690401188125,-4.025447507500001,-27.3715182
mp-864623,ZnCuAu2,Au-Cu-Zn,4,0.0,0.0,0.0029000174999986,True,False,-0.14657338749999801,-3.123251957499999,-30.381733529999998
mp-864624,HoZnRh2,Ho-Rh-Zn,4,0.0,0.0,0.0209671975,True,False,-0.672656846249996,-5.8191665499999985,-23.2325646475
mp-864634,EuCd3,Cd-Eu,4,0.019843243749999,0.019843243749999,0.0,False,True,-0.30332289374999905,-25.01228434,-25.01228434
mp-864637,NdAl,Al-Nd,16,0.0,0.0,0.0011806350000007,True,False,-0.45537945249999706,-18.53043310875,-18.53043310875
mp-864640,Ta2NbIr,Ir-Nb-Ta,4,0.0,0.0,0.0643043304166681,True,False,-0.38402082116667,-11.052419397500003,-44.00944823
mp-864642,HoSnRh2,Ho-Rh-Sn,4,0.0,0.0,0.0063259699999997,True,False,-0.806263299999998,-6.640230065000001,-27.3251151775
mp-864651,Ta2NbRu,Nb-Ru-Ta,4,0.0,0.0,0.0139545549999997,True,False,-0.283485304916673,-37.1190541475,-37.1190541475
mp-864654,Zn2NiRh,Ni-Rh-Zn,4,0.0,0.0,0.0025260099999995,True,False,-0.34063196499999904,-4.2566149074999995,-13.838311055
mp-864657,HoI3,Ho-I,8,0.0,0.0,0.0591864112500002,True,False,-1.641306799999999,-3.9337361275000013,-28.17800095
mp-864662,HoCl3,Cl-Ho,8,0.0,0.0,0.0742850537500006,True,False,-2.436702259375,-15.27136741125,-15.27136741125
mp-864668,NdSnAu2,Au-Nd-Sn,4,0.0,0.0,0.0010311412500003,True,False,-0.693674060624997,-4.525044882499998,-39.5540688675
mp-864669,NbGeRu2,Ge-Nb-Ru,4,0.0,0.0,0.0230870649999985,True,False,-0.267934366250008,-8.586218860000008,-22.66163654
mp-864670,Ta2VOs,Os-Ta-V,4,0.0,0.0,0.0047732266666695,True,False,-0.384749546166666,-41.4493670475,-41.4493670475
mp-864671,HfAlRh2,Al-Hf-Rh,4,0.0,0.0,0.0160538849999998,True,False,-1.097746739999998,-26.136739485,-26.136739485
mp-864732,Yb2CdGe,Cd-Ge-Yb,4,0.145771984166664,0.145771984166664,0.0,False,True,-0.47372098249999706,-27.2326516925,-27.2326516925
mp-864753,LiYb2Ga,Ga-Li-Yb,4,0.0,0.0,0.0084687066666666,True,False,-0.36653777416666905,-22.0885977575,-22.0885977575
mp-864757,YbN2,N-Yb,6,0.0,0.0,0.0959313616666674,True,False,-1.044708324166668,-19.3070017,-19.3070017
mp-864759,LiYb2Ir,Ir-Li-Yb,4,0.0,0.0,0.0068592891666661,True,False,-0.7426528991666671,-32.6938572575,-32.6938572575
mp-864763,LiYb2Rh,Li-Rh-Yb,4,0.0,0.0,0.0498225741666664,True,False,-0.596158906666666,-25.49158206,-25.49158206
mp-864769,LiYb2Tl,Li-Tl-Yb,4,0.029035606874998,0.029035606874998003,0.0,False,True,-0.24405101166667,-32.4002431525,-32.4002431525
mp-864786,Yb2PdPt,Pd-Pt-Yb,4,0.008003004374998,0.008003004374998,0.0,False,True,-1.2305554850000031,-38.107287505,-38.107287505
mp-864789,Yb2SnHg,Hg-Sn-Yb,4,0.038425927500014,0.038425927500014,0.0,False,True,-0.5598039168749971,-37.352990885,-37.352990885
mp-864798,HfZnIr2,Hf-Ir-Zn,4,0.0,0.0,8.404999999989116e-05,True,False,-0.7433310700000011,-7.966781320000003,-40.54060563
mp-864800,Yb2PdAu,Au-Pd-Yb,4,0.019489848124997,0.019489848124997003,0.0,False,True,-0.988668887500004,-37.63971172,-37.63971172
mp-864807,HfZnNi2,Hf-Ni-Zn,4,0.0,0.0,0.0129728684159839,True,False,-0.430705482499998,-6.1250069825,-19.9308013675
mp-864808,TbInPd2,In-Pd-Tb,4,0.0,0.0,0.0056858899999996,True,False,-0.871790045,-25.8032729825,-25.8032729825
mp-864831,NbZnRh2,Nb-Rh-Zn,4,0.0,0.0,0.0140742525000003,True,False,-0.46407149749999205,-6.986487594999993,-20.99094028
mp-864839,Zn2PdRh,Pd-Rh-Zn,4,0.0,0.0,0.0052329150000005,True,False,-0.5148492624999991,-4.2807684875,-16.7699402225
mp-864840,NbZnRu2,Nb-Ru-Zn,4,0.0,0.0,0.0016087200000001,True,False,-0.257951754999998,-7.735415187499999,-21.41601899
mp-864844,Zn2RhAu,Au-Rh-Zn,4,0.0,0.0,0.0526584424999998,True,False,-0.336108980000002,-23.4717074775,-23.4717074775
mp-864876,TbInRh2,In-Rh-Tb,4,0.0,0.0,0.0083064625000002,True,False,-0.7320021133333301,-6.263415389999999,-26.3426139225
mp-864882,Yb2PdRh,Pd-Rh-Yb,4,0.0178398175,0.0178398175,0.0,False,True,-1.033805864999998,-31.0726658175,-31.0726658175
mp-864894,Be3Rh,Be-Rh,8,0.0,0.0,0.027307292083333,True,False,-0.442138165,-5.08777478125,-9.75442149875
mp-864904,HoCdAg2,Ag-Cd-Ho,4,0.0,0.0,0.0010298287499992,True,False,-0.26668044708333,-3.0775717,-24.2152944425
mp-864909,HfAlRu2,Al-Hf-Ru,4,0.0,0.0,0.0039521024999995,True,False,-0.8224986375000001,-26.505644715,-26.505644715
mp-864931,MgCo2,Co-Mg,12,0.018079217499996,0.018079217499996,0.0,False,True,0.018079217499998003,-10.194509397500001,-10.194509397500001
mp-864944,MnBe2Pt,Be-Mn-Pt,4,0.0,0.0,0.0029170387499997,True,False,-0.47643338198275903,-6.154426967500001,-19.32417811
mp-864945,MnBe2Rh,Be-Mn-Rh,4,0.0,0.0,0.0164496368390798,True,False,-0.41455210198275805,-6.415839325,-12.404949195
mp-864946,MnCuPd2,Cu-Mn-Pd,4,0.0,0.0,0.0176420899999998,True,False,-0.223007231982759,-6.128253627500001,-18.2494345475
mp-864947,ZrSnRh2,Rh-Sn-Zr,4,0.0,0.0,0.0362909150000003,True,False,-0.7407130362499981,-7.562185092499998,-24.738613255
mp-864950,MnAlIr2,Al-Ir-Mn,4,0.0,0.0,0.0067246599999997,True,False,-0.5906594619827561,-8.236774332499998,-32.336777395
mp-864953,MnV2Cr,Cr-Mn-V,4,0.0,0.0,0.0043552075000086,True,False,-0.14542008612068802,-14.6293772175,-14.6293772175
mp-864982,DyBr3,Br-Dy,8,0.0,0.0,0.0613610624999996,True,False,-2.250253531666665,-4.632557315,-20.01432430125
mp-864985,MnZnIr2,Ir-Mn-Zn,4,0.0,0.0,0.008257897187498,True,False,-0.20868979198275803,-7.2333466075,-32.43339434
mp-864988,Mn2AlCr,Al-Cr-Mn,4,0.0,0.0,0.0264779449999998,True,False,-0.16105888646551703,-8.0917223575,-13.04537126
mp-864989,Mn2AlRe,Al-Mn-Re,4,0.0,0.0,0.020858055288464,True,False,-0.197732694590518,-8.82716285,-22.2503822375
mp-864992,MnNbRu2,Mn-Nb-Ru,4,0.0,0.0,0.0020158099999978,True,False,-0.32573629612069105,-22.892356275,-22.892356275
mp-864995,DyAl3,Al-Dy,8,0.0,0.0,0.0004168125000001,True,False,-0.48056081874999806,-13.5250853725,-13.5250853725
mp-865001,HfScOs2,Hf-Os-Sc,4,0.0,0.0,0.0100967969791643,True,False,-0.564750781249996,-10.250849029999998,-41.287852015
mp-865003,Be2IrPd,Be-Ir-Pd,4,0.0,0.0,0.0375351449999996,True,False,-0.601694587499999,-5.9759800174999995,-21.6253213775
mp-865005,DyI3,Dy-I,8,0.0,0.0,0.0558128312499994,True,False,-1.651786779166664,-3.949390122499998,-27.96790619875
mp-865010,HfGaRu2,Ga-Hf-Ru,4,0.0,0.0,0.005493190000001,True,False,-0.670260705,-27.5310761875,-27.5310761875
mp-865017,Dy2ZnRu,Dy-Ru-Zn,4,0.0,0.0,0.0333576799999999,True,False,-0.36363235333333205,-5.306356655000002,-24.9828431775
mp-865019,HfGaRh2,Ga-Hf-Rh,4,0.0,0.0,0.0327849524999992,True,False,-0.8941999968749931,-7.822675194999995,-27.178040455
mp-865022,MnIr3,Ir-Mn,8,0.0,0.0,0.0204836087500019,True,False,-0.16418418823275602,-9.083513646249997,-43.16378255875
mp-865025,HfTaRe2,Hf-Re-Ta,4,0.0,0.0,0.0085594925000211,True,False,-0.39615333558333504,-12.076239582500001,-50.120247165
mp-865041,HfScRh2,Hf-Rh-Sc,4,0.0,0.0,0.0160345803124997,True,False,-0.9569838462499971,-8.711552314999999,-27.20626007
mp-865051,NaCa2Tl,Ca-Na-Tl,4,0.0,0.0,0.038624022112069,True,False,-0.29801854250000304,-18.00303668,-18.00303668
mp-865066,HfInRh2,Hf-In-Rh,4,0.0,0.0,0.0186367749999991,True,False,-0.853484677499999,-29.854100435,-29.854100435
mp-865079,TiZnPd2,Pd-Ti-Zn,4,0.0,0.0,0.0309469524999999,True,False,-0.581745330833332,-5.460495142499999,-17.53502261
mp-865091,HfMnRh2,Hf-Mn-Rh,4,0.0,0.0,0.0103022050000003,True,False,-0.887145171120689,-27.9139470025,-27.9139470025
mp-865092,MgGaNi2,Ga-Mg-Ni,4,0.0,0.0,0.007668034166663,True,False,-0.32843188312499905,-4.3831417325,-10.198440215
mp-865096,NaHoTl2,Ho-Na-Tl,4,0.0,0.0,0.0153966525000002,True,False,-0.30849006374999904,-36.009523475,-36.009523475
mp-865097,NaHgPd2,Hg-Na-Pd,4,0.0,0.0,0.0428533987500014,True,False,-0.169706213469829,-3.172495322500001,-24.9079069525
mp-8651,Gd(AlSi)2,Al-Gd-Si,5,0.0,0.0,0.0006507859999977,True,False,-0.36411075999999803,-6.847692751999999,-15.290057143999999
mp-865102,NaLaTl2,La-Na-Tl,4,0.001610881030894,0.001610881030894,0.0,False,True,-0.295952238261494,-3.051120267499996,-35.3146792
mp-865103,DyGa3,Dy-Ga,8,0.0,0.0,0.0054355687500002,True,False,-0.5916981787500001,-17.1692309475,-17.1692309475
mp-865108,NaSmHg2,Hg-Na-Sm,4,0.002939725833329,0.0029397258333290002,0.0,False,True,-0.43158557875000203,-33.4397650625,-33.4397650625
mp-865111,NaSmAu2,Au-Na-Sm,4,0.0,0.0,0.0164837899999996,True,False,-0.589452589094826,-3.7414703174999993,-34.27770641
mp-865114,NaDyTl2,Dy-Na-Tl,4,0.0,0.0,0.018642835,True,False,-0.318894631250003,-35.79504287,-35.79504287
mp-865117,NaErTl2,Er-Na-Tl,4,0.0,0.0,0.01585509,True,False,-0.20958111451149802,-2.872677070000001,-36.2578151875
mp-865126,NaTlPd2,Na-Pd-Tl,4,0.0,0.0,0.018643855,True,False,-0.21045003,-25.8765481225,-25.8765481225
mp-865127,NaTl2Cd,Cd-Na-Tl,4,0.0,0.0,0.0089968282505905,True,False,-0.063544542011498,-1.8247133425,-32.596176675
mp-865128,NaSr2Tl,Na-Sr-Tl,4,0.0,0.0,0.025920382737069,True,False,-0.24754549249999802,-22.006247315,-22.006247315
mp-865131,Hf2OsRh,Hf-Os-Rh,4,0.0,0.0,0.0187013612500024,True,False,-0.879132967499998,-42.7352050325,-42.7352050325
mp-865144,CdAu3,Au-Cd,8,0.0,0.0,0.0048318862500003,True,False,-0.153912301249995,-43.11887933625,-43.11887933625
mp-865145,NaTl2Bi,Bi-Na-Tl,4,0.014346414999991,0.014346414999991002,0.0,False,True,-0.188457398749996,-42.2947232675,-42.2947232675
mp-865151,YbNdRh2,Nd-Rh-Yb,4,0.07364227875,0.07364227875000001,0.0,False,True,-0.8354989781249951,-29.390460235,-29.390460235
mp-865158,YbNdHg2,Hg-Nd-Yb,4,0.016622015000002,0.016622015000002002,0.0,False,True,-0.5491578343750021,-41.7199080375,-41.7199080375
mp-865161,Dy2AgRu,Ag-Dy-Ru,4,0.0,0.0,0.0585031799999997,True,False,-0.352306718749997,-5.690829537500001,-28.0750804225
mp-865163,HfBeRh2,Be-Hf-Rh,4,0.0,0.0,0.0101527262500047,True,False,-0.772553663750001,-7.878858072500002,-25.287559275
mp-865165,HfScCo2,Co-Hf-Sc,4,0.0,0.0,0.0074398774999995,True,False,-0.390758068750002,-21.14534932,-21.14534932
mp-865168,Be3Ni,Be-Ni,4,0.0,0.0,0.0174197262499999,True,False,-0.28368570124999903,-4.53327952,-6.53571836
mp-865174,HfCdRh2,Cd-Hf-Rh,4,0.0,0.0,0.0159039725000003,True,False,-0.7365736325000001,-29.1187887175,-29.1187887175
mp-865175,LiEuTl2,Eu-Li-Tl,4,0.0,0.0,0.0005733549999993,True,False,-0.40085367041666503,-37.2174032425,-37.2174032425
mp-865178,Hf2IrRh,Hf-Ir-Rh,4,0.0,0.0,0.0358077931250004,True,False,-0.915748999999998,-9.945029027499999,-42.68657481
mp-865179,Hf2FeOs,Fe-Hf-Os,4,0.0,0.0,7.729500000053235e-05,True,False,-0.5233899349999971,-10.426331609999998,-39.92560978
mp-865181,EuGeO3,Eu-Ge-O,5,0.092227580000002,0.092227580000002,0.0,False,True,-2.600853746999999,-8.551858303999998,-16.519621710000003
mp-865182,Gd2SCl4,Cl-Gd-S,14,0.0,0.0,0.023129461190475,True,False,-2.473256206830358,-19.53579955214286,-19.53579955214286
mp-865184,LiScPd2,Li-Pd-Sc,4,0.0,0.0,0.0313363500000001,True,False,-0.7187320929166651,-15.64525734,-15.64525734
mp-865203,YCuPbS3,Cu-Pb-S-Y,12,0.000455123749978,0.00045512374997800004,0.0,False,True,-1.345554992083332,-5.801078055,-5.549578055
mp-865206,TmCdRh2,Cd-Rh-Tm,4,0.0,0.0,0.0245240725000002,True,False,-0.6039427575,-5.64672461,-26.54286317
mp-865211,TmInRh2,In-Rh-Tm,4,0.0,0.0,0.0117139875000003,True,False,-0.7958948091666671,-6.28846755,-27.3874145925
mp-865213,Ba8Bi4H2O,Ba-Bi-H-O,15,0.0,0.0,0.0004449048333352,True,False,-1.149139399166667,-3.992488108666667,-3.922821442
mp-865215,TmHfRu2,Hf-Ru-Tm,4,0.0,0.0,0.0290481749999997,True,False,-0.629760687499999,-8.876884584999999,-33.47444344
mp-865216,Dy2PdRu,Dy-Pd-Ru,4,0.0,0.0,0.0323256174999997,True,False,-0.6453013658333311,-6.568060217500001,-28.7723186375
mp-865220,Dy2CuRu,Cu-Dy-Ru,4,0.0,0.0,0.007541465,True,False,-0.333347355833331,-5.985937422500001,-25.4249081075
mp-865222,Dy2RuRh,Dy-Rh-Ru,4,0.0,0.0,0.0026967049999999,True,False,-0.6174674008333301,-7.0863327675,-29.05993266
mp-865228,LiScPt2,Li-Pt-Sc,4,0.0,0.0,0.0431304974999999,True,False,-0.962303979583333,-6.058218632500001,-30.219222155
mp-865231,LiScTl2,Li-Sc-Tl,4,0.0,0.0,0.0271664724999998,True,False,-0.311142960416667,-30.3470936925,-30.3470936925
mp-865234,TaZnRu2,Ru-Ta-Zn,4,0.0,0.0,0.0124709025000004,True,False,-0.344226414333334,-8.263095472500002,-27.47494489
mp-865246,EuBi3,Bi-Eu,4,0.040842896249998,0.040842896249998005,0.0,False,True,-0.49621325000000305,-54.0031392375,-54.0031392375
mp-865248,TmNbRu2,Nb-Ru-Tm,4,0.0,0.0,0.0315967324999988,True,False,-0.385074432500005,-8.668227332500003,-28.120549435
mp-865249,TmSnRu2,Ru-Sn-Tm,4,0.0,0.0,0.0180002900000006,True,False,-0.411949098749999,-7.172168702499999,-28.1240816925
mp-865252,TmSnRh2,Rh-Sn-Tm,4,0.0,0.0,0.0073340474999996,True,False,-0.8356537712500011,-6.64082604,-27.92345296
mp-865255,LuNbRu2,Lu-Nb-Ru,4,0.0,0.0,0.0220721199999989,True,False,-0.43273548166666403,-8.725684874999999,-28.914410955
mp-865257,DyZnRh2,Dy-Rh-Zn,4,0.0,0.0,0.0230112225,True,False,-0.654219407916663,-5.805903127499999,-22.987964565
mp-865258,TbYbRh2,Rh-Tb-Yb,4,0.018321357499999,0.018321357499999,0.0,False,True,-0.9868328687499991,-29.9939004175,-29.9939004175
mp-865261,Lu2ZnOs,Lu-Os-Zn,4,0.0,0.0,0.0281434799999997,True,False,-0.372941370833332,-5.755562857499999,-34.9660292025
mp-865262,TmTaRu2,Ru-Ta-Tm,4,0.0,0.0,0.0494090499999959,True,False,-0.45807925183333204,-9.182637777499998,-34.16338393
mp-865270,TmTaOs2,Os-Ta-Tm,4,0.0,0.0,0.0431218299999986,True,False,-0.428353349333328,-47.849188025,-47.849188025
mp-865277,TmZrRu2,Ru-Tm-Zr,4,0.0,0.0,0.0158695925000014,True,False,-0.5661062575000011,-8.460858055,-27.815939675
mp-865279,Tm2AgOs,Ag-Os-Tm,4,0.0,0.0,0.0475746375000003,True,False,-0.39871063374999904,-36.5445112775,-36.5445112775
mp-865282,Tm2AgRu,Ag-Ru-Tm,4,0.0,0.0,0.0667012425000024,True,False,-0.40883406291667,-5.679419857500001,-29.6987814025
mp-865288,TmTlRh2,Rh-Tl-Tm,4,0.0,0.0,0.0172639350000007,True,False,-0.5773008233333351,-5.972948157499999,-34.792068815
mp-865299,TmZnRh2,Rh-Tm-Zn,4,0.0,0.0,0.0165821150000002,True,False,-0.716732584999998,-5.834447792499997,-23.8394685575
mp-8653,CeSiRu,Ce-Ru-Si,6,0.0,0.0,0.0490361566666672,True,False,-0.763973854999998,-7.642864001666666,-22.515747871666665
mp-865301,TmBr3,Br-Tm,8,0.0,0.0,0.0732720962500002,True,False,-2.229875896250003,-4.578211167500001,-20.77511231
mp-865308,Be2CuRh,Be-Cu-Rh,4,0.0,0.0,0.0161496899999997,True,False,-0.422358172499999,-5.15794324,-11.358756285
mp-865319,Tm2CuRu,Cu-Ru-Tm,4,0.0,0.0,0.01217924,True,False,-0.403783090000001,-5.988436132499999,-27.06010492
mp-865320,Lu2PdRu,Lu-Pd-Ru,4,0.0,0.0,0.0338620725000025,True,False,-0.775288643333333,-6.649703457499999,-31.9504084225
mp-865324,LuCl3,Cl-Lu,8,0.0,0.0,0.0847247512499995,True,False,-2.418620403541664,-16.5529196225,-16.5529196225
mp-865335,Lu2NiRu,Lu-Ni-Ru,4,0.0,0.0,0.0129617625000006,True,False,-0.524599895833333,-6.5490784275,-28.9344479925
mp-865336,Lu2OsPd,Lu-Os-Pd,4,0.0,0.0,0.0176445349999996,True,False,-0.674920463333333,-7.0375765,-38.76794763
mp-865342,Zn3Rh,Rh-Zn,4,0.0,0.0,0.0172102312500008,True,False,-0.352518126249999,-13.069527237500001,-13.069527237500001
mp-865351,Tm2ZnRu,Ru-Tm-Zn,4,0.0,0.0,0.0486598925000025,True,False,-0.41541728000000405,-5.290204557500001,-26.603582345
mp-865353,TmI3,I-Tm,8,0.0,0.0,0.0676583012500002,True,False,-1.6199333250000012,-3.88356815625,-28.7110767375
mp-865362,Zn3Ir,Ir-Zn,4,0.0,0.0,0.0010369850000002,True,False,-0.265185383750001,-20.0379757,-20.0379757
mp-865364,DyTaRu2,Dy-Ru-Ta,4,0.0,0.0,0.0721031799999973,True,False,-0.356988389749998,-9.1155154275,-33.2707127475
mp-865367,Tm2NiRu,Ni-Ru-Tm,4,0.0,0.0,0.0146907525000026,True,False,-0.47795408250000104,-6.482839627499999,-27.40284396
mp-865378,LuSnRh2,Lu-Rh-Sn,4,0.0,0.0,0.0108279900000001,True,False,-0.8560770779166641,-6.671045839999998,-28.68462554
mp-865379,LuSnRu2,Lu-Ru-Sn,4,0.0,0.0,0.0196735399999994,True,False,-0.44000124291666604,-7.21001734,-28.89597487
mp-865382,V3Ru,Ru-V,4,0.0,0.0,0.0134564774999983,True,False,-0.316691726250002,-17.2400073475,-17.2400073475
mp-865384,Tm2PdRu,Pd-Ru-Tm,4,0.0,0.0,0.0326644175000021,True,False,-0.7309803975000011,-6.585802224999998,-30.424560185
mp-865415,YbTmPt2,Pt-Tm-Yb,4,0.055239795625006,0.05523979562500601,0.0,False,True,-1.400555636249997,-45.057020855,-45.057020855
mp-865422,YbTmRh2,Rh-Tm-Yb,4,0.010026472499998,0.010026472499998001,0.0,False,True,-1.058858321250003,-31.039579405,-31.039579405
mp-865426,YbNdAg2,Ag-Nd-Yb,4,0.015435849999999,0.015435849999999002,0.0,False,True,-0.30850556312499905,-27.4732910775,-27.4732910775
mp-865429,YbYRh2,Rh-Y-Yb,4,0.017797455,0.017797455,0.0,False,True,-0.973346843749999,-27.252206095,-27.252206095
mp-865430,YTe,Te-Y,2,0.0,0.0,0.0101795049999999,True,False,-1.510585778333334,-6.336784475000002,-24.40739757
mp-865434,LuZrRu2,Lu-Ru-Zr,4,0.0,0.0,0.0131555700000003,True,False,-0.596900841666665,-8.5014491325,-28.59526699
mp-865437,Lu2ZnRu,Lu-Ru-Zn,4,0.0,0.0,0.0578252625000006,True,False,-0.44079445833333303,-5.3351747225,-28.110536995
mp-865438,LuTlRh2,Lu-Rh-Tl,4,0.0,0.0,0.0185769924999998,True,False,-0.5930293950000011,-5.9984732224999995,-35.546647375
mp-865442,TiAlOs2,Al-Os-Ti,4,0.002101471153842,0.002101471153842,0.0,False,True,-0.695056386666667,-32.1051346475,-32.1051346475
mp-865443,LuRh2Pb,Lu-Pb-Rh,4,0.0,0.0,0.0034341700000002,True,False,-0.5972035491666651,-6.337941115,-36.3248874625
mp-865446,Lu2AgHg,Ag-Hg-Lu,4,0.0,0.0,0.0001237249999999,True,False,-0.46645882395833305,-37.1873198325,-37.1873198325
mp-865459,Lu2AgRu,Ag-Lu-Ru,4,0.0,0.0,0.0702360774999997,True,False,-0.43748145124999904,-5.7276602325,-31.2038752975
mp-865460,CaCeAg2,Ag-Ca-Ce,4,0.037822081874999,0.037822081874999004,0.0,False,True,-0.19449022833333002,-3.601596505,-3.601596505
mp-865461,LuZrCo2,Co-Lu-Zr,4,0.0,0.0,0.0171799200000002,True,False,-0.28186188166666604,-7.1159172625,-22.13801024
mp-865462,MnV2Os,Mn-Os-V,4,0.011769333879318,0.011769333879318,0.0,False,True,-0.281838733620688,-24.24376748,-24.24376748
mp-865469,Ti2MnRu,Mn-Ru-Ti,4,0.0,0.0,0.0197414175000005,True,False,-0.504777263649424,-9.06162773,-16.9877347025
mp-865486,VZnRu2,Ru-V-Zn,4,0.0,0.0,0.0355765829166685,True,False,-0.219651397499998,-7.4427650875,-18.739299595
mp-865487,VZnRh2,Rh-V-Zn,4,0.0,0.0,0.0173245475000003,True,False,-0.47216293625000105,-18.290321835,-18.290321835
mp-865497,V2ReOs,Os-Re-V,4,0.0,0.0,0.0004758973611131,True,False,-0.39830620812500606,-33.7920549625,-33.7920549625
mp-865503,YCdAg2,Ag-Cd-Y,4,0.0,0.0,0.0019569475,True,False,-0.271089368333331,-3.55983363,-21.07299242
mp-865506,VSiOs2,Os-Si-V,4,0.0,0.0,0.005135792499999,True,False,-0.43069470125000403,-32.6391442075,-32.6391442075
mp-865514,YSnAu2,Au-Sn-Y,4,0.0,0.0,0.0054034908333333,True,False,-0.681623648749997,-4.948230487499998,-37.2681623575
mp-865518,YSnRh2,Rh-Sn-Y,4,0.0,0.0,0.0064613700000002,True,False,-0.7654108362500001,-7.077230610000001,-24.1385995975
mp-865519,YTaRu2,Ru-Ta-Y,4,0.0,0.0,0.0836770574999974,True,False,-0.323218719333331,-9.554424749999999,-30.314844165
mp-865521,LuI3,I-Lu,8,0.0,0.0,0.0788621337499999,True,False,-1.592844125416666,-3.86627545,-29.4170276275
mp-865526,TmSb(PbO3)2,O-Pb-Sb-Tm,20,0.007358259343743,0.007358259343743001,0.0,False,True,-2.3224190385,-6.8948753275,-6.4826753275
mp-865529,Ti2NiIr,Ir-Ni-Ti,4,0.0,0.0,0.0267457418750005,True,False,-0.6409541466666661,-8.24334287,-23.232574595
mp-865536,YbZrRh2,Rh-Yb-Zr,4,0.047764782499999,0.047764782499999006,0.0,False,True,-0.9400299199999971,-27.8279369075,-27.8279369075
mp-865538,Ti2RePd,Pd-Re-Ti,4,0.0,0.0,0.0739846125000003,True,False,-0.5250984064583331,-25.8367439925,-25.8367439925
mp-865546,Yb2AgBi,Ag-Bi-Yb,4,0.119004674999999,0.119004674999999,0.0,False,True,-0.38564354500000003,-38.61487066,-38.61487066
mp-865560,Y2AlZn,Al-Y-Zn,4,0.004866133749999,0.004866133749999,0.0,False,True,-0.42292720125000105,-14.490402915,-14.490402915
mp-865561,Y2AgRu,Ag-Ru-Y,4,0.0,0.0,0.0513142350000004,True,False,-0.321750000416666,-6.605630805,-22.19760836
mp-865562,Be3Ru,Be-Ru,4,0.0,0.0,0.0497215300000011,True,False,-0.334430163749999,-5.4575904475,-9.9666329725
mp-865566,LuZnRh2,Lu-Rh-Zn,4,0.0,0.0,0.0128753525,True,False,-0.800557090416663,-24.6162921025,-24.6162921025
mp-865582,Li2CdPd,Cd-Li-Pd,4,0.0,0.0,0.0153712124999998,True,False,-0.373887099166666,-2.8633215325,-12.3249626875
mp-865588,Y2CuRu,Cu-Ru-Y,4,0.0,0.0,0.0056974874999999,True,False,-0.29852865250000005,-6.896476705000001,-19.537442075
mp-865592,Y2ZnRu,Ru-Y-Zn,4,0.0,0.0,0.0285269599999997,True,False,-0.337626422499998,-6.225708709999999,-19.1099427325
mp-865595,Lu2CuRu,Cu-Lu-Ru,4,0.0,0.0,0.0159408550000001,True,False,-0.437005078333332,-6.041251107499999,-28.57454412
mp-865598,YGa3,Ga-Y,8,0.0,0.0,0.0002773312500004,True,False,-0.5767257743749991,-4.47507066625,-14.24677883875
mp-865599,Lu2RuPt,Lu-Pt-Ru,4,0.0,0.0,0.0355014525000001,True,False,-0.925857250833331,-7.023084942499999,-39.284111805
mp-865612,LiCd3,Cd-Li,8,0.0,0.0,0.0131227312499999,True,False,-0.19269878416666403,-15.868116155,-15.868116155
mp-865615,GaSiRu2,Ga-Ru-Si,4,0.0,0.0,0.0258767099999994,True,False,-0.514142448749999,-18.2805452325,-18.2805452325
mp-865616,Yb2AgIr,Ag-Ir-Yb,4,0.0,0.0,0.00968166,True,False,-0.7698650212500051,-37.4633620625,-37.4633620625
mp-865630,Yb2AgGe,Ag-Ge-Yb,4,0.067651486041665,0.067651486041665,0.0,False,True,-0.5485388037500021,-27.6201918775,-27.6201918775
mp-865631,LiNiO2,Li-Ni-O,4,0.000113815833334,0.00011381583333400001,0.0,False,True,-1.497877483333332,-5.8941228725,-8.15933036
mp-865652,TiMn2Si,Mn-Si-Ti,4,0.0,0.0,0.0062546392708355,True,False,-0.5069638372988511,-8.418173995,-13.2373370025
mp-865660,Yb2AgPt,Ag-Pt-Yb,4,0.000866716875002,0.000866716875002,0.0,False,True,-0.9154792662499951,-37.39106717,-37.39106717
mp-865663,YbLuRh2,Lu-Rh-Yb,4,0.010047469999999,0.010047469999999,0.0,False,True,-1.086512902916663,-31.80694196,-31.80694196
mp-865678,TiMn2V,Mn-Ti-V,4,0.0,0.0,0.0064788500000005,True,False,-0.276929562298851,-9.10278673,-14.3198226475
mp-865707,TiSnRh2,Rh-Sn-Ti,4,0.0,0.0,0.0702030150000023,True,False,-0.656580962083332,-7.315000865,-22.185867015
mp-865709,LiPrTl2,Li-Pr-Tl,4,0.000152907916671,0.00015290791667100002,0.0,False,True,-0.423108754583338,-34.96042674,-34.96042674
mp-865711,Li2TlAu,Au-Li-Tl,4,0.0,0.0,0.0059729060714288,True,False,-0.409286208333334,-27.5437055975,-27.5437055975
mp-865712,Ti2MnNi,Mn-Ni-Ti,4,0.0,0.0,0.0464029549999995,True,False,-0.33839350364942505,-8.021677505,-13.413560625
mp-865713,Li2TlBi,Bi-Li-Tl,4,0.004520283333327,0.0045202833333270005,0.0,False,True,-0.424853982083334,-29.53860177,-29.53860177
mp-865714,Li2HgAu,Au-Hg-Li,4,0.0,0.0,0.0152657600000001,True,False,-0.47495524770833303,-26.6565001225,-26.6565001225
mp-865716,YbCl2,Cl-Yb,6,0.185846899444442,0.18584689944444202,0.0,False,True,-2.024524606666666,-18.302610133333335,-18.302610133333335
mp-865728,Ti2ReNi,Ni-Re-Ti,4,0.0,0.0,0.0191033575000005,True,False,-0.42686366229166706,-8.9316723925,-23.0197689075
mp-865736,YbBiPd2,Bi-Pd-Yb,4,0.116608289999987,0.11660828999998701,0.0,False,True,-0.7594079274999991,-35.997547865,-35.997547865
mp-865737,Li2InSn,In-Li-Sn,4,0.0,0.0,0.0057550521874998,True,False,-0.304122734583331,-2.9507705674999993,-13.3787525275
mp-865739,YbCdAg2,Ag-Cd-Yb,4,0.0,0.0,0.0008739124166661,True,False,-0.292216333750001,-25.128746525,-25.128746525
mp-865743,Ga2IrRh,Ga-Ir-Rh,4,0.0,0.0,0.0010330199999994,True,False,-0.544217351250001,-6.1089508750000014,-25.4445298175
mp-865749,YbErRh2,Er-Rh-Yb,4,0.010917357500002,0.010917357500002,0.0,False,True,-1.04012978208333,-30.721947585,-30.721947585
mp-865751,YbDyRh2,Dy-Rh-Yb,4,0.015123309999999,0.015123309999999002,0.0,False,True,-1.005741469999996,-30.2016512875,-30.2016512875
mp-865755,YbCeHg2,Ce-Hg-Yb,4,0.013342297499995,0.013342297499995001,0.0,False,True,-0.5074621300000001,-42.0338672775,-42.0338672775
mp-865759,YbHfRh2,Hf-Rh-Yb,4,0.018986018221163,0.018986018221163,0.0,False,True,-0.9795249562500031,-33.467837815,-33.467837815
mp-865764,YbGdRh2,Gd-Rh-Yb,4,0.027417399999997,0.027417399999997,0.0,False,True,-0.91354922875,-32.963259565,-32.963259565
mp-865766,YbHgPd2,Hg-Pd-Yb,4,0.021399761249988,0.021399761249988002,0.0,False,True,-0.7445795431249991,-33.699102675,-33.699102675
mp-865783,YbHoRh2,Ho-Rh-Yb,4,0.0127213425,0.012721342500000002,0.0,False,True,-1.022845397499995,-30.4436403875,-30.4436403875
mp-865787,TmRh2Pb,Pb-Rh-Tm,4,0.0,0.0,0.0033713099999994,True,False,-0.585495602499999,-6.316436674999998,-35.5743766225
mp-865790,YbInHg2,Hg-In-Yb,4,0.025250980833327,0.025250980833327,0.0,False,True,-0.36540570249999804,-39.826301255,-39.826301255
mp-865794,LaYbHg2,Hg-La-Yb,4,0.029532195000001,0.029532195000001003,0.0,False,True,-0.546932408750002,-41.7993754175,-41.7993754175
mp-865796,LuCdRh2,Cd-Lu-Rh,4,0.0,0.0,0.0217418849999999,True,False,-0.6920993941666641,-27.3064306775,-27.3064306775
mp-865799,Yb2AsAu,As-Au-Yb,4,0.459351693125,0.459351693125,0.0,False,True,-0.924894145625003,-35.5127063225,-35.5127063225
mp-865800,Yb2BiAu,Au-Bi-Yb,4,0.135393765178577,0.135393765178577,0.0,False,True,-0.643898396250001,-46.1803962625,-46.1803962625
mp-865804,TaZnRh2,Rh-Ta-Zn,4,0.0,0.0,0.0457109674999998,True,False,-0.5910538055833351,-27.03477695,-27.03477695
mp-865811,LaYbAg2,Ag-La-Yb,4,0.034165747500001,0.034165747500001,0.0,False,True,-0.28885911749999904,-27.5353374375,-27.5353374375
mp-865815,YbPd2Au,Au-Pd-Yb,4,0.082156352916648,0.08215635291664801,0.0,False,True,-0.8270707137499961,-34.0858822525,-34.0858822525
mp-865833,LaYbZn2,La-Yb-Zn,4,0.000901974999997,0.0009019749999970001,0.0,False,True,-0.335202847499999,-21.3590438975,-21.3590438975
mp-865838,LiSiRu2,Li-Ru-Si,4,0.0,0.0,0.0082579545833336,True,False,-0.352916888333333,-6.823678382500001,-15.8494348275
mp-865845,Yb2CuIr,Cu-Ir-Yb,4,0.0,0.0,0.0163572537500007,True,False,-0.765896454999996,-34.83212321,-34.83212321
mp-865846,LuHfRu2,Hf-Lu-Ru,4,0.0,0.0,0.0235271475000029,True,False,-0.667736076666667,-8.9246564675,-34.25542697
mp-865847,Lu2CuPt,Cu-Lu-Pt,4,0.0,0.0,0.0122280150000007,True,False,-0.904321140833332,-35.5278894575,-35.5278894575
mp-865849,NaYbAu2,Au-Na-Yb,4,0.063675367559525,0.063675367559525,0.0,False,True,-0.657612963749997,-35.9734828775,-35.9734828775
mp-865857,YbNbRu2,Nb-Ru-Yb,4,0.0,0.0,0.0004966345833334,True,False,-0.47785903624999904,-28.5059900425,-28.5059900425
mp-865859,LaYbCd2,Cd-La-Yb,4,0.021662702499998,0.021662702499998,0.0,False,True,-0.35591983999999804,-26.9769534325,-26.9769534325
mp-865860,Li2TmIn,In-Li-Tm,4,0.0,0.0,0.001740972321429,True,False,-0.35039054833333305,-15.968653422500001,-15.968653422500001
mp-865863,Li2TlPd,Li-Pd-Tl,4,0.0,0.0,0.018673825,True,False,-0.36907366083333304,-20.597366415,-20.597366415
mp-865869,Be2CuPt,Be-Cu-Pt,4,0.0,0.0,0.0099708424999995,True,False,-0.459643522500002,-4.871934952500002,-18.2493421725
mp-865874,Li2AgHg,Ag-Hg-Li,4,0.0,0.0,0.0032065706249997,True,False,-0.288340681458333,-19.162614805,-19.162614805
mp-865879,Li2AgAu,Ag-Au-Li,4,0.0,0.0,0.0017852259999995,True,False,-0.39391474458333403,-19.572477275,-19.572477275
mp-865884,LuInRh2,In-Lu-Rh,4,0.0,0.0,0.0113765800000003,True,False,-0.920134789166663,-28.152866745,-28.152866745
mp-865887,TmCdAu2,Au-Cd-Tm,4,0.004863387500004,0.004863387500004,0.0,False,True,-0.660687274999999,-3.658256192499998,-39.829324285
mp-865899,Ti3Os,Os-Ti,4,0.0,0.0,0.0624664700000003,True,False,-0.440499652499998,-23.390124625,-23.390124625
mp-865900,Ti3Tl,Ti-Tl,4,0.0,0.0,0.0070646441666664,True,False,-0.033874629999999004,-23.032018535,-23.032018535
mp-865907,LiZn3,Li-Zn,4,0.0,0.0,0.0001827637499971,True,False,-0.164604937916667,-7.444233495,-7.444233495
mp-865909,Yb2HgGe,Ge-Hg-Yb,4,0.057055497500002,0.057055497500002,0.0,False,True,-0.5766059493750001,-34.6512413675,-34.6512413675
mp-865916,TiVRe2,Re-Ti-V,4,0.0,0.0,0.0078649350000006,True,False,-0.46495339041666706,-33.42709393,-33.42709393
mp-865918,Yb2CdSn,Cd-Sn-Yb,4,0.08891211791667,0.08891211791667,0.0,False,True,-0.48353867249999904,-29.9610209325,-29.9610209325
mp-865925,LiZrIr2,Ir-Li-Zr,4,0.0,0.0,0.0002018409375006,True,False,-0.685337942916667,-33.1491392475,-33.1491392475
mp-865926,Cd2PdRh,Cd-Pd-Rh,4,0.0,0.0,0.0046519115625005,True,False,-0.23827578749999903,-3.854328302500001,-22.11820233
mp-865929,Cd2PtRh,Cd-Pt-Rh,4,0.0,0.0,0.0361593750000004,True,False,-0.1725645325,-4.011429925000002,-29.2090239025
mp-865939,LiMg2,Li-Mg,3,0.0,0.0,0.0057654549999999,True,False,-0.055750262222222007,-3.63085479,-3.63085479
mp-865947,YbPrAg2,Ag-Pr-Yb,4,0.020584299999999,0.020584299999999,0.0,False,True,-0.292062156666666,-27.4533345175,-27.4533345175
mp-865948,Ti2ReRh,Re-Rh-Ti,4,0.0,0.0,0.0315026975000005,True,False,-0.6564465847916661,-9.5572981125,-26.339994355
mp-865965,Li2CaSi,Ca-Li-Si,4,0.0,0.0,0.0222512587500003,True,False,-0.301334511666666,-3.1135254225,-5.52009065
mp-865966,BeAlIr2,Al-Be-Ir,4,0.0,0.0,0.0201656599999999,True,False,-0.7749259637500001,-7.0653902275,-29.80332818
mp-865977,LuCdAg2,Ag-Cd-Lu,4,0.002375316814518,0.002375316814518,0.0,False,True,-0.27337055916666403,-25.4975261,-25.4975261
mp-865978,YbPrHg2,Hg-Pr-Yb,4,0.025265917499993,0.025265917499993,0.0,False,True,-0.535610627916668,-41.7028476775,-41.7028476775
mp-865987,Li2AgPd,Ag-Li-Pd,4,0.0,0.0,0.0029014075,True,False,-0.310142087083333,-12.5825779825,-12.5825779825
mp-865993,YbSmRh2,Rh-Sm-Yb,4,0.036323334999998,0.036323334999998,0.0,False,True,-0.8987013487499981,-29.53239144,-29.53239144
mp-865994,YbScRh2,Rh-Sc-Yb,4,0.022140230000001,0.022140230000001003,0.0,False,True,-1.059875167499999,-25.1099560175,-25.1099560175
mp-866003,ErI3,Er-I,8,0.0,0.0,0.06450670125,True,False,-1.627420114999998,-3.912359278749999,-28.422261235
mp-866012,Hf2ZnRe,Hf-Re-Zn,4,0.0,0.0,0.055514789999993,True,False,-0.29622867812499704,-8.701787647499998,-38.27426211
mp-866024,Be2RhAu,Au-Be-Rh,4,0.0,0.0,0.0418047475000005,True,False,-0.414462902499998,-4.943716802499999,-21.2857753525
mp-866033,AlZnRh2,Al-Rh-Zn,4,0.0,0.0,0.0056277324999998,True,False,-0.8575285962499991,-16.836318145,-16.836318145
mp-866037,GaNiRh2,Ga-Ni-Rh,4,0.0,0.0,0.0004158524999997,True,False,-0.341384039375,-6.225596150000001,-18.333746965
mp-866063,NdDyMg2,Dy-Mg-Nd,4,0.0,0.0,0.0011357199999997,True,False,-0.07710090729166501,-3.238966655,-17.536189620000002
mp-866075,MgTaIr2,Ir-Mg-Ta,4,0.0,0.0,0.0344708399999991,True,False,-0.5456193755833331,-8.339185855,-39.986856095
mp-866080,MgSc2Tl,Mg-Sc-Tl,4,0.0,0.0,0.0206489880666689,True,False,-0.18301463708333301,-4.349734722499999,-20.268384415
mp-866086,MgSiIr2,Ir-Mg-Si,4,0.0,0.0,0.0343306175000002,True,False,-0.5389448612499981,-6.722108962499998,-30.0202937375
mp-866089,GdSnRh2,Gd-Rh-Sn,4,1.1991396384375,1.1991396384375,0.0,False,True,0.56503649125,-7.6385409675,-7.6385409675
mp-866096,HfZnCo2,Co-Hf-Zn,4,0.005411385609825,0.005411385609825001,0.0,False,True,-0.24672110124999902,-20.379341165,-20.379341165
mp-866097,CuH6BrN2,Br-Cu-H-N,20,0.002347528666667,0.002347528666667,0.0,False,True,-0.526014840749999,-4.8043855735,-4.6787855735
mp-866112,HoNbRu2,Ho-Nb-Ru,4,0.0,0.0,0.0438855549999992,True,False,-0.320280518749996,-8.632227914999998,-27.4931015125
mp-866115,Be2PdRh,Be-Pd-Rh,4,0.0,0.0,0.0059579525000001,True,False,-0.650607097499999,-5.65636095,-14.605819505
mp-866116,HoTaRu2,Ho-Ru-Ta,4,0.0,0.0,0.0640242699999991,True,False,-0.38879440808332905,-9.142147429999998,-33.53066431
mp-866119,Tm2RuPt,Pt-Ru-Tm,4,0.0,0.0,0.0374087600000025,True,False,-0.876507530000002,-6.954142234999999,-37.750274185
mp-866125,LuTaRu2,Lu-Ru-Ta,4,0.0,0.0,0.0388348450000002,True,False,-0.509273698500001,-9.243628717500002,-34.959113145
mp-866126,DyNbRu2,Dy-Nb-Ru,4,0.0,0.0,0.0506316350000002,True,False,-0.29099031541666703,-8.608111727500003,-27.2359233675
mp-866127,LuTaOs2,Lu-Os-Ta,4,0.0,0.0,0.0289952150000001,True,False,-0.375750661000019,-10.08658812500002,-48.655026645
mp-866128,NaTmTl2,Na-Tl-Tm,4,0.0,0.0,0.0150603799999999,True,False,-0.289321427499999,-36.5502809325,-36.5502809325
mp-866139,TiBe2Ir,Be-Ir-Ti,4,0.0,0.0,0.0971647531249955,True,False,-0.5618180808333341,-6.615006062500001,-19.10826142
mp-866147,Lu2AgOs,Ag-Lu-Os,4,0.0,0.0,0.0487425175,True,False,-0.366813546249999,-6.14523355,-38.0529571325
mp-866153,TiAlRh2,Al-Rh-Ti,4,0.0,0.0,0.0146973300000006,True,False,-0.983009850833333,-7.5754307475000005,-18.044944185
mp-866156,YGaRh2,Ga-Rh-Y,4,0.0,0.0,0.0356962404166676,True,False,-0.7753529693749991,-6.841803785,-20.84520729
mp-866157,TiGaRh2,Ga-Rh-Ti,4,0.0,0.0,0.0304282474999997,True,False,-0.843888940208326,-7.256939884999994,-19.07550203
mp-866163,YInRh2,In-Rh-Y,4,0.0,0.0,0.0034518200000004,True,False,-0.7181182341666641,-6.717338479999999,-23.598874905
mp-866166,Y2PdRu,Pd-Ru-Y,4,0.0,0.0,0.0312078950000005,True,False,-0.6018856849999991,-7.4700025225,-22.88243833
mp-866169,KTl2Bi,Bi-K-Tl,4,0.0,0.0,0.00785572375,True,False,-0.18777700597917102,-2.6288640725,-42.9618036025
mp-866170,TiInRh2,In-Rh-Ti,4,0.0,0.0,0.0261981924999998,True,False,-0.6416888299999971,-6.9875092049999985,-21.6811268025
mp-866176,Li2PdAu,Au-Li-Pd,4,0.0,0.0,0.0117764574999998,True,False,-0.512904950833331,-20.0926115975,-20.0926115975
mp-866180,Li2YbPb,Li-Pb-Yb,4,0.140024426500001,0.14002442650000102,0.0,False,True,-0.286371997083332,-24.6833534275,-24.6833534275
mp-866183,Ti2ZnRe,Re-Ti-Zn,4,0.0,0.0,0.0230532725000012,True,False,-0.31400189229166703,-7.688712355,-22.169295015
mp-866184,Ti3Pb,Pb-Ti,8,0.0,0.0,0.0037123750000001,True,False,-0.10175365749999701,-23.876354945,-23.876354945
mp-866188,TlCdRh2,Cd-Rh-Tl,4,0.0,0.0,0.0255056912499984,True,False,-0.07693455249999501,-30.466121935,-30.466121935
mp-866192,Li2YbSn,Li-Sn-Yb,4,0.085047740749999,0.085047740749999,0.0,False,True,-0.394051417083336,-16.906295265,-16.906295265
mp-866206,Yb2AgRh,Ag-Rh-Yb,4,0.040936869999999,0.040936869999999,0.0,False,True,-0.688496306249998,-30.3262121425,-30.3262121425
mp-866212,Yb2AgSn,Ag-Sn-Yb,4,0.064692018690482,0.06469201869048201,0.0,False,True,-0.517775671249999,-30.307980295,-30.307980295
mp-866214,LuBr3,Br-Lu,8,0.0,0.0,0.0781912412499998,True,False,-2.214739524166667,-4.572871288750001,-21.4917134375
mp-866216,CaDyRh2,Ca-Dy-Rh,4,0.0,0.0,0.0282849094387751,True,False,-0.616526022916663,-5.954673809999999,-22.465927895
mp-866218,Ti2MnRh,Mn-Rh-Ti,4,0.0,0.0,0.0511389175000012,True,False,-0.572736533649425,-8.6520633325,-16.7323446675
mp-866221,HfSnRh2,Hf-Rh-Sn,4,0.0,0.0,0.0282619200000002,True,False,-0.771035163749997,-7.944879319999998,-30.3575764275
mp-866223,CaYHg2,Ca-Hg-Y,4,0.0,0.0,0.0062780350000002,True,False,-0.602788378750002,-32.124665305,-32.124665305
mp-866228,CaDyHg2,Ca-Dy-Hg,4,0.0,0.0,0.0021189525,True,False,-0.602105964999999,-35.0410334575,-35.0410334575
mp-866281,Er2PdRu,Er-Pd-Ru,4,0.0,0.0,0.0308042900000025,True,False,-0.705442597499997,-6.602873089999999,-29.7958987825
mp-866285,ErSnRu2,Er-Ru-Sn,4,0.0,0.0,0.0314955337500029,True,False,-0.39388771374999904,-7.175411650000001,-27.803836995
mp-866287,DySnAu2,Au-Dy-Sn,4,0.0,0.0,0.0021328025000002,True,False,-0.6910928916666661,-4.485020737500001,-40.1965061225
mp-866290,DySnRh2,Dy-Rh-Sn,4,0.0,0.0,0.0060596750000003,True,False,-0.791853919166663,-6.630994699999999,-27.0849992275
mp-866296,AlCuPd2,Al-Cu-Pd,4,0.0,0.0,0.0095062200000004,True,False,-0.6301237899999991,-16.5050741775,-16.5050741775
mp-866311,Bi3BrO4,Bi-Br-O,8,0.0,0.0,0.0001211418750006,True,False,-1.630138166874999,-5.7674998524999985,-27.91129467875
mp-867107,BeSiOs2,Be-Os-Si,4,0.0,0.0,0.0750654199999996,True,False,-0.29568593874999904,-8.2005523775,-30.096732765
mp-867110,Sc2CoOs,Co-Os-Sc,4,0.0,0.0,0.0226484395833317,True,False,-0.36936619749999905,-8.1257967875,-22.594356065
mp-867114,TaBeRu2,Be-Ru-Ta,4,0.0,0.0,0.0297481250000011,True,False,-0.37161906058332705,-8.910405432499996,-26.352336335
mp-867116,BeGaIr2,Be-Ga-Ir,4,0.0,0.0,0.0142690375,True,False,-0.493593135624998,-6.604687447499998,-30.68446841
mp-867118,LaSnAu2,Au-La-Sn,4,0.0,0.0,0.0013522012499995,True,False,-0.731593967499998,-4.604929707499998,-39.6721342375
mp-867123,TaTiOs2,Os-Ta-Ti,4,0.0,0.0,0.0142307591666668,True,False,-0.5868449210000081,-42.4618567775,-42.4618567775
mp-867125,Al2RuPt,Al-Pt-Ru,4,0.0,0.0,0.0365999524999995,True,False,-0.9900710087499961,-23.5841832225,-23.5841832225
mp-867130,SmHoMg2,Ho-Mg-Sm,4,0.0,0.0,0.0015598150000002,True,False,-0.068354989999998,-3.2126563975,-17.8320892425
mp-867135,ScZnPd2,Pd-Sc-Zn,4,0.0,0.0,0.0108770399999995,True,False,-0.7885469112499941,-5.276540994999996,-17.3452781075
mp-867137,ScVRu2,Ru-Sc-V,4,0.0,0.0,0.016479287500001,True,False,-0.45831425124999203,-8.949609314999993,-19.5743049175
mp-867138,EuSnAu2,Au-Eu-Sn,4,0.0,0.0,0.0123965206249998,True,False,-0.6073447150000021,-5.818706657500002,-41.7420568025
mp-867142,Sm2IrPd,Ir-Pd-Sm,4,0.0,0.0,0.001508569285713,True,False,-0.846055597499997,-34.5424695225,-34.5424695225
mp-867156,ScGaRu2,Ga-Ru-Sc,4,0.0,0.0,0.0442371624999999,True,False,-0.440619790625,-7.417962342500001,-18.87828445
mp-867159,SmDyMg2,Dy-Mg-Sm,4,0.0,0.0,0.0020133475000001,True,False,-0.072119819166663,-3.221595242499997,-17.60963599
mp-867162,LiTm2Rh,Li-Rh-Tm,4,0.0,0.0,0.0002532347916659,True,False,-0.532870973333338,-5.092429397500002,-24.76284849
mp-867170,LiGaPt2,Ga-Li-Pt,4,0.0,0.0,0.0307893149999998,True,False,-0.7146841527083331,-4.984505535,-29.9796240125
mp-867171,SrLi2Sn,Li-Sn-Sr,4,0.0,0.0,0.0065976012500001,True,False,-0.47317474291666606,-2.8531361625000002,-11.7179248425
mp-867174,SrLi2Pb,Li-Pb-Sr,4,0.0,0.0,0.0131929162499999,True,False,-0.39514992666666504,-2.700880149999999,-19.552767025
mp-867175,SmAgAs2,Ag-As-Sm,16,0.003573997499998,0.0035739974999980002,0.0,False,True,-0.895839380624998,-21.021805240625,-21.021805240625
mp-867187,ScInIr2,In-Ir-Sc,4,0.0,0.0,0.0049002974999998,True,False,-0.632838100416666,-7.324965902500001,-35.42036065
mp-867193,Sr2BiAu,Au-Bi-Sr,4,0.036835871666667,0.036835871666667006,0.0,False,True,-0.9549747737500021,-35.7996137825,-35.7996137825
mp-867197,LiGaNi2,Ga-Li-Ni,4,0.0,0.0,0.0021865325000005,True,False,-0.312183139166666,-9.76041231,-9.76041231
mp-867198,LiGaPd2,Ga-Li-Pd,4,0.0,0.0,0.0055501925000003,True,False,-0.704696346666665,-15.6422937425,-15.6422937425
mp-867201,CaInHg2,Ca-Hg-In,4,0.0046816884375,0.0046816884375000005,0.0,False,True,-0.42768653125000305,-32.5158108125,-32.5158108125
mp-867216,TaFeRu2,Fe-Ru-Ta,4,0.0,0.0,0.0251443900000012,True,False,-0.193612876833331,-9.915051334999998,-28.76888791
mp-867223,LiGa2Ni,Ga-Li-Ni,4,0.004769647954544,0.004769647954544,0.0,False,True,-0.39399769166666504,-9.70749156,-9.70749156
mp-867225,LaCdAg2,Ag-Cd-La,4,0.0,0.0,0.0121534964864888,True,False,-0.27130863708333103,-3.166781799999999,-23.4177548525
mp-867233,Sc2ZnIr,Ir-Sc-Zn,4,0.0,0.0,0.0046028924999994,True,False,-0.7309582049999991,-6.4217372049999994,-21.805928245
mp-867243,Sc2ZnOs,Os-Sc-Zn,4,0.0,0.0,0.0267424275000003,True,False,-0.440798949999998,-6.728811262499999,-21.658943145
mp-867248,LaBi3,Bi-La,4,0.063453869999996,0.063453869999996,0.0,False,True,-0.583653390000002,-51.89655375,-51.89655375
mp-867254,SmAgAu2,Ag-Au-Sm,4,0.0,0.0,0.0054536033333327,True,False,-0.583560251666669,-4.110882205000003,-38.7037431625
mp-867256,DyCdAg2,Ag-Cd-Dy,4,0.0,0.0,0.0021340525000002,True,False,-0.268829113749997,-3.0848943825,-23.994677705
mp-867264,Re3Os,Os-Re,8,0.0,0.0,0.0041517025000032,True,False,-0.062444779374999,-52.6167130225,-52.6167130225
mp-867273,Be2CuIr,Be-Cu-Ir,4,0.0,0.0,0.04214549875,True,False,-0.39975566500000004,-5.50387231,-18.40075318
mp-867275,BeVOs2,Be-Os-V,4,0.0,0.0,0.0327982900000023,True,False,-0.24832689374999703,-9.067840342499998,-31.4324467525
mp-867283,Ho2CuRu,Cu-Ho-Ru,4,0.0,0.0,0.0089158975000023,True,False,-0.35695308999999603,-5.999195125,-25.89447098
mp-867287,LiInAu2,Au-In-Li,4,0.0,0.0,0.0112742125,True,False,-0.45810238666666603,-31.99190666,-31.99190666
mp-867290,TbTe,Tb-Te,2,0.0,0.0,0.0118700675000003,True,False,-1.549852165,-29.871681395,-29.871681395
mp-867307,Be2RuAu,Au-Be-Ru,4,0.0,0.0,0.0038941750000001,True,False,-0.257657087499998,-5.264434654999999,-21.44976289
mp-867318,Eu3Tl,Eu-Tl,8,0.0,0.0,0.0164657087499993,True,False,-0.296250978749995,-42.48173916,-42.48173916
mp-867320,Ho2ZnRu,Ho-Ru-Zn,4,0.0,0.0,0.0375591975000002,True,False,-0.37794214999999803,-5.310318420000001,-25.447818765
mp-867331,K3InAu5,Au-In-K,18,0.0,0.0,0.0033861257777778,True,False,-0.32025175482407503,-2.822773189444445,-33.00358468388889
mp-867343,Li3Cd,Cd-Li,4,0.0060066675,0.006006667500000001,0.0,False,True,-0.17537563749999902,-6.99165237,-6.99165237
mp-867419,KEuAsS4,As-Eu-K-S,14,0.0,0.0,0.0026885498809514,True,False,-1.2715199335357141,-5.934262079285714,-5.646833507857143
mp-867748,ScSnRu2,Ru-Sc-Sn,4,0.0,0.0,0.0025552800000001,True,False,-0.50737699,-7.730088500000001,-22.2754260875
mp-867753,CuSbRh2,Cu-Rh-Sb,4,0.0,0.0,0.0160539399999999,True,False,-0.29537934250000203,-21.50177159,-21.50177159
mp-867768,ScZnPt2,Pt-Sc-Zn,4,0.0,0.0,0.0390884175000003,True,False,-0.9210452037499941,-5.854665042499995,-31.8092289275
mp-867769,ScZnRh2,Rh-Sc-Zn,4,0.0,0.0,0.0041575299999996,True,False,-0.7752742837499991,-6.3554813975,-17.9550115375
mp-867771,TaCuRh2,Cu-Rh-Ta,4,0.0,0.0,0.0090405499999999,True,False,-0.48641174683333305,-27.41418324,-27.41418324
mp-867775,Al2NiRu,Al-Ni-Ru,4,0.0,0.0,0.0414027275000004,True,False,-0.743546901249999,-13.46115918,-13.46115918
mp-867792,ReIr3,Ir-Re,8,0.0,0.0,0.0427561077083336,True,False,-0.136248745625003,-52.50841751,-52.50841751
mp-867799,Ca2BiAu,Au-Bi-Ca,4,0.000284773125013,0.000284773125013,0.0,False,True,-0.9215019562500011,-31.71245728,-31.71245728
mp-867805,LiCa2Ga,Ca-Ga-Li,4,0.000945809583332,0.000945809583332,0.0,False,True,-0.30047535416666604,-7.276992795,-7.276992795
mp-867807,LiYTl2,Li-Tl-Y,4,0.0,0.0,0.0012662799999998,True,False,-0.39061273166666405,-32.655341865,-32.655341865
mp-867811,TaMnRu2,Mn-Ru-Ta,4,0.0,0.0,0.0051442250000004,True,False,-0.42801105295402303,-28.9590705475,-28.9590705475
mp-867812,LiAlNi2,Al-Li-Ni,4,0.01952963520833,0.019529635208330003,0.0,False,True,-0.368700581666667,-8.6392603475,-8.6392603475
mp-867817,LaTlAg2,Ag-La-Tl,4,0.0,0.0,0.0312864952573543,True,False,-0.26703385291666704,-3.515372497499999,-31.70542201
mp-867828,BeNbRu2,Be-Nb-Ru,4,0.0,0.0,0.0239781699999994,True,False,-0.27588973375000003,-8.37327048,-20.2812494775
mp-867834,LiHfPt2,Hf-Li-Pt,4,0.0,0.0,0.0080472050000004,True,False,-1.022987341666663,-38.6513762425,-38.6513762425
mp-867837,BeCrRu2,Be-Cr-Ru,4,0.0,0.0,0.0194185200000003,True,False,-0.142905241249999,-8.128221595000001,-17.678893665
mp-867840,BeFeRh2,Be-Fe-Rh,4,0.0,0.0,0.0105094375000005,True,False,-0.32620436874999903,-7.0607168225,-17.1907493225
mp-867849,Ca2TlCd,Ca-Cd-Tl,4,0.0,0.0,0.0033327874999997,True,False,-0.39802235833333305,-2.233692874999999,-22.305897135
mp-867850,ScMnRh2,Mn-Rh-Sc,4,0.0,0.0,0.0125915975000001,True,False,-0.6200353282327581,-8.1758103625,-19.40213771
mp-867860,SmZnAu2,Au-Sm-Zn,4,0.0,0.0,0.0303108966666667,True,False,-0.6066496987500001,-3.7381731350000003,-35.5893481375
mp-867861,SmYMg2,Mg-Sm-Y,4,0.0,0.0,0.0014061624999999,True,False,-0.08080288624999901,-3.702957302499999,-14.70151019
mp-867865,ReRh3,Re-Rh,8,0.0,0.0,0.0542263683333335,True,False,-0.085446315624999,-31.290271465,-31.290271465
mp-867869,Sm2AgRu,Ag-Ru-Sm,4,0.0,0.0,0.0185843275000001,True,False,-0.2817299925,-26.8432952625,-26.8432952625
mp-867873,LiTm2Al,Al-Li-Tm,4,0.0,0.0,0.0168525372916668,True,False,-0.24169031166666902,-20.0819156425,-20.0819156425
mp-867874,BeVRu2,Be-Ru-V,4,0.0,0.0,0.0188204450000011,True,False,-0.35139449374999904,-8.1944254975,-17.7228964775
mp-867878,AlFe2Si,Al-Fe-Si,4,0.0,0.0,0.0044608824999983,True,False,-0.44477182749999905,-6.9725058975,-11.338027925
mp-867896,ScZnCu2,Cu-Sc-Zn,4,0.0,0.0,0.0144048052777776,True,False,-0.255376168749999,-4.2030326825,-10.7478869125
mp-867899,Sm2IrRh,Ir-Rh-Sm,4,0.0,0.0,0.0071335530357128,True,False,-0.711750322499999,-7.121728902499999,-34.7714717975
mp-867903,LiLuAu2,Au-Li-Lu,4,0.0,0.0,0.004159660625,True,False,-0.7881009908333281,-36.197227715,-36.197227715
mp-867909,ScCdRh2,Cd-Rh-Sc,4,0.0,0.0,0.0120575950000105,True,False,-0.6000478612499981,-6.10532162,-20.597775175
mp-867915,ScGaCo2,Co-Ga-Sc,4,0.021061685892858,0.021061685892858003,0.0,False,True,-0.349506956250001,-12.6769383475,-12.6769383475
mp-867919,ErNbRu2,Er-Nb-Ru,4,0.0,0.0,0.0384211150000002,True,False,-0.354396067499999,-8.6588533,-27.7878516625
mp-867926,LiInPd2,In-Li-Pd,4,0.0,0.0,0.0103451175,True,False,-0.6129045441666641,-18.3344555475,-18.3344555475
mp-867958,TaInRu2,In-Ru-Ta,4,0.0,0.0,0.0031891425000001,True,False,-0.42126822433333505,-30.926141645,-30.926141645
mp-867969,LiGdHg2,Gd-Hg-Li,4,0.0,0.0,0.0057248649999994,True,False,-0.47193431291666604,-36.6017655025,-36.6017655025
mp-8680,Ce(BIr)2,B-Ce-Ir,10,0.0,0.0,0.0202622072000071,True,False,-0.7168388816666461,-8.11135923599998,-30.887079511000003
mp-8688,V4GeS8,Ge-S-V,13,0.017355163413453,0.017355163413453,0.0,False,True,-1.143607846538469,-6.840364295384623,-11.347441764615384
mp-8689,V4GeSe8,Ge-Se-V,13,0.004304025384622,0.004304025384622,0.0,False,True,-0.9452497949038521,-6.247245483846159,-15.044573243076922
mp-8695,MnPSe3,Mn-P-Se,10,0.0,0.0,0.0600931739999994,True,False,-0.540280136921028,-5.553324786999999,-13.854937793
mp-8703,Na3SbSe4,Na-Sb-Se,8,0.0,0.0,0.0135703156249977,True,False,-0.8823437045312481,-12.587981,-12.587981
mp-877,Er2In,Er-In,6,0.0,0.0,0.0023040649999996,True,False,-0.45943556722222406,-30.602589138333332,-30.602589138333332
mp-8780,Cr2N,Cr-N,9,0.244666590000001,0.24466659000000102,0.0,False,True,-0.254791289583333,-13.346603106666667,-13.346603106666667
mp-88,Dy,Dy,2,0.0,0.0,0.0173757700000001,True,False,0.0,-31.981803225,-31.981803225
mp-8812,Rb2GeF6,F-Ge-Rb,9,0.004997247777775,0.0049972477777750005,0.0,False,True,-3.043178331111109,-5.050646136666665,-9.6869065
mp-8836,CaAlF5,Al-Ca-F,14,0.008530122142859,0.008530122142859,0.0,False,True,-4.010018601428571,-8.21009457,-8.21009457
mp-8873,LiGeBO4,B-Ge-Li-O,7,0.00439962821429,0.004399628214290001,0.0,False,True,-2.494826821071428,-7.209567751428572,-6.816996322857143
mp-887724,Li2FeO3,Fe-Li-O,12,0.003513325416666,0.003513325416666,0.0,False,True,-1.8744459473611101,-6.39640427375,-8.095601015416667
mp-8882,GaP,Ga-P,4,0.008458759999999,0.008458759999999,0.0,False,True,-0.5004573739880961,-10.722883505,-10.722883505
mp-8896,Sr2B4Rh5,B-Rh-Sr,11,0.001530817272723,0.001530817272723,0.0,False,True,-0.624697238181816,-17.020868336363637,-17.020868336363637
mp-8926,Li3BN2,B-Li-N,12,0.004483982083333,0.004483982083333,0.0,False,True,-1.002301920833333,-6.462964384166667,-6.462964384166667
mp-8952,HoAsPd,As-Ho-Pd,12,0.002338634500006,0.002338634500006,0.0,False,True,-1.308672373333327,-24.82511521083333,-24.82511521083333
mp-8954,TaSe2,Se-Ta,3,0.01908616833333,0.019086168333330003,0.0,False,True,-0.912967788486113,-26.651285513333335,-26.651285513333335
mp-8959,CsK2PdF5,Cs-F-K-Pd,18,0.0,0.0,0.0012890833333338,True,False,-2.523919631572797,-4.515015265,-10.915885611666667
mp-9023,ScSiAu,Au-Sc-Si,6,0.0,0.0,0.0044124727777719,True,False,-0.8063665049999991,-24.392103871666666,-24.392103871666666
mp-903,ZrCr2,Cr-Zr,6,0.168987378333334,0.16898737833333402,0.0,False,True,0.16898737833333102,-17.463171516666666,-17.463171516666666
mp-9084,CsGdS2,Cs-Gd-S,4,0.0,0.0,0.0012539612499997,True,False,-2.082173956406247,-23.225557145,-23.225557145
mp-909,As2Se3,As-Se,20,0.0,0.0,0.0058977525000001,True,False,-0.139482853937499,-14.6094313875,-14.6094313875
mp-912,LaPt2,La-Pt,6,0.015555871923076,0.015555871923076002,0.0,False,True,-1.179321179999997,-45.419392515,-45.419392515
mp-9149,Er3P4Pd7,Er-P-Pd,14,0.000496766808753,0.0004967668087530001,0.0,False,True,-0.9912715206122431,-6.107287463571429,-22.377231771428573
mp-9167,SrCN2,C-N-Sr,16,0.0,0.0,0.0055020475000002,True,False,-0.992018326875001,-11.8296177275,-11.8296177275
mp-9186,CdSeO3,Cd-O-Se,20,0.0,0.0,0.0099769957500015,True,False,-1.4144812314687512,-5.274442168000002,-11.5904866445
mp-919,HoTe,Ho-Te,2,0.0,0.0,0.0257668474999999,True,False,-1.4516875825,-30.600971695,-30.600971695
mp-9202,Cs2ZrCu3F12,Cs-Cu-F-Zr,18,0.001747303055554,0.0017473030555540002,0.0,False,True,-2.742127285517242,-5.276988634444445,-4.968988634444445
mp-922,CoPt3,Co-Pt,4,0.0,0.0,0.0138612383333338,True,False,-0.047526424999997006,-6.384230594999998,-42.0744022975
mp-9228,HgSeO3,Hg-O-Se,20,0.0,0.0,0.0031864099999978,True,False,-1.048512630968753,-4.778405937000002,-17.0055717045
mp-9239,NaLaMgTeO6,La-Mg-Na-O-Te,20,0.0,0.0,0.0011941344999968,True,False,-2.6082844158045972,-6.682211398,-6.270011397999999
mp-9241,HoCoC2,C-Co-Ho,4,0.0,0.0,0.0003286787499998,True,False,-0.340797066249998,-7.889062435,-16.9103745025
mp-9257,Yb(CdSb)2,Cd-Sb-Yb,5,0.17474731175001,0.17474731175001001,0.0,False,True,-0.372389270999997,-26.002786395999998,-26.002786395999998
mp-9262,Cs2PtF6,Cs-F-Pt,9,0.00087045444444,0.0008704544444400001,0.0,False,True,-2.35794224,-15.742474528888888,-15.742474528888888
mp-9264,NaTeAu,Au-Na-Te,6,0.0,0.0,0.0839919961111106,True,False,-0.6205229249999981,-27.142644601666664,-27.142644601666664
mp-928,HoIr2,Ho-Ir,6,0.0,0.0,0.0027202341666665,True,False,-0.830710680000002,-8.255559955000004,-46.793591488333334
mp-929,ZrCo2,Co-Zr,6,0.035919415294117,0.035919415294117005,0.0,False,True,-0.221259961666667,-16.627344683333334,-16.627344683333334
mp-9333,La3TiSb5,La-Sb-Ti,18,0.002438448888888,0.0024384488888880003,0.0,False,True,-1.154042257962961,-26.787784066666667,-26.787784066666667
mp-9353,Dy5Ni2Sb,Dy-Ni-Sb,16,0.0,0.0,0.0021094500000007,True,False,-0.5520702710416631,-5.39971430125,-26.778231874375
mp-9371,ErF3,Er-F,16,0.0,0.0,0.0019282587500004,True,False,-4.498629927083332,-15.32450968125,-15.32450968125
mp-9397,HfTlCuSe3,Cu-Hf-Se-Tl,12,0.0,0.0,0.0024954833333339,True,False,-1.08691476172743,-5.572848469999999,-5.33684847
mp-94,Cd,Cd,2,0.0,0.0,0.01360791,True,False,0.0,-20.10498769,-20.10498769
mp-942700,LiNiSO4F,F-Li-Ni-O-S,16,0.001509216406246,0.001509216406246,0.0,False,True,-2.086013345729165,-6.277532552499999,-5.5586575525
mp-9435,La3ZrSb5,La-Sb-Zr,18,0.010152970416665,0.010152970416665,0.0,False,True,-1.220513247777777,-27.944481155555554,-27.944481155555554
mp-9457,Ca3ReO6,Ca-O-Re,20,0.0,0.0,0.0177764514999978,True,False,-2.923372625249997,-7.738640612999997,-13.660693410499999
mp-9462,CsTeSe3,Cs-Se-Te,20,0.0,0.0,0.0426330276762847,True,False,-0.7501604921706181,-3.6579640715,-3.3747640715
mp-949,CoPt,Co-Pt,2,0.0,0.0,0.0058968005000012,True,False,-0.073157964999999,-6.6754329850000005,-6.6754329850000005
mp-9499,Sm2C(NO)2,C-N-O-Sm,7,0.0,0.0,0.0259264472619022,True,False,-2.417075170714286,-8.880022658571429,-8.580594087142858
mp-9550,ScMnSi,Mn-Sc-Si,9,0.0,0.0,0.0080062227777766,True,False,-0.600586953199235,-7.57385442888889,-12.305391932222223
mp-9563,Li2Sb,Li-Sb,18,0.007044385,0.007044385,0.0,False,True,-0.670160802777775,-10.830070321666664,-3.215078572222222
mp-9576,KSbSe2,K-Sb-Se,16,0.0,0.0,0.0073468718750007,True,False,-0.931563573609373,-3.994612053124999,-15.902116304375
mp-9605,Hf3Si3Ni2,Hf-Ni-Si,16,0.0,0.0,0.0010803103124992,True,False,-0.9066892843750011,-24.12406106875,-24.12406106875
mp-9632,CsReF6,Cs-F-Re,8,0.0,0.0,0.0002345650000004,True,False,-2.553929714062501,-14.58833414,-14.58833414
mp-965,TbB2,B-Tb,3,0.019873977999999,0.019873977999999,0.0,False,True,-0.608675188333334,-15.915056036666668,-15.915056036666668
mp-9657,LiAsO3,As-Li-O,10,0.0,0.0,0.0005876130000048,True,False,-1.9846346261666632,-6.269220308999997,-8.754383204
mp-966800,InP,In-P,4,0.003933715000002,0.003933715000002,0.0,False,True,-0.354339883988092,-16.14467323,-16.14467323
mp-971673,BiS2,Bi-S,12,0.018465811614589,0.018465811614589,0.0,False,True,-0.32704707937500105,-25.183829812499997,-25.183829812499997
mp-971702,YbNdCd2,Cd-Nd-Yb,4,0.009851085000001,0.009851085000001,0.0,False,True,-0.36574908562499703,-26.9050898725,-26.9050898725
mp-971754,V2ReW,Re-V-W,4,0.0,0.0,0.0148499608333274,True,False,-0.28961704312499803,-33.27900718,-33.27900718
mp-971799,DyYHg2,Dy-Hg-Y,4,0.0,0.0,0.0087850399999998,True,False,-0.587166917500006,-38.344921225,-38.344921225
mp-972051,YbGa2Pd,Ga-Pd-Yb,8,0.0,0.0,0.00176019375,True,False,-0.8552422512500001,-21.449088325,-21.449088325
mp-972061,YbTlHg2,Hg-Tl-Yb,4,0.080711309375004,0.08071130937500401,0.0,False,True,-0.23994626750000203,-47.35102037,-47.35102037
mp-972062,YbTmHg2,Hg-Tm-Yb,4,0.0,0.0,0.0008843925000001,True,False,-0.570860657499999,-43.1673706875,-43.1673706875
mp-972071,V3Mo,Mo-V,4,0.0,0.0,0.0046106825000009,True,False,-0.058626447500000005,-17.143803105,-17.143803105
mp-9721,Ca3GeO,Ca-Ge-O,5,0.003025917,0.0030259170000000004,0.0,False,True,-1.7046520699999999,-4.822209770000001,-9.926402853999999
mp-972204,V2MoRu,Mo-Ru-V,4,0.0,0.0,0.0016154675000006,True,False,-0.30231118375000304,-20.2212277325,-20.2212277325
mp-972236,V2MoW,Mo-V-W,4,0.0,0.0,0.0052985999999997,True,False,-0.08955719000000001,-26.49428851,-26.49428851
mp-972337,Ti2IrW,Ir-Ti-W,4,0.0,0.0,0.032346730781251,True,False,-0.5145119691666691,-9.911399080000002,-32.9473824475
mp-972351,Tl,Tl,3,0.008828969999996,0.008828969999996,0.0,False,True,0.008828969999996,-53.170475610000004,-53.170475610000004
mp-972352,YbMg,Mg-Yb,2,0.0,0.0,0.00417767625,True,False,-0.075864689999999,-20.425205875,-20.425205875
mp-972364,Yb,Yb,3,0.000762054999995,0.0007620549999950001,0.0,False,True,0.0007620549999950001,-36.52861673,-36.52861673
mp-972424,TbYbPt2,Pt-Tb-Yb,4,0.076457846249994,0.07645784624999401,0.0,False,True,-1.355620461249998,-44.038432145,-44.038432145
mp-972455,TmLuIn2,In-Lu-Tm,4,0.011427070833327,0.011427070833327,0.0,False,True,-0.523107916666663,-30.112635225000002,-30.112635225000002
mp-972463,Tm5Sb3,Sb-Tm,16,0.010170659999999,0.010170659999999,0.0,False,True,-0.991332007500002,-32.5818555875,-32.5818555875
mp-972528,SmYAg2,Ag-Sm-Y,4,0.003684885000001,0.0036848850000010002,0.0,False,True,-0.31124212499999904,-23.5008120175,-23.5008120175
mp-972541,SmTmTl2,Sm-Tl-Tm,4,0.0,0.0,0.011500967624999,True,False,-0.32781408041667204,-3.8138220425,-43.2402676675
mp-972542,SmTlAu2,Au-Sm-Tl,4,0.0,0.0,0.0254941341666667,True,False,-0.5651232795833361,-3.974578842500001,-46.6551388225
mp-972623,SmHgAu2,Au-Hg-Sm,4,0.0,0.0,0.0012286184374996,True,False,-0.589171169374998,-3.483176712499997,-45.7194827075
mp-972653,SmHoTl2,Ho-Sm-Tl,4,0.0,0.0,0.0055862900000001,True,False,-0.34298226416666905,-3.8577847225,-42.70140729
mp-972825,SiH8,H-Si,9,0.001566776388888,0.0015667763888880001,0.0,False,True,-0.0029984572222220003,-4.049072213333334,-4.049072213333334
mp-972879,Sc2RuAu,Au-Ru-Sc,4,0.0,0.0,0.0745761274999994,True,False,-0.6800551299999991,-6.9833608174999995,-25.4118121925
mp-972907,Sc2AlAg,Ag-Al-Sc,4,0.0,0.0,0.0131525384375015,True,False,-0.369152458749999,-13.090390005,-13.090390005
mp-972957,ScTiRu2,Ru-Sc-Ti,4,0.0,0.0,0.0257947749999996,True,False,-0.656583467083333,-8.8507750175,-19.4914158775
mp-973254,LaNdHg2,Hg-La-Nd,4,0.0,0.0,0.0157969049999997,True,False,-0.569781256875003,-40.044381815,-40.044381815
mp-973283,HoLuAg2,Ag-Ho-Lu,4,0.0,0.0,0.0065952274999991,True,False,-0.33211146624999804,-4.033422035000001,-28.771034225
mp-973374,LiMg2,Li-Mg,6,0.028578371666666,0.028578371666666002,0.0,False,True,-0.027171890555555002,-3.602276418333333,-3.602276418333333
mp-973442,Lu2AgPt,Ag-Lu-Pt,4,0.009948287187498,0.009948287187498002,0.0,False,True,-0.91120927708333,-38.16204788,-38.16204788
mp-973571,Lu,Lu,3,0.0,0.0,0.0007333666666671,True,False,4.736951571734001e-15,-38.07988018333334,-38.07988018333334
mp-973585,LuIO,I-Lu-O,6,0.0,0.0,0.0669381365277788,True,False,-3.093346765555553,-6.757900456666664,-25.90418535666667
mp-973653,Lu2ZnAg,Ag-Lu-Zn,4,0.0,0.0,0.0108492937500002,True,False,-0.37562163083333205,-26.98218166,-26.98218166
mp-973662,Lu2ZnCu,Cu-Lu-Zn,4,0.0,0.0,0.0129337075000002,True,False,-0.322767533333335,-3.923348830000002,-24.331135595
mp-973666,KV5Se8,K-Se-V,14,0.0,0.0,0.0008173437499934,True,False,-1.048844453999999,-6.371572446428571,-14.700408820000002
mp-973887,LaPrHg2,Hg-La-Pr,4,0.0,0.0,0.0130189174999997,True,False,-0.567685697916672,-40.0387731025,-40.0387731025
mp-973951,Lu2CuRh,Cu-Lu-Rh,4,0.0,0.0,0.0216442824999996,True,False,-0.6878928658333301,-28.473589115,-28.473589115
mp-973956,Lu2CdAg,Ag-Cd-Lu,4,0.0,0.0,0.0172007024999998,True,False,-0.34641017958333004,-29.75156648,-29.75156648
mp-9743,SrAsPd,As-Pd-Sr,6,0.0,0.0,0.0077445016666661,True,False,-0.9610618408333351,-4.808539318333335,-18.674283813333332
mp-974326,OsRu3,Os-Ru,8,0.0,0.0,0.008677920416666,True,False,-0.009306451250004,-32.324015135,-32.324015135
mp-974358,Ir3Ru,Ir-Ru,4,0.0,0.0,0.004210862499999,True,False,-0.041019843750007,-45.666668755,-45.666668755
mp-974376,PtRh3,Pt-Rh,4,0.0,0.0,0.0045731600000005,True,False,-0.024695205,-30.9987959025,-30.9987959025
mp-974381,Rh2S3,Rh-S,10,0.0,0.0,0.0015965764999998,True,False,-0.6116225516875,-15.08653634,-15.08653634
mp-974387,Nd2AgHg,Ag-Hg-Nd,4,0.003556877499995,0.0035568774999950002,0.0,False,True,-0.41505135187500003,-32.80497676,-32.80497676
mp-9744,BaAsPd,As-Ba-Pd,3,0.0,0.0,0.0049425608333315,True,False,-0.9268007058333291,-4.849793799999996,-22.415248536666667
mp-974616,Pt3Rh,Pt-Rh,4,0.0,0.0,0.0031325999999998,True,False,-0.034819157499995,-44.68466399,-44.68466399
mp-974724,ReClO3,Cl-O-Re,20,0.0,0.0,0.0359399239032276,True,False,-1.8571246845,-7.685232689,-16.648243053999998
mp-975237,Rb(TeMo)3,Mo-Rb-Te,14,0.061652439642858,0.061652439642858006,0.0,False,True,-0.49096144535714203,-6.626304599999999,-24.650968475000003
mp-9755,HfGeO4,Ge-Hf-O,12,0.030349983749994,0.030349983749994,0.0,False,True,-3.05788336833334,-8.78656018583334,-16.70043206833333
mp-975528,NdDyTl2,Dy-Nd-Tl,4,0.0,0.0,0.0069882010000008,True,False,-0.35454964645833204,-3.886916444999997,-42.4129434075
mp-975646,PrZnSbO,O-Pr-Sb-Zn,8,0.0,0.0,0.006092605070834,True,False,-1.8622293629166662,-5.64527369125,-5.42552369125
mp-975666,PrBrO,Br-O-Pr,6,0.0,0.0,0.0147356215277785,True,False,-3.255380888888891,-7.048840555000003,-19.388539613333332
mp-975726,PrAl4Co,Al-Co-Pr,12,0.003289353333325,0.003289353333325,0.0,False,True,-0.504929294444444,-12.099359430833333,-12.099359430833333
mp-975788,Pr2AgHg,Ag-Hg-Pr,4,0.0,0.0,0.0002716425,True,False,-0.354060134375,-3.5399482925,-32.7795100175
mp-975799,LiZn3,Li-Zn,8,0.005355906249996,0.005355906249996,0.0,False,True,-0.159249031666667,-7.43887758875,-7.43887758875
mp-975822,PrNdZn2,Nd-Pr-Zn,4,0.0,0.0,0.0005614949999999,True,False,-0.30917252229166503,-3.329949049999999,-19.4868583075
mp-975883,PrNdHg2,Hg-Nd-Pr,4,0.0,0.0,0.0065348775,True,False,-0.554989438541667,-39.9443840375,-39.9443840375
mp-975896,PrNdTl2,Nd-Pr-Tl,4,0.0,0.0,0.0034871024999998,True,False,-0.38693138395833804,-3.963572165000002,-41.7984521575
mp-975904,Li3Cd,Cd-Li,4,0.0,0.0,0.0058928450000004,True,False,-0.18138230499999902,-6.9976590375,-6.9976590375
mp-975933,NdHoIn2,Ho-In-Nd,4,0.0,0.0,0.0037859925000001,True,False,-0.457062433958329,-4.178106029999999,-27.4603325125
mp-976106,Hf3Tl,Hf-Tl,4,0.0,0.0,0.0129860441666664,True,False,-0.024140797500002,-47.182528485,-47.182528485
mp-976281,Li3Pd,Li-Pd,4,0.002971141607142,0.0029711416071420004,0.0,False,True,-0.275359101428572,-7.805502313928573,-3.030267465
mp-976311,HoErRu2,Er-Ho-Ru,4,0.0,0.0,0.0034861748437498,True,False,-0.36737927124999803,-7.2959301100000005,-29.832553345
mp-976368,NdAlPd,Al-Nd-Pd,9,0.0,0.0,0.0052296797222224,True,False,-0.804428674722222,-5.368963698888889,-20.542583035555555
mp-976378,La3Sn4,La-Sn,14,0.0,0.0,0.0060831739285704,True,False,-0.8684297457142881,-27.756869136428573,-27.756869136428573
mp-976406,MgMnPt2,Mg-Mn-Pt,4,0.0,0.0,0.0096632299999992,True,False,-0.5800832007327561,-6.313771187499999,-31.26670913
mp-976426,LiLuHg2,Hg-Li-Lu,4,0.0,0.0,0.0118736299999997,True,False,-0.47080882958333303,-35.27135874,-35.27135874
mp-976589,NaIn3,In-Na,4,0.0,0.0,0.0162930850000004,True,False,-0.155755889999998,-17.9807438175,-17.9807438175
mp-976713,HoH2ClO2,Cl-H-Ho-O,12,0.0,0.0,0.0491077844444438,True,False,-2.425776653749999,-6.2811895125,-5.949856179166667
mp-976724,Hf(VH2)2,H-Hf-V,14,0.0,0.0,0.0069404207142884,True,False,-0.350300504285716,-12.800445712142858,-12.800445712142858
mp-9768,BaSb2Pd,Ba-Pd-Sb,8,0.0,0.0,0.0102740000000007,True,False,-0.9061885287499991,-4.74540333625,-26.0927814425
mp-976802,KF2,F-K,6,0.0,0.0,0.0603425366666678,True,False,-2.117461189083333,-3.770486013333333,-6.050873289999999
mp-976931,LuAlAg2,Ag-Al-Lu,4,0.006698714999998,0.006698714999998001,0.0,False,True,-0.34279282916666803,-22.22372603,-22.22372603
mp-976976,MgPd5,Mg-Pd,6,0.0,0.0,0.0106183775000001,True,False,-0.33221363416666705,-4.920526811666669,-20.135691975
mp-977357,Ta2ReRu,Re-Ru-Ta,4,0.0,0.0,0.0153554606250008,True,False,-0.43794802304167,-44.19265188,-44.19265188
mp-977359,CaSnAu2,Au-Ca-Sn,4,0.0,0.0,0.0079124775000001,True,False,-0.5924160312499981,-3.733149964999999,-33.8315920075
mp-977368,K2Dy4Cu4Se9,Cu-Dy-K-Se,19,0.0,0.0,0.0017286969736884,True,False,-1.501596021171599,-5.111926102105263,-4.8883471547368424
mp-977375,HoBr3,Br-Ho,8,0.0,0.0,0.07108885375,True,False,-2.23673703375,-4.613866801250001,-20.22991830375
mp-977382,Ta2VRu,Ru-Ta-V,4,0.0,0.0,0.0325515349999996,True,False,-0.313998332416666,-34.488442445,-34.488442445
mp-977384,ZnSiRh2,Rh-Si-Zn,4,0.0,0.0,0.0384622774999998,True,False,-0.6848659674999981,-17.1740720825,-17.1740720825
mp-977390,Ta3Ru,Ru-Ta,4,0.0,0.0,0.0609415625,True,False,-0.22867657175000003,-43.02868493,-43.02868493
mp-977398,TbCdAg2,Ag-Cd-Tb,4,0.0,0.0,0.0027875912500001,True,False,-0.27177375999999803,-3.0927110525,-23.808975125
mp-977400,ErInRh2,Er-In-Rh,4,0.0,0.0,0.0094633724999999,True,False,-0.7824713066666661,-6.296348380000001,-27.0700530925
mp-977407,Hf2ReRh,Hf-Re-Rh,4,0.0,0.0,0.0295801225000005,True,False,-0.6860638156249971,-10.61776385,-42.48932601
mp-977418,LiMgAu2,Au-Li-Mg,4,0.0,0.0,0.001378275625,True,False,-0.5792043545833331,-3.100993575,-27.528555685
mp-977421,TbGaRh2,Ga-Rh-Tb,4,0.0,0.0,0.031045923333334,True,False,-0.7944247385416641,-6.393068584999998,-23.59201484
mp-977425,Ta2CrRu,Cr-Ru-Ta,4,0.0,0.0,0.0173842274999991,True,False,-0.254652972416664,-34.67503875,-34.67503875
mp-977434,Nb3Ru,Nb-Ru,4,0.0,0.0,0.0099329224999991,True,False,-0.208804326249999,-25.1154941375,-25.1154941375
mp-977435,ZrAlRh2,Al-Rh-Zr,4,0.0,0.0,0.0173288349999998,True,False,-0.9449341024999991,-7.7004071525,-20.4706388725
mp-977440,LiTiPt2,Li-Pt-Ti,4,0.0,0.0,0.0296425724999993,True,False,-0.8956116783333311,-30.470585985,-30.470585985
mp-977454,HgPd2Au,Au-Hg-Pd,4,0.0,0.0,0.000110035,True,False,-0.159579113125003,-3.645408527500002,-36.6505123075
mp-977535,ErAlAg2,Ag-Al-Er,4,0.0,0.0,0.0043597307142846,True,False,-0.33059408583333105,-3.830386584999999,-21.194613705
mp-977537,ZrCdRh2,Cd-Rh-Zr,4,0.0,0.0,0.0001035174999994,True,False,-0.691710256249997,-23.47351947,-23.47351947
mp-977538,ErZnRh2,Er-Rh-Zn,4,0.0,0.0,0.0189840550000006,True,False,-0.6963999724999981,-5.8354195125,-23.516776865
mp-977543,ZrInRh2,In-Rh-Zr,4,0.0,0.0,0.0201607675000001,True,False,-0.823157238749995,-24.223367125,-24.223367125
mp-977549,Zr2OsRu,Os-Ru-Zr,4,0.0,0.0,0.0093954159999984,True,False,-0.713463296250004,-31.690800285,-31.690800285
mp-977550,ZrScOs2,Os-Sc-Zr,4,0.0,0.0,0.0065565344791629,True,False,-0.480746043749999,-9.814472192499998,-35.61625262
mp-977553,Yb2PtAu,Au-Pt-Yb,4,0.041479094583323,0.041479094583323,0.0,False,True,-1.198981084999999,-44.98183974,-44.98183974
mp-977567,Hf2CuRe,Cu-Hf-Re,4,0.0,0.0,0.0033196350000004,True,False,-0.29158919062500005,-9.407013925000001,-38.72785706
mp-977572,Hf2MnRh,Hf-Mn-Rh,4,0.0,0.0,0.0566937324999994,True,False,-0.5476585286206871,-32.82825705,-32.82825705
mp-977575,MgSbRu2,Mg-Ru-Sb,4,0.009888666354165,0.009888666354165,0.0,False,True,-0.21622489125000002,-6.293293975000001,-20.415638705
mp-977579,MgSbPd2,Mg-Pd-Sb,4,0.0278543825,0.027854382500000004,0.0,False,True,-0.604305191249999,-4.63411391,-19.5343442625
mp-977584,Zr2ZnAg2F14,Ag-F-Zn-Zr,19,0.005978359078918,0.0059783590789180005,0.0,False,True,-2.932655293289484,-10.347725398815799,-5.311128150526316
mp-977585,Zr3Tl,Tl-Zr,4,0.0,0.0,0.0040548662499997,True,False,-0.15850977875000102,-30.5156798525,-30.5156798525
mp-977588,LuNiSn,Lu-Ni-Sn,12,0.0,0.0,0.0090052099999997,True,False,-0.6536957505555551,-5.42416108,-25.621621269166667
mp-9776,YbAgGe,Ag-Ge-Yb,9,0.0,0.0,0.0002606372222224,True,False,-0.6936264977777751,-24.612704334444444,-24.612704334444444
mp-978085,Pr2TlAg,Ag-Pr-Tl,4,0.0,0.0,0.0112678600000002,True,False,-0.307970379583333,-4.009308557499999,-33.7168590275
mp-9782,KAg3Se2,Ag-K-Se,12,0.0,0.0,0.0052363933333334,True,False,-0.566161854489581,-3.341496139999999,-16.962862015833334
mp-978269,MgZn2,Mg-Zn,6,0.007595595,0.007595595000000001,0.0,False,True,-0.12303470999999801,-1.506353788333331,-7.470627956666667
mp-978512,SmTmMg2,Mg-Sm-Tm,4,0.0,0.0,0.0001640499999999,True,False,-0.063507713750002,-3.179014625,-18.3881852075
mp-978513,SmErMg2,Er-Mg-Sm,4,0.0,0.0,0.0008872499999998,True,False,-0.06951272124999801,-3.206323964999999,-18.0877502275
mp-978527,SmDyTl2,Dy-Sm-Tl,4,0.0,0.0,0.0045331774999999,True,False,-0.351101210833339,-3.871077685000003,-42.487114565
mp-978532,CuSiRh2,Cu-Rh-Si,4,0.0,0.0,0.0071478118749999,True,False,-0.567489621249997,-17.540744085,-17.540744085
mp-978563,SmHoIn2,Ho-In-Sm,4,0.0,0.0,0.0023706949999997,True,False,-0.45725126083333206,-4.165904532500001,-27.539802225
mp-978564,SmYTl2,Sm-Tl-Y,4,0.0,0.0,0.0027408375000002,True,False,-0.36472041041666703,-4.357375877499997,-39.5788
mp-978640,Sm(Mo3S4)2,Mo-S-Sm,15,0.001029084333302,0.0010290843333020001,0.0,False,True,-1.175126457666692,-8.034571024000027,-17.755036015333335
mp-978891,Sm2InAg,Ag-In-Sm,4,0.0,0.0,0.0028290774999994,True,False,-0.465502733749999,-26.315581775,-26.315581775
mp-978911,TbYHg2,Hg-Tb-Y,4,0.0,0.0,0.0083295375000003,True,False,-0.590041426250003,-38.158953465,-38.158953465
mp-978973,Sm2ZnHg,Hg-Sm-Zn,4,0.0,0.0,0.0042166649999999,True,False,-0.380444883125003,-3.132091862500001,-29.8747819775
mp-978975,TbYTl2,Tb-Tl-Y,4,0.0,0.0,0.0043610594999998,True,False,-0.34817149083333904,-4.320646330000002,-39.9384643
mp-978984,TmMgPt2,Mg-Pt-Tm,4,0.0,0.0,0.0075401899999993,True,False,-1.051589876250003,-5.615399410000002,-36.7075053125
mp-978988,TbTmHg2,Hg-Tb-Tm,4,0.0,0.0,0.0066799825000001,True,False,-0.577128541249997,-41.8479024125,-41.8479024125
mp-979040,TmAl3,Al-Tm,8,0.0,0.0,0.0124183762500003,True,False,-0.45383418499999906,-14.283170005,-14.283170005
mp-979137,SrGaSiH,Ga-H-Si-Sr,4,0.004005347604165,0.004005347604165,0.0,False,True,-0.436216257187501,-3.8214684025,-3.7944684025
mp-979176,Tm2AgHg,Ag-Hg-Tm,4,0.0,0.0,0.0039783793750003,True,False,-0.46825434062500104,-35.7096994025,-35.7096994025
mp-979266,Sm3Al,Al-Sm,8,0.0,0.0,0.0179520959374999,True,False,-0.23774359,-24.2204614125,-24.2204614125
mp-979267,Ta2FeMo,Fe-Mo-Ta,4,0.0,0.0,0.0266331517857025,True,False,-0.164796696166664,-10.9271782975,-34.48650181
mp-979287,TbLuHg2,Hg-Lu-Tb,4,0.0,0.0,0.0055097875000003,True,False,-0.568053120416671,-42.578534965,-42.578534965
mp-979288,Ta2NbRh,Nb-Rh-Ta,4,0.0,0.0,0.0395274324999999,True,False,-0.255578943666666,-10.5554459425,-36.7955635725
mp-979289,TaW3,Ta-W,4,0.0,0.0,0.0061262325000015,True,False,-0.07589145683333201,-50.74969542,-50.74969542
mp-979423,YGa3,Ga-Y,4,0.049635663749999,0.049635663749999004,0.0,False,True,-0.527090110625,-4.4254350025,-14.197143175
mp-979430,YLuTl2,Lu-Tl-Y,4,0.0,0.0,0.0049707674999996,True,False,-0.30031350333334,-4.243744300000003,-41.58586252
mp-979433,YLuCu2,Cu-Lu-Y,4,0.0,0.0,0.0164489512500001,True,False,-0.263331611666668,-20.2850998975,-20.2850998975
mp-9797,K(SbSe2)2,K-Sb-Se,14,0.0,0.0,0.0024356425000009,True,False,-0.7581178259464271,-4.097120413571427,-16.956795720714286
mp-9799,Yb4As2O,As-O-Yb,7,0.318393625357138,0.318393625357138,0.0,False,True,-1.65518781196429,-27.584489350000002,-27.584489350000002
mp-979910,VCuRh2,Cu-Rh-V,4,0.0,0.0,0.0211024881250017,True,False,-0.32207532249999804,-18.62428257,-18.62428257
mp-979934,YErHg2,Er-Hg-Y,4,0.0,0.0,0.0091273899999997,True,False,-0.577414604583331,-38.8210768975,-38.8210768975
mp-979961,Yb2AgHg,Ag-Hg-Yb,4,0.0,0.0,0.0051101624999998,True,False,-0.48437973062500106,-36.42999004,-36.42999004
mp-979965,YbSmPt2,Pt-Sm-Yb,4,0.101832028749996,0.10183202874999601,0.0,False,True,-1.288388681249998,-43.5978229075,-43.5978229075
mp-979967,Yb2GaHg,Ga-Hg-Yb,4,0.0,0.0,0.0001693825000002,True,False,-0.5865676093750021,-34.05390262,-34.05390262
mp-979979,Sm3Sb4Au3,Au-Sb-Sm,20,0.004844295469229,0.0048442954692290005,0.0,False,True,-0.8591050584999991,-4.908445994999999,-35.370208139
mp-980044,YbPrCd2,Cd-Pr-Yb,4,0.015058995000003,0.015058995000003001,0.0,False,True,-0.355002301666665,-26.890829935,-26.890829935
mp-980053,YbPrAu2,Au-Pr-Yb,4,0.072926350625003,0.07292635062500301,0.0,False,True,-0.8702825391666661,-42.6460964025,-42.6460964025
mp-980062,YbErZn2,Er-Yb-Zn,4,0.0,0.0,0.0041870175,True,False,-0.40329427708333304,-22.4722990675,-22.4722990675
mp-980071,TmLuTl2,Lu-Tl-Tm,4,0.0,0.0,0.0036365850000001,True,False,-0.268263953333342,-3.705047245000003,-45.2515490025
mp-9801,HfCoAs,As-Co-Hf,12,0.0,0.0,0.0102425999999997,True,False,-0.8039544433333331,-8.0575305375,-25.160731126666665
mp-980197,YbErPt2,Er-Pt-Yb,4,0.059616610624999,0.059616610624999004,0.0,False,True,-1.3883567120833291,-44.74591865,-44.74591865
mp-980206,TmScRu2,Ru-Sc-Tm,4,0.0,0.0,0.0086117250000006,True,False,-0.47222434625000004,-7.8131682625,-24.852523695
mp-980426,TmAlAg2,Ag-Al-Tm,4,0.0,0.0,0.0033426607142845,True,False,-0.353009867499999,-21.494235095,-21.494235095
mp-980429,Sm3Hg,Hg-Sm,8,0.0,0.0,0.0667174174999996,True,False,-0.22214254687499801,-34.8637874175,-34.8637874175
mp-980659,Tl3BiCl6,Bi-Cl-Tl,20,0.0,0.0,0.0082326810000017,True,False,-1.3911309845,-3.6007017304999973,-26.634253518999998
mp-980665,Zn2CuIr,Cu-Ir-Zn,4,0.0,0.0,0.0390314574999992,True,False,-0.16376387249999702,-4.028045889999998,-20.4464145625
mp-980669,TmLuCo2,Co-Lu-Tm,4,0.0,0.0,0.0186994287499988,True,False,-0.23751595666666903,-6.05527155,-25.1438459225
mp-981207,Yb3In3Ge2Au,Au-Ge-In-Yb,9,0.067965571111113,0.06796557111111301,0.0,False,True,-0.6288775283333331,-29.03474672888889,-29.03474672888889
mp-981208,YTmHg2,Hg-Tm-Y,4,0.0,0.0,0.0092241825000001,True,False,-0.576831426250002,-39.119397,-39.119397
mp-981212,TmMg2,Mg-Tm,3,0.021695763333333,0.021695763333333003,0.0,False,True,-0.041643210000001006,-14.528195030000001,-14.528195030000001
mp-981249,Y3Tm,Tm-Y,8,0.0,0.0,0.0059262058333331,True,False,-0.0011659425000050002,-24.016628735,-24.016628735
mp-9813,WS2,S-W,3,0.000883806666664,0.000883806666664,0.0,False,True,-0.8826962018750011,-23.36131914666667,-23.36131914666667
mp-981365,V2ReRu,Re-Ru-V,4,0.0,0.0,0.0145831499999999,True,False,-0.363411096875001,-26.8669864625,-26.8669864625
mp-981381,Tm2TlHg,Hg-Tl-Tm,4,0.0,0.0,0.0094248943749968,True,False,-0.47860792437500504,-43.675909845,-43.675909845
mp-9814,Cu3SbSe4,Cu-Sb-Se,8,0.010843234687499,0.010843234687499,0.0,False,True,-0.232113537031249,-14.66873161875,-14.66873161875
mp-981548,YErTl2,Er-Tl-Y,4,0.0,0.0,0.0009773535000006,True,False,-0.327305839166668,-4.282244474999999,-40.5790490375
mp-981935,Li5Mg,Li-Mg,6,0.002940294722222,0.002940294722222,0.0,False,True,-0.014463996388888001,-2.698269938333333,-2.698269938333333
mp-9821,RbSbF6,F-Rb-Sb,8,0.0,0.0,0.0026086012500048,True,False,-2.907923034687501,-4.982004230000001,-10.07406349625
mp-982557,HoGa3,Ga-Ho,8,0.0,0.0,0.0135587624999997,True,False,-0.559429653124998,-3.97992153625,-17.37807491875
mp-982635,Tm3Al2,Al-Tm,20,0.0,0.0,0.0132374250000015,True,False,-0.381802175000004,-24.147270481,-24.147270481
mp-9828,YbPPt,P-Pt-Yb,3,0.0,0.0,0.0272144100000009,True,False,-1.481345977658729,-33.82106997666667,-33.82106997666667
mp-983123,HfMgAu2,Au-Hf-Mg,4,0.0,0.0,0.0031895825000018,True,False,-0.5695663937499961,-5.103422154999997,-38.2330396825
mp-983312,TmLuRu2,Lu-Ru-Tm,4,0.0,0.0,0.0006099600000002,True,False,-0.442904681666666,-7.331153184999998,-31.5105364375
mp-984,BN,B-N,4,0.005704095,0.005704095,0.0,False,True,-1.407274898125001,-9.6448273325,-9.6448273325
mp-984048,CeYIn2,Ce-In-Y,4,0.0,0.0,0.0230014149999995,True,False,-0.587677257499997,-24.6655298775,-24.6655298775
mp-984352,Al2CoOs,Al-Co-Os,4,0.0,0.0,0.005132746250001,True,False,-0.5402784149999991,-20.461192575,-20.461192575
mp-984724,Ba2TlZn,Ba-Tl-Zn,4,0.0,0.0,0.0113070462500006,True,False,-0.29199189083333404,-2.159283292499999,-29.0575267925
mp-984744,Ca3Tl,Ca-Tl,8,0.0,0.0,0.04728515,True,False,-0.27051823749999904,-18.8440646575,-18.8440646575
mp-984767,DyHoIn2,Dy-Ho-In,4,0.0,0.0,0.0005685475000003,True,False,-0.44030456249999606,-4.1239051825,-28.0893973125
mp-984788,Ba4Er(RuO4)3,Ba-Er-O-Ru,20,0.002434953624999,0.002434953624999,0.0,False,True,-2.5291382745,-7.501256187,-7.089056187
mp-984872,CsPb2Cl5,Cl-Cs-Pb,16,0.014232277187496,0.014232277187496001,0.0,False,True,-1.7664631599569,-3.963461373750004,-22.617696863749998
mp-9850,DyP5,Dy-P,12,0.0,0.0,0.0040725702777786,True,False,-0.6370583499801581,-13.4690891475,-13.4690891475
mp-9851,HoP5,Ho-P,12,0.0,0.0,0.0080382052777778,True,False,-0.630045229146825,-13.611999475,-13.611999475
mp-9852,TmP5,P-Tm,12,0.0,0.0,0.0161154869444448,True,False,-0.616732226646824,-13.971970534999999,-13.971970534999999
mp-985296,Ag3Pd,Ag-Pd,4,0.0,0.0,0.0038789274999997,True,False,-0.06677629124999701,-21.8237975525,-21.8237975525
mp-9854,YP5,P-Y,12,0.0,0.0,0.0023726127777781,True,False,-0.6391986149801591,-11.526529035000001,-11.526529035000001
mp-985586,Na3BrO,Br-Na-O,5,0.0,0.0,0.0803135159999994,True,False,-1.615873120827586,-3.737887096,-7.562916423999999
mp-985705,CeAgAs2,Ag-As-Ce,16,0.0,0.0,0.0062650800000003,True,False,-0.7764827454166651,-5.30651589875,-21.317404835
mp-987,ZnCu,Cu-Zn,2,0.0,0.0,0.0055461786842108,True,False,-0.090755029999999,-2.770230169999999,-9.97562429
mp-9884,KFeSe2,Fe-K-Se,8,0.000540264583334,0.0005402645833340001,0.0,False,True,-0.8848990917343731,-5.033202563749999,-13.06327611875
mp-989405,Cs2LiInBr6,Br-Cs-In-Li,10,0.0,0.0,0.0212662959999998,True,False,-1.701866446931034,-3.332439542999999,-3.012039542999999
mp-989512,LiTl2InCl6,Cl-In-Li-Tl,10,0.0,0.0,0.025279149500001,True,False,-1.5736920236666672,-3.623921787999999,-3.2555217880000002
mp-989520,Rb2NaBiCl6,Bi-Cl-Na-Rb,10,0.0,0.0,0.0227714380000003,True,False,-1.92988604163793,-3.758294044999999,-3.3898940449999992
mp-989525,Cs2RbPbF6,Cs-F-Pb-Rb,10,0.0,0.0,0.026425092250002,True,False,-2.752321537681034,-4.551546590999999,-4.2743465910000005
mp-989529,KRb2InCl6,Cl-In-K-Rb,10,0.0,0.0,0.0299754135000003,True,False,-1.9947973678916662,-3.689084209,-3.320684209
mp-989532,Rb2TlInF6,F-In-Rb-Tl,10,0.0,0.0,0.0265002807500005,True,False,-2.7585047335,-4.615987559,-4.338787559
mp-989535,Cs2AlInH6,Al-Cs-H-In,10,0.0,0.0,0.0939038626333319,True,False,-0.17249546234770102,-3.041665797,-2.934265797
mp-989540,Sr6Sn2NO,N-O-Sn-Sr,10,0.0,0.0,0.018285643666668,True,False,-1.158692742,-4.304687842,-4.235987842
mp-989541,Rb2NaSbF6,F-Na-Rb-Sb,10,0.0,0.0,0.0025703976666688,True,False,-2.88326380363793,-4.7747542450000005,-4.497554245
mp-989545,Rb2NaSbCl6,Cl-Na-Rb-Sb,10,0.0,0.0,0.0173128840000074,True,False,-1.87563242763793,-3.727937123999999,-3.359537124
mp-989547,Rb2NaInCl6,Cl-In-Na-Rb,10,0.0,0.0,0.0085769794999999,True,False,-1.9831410013045971,-3.698462947999999,-3.3300629479999992
mp-989548,Rb2NaTlF6,F-Na-Rb-Tl,10,0.0,0.0,0.0014614594999997,True,False,-2.714412728971265,-4.430150257999999,-4.152950258
mp-989550,Rb2TlInCl6,Cl-In-Rb-Tl,10,0.0,0.0,0.0344790375000001,True,False,-1.8027955545,-3.6210926349999992,-3.252692635
mp-989555,Tl2InGaF6,F-Ga-In-Tl,10,0.0,0.0,0.0124307166666683,True,False,-2.381190492083334,-4.582523317,-4.305323317
mp-989556,Cs2NaPbF6,Cs-F-Na-Pb,10,0.0,0.0,0.0201461502500013,True,False,-2.769691429068965,-4.605035153,-4.327835153
mp-989559,Cs2NaLiF6,Cs-F-Li-Na,10,0.0,0.0,0.0901194484999985,True,False,-2.4279958164022992,-4.08296712,-3.80576712
mp-989565,Rb2TlGaF6,F-Ga-Rb-Tl,10,0.0,0.0,0.0071033439999999,True,False,-2.835232728583334,-4.719607782,-4.442407782
mp-989566,Rb2InGaF6,F-Ga-In-Rb,10,0.0,0.0,0.0251797854999988,True,False,-2.802686308916666,-4.725831524999999,-4.448631525
mp-989568,Cs2NaMgF6,Cs-F-Mg-Na,10,0.0,0.0,0.0193187175000035,True,False,-2.959081592568965,-4.586207611,-4.309007611
mp-989569,Rb2NaPbF6,F-Na-Pb-Rb,10,0.0,0.0,0.0264038837500004,True,False,-2.76065953163793,-4.610514556,-4.3333145559999995
mp-989575,Cs2AlTlH6,Al-Cs-H-Tl,10,0.0,0.0,0.0442812186666672,True,False,-0.20625497101436802,-3.036655143,-2.9292551430000002
mp-989583,Rb2LiInCl6,Cl-In-Li-Rb,10,0.0,0.0,0.0086069787499996,True,False,-1.980378803499999,-3.7524209589999993,-3.384020959
mp-989584,Ca6Sn2NO,Ca-N-O-Sn,10,0.0,0.0,0.0195924970000014,True,False,-1.306336873999998,-4.640235047999999,-4.571535047999999
mp-989585,Cs2KPbF6,Cs-F-K-Pb,10,0.0,0.0,0.0147781422500008,True,False,-2.774147984656034,-4.588456603,-4.311256603
mp-989605,Cs2RbInF6,Cs-F-In-Rb,10,0.0,0.0,0.0041289419999994,True,False,-2.987577245347701,-4.691454966,-4.414254966
mp-989610,Cs2NaInH6,Cs-H-In-Na,10,0.0,0.0,0.0089609169999991,True,False,-0.18844397348563102,-2.817228802999999,-9.914831013
mp-989612,LaCrN3,Cr-La-N,20,0.011596411166664,0.011596411166664001,0.0,False,True,-0.9915784432500001,-15.432453365,-15.432453365
mp-989621,LaOsN3,La-N-Os,10,0.0,0.0,0.0751698790000006,True,False,-0.6123631460000011,-8.8480047,-22.547351181
mp-989624,TiPN3,N-P-Ti,20,0.0,0.0,0.0161844618333315,True,False,-1.057049672678572,-10.9222667405,-10.9222667405
mp-989635,CaMoN3,Ca-Mo-N,10,0.0,0.0,0.0583779104999973,True,False,-0.792266584000009,-8.36548322900001,-12.890177564999998
mp-989737,Ag,Ag,3,0.010381675000001,0.010381675000001,0.0,False,True,0.010381675000004,-21.34549547,-21.34549547
mp-9912,Li2CeP2,Ce-Li-P,5,0.0037376805,0.0037376805000000003,0.0,False,True,-1.146139635857143,-11.869778478,-11.869778478
mp-9918,LiGe,Ge-Li,16,0.0,0.0,0.0414552487500001,True,False,-0.280800750416666,-3.54677611125,-8.448247331875
mp-9919,LiZnSb,Li-Sb-Zn,6,0.0,0.0,0.006821851666666,True,False,-0.45140820888888705,-12.785949791666667,-12.785949791666667
mp-9926,SrRhF6,F-Rh-Sr,8,0.0,0.0,0.0096505687500005,True,False,-2.66345302375,-9.91821019875,-9.91821019875
mp-9945,CoTe2,Co-Te,6,0.0,0.0,0.0207959505555557,True,False,-0.18488016166666402,-21.541106744999997,-21.541106744999997
mp-9951,MnNbGe,Ge-Mn-Nb,9,0.0,0.0,0.0202287947222217,True,False,-0.324080602088124,-8.286196664444446,-18.228653767777775
mp-995393,LiS4,Li-S,10,0.0,0.0,0.060172455,True,False,-0.612184769666665,-4.303887513,-3.901487513
mp-9961,Ti2CdC,C-Cd-Ti,8,0.0,0.0,0.0142040312500002,True,False,-0.610056893333332,-14.59199112,-14.59199112
mp-996943,Cs2NaInBr6,Br-Cs-In-Na,10,0.0,0.0,0.0053609279999999,True,False,-1.716573456735632,-3.290426344,-2.970026344
mp-996944,Cs2TlInBr6,Br-Cs-In-Tl,10,0.0,0.0,0.0087998615000004,True,False,-1.577039565931035,-3.2538675870000002,-2.933467587
mp-997004,CaAgO2,Ag-Ca-O,8,0.0,0.0,0.0009363737500001,True,False,-1.902973244166665,-5.58908813625,-11.8306854825
mp-997041,NaCuO2,Cu-Na-O,8,0.012695015,0.012695015,0.0,False,True,-1.349820689094826,-5.1840330537499995,-7.7604668100000005
mp-997086,SrAgO2,Ag-O-Sr,8,0.013738662499999,0.013738662499999001,0.0,False,True,-1.8261176741666652,-5.433939618749999,-13.76972280375
mp-997394,NbAgF6,Ag-F-Nb,16,0.0,0.0,0.0135761412499997,True,False,-2.719586547499998,-10.825351484375,-10.825351484375
mp-9976,Ba(Sb3Ru)4,Ba-Ru-Sb,17,0.0,0.0,0.0125183761764695,True,False,-0.46456810823529204,-5.67425046,-26.068293040588237
mp-998212,RbAgBr3,Ag-Br-Rb,5,0.0,0.0,0.0002426179999996,True,False,-1.209148418833332,-2.9560106900000003,-2.63561069
mp-998324,RbCaCl3,Ca-Cl-Rb,10,0.0,0.0,0.0058113369999999,True,False,-2.6132349214999993,-4.319587392,-10.378054534
mp-998418,MgAgF3,Ag-F-Mg,10,0.018142888000001,0.018142888000001002,0.0,False,True,-2.763583444333332,-4.806576408,-9.741180392
mp-998536,RbCaBr3,Br-Ca-Rb,20,0.0,0.0,0.0010476915000006,True,False,-2.2842032740000002,-3.8635979855,-14.3657545115
mp-998553,KAgBr3,Ag-Br-K,10,0.0,0.0,0.0071783299999998,True,False,-1.178872599783332,-2.9559020009999992,-14.445120644
mp-998599,KCaBr3,Br-Ca-K,10,0.0,0.0,0.0022480129999959,True,False,-2.269419568450001,-3.878981410000001,-12.774784857
mp-998602,RbOsO3,O-Os-Rb,10,0.0,0.0,0.0642993329999974,True,False,-1.610804351499998,-7.021161254999998,-18.272924429
mp-998604,RbPbCl3,Cl-Pb-Rb,10,0.0,0.0,0.0061382414999999,True,False,-1.866758507500001,-3.914520416000002,-19.401439704
mp-998609,CsNaF3,Cs-F-Na,20,0.0,0.0,0.0656892564999989,True,False,-2.403227270206896,-4.001478365,-3.724278365
mp-998611,RbSnCl3,Cl-Rb-Sn,10,0.0,0.0,0.0065272314999962,True,False,-1.7827857145000001,-3.88993258,-3.52153258
mp-998711,TlGeF3,F-Ge-Tl,10,0.055158262999999,0.05515826299999901,0.0,False,True,-2.134181383,-17.420054585,-17.420054585
mp-998739,MgTlF3,F-Mg-Tl,5,0.0,0.0,0.0004385079999984,True,False,-3.075989374666666,-5.024689225999998,-16.405232444
mp-998750,KAgCl3,Ag-Cl-K,10,0.0,0.0,0.0035647839999999,True,False,-1.188738291249998,-10.355029845999999,-10.355029845999999
mp-998778,RbSnBr3,Br-Rb-Sn,20,0.0,0.0,0.0062901389999998,True,False,-1.523623851999997,-3.503812958499998,-17.018518546000003
mp-998786,TlPdF3,F-Pd-Tl,5,0.0,0.0,0.0269255819999996,True,False,-1.592664701999999,-18.69623311,-18.69623311
mp-998949,TiPt,Pt-Ti,4,0.0,0.0,0.0029441225000006,True,False,-1.003696203333333,-33.21643316,-33.21643316
mp-999122,TbFeC2,C-Fe-Tb,4,0.0,0.0,0.0016866812499962,True,False,-0.254087259166666,-8.14654979,-16.6694747075
mp-999130,TbNi,Ni-Tb,4,0.000217588333334,0.00021758833333400003,0.0,False,True,-0.43574796083333206,-5.6447481125,-22.009557085
mp-999141,TbAu,Au-Tb,4,0.0,0.0,0.0001537350000013,True,False,-0.8731497208333301,-4.829022532499998,-41.8942005175
mp-999306,PrAu,Au-Pr,4,0.0,0.0,0.0062855025000008,True,False,-0.7879062870833321,-4.82258301625,-40.877545535
mp-999338,NdAu,Au-Nd,4,0.0,0.0,0.0015395874999999,True,False,-0.8108822362499951,-4.831896952499996,-40.910794065
mp-999376,NbPt,Nb-Pt,4,0.0,0.0,0.0146974466666662,True,False,-0.6641852299999941,-38.775081005,-38.775081005
mp-999540,MnSe,Mn-Se,4,0.0,0.0,0.0160339353448275,True,False,-0.949901936772628,-15.44734939,-15.44734939
mp-999576,Mn2SiRu,Mn-Ru-Si,4,0.018106028807473,0.018106028807473,0.0,False,True,-0.440152907241378,-16.3313952175,-16.3313952175
