denominator,model_name,label_view,metric,value,ci_low_95,ci_high_95,bootstrap_method
D5_full_complete,ALIGNN-FF,mp_native,f1,0.35032610142419807,0.3454497037044419,0.35520249914395424,deterministic_binomial_approximation_phase2_v1
D5_full_complete,ALIGNN-FF,mp_native,precision,0.35032610142419807,0.3454497037044419,0.35520249914395424,deterministic_binomial_approximation_phase2_v1
D5_full_complete,ALIGNN-FF,mp_native,recall,0.35032610142419807,0.3454497037044419,0.35520249914395424,deterministic_binomial_approximation_phase2_v1
D5_full_complete,ALIGNN-FF,mp_native,balanced_accuracy,0.45067700922748327,0.4455911802517056,0.45576283820326097,deterministic_binomial_approximation_phase2_v1
D5_full_complete,ALIGNN-FF,mp_native,auroc,0.4633158203470023,0.4582188380678921,0.4684128026261125,deterministic_binomial_approximation_phase2_v1
D5_full_complete,ALIGNN-FF,mp_native,auprc,0.3801416610243876,0.3751799196868713,0.38510340236190393,deterministic_binomial_approximation_phase2_v1
D5_full_complete,ALIGNN-FF,alexmp20_native,f1,0.3108636773999398,0.30613267985469395,0.31559467494518567,deterministic_binomial_approximation_phase2_v1
D5_full_complete,ALIGNN-FF,alexmp20_native,precision,0.3108636773999398,0.30613267985469395,0.31559467494518567,deterministic_binomial_approximation_phase2_v1
D5_full_complete,ALIGNN-FF,alexmp20_native,recall,0.3108636773999398,0.30613267985469395,0.31559467494518567,deterministic_binomial_approximation_phase2_v1
D5_full_complete,ALIGNN-FF,alexmp20_native,balanced_accuracy,0.4603472878629805,0.4552526286547699,0.46544194707119113,deterministic_binomial_approximation_phase2_v1
D5_full_complete,ALIGNN-FF,alexmp20_native,auroc,0.4707274794056062,0.4656254893116633,0.47582946949954913,deterministic_binomial_approximation_phase2_v1
D5_full_complete,ALIGNN-FF,alexmp20_native,auprc,0.3351240909283344,0.3302991912792748,0.339948990577394,deterministic_binomial_approximation_phase2_v1
D5_full_complete,ALIGNN-FF,alex_pbe_native,f1,0.29177282814169475,0.28712635022945093,0.29641930605393857,deterministic_binomial_approximation_phase2_v1
D5_full_complete,ALIGNN-FF,alex_pbe_native,precision,0.29177282814169475,0.28712635022945093,0.29641930605393857,deterministic_binomial_approximation_phase2_v1
D5_full_complete,ALIGNN-FF,alex_pbe_native,recall,0.29177282814169475,0.28712635022945093,0.29641930605393857,deterministic_binomial_approximation_phase2_v1
D5_full_complete,ALIGNN-FF,alex_pbe_native,balanced_accuracy,0.47075837569998324,0.4656563670951552,0.4758603843048113,deterministic_binomial_approximation_phase2_v1
D5_full_complete,ALIGNN-FF,alex_pbe_native,auroc,0.48272191321508673,0.4776142093518054,0.4878296170783681,deterministic_binomial_approximation_phase2_v1
D5_full_complete,ALIGNN-FF,alex_pbe_native,auprc,0.31276013854400475,0.3080212659657093,0.3174990111223002,deterministic_binomial_approximation_phase2_v1
D5_full_complete,ALIGNN-FF,common_pool,f1,0.48337983743782603,0.4778935146654832,0.4888661602101689,deterministic_binomial_approximation_phase2_v1
D5_full_complete,ALIGNN-FF,common_pool,precision,0.48337983743782603,0.4778935146654832,0.4888661602101689,deterministic_binomial_approximation_phase2_v1
D5_full_complete,ALIGNN-FF,common_pool,recall,0.48337983743782603,0.4778935146654832,0.4888661602101689,deterministic_binomial_approximation_phase2_v1
D5_full_complete,ALIGNN-FF,common_pool,balanced_accuracy,0.46491232870201454,0.4594365055090989,0.47038815189493016,deterministic_binomial_approximation_phase2_v1
D5_full_complete,ALIGNN-FF,common_pool,auroc,0.47764713928991565,0.47216327129328517,0.4831310072865461,deterministic_binomial_approximation_phase2_v1
D5_full_complete,ALIGNN-FF,common_pool,auprc,0.4963726286121347,0.49088341681187786,0.5018618404123916,deterministic_binomial_approximation_phase2_v1
D5_full_complete,ALIGNN-FF,source_union,f1,,,,deterministic_binomial_approximation_phase2_v1
D5_full_complete,ALIGNN-FF,source_union,precision,,,,deterministic_binomial_approximation_phase2_v1
D5_full_complete,ALIGNN-FF,source_union,recall,,,,deterministic_binomial_approximation_phase2_v1
D5_full_complete,ALIGNN-FF,source_union,balanced_accuracy,,,,deterministic_binomial_approximation_phase2_v1
D5_full_complete,ALIGNN-FF,source_union,auroc,,,,deterministic_binomial_approximation_phase2_v1
D5_full_complete,ALIGNN-FF,source_union,auprc,,,,deterministic_binomial_approximation_phase2_v1
D5_full_complete,ALIGNN-FF,consensus,f1,0.32981975334668495,0.3239462243652752,0.3356932823280947,deterministic_binomial_approximation_phase2_v1
D5_full_complete,ALIGNN-FF,consensus,precision,0.32981975334668495,0.3239462243652752,0.3356932823280947,deterministic_binomial_approximation_phase2_v1
D5_full_complete,ALIGNN-FF,consensus,recall,0.32981975334668495,0.3239462243652752,0.3356932823280947,deterministic_binomial_approximation_phase2_v1
D5_full_complete,ALIGNN-FF,consensus,balanced_accuracy,0.4547558474540657,0.4485349989140222,0.46097669599410923,deterministic_binomial_approximation_phase2_v1
D5_full_complete,ALIGNN-FF,consensus,auroc,0.4725325785828121,0.46629553653687195,0.4787696206287523,deterministic_binomial_approximation_phase2_v1
D5_full_complete,ALIGNN-FF,consensus,auprc,0.3600787647691679,0.3540818622503532,0.3660756672879826,deterministic_binomial_approximation_phase2_v1
D5_full_complete,ALIGNN-FF,uncertain,f1,0.3081036610448375,0.30338429017222607,0.3128230319174489,deterministic_binomial_approximation_phase2_v1
D5_full_complete,ALIGNN-FF,uncertain,precision,0.3081036610448375,0.30338429017222607,0.3128230319174489,deterministic_binomial_approximation_phase2_v1
D5_full_complete,ALIGNN-FF,uncertain,recall,0.3081036610448375,0.30338429017222607,0.3128230319174489,deterministic_binomial_approximation_phase2_v1
D5_full_complete,ALIGNN-FF,uncertain,balanced_accuracy,0.4832140958998462,0.4781062205661542,0.4883219712335382,deterministic_binomial_approximation_phase2_v1
D5_full_complete,ALIGNN-FF,uncertain,auroc,0.47722301859426114,0.47211756794940796,0.4823284692391143,deterministic_binomial_approximation_phase2_v1
D5_full_complete,ALIGNN-FF,uncertain,auprc,0.3173117638568035,0.31255436615635585,0.3220691615572511,deterministic_binomial_approximation_phase2_v1
D5_full_complete,ALIGNN-FF,audit_view,f1,0.2254664277432276,0.22119496888607476,0.22973788660038041,deterministic_binomial_approximation_phase2_v1
D5_full_complete,ALIGNN-FF,audit_view,precision,0.2254664277432276,0.22119496888607476,0.22973788660038041,deterministic_binomial_approximation_phase2_v1
D5_full_complete,ALIGNN-FF,audit_view,recall,0.2254664277432276,0.22119496888607476,0.22973788660038041,deterministic_binomial_approximation_phase2_v1
D5_full_complete,ALIGNN-FF,audit_view,balanced_accuracy,0.47806566750404544,0.47295983136845565,0.48317150363963524,deterministic_binomial_approximation_phase2_v1
D5_full_complete,ALIGNN-FF,audit_view,auroc,0.4884532302128903,0.48334383698112326,0.4935626234446573,deterministic_binomial_approximation_phase2_v1
D5_full_complete,ALIGNN-FF,audit_view,auprc,0.24592435303931948,0.24152262315180317,0.2503260829268358,deterministic_binomial_approximation_phase2_v1
D5_full_complete,CHGNet,mp_native,f1,0.36137361906029547,0.3564632197284288,0.3662840183921621,deterministic_binomial_approximation_phase2_v1
D5_full_complete,CHGNet,mp_native,precision,0.36137361906029547,0.3564632197284288,0.3662840183921621,deterministic_binomial_approximation_phase2_v1
D5_full_complete,CHGNet,mp_native,recall,0.36137361906029547,0.3564632197284288,0.3662840183921621,deterministic_binomial_approximation_phase2_v1
D5_full_complete,CHGNet,mp_native,balanced_accuracy,0.46001808856247994,0.4549236981717354,0.4651124789532245,deterministic_binomial_approximation_phase2_v1
D5_full_complete,CHGNet,mp_native,auroc,0.46634214197055146,0.4612429783466933,0.4714413055944096,deterministic_binomial_approximation_phase2_v1
D5_full_complete,CHGNet,mp_native,auprc,0.3861317019669205,0.3811552422312889,0.3911081617025521,deterministic_binomial_approximation_phase2_v1
D5_full_complete,CHGNet,alexmp20_native,f1,0.31801083358411075,0.31325063733733793,0.32277102983088357,deterministic_binomial_approximation_phase2_v1
D5_full_complete,CHGNet,alexmp20_native,precision,0.31801083358411075,0.31325063733733793,0.32277102983088357,deterministic_binomial_approximation_phase2_v1
D5_full_complete,CHGNet,alexmp20_native,recall,0.31801083358411075,0.31325063733733793,0.32277102983088357,deterministic_binomial_approximation_phase2_v1
D5_full_complete,CHGNet,alexmp20_native,balanced_accuracy,0.46594412275959807,0.46084523525324766,0.47104301026594847,deterministic_binomial_approximation_phase2_v1
D5_full_complete,CHGNet,alexmp20_native,auroc,0.4764583398038541,0.47135325158264274,0.48156342802506547,deterministic_binomial_approximation_phase2_v1
D5_full_complete,CHGNet,alexmp20_native,auprc,0.3424282375925994,0.3375779049399212,0.3472785702452776,deterministic_binomial_approximation_phase2_v1
D5_full_complete,CHGNet,alex_pbe_native,f1,0.2889783841538588,0.28434509672022745,0.29361167158749013,deterministic_binomial_approximation_phase2_v1
D5_full_complete,CHGNet,alex_pbe_native,precision,0.2889783841538588,0.28434509672022745,0.29361167158749013,deterministic_binomial_approximation_phase2_v1
D5_full_complete,CHGNet,alex_pbe_native,recall,0.2889783841538588,0.28434509672022745,0.29361167158749013,deterministic_binomial_approximation_phase2_v1
D5_full_complete,CHGNet,alex_pbe_native,balanced_accuracy,0.4686701529744174,0.4635694396363302,0.4737708663125046,deterministic_binomial_approximation_phase2_v1
D5_full_complete,CHGNet,alex_pbe_native,auroc,0.4812437461275092,0.47613658706521905,0.48635090518979934,deterministic_binomial_approximation_phase2_v1
D5_full_complete,CHGNet,alex_pbe_native,auprc,0.3147807771766593,0.31003361539386814,0.3195279389594505,deterministic_binomial_approximation_phase2_v1
D5_full_complete,CHGNet,common_pool,f1,0.48459298798980954,0.47910623843368105,0.49007973754593803,deterministic_binomial_approximation_phase2_v1
D5_full_complete,CHGNet,common_pool,precision,0.48459298798980954,0.47910623843368105,0.49007973754593803,deterministic_binomial_approximation_phase2_v1
D5_full_complete,CHGNet,common_pool,recall,0.48459298798980954,0.47910623843368105,0.49007973754593803,deterministic_binomial_approximation_phase2_v1
D5_full_complete,CHGNet,common_pool,balanced_accuracy,0.4661688454832708,0.4606920692928008,0.4716456216737408,deterministic_binomial_approximation_phase2_v1
D5_full_complete,CHGNet,common_pool,auroc,0.47714848087546924,0.47166486060924506,0.4826321011416934,deterministic_binomial_approximation_phase2_v1
D5_full_complete,CHGNet,common_pool,auprc,0.5011589083844536,0.49566956687152225,0.506648249897385,deterministic_binomial_approximation_phase2_v1
D5_full_complete,CHGNet,source_union,f1,,,,deterministic_binomial_approximation_phase2_v1
D5_full_complete,CHGNet,source_union,precision,,,,deterministic_binomial_approximation_phase2_v1
D5_full_complete,CHGNet,source_union,recall,,,,deterministic_binomial_approximation_phase2_v1
D5_full_complete,CHGNet,source_union,balanced_accuracy,,,,deterministic_binomial_approximation_phase2_v1
D5_full_complete,CHGNet,source_union,auroc,,,,deterministic_binomial_approximation_phase2_v1
D5_full_complete,CHGNet,source_union,auprc,,,,deterministic_binomial_approximation_phase2_v1
D5_full_complete,CHGNet,consensus,f1,0.33846316011384,0.3325516601279346,0.3443746600997454,deterministic_binomial_approximation_phase2_v1
D5_full_complete,CHGNet,consensus,precision,0.33846316011384,0.3325516601279346,0.3443746600997454,deterministic_binomial_approximation_phase2_v1
D5_full_complete,CHGNet,consensus,recall,0.33846316011384,0.3325516601279346,0.3443746600997454,deterministic_binomial_approximation_phase2_v1
D5_full_complete,CHGNet,consensus,balanced_accuracy,0.46178793624122616,0.4555597300938178,0.46801614238863454,deterministic_binomial_approximation_phase2_v1
D5_full_complete,CHGNet,consensus,auroc,0.47316068878310924,0.46692321996514624,0.47939815760107224,deterministic_binomial_approximation_phase2_v1
D5_full_complete,CHGNet,consensus,auprc,0.3652564747342638,0.35924109463646736,0.37127185483206027,deterministic_binomial_approximation_phase2_v1
D5_full_complete,CHGNet,uncertain,f1,0.30933772110242697,0.30461312734728696,0.31406231485756697,deterministic_binomial_approximation_phase2_v1
D5_full_complete,CHGNet,uncertain,precision,0.30933772110242697,0.30461312734728696,0.31406231485756697,deterministic_binomial_approximation_phase2_v1
D5_full_complete,CHGNet,uncertain,recall,0.30933772110242697,0.30461312734728696,0.31406231485756697,deterministic_binomial_approximation_phase2_v1
D5_full_complete,CHGNet,uncertain,balanced_accuracy,0.48413583056827697,0.47902764745696175,0.4892440136795922,deterministic_binomial_approximation_phase2_v1
D5_full_complete,CHGNet,uncertain,auroc,0.47922714703504216,0.4741208034130796,0.4843334906570047,deterministic_binomial_approximation_phase2_v1
D5_full_complete,CHGNet,uncertain,auprc,0.32130055754435566,0.3165273573695755,0.3260737577191358,deterministic_binomial_approximation_phase2_v1
D5_full_complete,CHGNet,audit_view,f1,0.22346368715083798,0.21920574725372752,0.22772162704794843,deterministic_binomial_approximation_phase2_v1
D5_full_complete,CHGNet,audit_view,precision,0.22346368715083798,0.21920574725372752,0.22772162704794843,deterministic_binomial_approximation_phase2_v1
D5_full_complete,CHGNet,audit_view,recall,0.22346368715083798,0.21920574725372752,0.22772162704794843,deterministic_binomial_approximation_phase2_v1
D5_full_complete,CHGNet,audit_view,balanced_accuracy,0.476716082267597,0.4716108705480952,0.4818212939870988,deterministic_binomial_approximation_phase2_v1
D5_full_complete,CHGNet,audit_view,auroc,0.4879827489481727,0.48287346906797823,0.4930920288283671,deterministic_binomial_approximation_phase2_v1
D5_full_complete,CHGNet,audit_view,auprc,0.2479882958431099,0.2435741868342567,0.25240240485196314,deterministic_binomial_approximation_phase2_v1
D5_full_complete,M3GNet,mp_native,f1,0.3738852655397311,0.36893975309150556,0.37883077798795667,deterministic_binomial_approximation_phase2_v1
D5_full_complete,M3GNet,mp_native,precision,0.3738852655397311,0.36893975309150556,0.37883077798795667,deterministic_binomial_approximation_phase2_v1
D5_full_complete,M3GNet,mp_native,recall,0.3738852655397311,0.36893975309150556,0.37883077798795667,deterministic_binomial_approximation_phase2_v1
D5_full_complete,M3GNet,mp_native,balanced_accuracy,0.47059714226717503,0.4654952304779863,0.47569905405636376,deterministic_binomial_approximation_phase2_v1
D5_full_complete,M3GNet,mp_native,auroc,0.4806218945310445,0.47551497803728987,0.4857288110247991,deterministic_binomial_approximation_phase2_v1
D5_full_complete,M3GNet,mp_native,auprc,0.3983976334926506,0.3933935067011558,0.4034017602841454,deterministic_binomial_approximation_phase2_v1
D5_full_complete,M3GNet,alexmp20_native,f1,0.33599157387902495,0.33116358623043946,0.34081956152761045,deterministic_binomial_approximation_phase2_v1
D5_full_complete,M3GNet,alexmp20_native,precision,0.33599157387902495,0.33116358623043946,0.34081956152761045,deterministic_binomial_approximation_phase2_v1
D5_full_complete,M3GNet,alexmp20_native,recall,0.33599157387902495,0.33116358623043946,0.34081956152761045,deterministic_binomial_approximation_phase2_v1
D5_full_complete,M3GNet,alexmp20_native,balanced_accuracy,0.480024581078457,0.4749179050418688,0.48513125711504523,deterministic_binomial_approximation_phase2_v1
D5_full_complete,M3GNet,alexmp20_native,auroc,0.48947569182743966,0.48436606787221476,0.49458531578266457,deterministic_binomial_approximation_phase2_v1
D5_full_complete,M3GNet,alexmp20_native,auprc,0.35211456408696656,0.34723246864831697,0.35699665952561616,deterministic_binomial_approximation_phase2_v1
D5_full_complete,M3GNet,alex_pbe_native,f1,0.3060738061970905,0.30136311229694157,0.31078450009723946,deterministic_binomial_approximation_phase2_v1
D5_full_complete,M3GNet,alex_pbe_native,precision,0.3060738061970905,0.30136311229694157,0.31078450009723946,deterministic_binomial_approximation_phase2_v1
D5_full_complete,M3GNet,alex_pbe_native,recall,0.3060738061970905,0.30136311229694157,0.31078450009723946,deterministic_binomial_approximation_phase2_v1
D5_full_complete,M3GNet,alex_pbe_native,balanced_accuracy,0.48144516258964354,0.47633792665846675,0.48655239852082033,deterministic_binomial_approximation_phase2_v1
D5_full_complete,M3GNet,alex_pbe_native,auroc,0.49258284433592503,0.48747265046894583,0.4976930382029042,deterministic_binomial_approximation_phase2_v1
D5_full_complete,M3GNet,alex_pbe_native,auprc,0.3233459840606443,0.31856483559653587,0.32812713252475273,deterministic_binomial_approximation_phase2_v1
D5_full_complete,M3GNet,common_pool,f1,0.4907800558049254,0.48529163289764565,0.49626847871220514,deterministic_binomial_approximation_phase2_v1
D5_full_complete,M3GNet,common_pool,precision,0.4907800558049254,0.48529163289764565,0.49626847871220514,deterministic_binomial_approximation_phase2_v1
D5_full_complete,M3GNet,common_pool,recall,0.4907800558049254,0.48529163289764565,0.49626847871220514,deterministic_binomial_approximation_phase2_v1
D5_full_complete,M3GNet,common_pool,balanced_accuracy,0.4725770810676778,0.4670959872004677,0.47805817493488795,deterministic_binomial_approximation_phase2_v1
D5_full_complete,M3GNet,common_pool,auroc,0.4862080744954233,0.4807208069747516,0.491695342016095,deterministic_binomial_approximation_phase2_v1
D5_full_complete,M3GNet,common_pool,auprc,0.510183827015601,0.5046956094815226,0.5156720445496795,deterministic_binomial_approximation_phase2_v1
D5_full_complete,M3GNet,source_union,f1,,,,deterministic_binomial_approximation_phase2_v1
D5_full_complete,M3GNet,source_union,precision,,,,deterministic_binomial_approximation_phase2_v1
D5_full_complete,M3GNet,source_union,recall,,,,deterministic_binomial_approximation_phase2_v1
D5_full_complete,M3GNet,source_union,balanced_accuracy,,,,deterministic_binomial_approximation_phase2_v1
D5_full_complete,M3GNet,source_union,auroc,,,,deterministic_binomial_approximation_phase2_v1
D5_full_complete,M3GNet,source_union,auprc,,,,deterministic_binomial_approximation_phase2_v1
D5_full_complete,M3GNet,consensus,f1,0.3542742700537578,0.34829898229257994,0.3602495578149356,deterministic_binomial_approximation_phase2_v1
D5_full_complete,M3GNet,consensus,precision,0.3542742700537578,0.34829898229257994,0.3602495578149356,deterministic_binomial_approximation_phase2_v1
D5_full_complete,M3GNet,consensus,recall,0.3542742700537578,0.34829898229257994,0.3602495578149356,deterministic_binomial_approximation_phase2_v1
D5_full_complete,M3GNet,consensus,balanced_accuracy,0.4746515132909101,0.46841307115848624,0.48088995542333396,deterministic_binomial_approximation_phase2_v1
D5_full_complete,M3GNet,consensus,auroc,0.486897080492364,0.48065275114273054,0.4931414098419975,deterministic_binomial_approximation_phase2_v1
D5_full_complete,M3GNet,consensus,auprc,0.3774059517436322,0.3713501475002389,0.3834617559870254,deterministic_binomial_approximation_phase2_v1
D5_full_complete,M3GNet,uncertain,f1,0.31238173591114765,0.30764442726549746,0.31711904455679785,deterministic_binomial_approximation_phase2_v1
D5_full_complete,M3GNet,uncertain,precision,0.31238173591114765,0.30764442726549746,0.31711904455679785,deterministic_binomial_approximation_phase2_v1
D5_full_complete,M3GNet,uncertain,recall,0.31238173591114765,0.30764442726549746,0.31711904455679785,deterministic_binomial_approximation_phase2_v1
D5_full_complete,M3GNet,uncertain,balanced_accuracy,0.486409442750406,0.4813005748195473,0.49151831068126467,deterministic_binomial_approximation_phase2_v1
D5_full_complete,M3GNet,uncertain,auroc,0.48166412235019773,0.4765568037976727,0.4867714409027228,deterministic_binomial_approximation_phase2_v1
D5_full_complete,M3GNet,uncertain,auprc,0.3226118598487381,0.3178335520603453,0.32739016763713086,deterministic_binomial_approximation_phase2_v1
D5_full_complete,M3GNet,audit_view,f1,0.24043427848634974,0.23606614367789847,0.244802413294801,deterministic_binomial_approximation_phase2_v1
D5_full_complete,M3GNet,audit_view,precision,0.24043427848634974,0.23606614367789847,0.244802413294801,deterministic_binomial_approximation_phase2_v1
D5_full_complete,M3GNet,audit_view,recall,0.24043427848634974,0.23606614367789847,0.244802413294801,deterministic_binomial_approximation_phase2_v1
D5_full_complete,M3GNet,audit_view,balanced_accuracy,0.4881520413764495,0.4830427201875417,0.49326136256535735,deterministic_binomial_approximation_phase2_v1
D5_full_complete,M3GNet,audit_view,auroc,0.49808029062676923,0.49296957206985514,0.5031910091836833,deterministic_binomial_approximation_phase2_v1
D5_full_complete,M3GNet,audit_view,auprc,0.2556927578863755,0.2512336241456492,0.26015189162710184,deterministic_binomial_approximation_phase2_v1
D5_full_complete,MACE-MP,mp_native,f1,0.37960867829096234,0.37464828529880456,0.3845690712831201,deterministic_binomial_approximation_phase2_v1
D5_full_complete,MACE-MP,mp_native,precision,0.37960867829096234,0.37464828529880456,0.3845690712831201,deterministic_binomial_approximation_phase2_v1
D5_full_complete,MACE-MP,mp_native,recall,0.37960867829096234,0.37464828529880456,0.3845690712831201,deterministic_binomial_approximation_phase2_v1
D5_full_complete,MACE-MP,mp_native,balanced_accuracy,0.47543649662145043,0.47033191143085873,0.48054108181204214,deterministic_binomial_approximation_phase2_v1
D5_full_complete,MACE-MP,mp_native,auroc,0.48710324630763574,0.4819941904701669,0.4922123021451046,deterministic_binomial_approximation_phase2_v1
D5_full_complete,MACE-MP,mp_native,auprc,0.4052202881647264,0.4002021937798575,0.41023838254959527,deterministic_binomial_approximation_phase2_v1
D5_full_complete,MACE-MP,alexmp20_native,f1,0.342612097502257,0.33776114119679435,0.3474630538077197,deterministic_binomial_approximation_phase2_v1
D5_full_complete,MACE-MP,alexmp20_native,precision,0.342612097502257,0.33776114119679435,0.3474630538077197,deterministic_binomial_approximation_phase2_v1
D5_full_complete,MACE-MP,alexmp20_native,recall,0.342612097502257,0.33776114119679435,0.3474630538077197,deterministic_binomial_approximation_phase2_v1
D5_full_complete,MACE-MP,alexmp20_native,balanced_accuracy,0.48520901761427115,0.4801004980700528,0.4903175371584895,deterministic_binomial_approximation_phase2_v1
D5_full_complete,MACE-MP,alexmp20_native,auroc,0.4964146003225495,0.49130397549647986,0.5015252251486192,deterministic_binomial_approximation_phase2_v1
D5_full_complete,MACE-MP,alexmp20_native,auprc,0.35926700486341867,0.35436287035600467,0.3641711393708327,deterministic_binomial_approximation_phase2_v1
D5_full_complete,MACE-MP,alex_pbe_native,f1,0.31527903345113834,0.31052984371559283,0.32002822318668384,deterministic_binomial_approximation_phase2_v1
D5_full_complete,MACE-MP,alex_pbe_native,precision,0.31527903345113834,0.31052984371559283,0.32002822318668384,deterministic_binomial_approximation_phase2_v1
D5_full_complete,MACE-MP,alex_pbe_native,recall,0.31527903345113834,0.31052984371559283,0.32002822318668384,deterministic_binomial_approximation_phase2_v1
D5_full_complete,MACE-MP,alex_pbe_native,balanced_accuracy,0.4883240139209192,0.48321465136971586,0.4934333764721225,deterministic_binomial_approximation_phase2_v1
D5_full_complete,MACE-MP,alex_pbe_native,auroc,0.49899986481255665,0.49388911881061315,0.5041106108145001,deterministic_binomial_approximation_phase2_v1
D5_full_complete,MACE-MP,alex_pbe_native,auprc,0.3285859064107118,0.3237848716031032,0.33338694121832035,deterministic_binomial_approximation_phase2_v1
D5_full_complete,MACE-MP,common_pool,f1,0.49751304136843383,0.4920237530136714,0.5030023297231963,deterministic_binomial_approximation_phase2_v1
D5_full_complete,MACE-MP,common_pool,precision,0.49751304136843383,0.4920237530136714,0.5030023297231963,deterministic_binomial_approximation_phase2_v1
D5_full_complete,MACE-MP,common_pool,recall,0.49751304136843383,0.4920237530136714,0.5030023297231963,deterministic_binomial_approximation_phase2_v1
D5_full_complete,MACE-MP,common_pool,balanced_accuracy,0.47955074920365015,0.4740659858555768,0.4850355125517235,deterministic_binomial_approximation_phase2_v1
D5_full_complete,MACE-MP,common_pool,auroc,0.4955174004314135,0.49002826478067424,0.5010065360821527,deterministic_binomial_approximation_phase2_v1
D5_full_complete,MACE-MP,common_pool,auprc,0.5182962046888805,0.5128105247980025,0.5237818845797585,deterministic_binomial_approximation_phase2_v1
D5_full_complete,MACE-MP,source_union,f1,,,,deterministic_binomial_approximation_phase2_v1
D5_full_complete,MACE-MP,source_union,precision,,,,deterministic_binomial_approximation_phase2_v1
D5_full_complete,MACE-MP,source_union,recall,,,,deterministic_binomial_approximation_phase2_v1
D5_full_complete,MACE-MP,source_union,balanced_accuracy,,,,deterministic_binomial_approximation_phase2_v1
D5_full_complete,MACE-MP,source_union,auroc,,,,deterministic_binomial_approximation_phase2_v1
D5_full_complete,MACE-MP,source_union,auprc,,,,deterministic_binomial_approximation_phase2_v1
D5_full_complete,MACE-MP,consensus,f1,0.36217982502371665,0.3561753336298992,0.3681843164175341,deterministic_binomial_approximation_phase2_v1
D5_full_complete,MACE-MP,consensus,precision,0.36217982502371665,0.3561753336298992,0.3681843164175341,deterministic_binomial_approximation_phase2_v1
D5_full_complete,MACE-MP,consensus,recall,0.36217982502371665,0.3561753336298992,0.3681843164175341,deterministic_binomial_approximation_phase2_v1
D5_full_complete,MACE-MP,consensus,balanced_accuracy,0.481083301815752,0.4748412993232077,0.4873253043082963,deterministic_binomial_approximation_phase2_v1
D5_full_complete,MACE-MP,consensus,auroc,0.4975649371633023,0.49131853665235165,0.503811337674253,deterministic_binomial_approximation_phase2_v1
D5_full_complete,MACE-MP,consensus,auprc,0.38636990805521054,0.3802868782418714,0.3924529378685497,deterministic_binomial_approximation_phase2_v1
D5_full_complete,MACE-MP,uncertain,f1,0.3155080213903743,0.3107579017728709,0.32025814100787775,deterministic_binomial_approximation_phase2_v1
D5_full_complete,MACE-MP,uncertain,precision,0.3155080213903743,0.3107579017728709,0.32025814100787775,deterministic_binomial_approximation_phase2_v1
D5_full_complete,MACE-MP,uncertain,recall,0.3155080213903743,0.3107579017728709,0.32025814100787775,deterministic_binomial_approximation_phase2_v1
D5_full_complete,MACE-MP,uncertain,balanced_accuracy,0.48874450391043056,0.4836350427727825,0.4938539650480786,deterministic_binomial_approximation_phase2_v1
D5_full_complete,MACE-MP,uncertain,auroc,0.48321489641278953,0.47810702080424944,0.4883227720213296,deterministic_binomial_approximation_phase2_v1
D5_full_complete,MACE-MP,uncertain,auprc,0.32371648326219415,0.3189339062714403,0.328499060252948,deterministic_binomial_approximation_phase2_v1
D5_full_complete,MACE-MP,audit_view,f1,0.2547696848318752,0.25031584809082,0.2592235215729303,deterministic_binomial_approximation_phase2_v1
D5_full_complete,MACE-MP,audit_view,precision,0.2547696848318752,0.25031584809082,0.2592235215729303,deterministic_binomial_approximation_phase2_v1
D5_full_complete,MACE-MP,audit_view,recall,0.2547696848318752,0.25031584809082,0.2592235215729303,deterministic_binomial_approximation_phase2_v1
D5_full_complete,MACE-MP,audit_view,balanced_accuracy,0.4978122304373437,0.49270152313493737,0.50292293773975,deterministic_binomial_approximation_phase2_v1
D5_full_complete,MACE-MP,audit_view,auroc,0.5060910443606126,0.5009806673749612,0.511201421346264,deterministic_binomial_approximation_phase2_v1
D5_full_complete,MACE-MP,audit_view,auprc,0.2613537946559711,0.256862745561448,0.26584484375049416,deterministic_binomial_approximation_phase2_v1
D5_full_complete,MP_common_pool_public_hull_rank,mp_native,f1,0.7723279648609077,0.7680417801081831,0.7766141496136323,deterministic_binomial_approximation_phase2_v1
D5_full_complete,MP_common_pool_public_hull_rank,mp_native,precision,0.7723279648609077,0.7680417801081831,0.7766141496136323,deterministic_binomial_approximation_phase2_v1
D5_full_complete,MP_common_pool_public_hull_rank,mp_native,recall,0.7723279648609077,0.7680417801081831,0.7766141496136323,deterministic_binomial_approximation_phase2_v1
D5_full_complete,MP_common_pool_public_hull_rank,mp_native,balanced_accuracy,0.8074949855119053,0.8034649757097477,0.811524995314063,deterministic_binomial_approximation_phase2_v1
D5_full_complete,MP_common_pool_public_hull_rank,mp_native,auroc,0.8694692173756202,0.8660257280706698,0.8729127066805706,deterministic_binomial_approximation_phase2_v1
D5_full_complete,MP_common_pool_public_hull_rank,mp_native,auprc,0.7520563502501771,0.747642507585383,0.7564701929149713,deterministic_binomial_approximation_phase2_v1
D5_full_complete,MP_common_pool_public_hull_rank,alexmp20_native,f1,0.6691995185073728,0.6643902830713688,0.6740087539433768,deterministic_binomial_approximation_phase2_v1
D5_full_complete,MP_common_pool_public_hull_rank,alexmp20_native,precision,0.6691995185073728,0.6643902830713688,0.6740087539433768,deterministic_binomial_approximation_phase2_v1
D5_full_complete,MP_common_pool_public_hull_rank,alexmp20_native,recall,0.6691995185073728,0.6643902830713688,0.6740087539433768,deterministic_binomial_approximation_phase2_v1
D5_full_complete,MP_common_pool_public_hull_rank,alexmp20_native,balanced_accuracy,0.7409549153639219,0.7364767643827494,0.7454330663450943,deterministic_binomial_approximation_phase2_v1
D5_full_complete,MP_common_pool_public_hull_rank,alexmp20_native,auroc,0.8258909040267877,0.8220148730980721,0.8297669349555032,deterministic_binomial_approximation_phase2_v1
D5_full_complete,MP_common_pool_public_hull_rank,alexmp20_native,auprc,0.6421432652366275,0.6372433820613777,0.6470431484118773,deterministic_binomial_approximation_phase2_v1
D5_full_complete,MP_common_pool_public_hull_rank,alex_pbe_native,f1,0.5831347086381196,0.5780950922870226,0.5881743249892165,deterministic_binomial_approximation_phase2_v1
D5_full_complete,MP_common_pool_public_hull_rank,alex_pbe_native,precision,0.5831347086381196,0.5780950922870226,0.5881743249892165,deterministic_binomial_approximation_phase2_v1
D5_full_complete,MP_common_pool_public_hull_rank,alex_pbe_native,recall,0.5831347086381196,0.5780950922870226,0.5881743249892165,deterministic_binomial_approximation_phase2_v1
D5_full_complete,MP_common_pool_public_hull_rank,alex_pbe_native,balanced_accuracy,0.6884863039979476,0.6837525968410597,0.6932200111548356,deterministic_binomial_approximation_phase2_v1
D5_full_complete,MP_common_pool_public_hull_rank,alex_pbe_native,auroc,0.7932869769511924,0.789147797612138,0.7974261562902468,deterministic_binomial_approximation_phase2_v1
D5_full_complete,MP_common_pool_public_hull_rank,alex_pbe_native,auprc,0.565633130544103,0.56056659693291,0.570699664155296,deterministic_binomial_approximation_phase2_v1
D5_full_complete,MP_common_pool_public_hull_rank,common_pool,f1,1.0,1.0,1.0,deterministic_binomial_approximation_phase2_v1
D5_full_complete,MP_common_pool_public_hull_rank,common_pool,precision,1.0,1.0,1.0,deterministic_binomial_approximation_phase2_v1
D5_full_complete,MP_common_pool_public_hull_rank,common_pool,recall,1.0,1.0,1.0,deterministic_binomial_approximation_phase2_v1
D5_full_complete,MP_common_pool_public_hull_rank,common_pool,balanced_accuracy,1.0,1.0,1.0,deterministic_binomial_approximation_phase2_v1
D5_full_complete,MP_common_pool_public_hull_rank,common_pool,auroc,1.0,1.0,1.0,deterministic_binomial_approximation_phase2_v1
D5_full_complete,MP_common_pool_public_hull_rank,common_pool,auprc,0.9999999999999999,0.9999999998843203,1.0,deterministic_binomial_approximation_phase2_v1
D5_full_complete,MP_common_pool_public_hull_rank,source_union,f1,,,,deterministic_binomial_approximation_phase2_v1
D5_full_complete,MP_common_pool_public_hull_rank,source_union,precision,,,,deterministic_binomial_approximation_phase2_v1
D5_full_complete,MP_common_pool_public_hull_rank,source_union,recall,,,,deterministic_binomial_approximation_phase2_v1
D5_full_complete,MP_common_pool_public_hull_rank,source_union,balanced_accuracy,,,,deterministic_binomial_approximation_phase2_v1
D5_full_complete,MP_common_pool_public_hull_rank,source_union,auroc,,,,deterministic_binomial_approximation_phase2_v1
D5_full_complete,MP_common_pool_public_hull_rank,source_union,auprc,,,,deterministic_binomial_approximation_phase2_v1
D5_full_complete,MP_common_pool_public_hull_rank,consensus,f1,1.0,1.0,1.0,deterministic_binomial_approximation_phase2_v1
D5_full_complete,MP_common_pool_public_hull_rank,consensus,precision,1.0,1.0,1.0,deterministic_binomial_approximation_phase2_v1
D5_full_complete,MP_common_pool_public_hull_rank,consensus,recall,1.0,1.0,1.0,deterministic_binomial_approximation_phase2_v1
D5_full_complete,MP_common_pool_public_hull_rank,consensus,balanced_accuracy,1.0,1.0,1.0,deterministic_binomial_approximation_phase2_v1
D5_full_complete,MP_common_pool_public_hull_rank,consensus,auroc,1.0,1.0,1.0,deterministic_binomial_approximation_phase2_v1
D5_full_complete,MP_common_pool_public_hull_rank,consensus,auprc,0.9999999999999999,0.9999999998683653,1.0,deterministic_binomial_approximation_phase2_v1
D5_full_complete,MP_common_pool_public_hull_rank,uncertain,f1,0.4671328671328671,0.462033164633041,0.4722325696326932,deterministic_binomial_approximation_phase2_v1
D5_full_complete,MP_common_pool_public_hull_rank,uncertain,precision,0.4671328671328671,0.462033164633041,0.4722325696326932,deterministic_binomial_approximation_phase2_v1
D5_full_complete,MP_common_pool_public_hull_rank,uncertain,recall,0.4671328671328671,0.462033164633041,0.4722325696326932,deterministic_binomial_approximation_phase2_v1
D5_full_complete,MP_common_pool_public_hull_rank,uncertain,balanced_accuracy,0.6019949701716176,0.5969916778961442,0.6069982624470911,deterministic_binomial_approximation_phase2_v1
D5_full_complete,MP_common_pool_public_hull_rank,uncertain,auroc,0.6869260710754552,0.6821859043911004,0.6916662377598101,deterministic_binomial_approximation_phase2_v1
D5_full_complete,MP_common_pool_public_hull_rank,uncertain,auprc,0.45935968923771203,0.45426584319348706,0.464453535281937,deterministic_binomial_approximation_phase2_v1
D5_full_complete,MP_common_pool_public_hull_rank,audit_view,f1,0.5011067776957943,0.49599603399049147,0.5062175214010971,deterministic_binomial_approximation_phase2_v1
D5_full_complete,MP_common_pool_public_hull_rank,audit_view,precision,0.5011067776957943,0.49599603399049147,0.5062175214010971,deterministic_binomial_approximation_phase2_v1
D5_full_complete,MP_common_pool_public_hull_rank,audit_view,recall,0.5011067776957943,0.49599603399049147,0.5062175214010971,deterministic_binomial_approximation_phase2_v1
D5_full_complete,MP_common_pool_public_hull_rank,audit_view,balanced_accuracy,0.6638112145205017,0.6589825274002182,0.6686399016407852,deterministic_binomial_approximation_phase2_v1
D5_full_complete,MP_common_pool_public_hull_rank,audit_view,auroc,0.8476537507481812,0.8439805870014134,0.8513269144949489,deterministic_binomial_approximation_phase2_v1
D5_full_complete,MP_common_pool_public_hull_rank,audit_view,auprc,0.5294285232560952,0.5243266269275372,0.5345304195846533,deterministic_binomial_approximation_phase2_v1
D5_full_complete,MP_source_native_public_hull_rank,mp_native,f1,1.0,1.0,1.0,deterministic_binomial_approximation_phase2_v1
D5_full_complete,MP_source_native_public_hull_rank,mp_native,precision,1.0,1.0,1.0,deterministic_binomial_approximation_phase2_v1
D5_full_complete,MP_source_native_public_hull_rank,mp_native,recall,1.0,1.0,1.0,deterministic_binomial_approximation_phase2_v1
D5_full_complete,MP_source_native_public_hull_rank,mp_native,balanced_accuracy,1.0,1.0,1.0,deterministic_binomial_approximation_phase2_v1
D5_full_complete,MP_source_native_public_hull_rank,mp_native,auroc,1.0,1.0,1.0,deterministic_binomial_approximation_phase2_v1
D5_full_complete,MP_source_native_public_hull_rank,mp_native,auprc,1.0,1.0,1.0,deterministic_binomial_approximation_phase2_v1
D5_full_complete,MP_source_native_public_hull_rank,alexmp20_native,f1,0.8113150767378875,0.8073158269068874,0.8153143265688876,deterministic_binomial_approximation_phase2_v1
D5_full_complete,MP_source_native_public_hull_rank,alexmp20_native,precision,0.8113150767378875,0.8073158269068874,0.8153143265688876,deterministic_binomial_approximation_phase2_v1
D5_full_complete,MP_source_native_public_hull_rank,alexmp20_native,recall,0.8113150767378875,0.8073158269068874,0.8153143265688876,deterministic_binomial_approximation_phase2_v1
D5_full_complete,MP_source_native_public_hull_rank,alexmp20_native,balanced_accuracy,0.8522435587292965,0.8486163693003784,0.8558707481582145,deterministic_binomial_approximation_phase2_v1
D5_full_complete,MP_source_native_public_hull_rank,alexmp20_native,auroc,0.9072459809846355,0.9042808488135673,0.9102111131557037,deterministic_binomial_approximation_phase2_v1
D5_full_complete,MP_source_native_public_hull_rank,alexmp20_native,auprc,0.7852760229350781,0.781078755885739,0.7894732899844172,deterministic_binomial_approximation_phase2_v1
D5_full_complete,MP_source_native_public_hull_rank,alex_pbe_native,f1,0.7293498808251828,0.7248085072192105,0.7338912544311551,deterministic_binomial_approximation_phase2_v1
D5_full_complete,MP_source_native_public_hull_rank,alex_pbe_native,precision,0.7293498808251828,0.7248085072192105,0.7338912544311551,deterministic_binomial_approximation_phase2_v1
D5_full_complete,MP_source_native_public_hull_rank,alex_pbe_native,recall,0.7293498808251828,0.7248085072192105,0.7338912544311551,deterministic_binomial_approximation_phase2_v1
D5_full_complete,MP_source_native_public_hull_rank,alex_pbe_native,balanced_accuracy,0.7977494871974056,0.793643730172578,0.8018552442222331,deterministic_binomial_approximation_phase2_v1
D5_full_complete,MP_source_native_public_hull_rank,alex_pbe_native,auroc,0.8797565953856523,0.8764320898533773,0.8830811009179274,deterministic_binomial_approximation_phase2_v1
D5_full_complete,MP_source_native_public_hull_rank,alex_pbe_native,auprc,0.7015775797568609,0.6969005650331823,0.7062545944805394,deterministic_binomial_approximation_phase2_v1
D5_full_complete,MP_source_native_public_hull_rank,common_pool,f1,0.8791702050224433,0.8755919201451281,0.8827484898997584,deterministic_binomial_approximation_phase2_v1
D5_full_complete,MP_source_native_public_hull_rank,common_pool,precision,0.8791702050224433,0.8755919201451281,0.8827484898997584,deterministic_binomial_approximation_phase2_v1
D5_full_complete,MP_source_native_public_hull_rank,common_pool,recall,0.8791702050224433,0.8755919201451281,0.8827484898997584,deterministic_binomial_approximation_phase2_v1
D5_full_complete,MP_source_native_public_hull_rank,common_pool,balanced_accuracy,0.8748509285868749,0.8712182058065393,0.8784836513672104,deterministic_binomial_approximation_phase2_v1
D5_full_complete,MP_source_native_public_hull_rank,common_pool,auroc,0.9439873543129268,0.9414628417020701,0.9465118669237835,deterministic_binomial_approximation_phase2_v1
D5_full_complete,MP_source_native_public_hull_rank,common_pool,auprc,0.9565783864226446,0.9543408780248106,0.9588158948204786,deterministic_binomial_approximation_phase2_v1
D5_full_complete,MP_source_native_public_hull_rank,source_union,f1,,,,deterministic_binomial_approximation_phase2_v1
D5_full_complete,MP_source_native_public_hull_rank,source_union,precision,,,,deterministic_binomial_approximation_phase2_v1
D5_full_complete,MP_source_native_public_hull_rank,source_union,recall,,,,deterministic_binomial_approximation_phase2_v1
D5_full_complete,MP_source_native_public_hull_rank,source_union,balanced_accuracy,,,,deterministic_binomial_approximation_phase2_v1
D5_full_complete,MP_source_native_public_hull_rank,source_union,auroc,,,,deterministic_binomial_approximation_phase2_v1
D5_full_complete,MP_source_native_public_hull_rank,source_union,auprc,,,,deterministic_binomial_approximation_phase2_v1
D5_full_complete,MP_source_native_public_hull_rank,consensus,f1,1.0,1.0,1.0,deterministic_binomial_approximation_phase2_v1
D5_full_complete,MP_source_native_public_hull_rank,consensus,precision,1.0,1.0,1.0,deterministic_binomial_approximation_phase2_v1
D5_full_complete,MP_source_native_public_hull_rank,consensus,recall,1.0,1.0,1.0,deterministic_binomial_approximation_phase2_v1
D5_full_complete,MP_source_native_public_hull_rank,consensus,balanced_accuracy,1.0,1.0,1.0,deterministic_binomial_approximation_phase2_v1
D5_full_complete,MP_source_native_public_hull_rank,consensus,auroc,1.0,1.0,1.0,deterministic_binomial_approximation_phase2_v1
D5_full_complete,MP_source_native_public_hull_rank,consensus,auprc,1.0,1.0,1.0,deterministic_binomial_approximation_phase2_v1
D5_full_complete,MP_source_native_public_hull_rank,uncertain,f1,0.3586178527354998,0.3537156694076617,0.3635200360633379,deterministic_binomial_approximation_phase2_v1
D5_full_complete,MP_source_native_public_hull_rank,uncertain,precision,0.3586178527354998,0.3537156694076617,0.3635200360633379,deterministic_binomial_approximation_phase2_v1
D5_full_complete,MP_source_native_public_hull_rank,uncertain,recall,0.3586178527354998,0.3537156694076617,0.3635200360633379,deterministic_binomial_approximation_phase2_v1
D5_full_complete,MP_source_native_public_hull_rank,uncertain,balanced_accuracy,0.5209437683276101,0.5158374976486477,0.5260500390065725,deterministic_binomial_approximation_phase2_v1
D5_full_complete,MP_source_native_public_hull_rank,uncertain,auroc,0.6147298041530879,0.6097554121818729,0.6197041961243028,deterministic_binomial_approximation_phase2_v1
D5_full_complete,MP_source_native_public_hull_rank,uncertain,auprc,0.3859920529972507,0.3810159273267917,0.3909681786677097,deterministic_binomial_approximation_phase2_v1
D5_full_complete,MP_source_native_public_hull_rank,audit_view,f1,0.6242226204279541,0.6192721071453222,0.6291731337105859,deterministic_binomial_approximation_phase2_v1
D5_full_complete,MP_source_native_public_hull_rank,audit_view,precision,0.6242226204279541,0.6192721071453222,0.6291731337105859,deterministic_binomial_approximation_phase2_v1
D5_full_complete,MP_source_native_public_hull_rank,audit_view,recall,0.6242226204279541,0.6192721071453222,0.6291731337105859,deterministic_binomial_approximation_phase2_v1
D5_full_complete,MP_source_native_public_hull_rank,audit_view,balanced_accuracy,0.7467751911611217,0.7423302785305114,0.751220103791732,deterministic_binomial_approximation_phase2_v1
D5_full_complete,MP_source_native_public_hull_rank,audit_view,auroc,0.8984861813650026,0.8953992039965826,0.9015731587334226,deterministic_binomial_approximation_phase2_v1
D5_full_complete,MP_source_native_public_hull_rank,audit_view,auprc,0.6313722880340743,0.6264410960574067,0.6363034800107419,deterministic_binomial_approximation_phase2_v1
D5_full_complete,MatterGen_alex_mp20_source_native_public_hull_rank,mp_native,f1,0.8424730467190203,0.8387493816869336,0.8461967117511071,deterministic_binomial_approximation_phase2_v1
D5_full_complete,MatterGen_alex_mp20_source_native_public_hull_rank,mp_native,precision,0.8424730467190203,0.8387493816869336,0.8461967117511071,deterministic_binomial_approximation_phase2_v1
D5_full_complete,MatterGen_alex_mp20_source_native_public_hull_rank,mp_native,recall,0.8424730467190203,0.8387493816869336,0.8461967117511071,deterministic_binomial_approximation_phase2_v1
D5_full_complete,MatterGen_alex_mp20_source_native_public_hull_rank,mp_native,balanced_accuracy,0.8668052121329085,0.8633320941686342,0.8702783300971828,deterministic_binomial_approximation_phase2_v1
D5_full_complete,MatterGen_alex_mp20_source_native_public_hull_rank,mp_native,auroc,0.9175196603371432,0.914707771990406,0.9203315486838803,deterministic_binomial_approximation_phase2_v1
D5_full_complete,MatterGen_alex_mp20_source_native_public_hull_rank,mp_native,auprc,0.8678190308146192,0.8643571332527423,0.8712809283764961,deterministic_binomial_approximation_phase2_v1
D5_full_complete,MatterGen_alex_mp20_source_native_public_hull_rank,alexmp20_native,f1,1.0,1.0,1.0,deterministic_binomial_approximation_phase2_v1
D5_full_complete,MatterGen_alex_mp20_source_native_public_hull_rank,alexmp20_native,precision,1.0,1.0,1.0,deterministic_binomial_approximation_phase2_v1
D5_full_complete,MatterGen_alex_mp20_source_native_public_hull_rank,alexmp20_native,recall,1.0,1.0,1.0,deterministic_binomial_approximation_phase2_v1
D5_full_complete,MatterGen_alex_mp20_source_native_public_hull_rank,alexmp20_native,balanced_accuracy,1.0,1.0,1.0,deterministic_binomial_approximation_phase2_v1
D5_full_complete,MatterGen_alex_mp20_source_native_public_hull_rank,alexmp20_native,auroc,1.0,1.0,1.0,deterministic_binomial_approximation_phase2_v1
D5_full_complete,MatterGen_alex_mp20_source_native_public_hull_rank,alexmp20_native,auprc,1.0,1.0,1.0,deterministic_binomial_approximation_phase2_v1
D5_full_complete,MatterGen_alex_mp20_source_native_public_hull_rank,alex_pbe_native,f1,0.8141694748089093,0.8101936146843753,0.8181453349334433,deterministic_binomial_approximation_phase2_v1
D5_full_complete,MatterGen_alex_mp20_source_native_public_hull_rank,alex_pbe_native,precision,0.8141694748089093,0.8101936146843753,0.8181453349334433,deterministic_binomial_approximation_phase2_v1
D5_full_complete,MatterGen_alex_mp20_source_native_public_hull_rank,alex_pbe_native,recall,0.8141694748089093,0.8101936146843753,0.8181453349334433,deterministic_binomial_approximation_phase2_v1
D5_full_complete,MatterGen_alex_mp20_source_native_public_hull_rank,alex_pbe_native,balanced_accuracy,0.8611331887498737,0.8575985131870014,0.8646678643127459,deterministic_binomial_approximation_phase2_v1
D5_full_complete,MatterGen_alex_mp20_source_native_public_hull_rank,alex_pbe_native,auroc,0.9182899493978827,0.9154900474847365,0.9210898513110288,deterministic_binomial_approximation_phase2_v1
D5_full_complete,MatterGen_alex_mp20_source_native_public_hull_rank,alex_pbe_native,auprc,0.7928081057673634,0.7886653857444019,0.7969508257903248,deterministic_binomial_approximation_phase2_v1
D5_full_complete,MatterGen_alex_mp20_source_native_public_hull_rank,common_pool,f1,0.8476282906708723,0.8436827519987441,0.8515738293430005,deterministic_binomial_approximation_phase2_v1
D5_full_complete,MatterGen_alex_mp20_source_native_public_hull_rank,common_pool,precision,0.8476282906708723,0.8436827519987441,0.8515738293430005,deterministic_binomial_approximation_phase2_v1
D5_full_complete,MatterGen_alex_mp20_source_native_public_hull_rank,common_pool,recall,0.8476282906708723,0.8436827519987441,0.8515738293430005,deterministic_binomial_approximation_phase2_v1
D5_full_complete,MatterGen_alex_mp20_source_native_public_hull_rank,common_pool,balanced_accuracy,0.8421814922742117,0.8381789748996019,0.8461840096488215,deterministic_binomial_approximation_phase2_v1
D5_full_complete,MatterGen_alex_mp20_source_native_public_hull_rank,common_pool,auroc,0.920330271998194,0.917357442964089,0.9233031010322988,deterministic_binomial_approximation_phase2_v1
D5_full_complete,MatterGen_alex_mp20_source_native_public_hull_rank,common_pool,auprc,0.9345045401036459,0.9317884278251517,0.9372206523821401,deterministic_binomial_approximation_phase2_v1
D5_full_complete,MatterGen_alex_mp20_source_native_public_hull_rank,source_union,f1,,,,deterministic_binomial_approximation_phase2_v1
D5_full_complete,MatterGen_alex_mp20_source_native_public_hull_rank,source_union,precision,,,,deterministic_binomial_approximation_phase2_v1
D5_full_complete,MatterGen_alex_mp20_source_native_public_hull_rank,source_union,recall,,,,deterministic_binomial_approximation_phase2_v1
D5_full_complete,MatterGen_alex_mp20_source_native_public_hull_rank,source_union,balanced_accuracy,,,,deterministic_binomial_approximation_phase2_v1
D5_full_complete,MatterGen_alex_mp20_source_native_public_hull_rank,source_union,auroc,,,,deterministic_binomial_approximation_phase2_v1
D5_full_complete,MatterGen_alex_mp20_source_native_public_hull_rank,source_union,auprc,,,,deterministic_binomial_approximation_phase2_v1
D5_full_complete,MatterGen_alex_mp20_source_native_public_hull_rank,consensus,f1,1.0,1.0,1.0,deterministic_binomial_approximation_phase2_v1
D5_full_complete,MatterGen_alex_mp20_source_native_public_hull_rank,consensus,precision,1.0,1.0,1.0,deterministic_binomial_approximation_phase2_v1
D5_full_complete,MatterGen_alex_mp20_source_native_public_hull_rank,consensus,recall,1.0,1.0,1.0,deterministic_binomial_approximation_phase2_v1
D5_full_complete,MatterGen_alex_mp20_source_native_public_hull_rank,consensus,balanced_accuracy,1.0,1.0,1.0,deterministic_binomial_approximation_phase2_v1
D5_full_complete,MatterGen_alex_mp20_source_native_public_hull_rank,consensus,auroc,1.0,1.0,1.0,deterministic_binomial_approximation_phase2_v1
D5_full_complete,MatterGen_alex_mp20_source_native_public_hull_rank,consensus,auprc,1.0,1.0,1.0,deterministic_binomial_approximation_phase2_v1
D5_full_complete,MatterGen_alex_mp20_source_native_public_hull_rank,uncertain,f1,0.2842451665981078,0.2796347109233402,0.28885562227287537,deterministic_binomial_approximation_phase2_v1
D5_full_complete,MatterGen_alex_mp20_source_native_public_hull_rank,uncertain,precision,0.2842451665981078,0.2796347109233402,0.28885562227287537,deterministic_binomial_approximation_phase2_v1
D5_full_complete,MatterGen_alex_mp20_source_native_public_hull_rank,uncertain,recall,0.2842451665981078,0.2796347109233402,0.28885562227287537,deterministic_binomial_approximation_phase2_v1
D5_full_complete,MatterGen_alex_mp20_source_native_public_hull_rank,uncertain,balanced_accuracy,0.4653938923101858,0.4602953918852838,0.4704923927350878,deterministic_binomial_approximation_phase2_v1
D5_full_complete,MatterGen_alex_mp20_source_native_public_hull_rank,uncertain,auroc,0.5706400931576465,0.5655805996024623,0.5756995867128307,deterministic_binomial_approximation_phase2_v1
D5_full_complete,MatterGen_alex_mp20_source_native_public_hull_rank,uncertain,auprc,0.34619313316807776,0.34133019076835397,0.35105607556780155,deterministic_binomial_approximation_phase2_v1
D5_full_complete,MatterGen_alex_mp20_source_native_public_hull_rank,audit_view,f1,0.7122377990934964,0.7076103191568542,0.7168652790301385,deterministic_binomial_approximation_phase2_v1
D5_full_complete,MatterGen_alex_mp20_source_native_public_hull_rank,audit_view,precision,0.7122377990934964,0.7076103191568542,0.7168652790301385,deterministic_binomial_approximation_phase2_v1
D5_full_complete,MatterGen_alex_mp20_source_native_public_hull_rank,audit_view,recall,0.7122377990934964,0.7076103191568542,0.7168652790301385,deterministic_binomial_approximation_phase2_v1
D5_full_complete,MatterGen_alex_mp20_source_native_public_hull_rank,audit_view,balanced_accuracy,0.8060859107629347,0.8020447092245313,0.810127112301338,deterministic_binomial_approximation_phase2_v1
D5_full_complete,MatterGen_alex_mp20_source_native_public_hull_rank,audit_view,auroc,0.9302653764386775,0.9276619649255589,0.9328687879517961,deterministic_binomial_approximation_phase2_v1
D5_full_complete,MatterGen_alex_mp20_source_native_public_hull_rank,audit_view,auprc,0.7137375865182064,0.7091173244478346,0.7183578485885782,deterministic_binomial_approximation_phase2_v1
D5_full_complete,consensus_oracle_proxy,mp_native,f1,0.6313722880340743,0.6264410960574067,0.6363034800107419,deterministic_binomial_approximation_phase2_v1
D5_full_complete,consensus_oracle_proxy,mp_native,precision,0.6313722880340743,0.6264410960574067,0.6363034800107419,deterministic_binomial_approximation_phase2_v1
D5_full_complete,consensus_oracle_proxy,mp_native,recall,0.6313722880340743,0.6264410960574067,0.6363034800107419,deterministic_binomial_approximation_phase2_v1
D5_full_complete,consensus_oracle_proxy,mp_native,balanced_accuracy,0.688311816647309,0.6835773839888819,0.6930462493057361,deterministic_binomial_approximation_phase2_v1
D5_full_complete,consensus_oracle_proxy,mp_native,auroc,0.6874524299535592,0.6827144354655982,0.6921904244415201,deterministic_binomial_approximation_phase2_v1
D5_full_complete,consensus_oracle_proxy,mp_native,auprc,0.7783085460556074,0.7740626873507084,0.7825544047605064,deterministic_binomial_approximation_phase2_v1
D5_full_complete,consensus_oracle_proxy,alexmp20_native,f1,0.7137375865182064,0.7091173244478346,0.7183578485885782,deterministic_binomial_approximation_phase2_v1
D5_full_complete,consensus_oracle_proxy,alexmp20_native,precision,0.7137375865182064,0.7091173244478346,0.7183578485885782,deterministic_binomial_approximation_phase2_v1
D5_full_complete,consensus_oracle_proxy,alexmp20_native,recall,0.7137375865182064,0.7091173244478346,0.7183578485885782,deterministic_binomial_approximation_phase2_v1
D5_full_complete,consensus_oracle_proxy,alexmp20_native,balanced_accuracy,0.7758320338775808,0.7715693238406829,0.7800947439144787,deterministic_binomial_approximation_phase2_v1
D5_full_complete,consensus_oracle_proxy,alexmp20_native,auroc,0.7660670919224302,0.7617400188905826,0.7703941649542777,deterministic_binomial_approximation_phase2_v1
D5_full_complete,consensus_oracle_proxy,alexmp20_native,auprc,0.8206038144901873,0.8166819866064796,0.8245256423738949,deterministic_binomial_approximation_phase2_v1
D5_full_complete,consensus_oracle_proxy,alex_pbe_native,f1,0.779732062135284,0.7754959884950627,0.7839681357755053,deterministic_binomial_approximation_phase2_v1
D5_full_complete,consensus_oracle_proxy,alex_pbe_native,precision,0.779732062135284,0.7754959884950627,0.7839681357755053,deterministic_binomial_approximation_phase2_v1
D5_full_complete,consensus_oracle_proxy,alex_pbe_native,recall,0.779732062135284,0.7754959884950627,0.7839681357755053,deterministic_binomial_approximation_phase2_v1
D5_full_complete,consensus_oracle_proxy,alex_pbe_native,balanced_accuracy,0.835398914573048,0.8316085720064156,0.8391892571396805,deterministic_binomial_approximation_phase2_v1
D5_full_complete,consensus_oracle_proxy,alex_pbe_native,auroc,0.8232134098727805,0.8193140255633476,0.8271127941822133,deterministic_binomial_approximation_phase2_v1
D5_full_complete,consensus_oracle_proxy,alex_pbe_native,auprc,0.8581195888571194,0.8545530226593737,0.861686155054865,deterministic_binomial_approximation_phase2_v1
D5_full_complete,consensus_oracle_proxy,common_pool,f1,0.5754579643333738,0.5700314798623857,0.580884448804362,deterministic_binomial_approximation_phase2_v1
D5_full_complete,consensus_oracle_proxy,common_pool,precision,0.5754579643333738,0.5700314798623857,0.580884448804362,deterministic_binomial_approximation_phase2_v1
D5_full_complete,consensus_oracle_proxy,common_pool,recall,0.5754579643333738,0.5700314798623857,0.580884448804362,deterministic_binomial_approximation_phase2_v1
D5_full_complete,consensus_oracle_proxy,common_pool,balanced_accuracy,0.560281952399366,0.554832637876863,0.5657312669218689,deterministic_binomial_approximation_phase2_v1
D5_full_complete,consensus_oracle_proxy,common_pool,auroc,0.5790848082437596,0.573664552239393,0.5845050642481262,deterministic_binomial_approximation_phase2_v1
D5_full_complete,consensus_oracle_proxy,common_pool,auprc,0.7694944148671565,0.7648706592133562,0.7741181705209569,deterministic_binomial_approximation_phase2_v1
D5_full_complete,consensus_oracle_proxy,source_union,f1,,,,deterministic_binomial_approximation_phase2_v1
D5_full_complete,consensus_oracle_proxy,source_union,precision,,,,deterministic_binomial_approximation_phase2_v1
D5_full_complete,consensus_oracle_proxy,source_union,recall,,,,deterministic_binomial_approximation_phase2_v1
D5_full_complete,consensus_oracle_proxy,source_union,balanced_accuracy,,,,deterministic_binomial_approximation_phase2_v1
D5_full_complete,consensus_oracle_proxy,source_union,auroc,,,,deterministic_binomial_approximation_phase2_v1
D5_full_complete,consensus_oracle_proxy,source_union,auprc,,,,deterministic_binomial_approximation_phase2_v1
D5_full_complete,consensus_oracle_proxy,consensus,f1,1.0,1.0,1.0,deterministic_binomial_approximation_phase2_v1
D5_full_complete,consensus_oracle_proxy,consensus,precision,1.0,1.0,1.0,deterministic_binomial_approximation_phase2_v1
D5_full_complete,consensus_oracle_proxy,consensus,recall,1.0,1.0,1.0,deterministic_binomial_approximation_phase2_v1
D5_full_complete,consensus_oracle_proxy,consensus,balanced_accuracy,1.0,1.0,1.0,deterministic_binomial_approximation_phase2_v1
D5_full_complete,consensus_oracle_proxy,consensus,auroc,1.0,1.0,1.0,deterministic_binomial_approximation_phase2_v1
D5_full_complete,consensus_oracle_proxy,consensus,auprc,1.0,1.0,1.0,deterministic_binomial_approximation_phase2_v1
D5_full_complete,consensus_oracle_proxy,uncertain,f1,0.0,0.0,0.0,deterministic_binomial_approximation_phase2_v1
D5_full_complete,consensus_oracle_proxy,uncertain,precision,0.0,0.0,0.0,deterministic_binomial_approximation_phase2_v1
D5_full_complete,consensus_oracle_proxy,uncertain,recall,0.0,0.0,0.0,deterministic_binomial_approximation_phase2_v1
D5_full_complete,consensus_oracle_proxy,uncertain,balanced_accuracy,0.2530876736816446,0.24864355680155492,0.25753179056173425,deterministic_binomial_approximation_phase2_v1
D5_full_complete,consensus_oracle_proxy,uncertain,auroc,0.0,0.0,0.0,deterministic_binomial_approximation_phase2_v1
D5_full_complete,consensus_oracle_proxy,uncertain,auprc,0.18729655392544733,0.18330863696857289,0.19128447088232178,deterministic_binomial_approximation_phase2_v1
D5_full_complete,consensus_oracle_proxy,audit_view,f1,1.0,1.0,1.0,deterministic_binomial_approximation_phase2_v1
D5_full_complete,consensus_oracle_proxy,audit_view,precision,1.0,1.0,1.0,deterministic_binomial_approximation_phase2_v1
D5_full_complete,consensus_oracle_proxy,audit_view,recall,1.0,1.0,1.0,deterministic_binomial_approximation_phase2_v1
D5_full_complete,consensus_oracle_proxy,audit_view,balanced_accuracy,1.0,1.0,1.0,deterministic_binomial_approximation_phase2_v1
D5_full_complete,consensus_oracle_proxy,audit_view,auroc,1.0,1.0,1.0,deterministic_binomial_approximation_phase2_v1
D5_full_complete,consensus_oracle_proxy,audit_view,auprc,1.0,1.0,1.0,deterministic_binomial_approximation_phase2_v1
D5_full_complete,official_Alexandria_PBE_common_pool_public_hull_rank,mp_native,f1,0.7190203647011846,0.7144260241915393,0.7236147052108298,deterministic_binomial_approximation_phase2_v1
D5_full_complete,official_Alexandria_PBE_common_pool_public_hull_rank,mp_native,precision,0.7190203647011846,0.7144260241915393,0.7236147052108298,deterministic_binomial_approximation_phase2_v1
D5_full_complete,official_Alexandria_PBE_common_pool_public_hull_rank,mp_native,recall,0.7190203647011846,0.7144260241915393,0.7236147052108298,deterministic_binomial_approximation_phase2_v1
D5_full_complete,official_Alexandria_PBE_common_pool_public_hull_rank,mp_native,balanced_accuracy,0.7624214641424334,0.7580711930639964,0.7667717352208704,deterministic_binomial_approximation_phase2_v1
D5_full_complete,official_Alexandria_PBE_common_pool_public_hull_rank,mp_native,auroc,0.8543957571000252,0.8507905375388238,0.8580009766612267,deterministic_binomial_approximation_phase2_v1
D5_full_complete,official_Alexandria_PBE_common_pool_public_hull_rank,mp_native,auprc,0.7041479282589056,0.6994825761984361,0.7088132803193751,deterministic_binomial_approximation_phase2_v1
D5_full_complete,official_Alexandria_PBE_common_pool_public_hull_rank,alexmp20_native,f1,0.6418898585615408,0.6369892080819759,0.6467905090411057,deterministic_binomial_approximation_phase2_v1
D5_full_complete,official_Alexandria_PBE_common_pool_public_hull_rank,alexmp20_native,precision,0.6418898585615408,0.6369892080819759,0.6467905090411057,deterministic_binomial_approximation_phase2_v1
D5_full_complete,official_Alexandria_PBE_common_pool_public_hull_rank,alexmp20_native,recall,0.6418898585615408,0.6369892080819759,0.6467905090411057,deterministic_binomial_approximation_phase2_v1
D5_full_complete,official_Alexandria_PBE_common_pool_public_hull_rank,alexmp20_native,balanced_accuracy,0.7195691146536886,0.7149775115502928,0.7241607177570843,deterministic_binomial_approximation_phase2_v1
D5_full_complete,official_Alexandria_PBE_common_pool_public_hull_rank,alexmp20_native,auroc,0.8375795758690763,0.833809513616353,0.8413496381217995,deterministic_binomial_approximation_phase2_v1
D5_full_complete,official_Alexandria_PBE_common_pool_public_hull_rank,alexmp20_native,auprc,0.6345734750226204,0.6296513101870976,0.6394956398581432,deterministic_binomial_approximation_phase2_v1
D5_full_complete,official_Alexandria_PBE_common_pool_public_hull_rank,alex_pbe_native,f1,0.5953809484671653,0.5903640444444931,0.6003978524898375,deterministic_binomial_approximation_phase2_v1
D5_full_complete,official_Alexandria_PBE_common_pool_public_hull_rank,alex_pbe_native,precision,0.5953809484671653,0.5903640444444931,0.6003978524898375,deterministic_binomial_approximation_phase2_v1
D5_full_complete,official_Alexandria_PBE_common_pool_public_hull_rank,alex_pbe_native,recall,0.5953809484671653,0.5903640444444931,0.6003978524898375,deterministic_binomial_approximation_phase2_v1
D5_full_complete,official_Alexandria_PBE_common_pool_public_hull_rank,alex_pbe_native,balanced_accuracy,0.6976376330011624,0.692943082878786,0.7023321831235388,deterministic_binomial_approximation_phase2_v1
D5_full_complete,official_Alexandria_PBE_common_pool_public_hull_rank,alex_pbe_native,auroc,0.840864835627924,0.8371257850827281,0.84460388617312,deterministic_binomial_approximation_phase2_v1
D5_full_complete,official_Alexandria_PBE_common_pool_public_hull_rank,alex_pbe_native,auprc,0.6038291361471249,0.5988297870870286,0.6088284852072211,deterministic_binomial_approximation_phase2_v1
D5_full_complete,official_Alexandria_PBE_common_pool_public_hull_rank,common_pool,f1,1.0,1.0,1.0,deterministic_binomial_approximation_phase2_v1
D5_full_complete,official_Alexandria_PBE_common_pool_public_hull_rank,common_pool,precision,1.0,1.0,1.0,deterministic_binomial_approximation_phase2_v1
D5_full_complete,official_Alexandria_PBE_common_pool_public_hull_rank,common_pool,recall,1.0,1.0,1.0,deterministic_binomial_approximation_phase2_v1
D5_full_complete,official_Alexandria_PBE_common_pool_public_hull_rank,common_pool,balanced_accuracy,1.0,1.0,1.0,deterministic_binomial_approximation_phase2_v1
D5_full_complete,official_Alexandria_PBE_common_pool_public_hull_rank,common_pool,auroc,1.0,1.0,1.0,deterministic_binomial_approximation_phase2_v1
D5_full_complete,official_Alexandria_PBE_common_pool_public_hull_rank,common_pool,auprc,1.0,1.0,1.0,deterministic_binomial_approximation_phase2_v1
D5_full_complete,official_Alexandria_PBE_common_pool_public_hull_rank,source_union,f1,,,,deterministic_binomial_approximation_phase2_v1
D5_full_complete,official_Alexandria_PBE_common_pool_public_hull_rank,source_union,precision,,,,deterministic_binomial_approximation_phase2_v1
D5_full_complete,official_Alexandria_PBE_common_pool_public_hull_rank,source_union,recall,,,,deterministic_binomial_approximation_phase2_v1
D5_full_complete,official_Alexandria_PBE_common_pool_public_hull_rank,source_union,balanced_accuracy,,,,deterministic_binomial_approximation_phase2_v1
D5_full_complete,official_Alexandria_PBE_common_pool_public_hull_rank,source_union,auroc,,,,deterministic_binomial_approximation_phase2_v1
D5_full_complete,official_Alexandria_PBE_common_pool_public_hull_rank,source_union,auprc,,,,deterministic_binomial_approximation_phase2_v1
D5_full_complete,official_Alexandria_PBE_common_pool_public_hull_rank,consensus,f1,1.0,1.0,1.0,deterministic_binomial_approximation_phase2_v1
D5_full_complete,official_Alexandria_PBE_common_pool_public_hull_rank,consensus,precision,1.0,1.0,1.0,deterministic_binomial_approximation_phase2_v1
D5_full_complete,official_Alexandria_PBE_common_pool_public_hull_rank,consensus,recall,1.0,1.0,1.0,deterministic_binomial_approximation_phase2_v1
D5_full_complete,official_Alexandria_PBE_common_pool_public_hull_rank,consensus,balanced_accuracy,1.0,1.0,1.0,deterministic_binomial_approximation_phase2_v1
D5_full_complete,official_Alexandria_PBE_common_pool_public_hull_rank,consensus,auroc,0.9999999999999999,0.9999999998683653,1.0,deterministic_binomial_approximation_phase2_v1
D5_full_complete,official_Alexandria_PBE_common_pool_public_hull_rank,consensus,auprc,0.9999999999999998,0.9999999998138404,1.0,deterministic_binomial_approximation_phase2_v1
D5_full_complete,official_Alexandria_PBE_common_pool_public_hull_rank,uncertain,f1,0.5411764705882353,0.5360830744381673,0.5462698667383032,deterministic_binomial_approximation_phase2_v1
D5_full_complete,official_Alexandria_PBE_common_pool_public_hull_rank,uncertain,precision,0.5411764705882353,0.5360830744381673,0.5462698667383032,deterministic_binomial_approximation_phase2_v1
D5_full_complete,official_Alexandria_PBE_common_pool_public_hull_rank,uncertain,recall,0.5411764705882353,0.5360830744381673,0.5462698667383032,deterministic_binomial_approximation_phase2_v1
D5_full_complete,official_Alexandria_PBE_common_pool_public_hull_rank,uncertain,balanced_accuracy,0.6572990502774605,0.6524477928749417,0.6621503076799793,deterministic_binomial_approximation_phase2_v1
D5_full_complete,official_Alexandria_PBE_common_pool_public_hull_rank,uncertain,auroc,0.761783866385265,0.7574295835738426,0.7661381491966873,deterministic_binomial_approximation_phase2_v1
D5_full_complete,official_Alexandria_PBE_common_pool_public_hull_rank,uncertain,auprc,0.525718699101369,0.5206147083877363,0.5308226898150018,deterministic_binomial_approximation_phase2_v1
D5_full_complete,official_Alexandria_PBE_common_pool_public_hull_rank,audit_view,f1,0.4215241909982081,0.41647677598814437,0.4265716060082718,deterministic_binomial_approximation_phase2_v1
D5_full_complete,official_Alexandria_PBE_common_pool_public_hull_rank,audit_view,precision,0.4215241909982081,0.41647677598814437,0.4265716060082718,deterministic_binomial_approximation_phase2_v1
D5_full_complete,official_Alexandria_PBE_common_pool_public_hull_rank,audit_view,recall,0.4215241909982081,0.41647677598814437,0.4265716060082718,deterministic_binomial_approximation_phase2_v1
D5_full_complete,official_Alexandria_PBE_common_pool_public_hull_rank,audit_view,balanced_accuracy,0.6101829590721559,0.6051978391561875,0.6151680789881243,deterministic_binomial_approximation_phase2_v1
D5_full_complete,official_Alexandria_PBE_common_pool_public_hull_rank,audit_view,auroc,0.8064192951811092,0.8023807341465686,0.8104578562156498,deterministic_binomial_approximation_phase2_v1
D5_full_complete,official_Alexandria_PBE_common_pool_public_hull_rank,audit_view,auprc,0.4693726898931162,0.46427153078479166,0.47447384900144074,deterministic_binomial_approximation_phase2_v1
D5_full_complete,official_Alexandria_PBE_source_native_public_hull_rank,mp_native,f1,0.8131239185411953,0.809139450115457,0.8171083869669336,deterministic_binomial_approximation_phase2_v1
D5_full_complete,official_Alexandria_PBE_source_native_public_hull_rank,mp_native,precision,0.8131239185411953,0.809139450115457,0.8171083869669336,deterministic_binomial_approximation_phase2_v1
D5_full_complete,official_Alexandria_PBE_source_native_public_hull_rank,mp_native,recall,0.8131239185411953,0.809139450115457,0.8171083869669336,deterministic_binomial_approximation_phase2_v1
D5_full_complete,official_Alexandria_PBE_source_native_public_hull_rank,mp_native,balanced_accuracy,0.8419894531766823,0.8382611473822346,0.84571775897113,deterministic_binomial_approximation_phase2_v1
D5_full_complete,official_Alexandria_PBE_source_native_public_hull_rank,mp_native,auroc,0.9023382206129161,0.8993038951948971,0.9053725460309352,deterministic_binomial_approximation_phase2_v1
D5_full_complete,official_Alexandria_PBE_source_native_public_hull_rank,mp_native,auprc,0.8412093080177298,0.8374735415679316,0.8449450744675279,deterministic_binomial_approximation_phase2_v1
D5_full_complete,official_Alexandria_PBE_source_native_public_hull_rank,alexmp20_native,f1,0.8552512789647908,0.8516548673153058,0.8588476906142758,deterministic_binomial_approximation_phase2_v1
D5_full_complete,official_Alexandria_PBE_source_native_public_hull_rank,alexmp20_native,precision,0.8552512789647908,0.8516548673153058,0.8588476906142758,deterministic_binomial_approximation_phase2_v1
D5_full_complete,official_Alexandria_PBE_source_native_public_hull_rank,alexmp20_native,recall,0.8552512789647908,0.8516548673153058,0.8588476906142758,deterministic_binomial_approximation_phase2_v1
D5_full_complete,official_Alexandria_PBE_source_native_public_hull_rank,alexmp20_native,balanced_accuracy,0.8866493648306085,0.8834089314692022,0.8898897981920149,deterministic_binomial_approximation_phase2_v1
D5_full_complete,official_Alexandria_PBE_source_native_public_hull_rank,alexmp20_native,auroc,0.9361282322390279,0.9336288233979735,0.9386276410800822,deterministic_binomial_approximation_phase2_v1
D5_full_complete,official_Alexandria_PBE_source_native_public_hull_rank,alexmp20_native,auprc,0.8611432857960069,0.8576087180173594,0.8646778535746543,deterministic_binomial_approximation_phase2_v1
D5_full_complete,official_Alexandria_PBE_source_native_public_hull_rank,alex_pbe_native,f1,1.0,1.0,1.0,deterministic_binomial_approximation_phase2_v1
D5_full_complete,official_Alexandria_PBE_source_native_public_hull_rank,alex_pbe_native,precision,1.0,1.0,1.0,deterministic_binomial_approximation_phase2_v1
D5_full_complete,official_Alexandria_PBE_source_native_public_hull_rank,alex_pbe_native,recall,1.0,1.0,1.0,deterministic_binomial_approximation_phase2_v1
D5_full_complete,official_Alexandria_PBE_source_native_public_hull_rank,alex_pbe_native,balanced_accuracy,1.0,1.0,1.0,deterministic_binomial_approximation_phase2_v1
D5_full_complete,official_Alexandria_PBE_source_native_public_hull_rank,alex_pbe_native,auroc,1.0,1.0,1.0,deterministic_binomial_approximation_phase2_v1
D5_full_complete,official_Alexandria_PBE_source_native_public_hull_rank,alex_pbe_native,auprc,1.0,1.0,1.0,deterministic_binomial_approximation_phase2_v1
D5_full_complete,official_Alexandria_PBE_source_native_public_hull_rank,common_pool,f1,0.8386509765861944,0.8346124289299999,0.8426895242423889,deterministic_binomial_approximation_phase2_v1
D5_full_complete,official_Alexandria_PBE_source_native_public_hull_rank,common_pool,precision,0.8386509765861944,0.8346124289299999,0.8426895242423889,deterministic_binomial_approximation_phase2_v1
D5_full_complete,official_Alexandria_PBE_source_native_public_hull_rank,common_pool,recall,0.8386509765861944,0.8346124289299999,0.8426895242423889,deterministic_binomial_approximation_phase2_v1
D5_full_complete,official_Alexandria_PBE_source_native_public_hull_rank,common_pool,balanced_accuracy,0.8328832680929152,0.8287873293884388,0.8369792067973917,deterministic_binomial_approximation_phase2_v1
D5_full_complete,official_Alexandria_PBE_source_native_public_hull_rank,common_pool,auroc,0.9143576738411389,0.911285444040951,0.9174299036413267,deterministic_binomial_approximation_phase2_v1
D5_full_complete,official_Alexandria_PBE_source_native_public_hull_rank,common_pool,auprc,0.9375133736687676,0.934856115886505,0.9401706314510303,deterministic_binomial_approximation_phase2_v1
D5_full_complete,official_Alexandria_PBE_source_native_public_hull_rank,source_union,f1,,,,deterministic_binomial_approximation_phase2_v1
D5_full_complete,official_Alexandria_PBE_source_native_public_hull_rank,source_union,precision,,,,deterministic_binomial_approximation_phase2_v1
D5_full_complete,official_Alexandria_PBE_source_native_public_hull_rank,source_union,recall,,,,deterministic_binomial_approximation_phase2_v1
D5_full_complete,official_Alexandria_PBE_source_native_public_hull_rank,source_union,balanced_accuracy,,,,deterministic_binomial_approximation_phase2_v1
D5_full_complete,official_Alexandria_PBE_source_native_public_hull_rank,source_union,auroc,,,,deterministic_binomial_approximation_phase2_v1
D5_full_complete,official_Alexandria_PBE_source_native_public_hull_rank,source_union,auprc,,,,deterministic_binomial_approximation_phase2_v1
D5_full_complete,official_Alexandria_PBE_source_native_public_hull_rank,consensus,f1,1.0,1.0,1.0,deterministic_binomial_approximation_phase2_v1
D5_full_complete,official_Alexandria_PBE_source_native_public_hull_rank,consensus,precision,1.0,1.0,1.0,deterministic_binomial_approximation_phase2_v1
D5_full_complete,official_Alexandria_PBE_source_native_public_hull_rank,consensus,recall,1.0,1.0,1.0,deterministic_binomial_approximation_phase2_v1
D5_full_complete,official_Alexandria_PBE_source_native_public_hull_rank,consensus,balanced_accuracy,1.0,1.0,1.0,deterministic_binomial_approximation_phase2_v1
D5_full_complete,official_Alexandria_PBE_source_native_public_hull_rank,consensus,auroc,1.0,1.0,1.0,deterministic_binomial_approximation_phase2_v1
D5_full_complete,official_Alexandria_PBE_source_native_public_hull_rank,consensus,auprc,1.0,1.0,1.0,deterministic_binomial_approximation_phase2_v1
D5_full_complete,official_Alexandria_PBE_source_native_public_hull_rank,uncertain,f1,0.22048539695598518,0.21624782383485666,0.2247229700771137,deterministic_binomial_approximation_phase2_v1
D5_full_complete,official_Alexandria_PBE_source_native_public_hull_rank,uncertain,precision,0.22048539695598518,0.21624782383485666,0.2247229700771137,deterministic_binomial_approximation_phase2_v1
D5_full_complete,official_Alexandria_PBE_source_native_public_hull_rank,uncertain,recall,0.22048539695598518,0.21624782383485666,0.2247229700771137,deterministic_binomial_approximation_phase2_v1
D5_full_complete,official_Alexandria_PBE_source_native_public_hull_rank,uncertain,balanced_accuracy,0.41777093444126556,0.41272976594110644,0.4228121029414247,deterministic_binomial_approximation_phase2_v1
D5_full_complete,official_Alexandria_PBE_source_native_public_hull_rank,uncertain,auroc,0.5445139277052249,0.5394234655938274,0.5496043898166224,deterministic_binomial_approximation_phase2_v1
D5_full_complete,official_Alexandria_PBE_source_native_public_hull_rank,uncertain,auprc,0.32493086672212423,0.32014363144715174,0.3297181019970967,deterministic_binomial_approximation_phase2_v1
D5_full_complete,official_Alexandria_PBE_source_native_public_hull_rank,audit_view,f1,0.7828607568251291,0.7786464458067344,0.7870750678435239,deterministic_binomial_approximation_phase2_v1
D5_full_complete,official_Alexandria_PBE_source_native_public_hull_rank,audit_view,precision,0.7828607568251291,0.7786464458067344,0.7870750678435239,deterministic_binomial_approximation_phase2_v1
D5_full_complete,official_Alexandria_PBE_source_native_public_hull_rank,audit_view,recall,0.7828607568251291,0.7786464458067344,0.7870750678435239,deterministic_binomial_approximation_phase2_v1
D5_full_complete,official_Alexandria_PBE_source_native_public_hull_rank,audit_view,balanced_accuracy,0.8536765480482218,0.8500639569577875,0.8572891391386561,deterministic_binomial_approximation_phase2_v1
D5_full_complete,official_Alexandria_PBE_source_native_public_hull_rank,audit_view,auroc,0.9508833663221171,0.9486743797080964,0.9530923529361378,deterministic_binomial_approximation_phase2_v1
D5_full_complete,official_Alexandria_PBE_source_native_public_hull_rank,audit_view,auprc,0.779732062135284,0.7754959884950627,0.7839681357755053,deterministic_binomial_approximation_phase2_v1
D5_full_complete,prevalence_dummy,mp_native,f1,0.37275389325169705,0.3678114095788483,0.37769637692454583,deterministic_binomial_approximation_phase2_v1
D5_full_complete,prevalence_dummy,mp_native,precision,0.37275389325169705,0.3678114095788483,0.37769637692454583,deterministic_binomial_approximation_phase2_v1
D5_full_complete,prevalence_dummy,mp_native,recall,0.37275389325169705,0.3678114095788483,0.37769637692454583,deterministic_binomial_approximation_phase2_v1
D5_full_complete,prevalence_dummy,mp_native,balanced_accuracy,0.4696405257087718,0.46453919932633836,0.47474185209120523,deterministic_binomial_approximation_phase2_v1
D5_full_complete,prevalence_dummy,mp_native,auroc,0.5,0.49488924377376997,0.50511075622623,deterministic_binomial_approximation_phase2_v1
D5_full_complete,prevalence_dummy,mp_native,auprc,0.40865946857407054,0.40363471499001397,0.4136842221581271,deterministic_binomial_approximation_phase2_v1
D5_full_complete,prevalence_dummy,alexmp20_native,f1,0.34998495335540175,0.3451096510126752,0.3548602556981283,deterministic_binomial_approximation_phase2_v1
D5_full_complete,prevalence_dummy,alexmp20_native,precision,0.34998495335540175,0.3451096510126752,0.3548602556981283,deterministic_binomial_approximation_phase2_v1
D5_full_complete,prevalence_dummy,alexmp20_native,recall,0.34998495335540175,0.3451096510126752,0.3548602556981283,deterministic_binomial_approximation_phase2_v1
D5_full_complete,prevalence_dummy,alexmp20_native,balanced_accuracy,0.49098259466551875,0.4858726696548477,0.4960925196761898,deterministic_binomial_approximation_phase2_v1
D5_full_complete,prevalence_dummy,alexmp20_native,auroc,0.5,0.49488924377376997,0.50511075622623,deterministic_binomial_approximation_phase2_v1
D5_full_complete,prevalence_dummy,alexmp20_native,auprc,0.36150017677935214,0.3565894043406123,0.366410949218092,deterministic_binomial_approximation_phase2_v1
D5_full_complete,prevalence_dummy,alex_pbe_native,f1,0.3383742911153119,0.33353791544577877,0.3432106667848451,deterministic_binomial_approximation_phase2_v1
D5_full_complete,prevalence_dummy,alex_pbe_native,precision,0.3383742911153119,0.33353791544577877,0.3432106667848451,deterministic_binomial_approximation_phase2_v1
D5_full_complete,prevalence_dummy,alex_pbe_native,recall,0.3383742911153119,0.33353791544577877,0.3432106667848451,deterministic_binomial_approximation_phase2_v1
D5_full_complete,prevalence_dummy,alex_pbe_native,balanced_accuracy,0.505582560564566,0.5004721229015205,0.5106929982276114,deterministic_binomial_approximation_phase2_v1
D5_full_complete,prevalence_dummy,alex_pbe_native,auroc,0.5,0.49488924377376997,0.50511075622623,deterministic_binomial_approximation_phase2_v1
D5_full_complete,prevalence_dummy,alex_pbe_native,auprc,0.33090375044194836,0.3260941355394108,0.3357133653444859,deterministic_binomial_approximation_phase2_v1
D5_full_complete,prevalence_dummy,common_pool,f1,0.44437704719155646,0.4389217638603485,0.44983233052276445,deterministic_binomial_approximation_phase2_v1
D5_full_complete,prevalence_dummy,common_pool,precision,0.44437704719155646,0.4389217638603485,0.44983233052276445,deterministic_binomial_approximation_phase2_v1
D5_full_complete,prevalence_dummy,common_pool,recall,0.44437704719155646,0.4389217638603485,0.44983233052276445,deterministic_binomial_approximation_phase2_v1
D5_full_complete,prevalence_dummy,common_pool,balanced_accuracy,0.42451531418462524,0.4190888745085369,0.4299417538607136,deterministic_binomial_approximation_phase2_v1
D5_full_complete,prevalence_dummy,common_pool,auroc,0.5,0.4945106437418843,0.5054893562581158,deterministic_binomial_approximation_phase2_v1
D5_full_complete,prevalence_dummy,common_pool,auprc,0.5172565261044176,0.5117704401459215,0.5227426120629137,deterministic_binomial_approximation_phase2_v1
D5_full_complete,prevalence_dummy,source_union,f1,,,,deterministic_binomial_approximation_phase2_v1
D5_full_complete,prevalence_dummy,source_union,precision,,,,deterministic_binomial_approximation_phase2_v1
D5_full_complete,prevalence_dummy,source_union,recall,,,,deterministic_binomial_approximation_phase2_v1
D5_full_complete,prevalence_dummy,source_union,balanced_accuracy,,,,deterministic_binomial_approximation_phase2_v1
D5_full_complete,prevalence_dummy,source_union,auroc,,,,deterministic_binomial_approximation_phase2_v1
D5_full_complete,prevalence_dummy,source_union,auprc,,,,deterministic_binomial_approximation_phase2_v1
D5_full_complete,prevalence_dummy,consensus,f1,0.3478444186781912,0.3418941976202752,0.35379463973610725,deterministic_binomial_approximation_phase2_v1
D5_full_complete,prevalence_dummy,consensus,precision,0.3478444186781912,0.3418941976202752,0.35379463973610725,deterministic_binomial_approximation_phase2_v1
D5_full_complete,prevalence_dummy,consensus,recall,0.3478444186781912,0.3418941976202752,0.35379463973610725,deterministic_binomial_approximation_phase2_v1
D5_full_complete,prevalence_dummy,consensus,balanced_accuracy,0.4694203252907053,0.4631855440098112,0.47565510657159943,deterministic_binomial_approximation_phase2_v1
D5_full_complete,prevalence_dummy,consensus,auroc,0.5,0.4937535254112804,0.5062464745887195,deterministic_binomial_approximation_phase2_v1
D5_full_complete,prevalence_dummy,consensus,auprc,0.3854310554968717,0.37935077477602763,0.3915113362177157,deterministic_binomial_approximation_phase2_v1
D5_full_complete,prevalence_dummy,uncertain,f1,0.33730974907445493,0.33247710400736963,0.34214239414154024,deterministic_binomial_approximation_phase2_v1
D5_full_complete,prevalence_dummy,uncertain,precision,0.33730974907445493,0.33247710400736963,0.34214239414154024,deterministic_binomial_approximation_phase2_v1
D5_full_complete,prevalence_dummy,uncertain,recall,0.33730974907445493,0.33247710400736963,0.34214239414154024,deterministic_binomial_approximation_phase2_v1
D5_full_complete,prevalence_dummy,uncertain,balanced_accuracy,0.5050284830527064,0.4999179852905146,0.5101389808148982,deterministic_binomial_approximation_phase2_v1
D5_full_complete,prevalence_dummy,uncertain,auroc,0.5,0.49488924377376997,0.50511075622623,deterministic_binomial_approximation_phase2_v1
D5_full_complete,prevalence_dummy,uncertain,auprc,0.3305773885610161,0.32576897378355285,0.33538580333847934,deterministic_binomial_approximation_phase2_v1
D5_full_complete,prevalence_dummy,audit_view,f1,0.22862864973121114,0.22433613059381124,0.23292116886861103,deterministic_binomial_approximation_phase2_v1
D5_full_complete,prevalence_dummy,audit_view,precision,0.22862864973121114,0.22433613059381124,0.23292116886861103,deterministic_binomial_approximation_phase2_v1
D5_full_complete,prevalence_dummy,audit_view,recall,0.22862864973121114,0.22433613059381124,0.23292116886861103,deterministic_binomial_approximation_phase2_v1
D5_full_complete,prevalence_dummy,audit_view,balanced_accuracy,0.4801965915615956,0.47508984553018163,0.4853033375930096,deterministic_binomial_approximation_phase2_v1
D5_full_complete,prevalence_dummy,audit_view,auroc,0.5,0.49488924377376997,0.50511075622623,deterministic_binomial_approximation_phase2_v1
D5_full_complete,prevalence_dummy,audit_view,auprc,0.2580162637003998,0.25354391254145203,0.2624886148593476,deterministic_binomial_approximation_phase2_v1
D5_full_complete,random_baseline,mp_native,f1,0.4078929854918142,0.4028696939611329,0.41291627702249545,deterministic_binomial_approximation_phase2_v1
D5_full_complete,random_baseline,mp_native,precision,0.4078929854918142,0.4028696939611329,0.41291627702249545,deterministic_binomial_approximation_phase2_v1
D5_full_complete,random_baseline,mp_native,recall,0.4078929854918142,0.4028696939611329,0.41291627702249545,deterministic_binomial_approximation_phase2_v1
D5_full_complete,random_baseline,mp_native,balanced_accuracy,0.49935191058153233,0.4942411586485427,0.504462662514522,deterministic_binomial_approximation_phase2_v1
D5_full_complete,random_baseline,mp_native,auroc,0.497948950605227,0.49283823737907345,0.5030596638313806,deterministic_binomial_approximation_phase2_v1
D5_full_complete,random_baseline,mp_native,auprc,0.4063378536140883,0.4013175673480328,0.4113581398801438,deterministic_binomial_approximation_phase2_v1
D5_full_complete,random_baseline,alexmp20_native,f1,0.3592386397833283,0.3543345903300481,0.36414268923660853,deterministic_binomial_approximation_phase2_v1
D5_full_complete,random_baseline,alexmp20_native,precision,0.3592386397833283,0.3543345903300481,0.36414268923660853,deterministic_binomial_approximation_phase2_v1
D5_full_complete,random_baseline,alexmp20_native,recall,0.3592386397833283,0.3543345903300481,0.36414268923660853,deterministic_binomial_approximation_phase2_v1
D5_full_complete,random_baseline,alexmp20_native,balanced_accuracy,0.4982290230053499,0.49311829883755826,0.5033397471731416,deterministic_binomial_approximation_phase2_v1
D5_full_complete,random_baseline,alexmp20_native,auroc,0.4991145667811644,0.4940038185685245,0.5042253149938043,deterministic_binomial_approximation_phase2_v1
D5_full_complete,random_baseline,alexmp20_native,auprc,0.3606585806083812,0.3557502962305889,0.36556686498617347,deterministic_binomial_approximation_phase2_v1
D5_full_complete,random_baseline,alex_pbe_native,f1,0.3283471685707241,0.32354702502615534,0.33314731211529286,deterministic_binomial_approximation_phase2_v1
D5_full_complete,random_baseline,alex_pbe_native,precision,0.3283471685707241,0.32354702502615534,0.33314731211529286,deterministic_binomial_approximation_phase2_v1
D5_full_complete,random_baseline,alex_pbe_native,recall,0.3283471685707241,0.32354702502615534,0.33314731211529286,deterministic_binomial_approximation_phase2_v1
D5_full_complete,random_baseline,alex_pbe_native,balanced_accuracy,0.4980895260787122,0.492978807160225,0.5032002449971994,deterministic_binomial_approximation_phase2_v1
D5_full_complete,random_baseline,alex_pbe_native,auroc,0.4964320784455725,0.4913214523415089,0.5015427045496361,deterministic_binomial_approximation_phase2_v1
D5_full_complete,random_baseline,alex_pbe_native,auprc,0.3286663287610707,0.32386499403493024,0.3334676634872112,deterministic_binomial_approximation_phase2_v1
D5_full_complete,random_baseline,common_pool,f1,0.5154676695377897,0.5099809405522014,0.5209543985233779,deterministic_binomial_approximation_phase2_v1
D5_full_complete,random_baseline,common_pool,precision,0.5154676695377897,0.5099809405522014,0.5209543985233779,deterministic_binomial_approximation_phase2_v1
D5_full_complete,random_baseline,common_pool,recall,0.5154676695377897,0.5099809405522014,0.5209543985233779,deterministic_binomial_approximation_phase2_v1
D5_full_complete,random_baseline,common_pool,balanced_accuracy,0.49814719756624304,0.49265787899682484,0.5036365161356612,deterministic_binomial_approximation_phase2_v1
D5_full_complete,random_baseline,common_pool,auroc,0.4964499971055013,0.49096077920857945,0.5019392150024232,deterministic_binomial_approximation_phase2_v1
D5_full_complete,random_baseline,common_pool,auprc,0.5133938634526523,0.5079064770804684,0.5188812498248361,deterministic_binomial_approximation_phase2_v1
D5_full_complete,random_baseline,source_union,f1,,,,deterministic_binomial_approximation_phase2_v1
D5_full_complete,random_baseline,source_union,precision,,,,deterministic_binomial_approximation_phase2_v1
D5_full_complete,random_baseline,source_union,recall,,,,deterministic_binomial_approximation_phase2_v1
D5_full_complete,random_baseline,source_union,balanced_accuracy,,,,deterministic_binomial_approximation_phase2_v1
D5_full_complete,random_baseline,source_union,auroc,,,,deterministic_binomial_approximation_phase2_v1
D5_full_complete,random_baseline,source_union,auprc,,,,deterministic_binomial_approximation_phase2_v1
D5_full_complete,random_baseline,consensus,f1,0.3849478233371983,0.37886896689463395,0.39102667977976263,deterministic_binomial_approximation_phase2_v1
D5_full_complete,random_baseline,consensus,precision,0.3849478233371983,0.37886896689463395,0.39102667977976263,deterministic_binomial_approximation_phase2_v1
D5_full_complete,random_baseline,consensus,recall,0.3849478233371983,0.37886896689463395,0.39102667977976263,deterministic_binomial_approximation_phase2_v1
D5_full_complete,random_baseline,consensus,balanced_accuracy,0.4996068527672969,0.49336038010954714,0.5058533254250466,deterministic_binomial_approximation_phase2_v1
D5_full_complete,random_baseline,consensus,auroc,0.4982222300296616,0.49197579492460874,0.5044686651347144,deterministic_binomial_approximation_phase2_v1
D5_full_complete,random_baseline,consensus,auprc,0.38405956397670665,0.37798334210612505,0.39013578584728825,deterministic_binomial_approximation_phase2_v1
D5_full_complete,random_baseline,uncertain,f1,0.32965857671740023,0.3248535547194706,0.3344635987153299,deterministic_binomial_approximation_phase2_v1
D5_full_complete,random_baseline,uncertain,precision,0.32965857671740023,0.3248535547194706,0.3344635987153299,deterministic_binomial_approximation_phase2_v1
D5_full_complete,random_baseline,uncertain,recall,0.32965857671740023,0.3248535547194706,0.3344635987153299,deterministic_binomial_approximation_phase2_v1
D5_full_complete,random_baseline,uncertain,balanced_accuracy,0.499313728108436,0.49420297669622487,0.5044244795206472,deterministic_binomial_approximation_phase2_v1
D5_full_complete,random_baseline,uncertain,auroc,0.49902413294170256,0.4939133864495969,0.5041348794338082,deterministic_binomial_approximation_phase2_v1
D5_full_complete,random_baseline,uncertain,auprc,0.32830947407631733,0.32350947138246083,0.33310947677017383,deterministic_binomial_approximation_phase2_v1
D5_full_complete,random_baseline,audit_view,f1,0.25877516601665435,0.2542985335433507,0.263251798489958,deterministic_binomial_approximation_phase2_v1
D5_full_complete,random_baseline,audit_view,precision,0.25877516601665435,0.2542985335433507,0.263251798489958,deterministic_binomial_approximation_phase2_v1
D5_full_complete,random_baseline,audit_view,recall,0.25877516601665435,0.2542985335433507,0.263251798489958,deterministic_binomial_approximation_phase2_v1
D5_full_complete,random_baseline,audit_view,balanced_accuracy,0.5005114009102405,0.4954006473572524,0.5056221544632286,deterministic_binomial_approximation_phase2_v1
D5_full_complete,random_baseline,audit_view,auroc,0.49896361367629366,0.4938528684289673,0.50407435892362,deterministic_binomial_approximation_phase2_v1
D5_full_complete,random_baseline,audit_view,auprc,0.25805879993313385,0.2535862083435618,0.2625313915227059,deterministic_binomial_approximation_phase2_v1
D5_family_complete,ALIGNN-FF,mp_native,f1,0.3502727151789278,0.34539867541689595,0.3551467549409596,deterministic_binomial_approximation_phase2_v1
D5_family_complete,ALIGNN-FF,mp_native,precision,0.3502727151789278,0.34539867541689595,0.3551467549409596,deterministic_binomial_approximation_phase2_v1
D5_family_complete,ALIGNN-FF,mp_native,recall,0.3502727151789278,0.34539867541689595,0.3551467549409596,deterministic_binomial_approximation_phase2_v1
D5_family_complete,ALIGNN-FF,mp_native,balanced_accuracy,0.4507703156931023,0.4456866730253029,0.45585395836090165,deterministic_binomial_approximation_phase2_v1
D5_family_complete,ALIGNN-FF,mp_native,auroc,0.46338782650053,0.45829307587324214,0.4684825771278179,deterministic_binomial_approximation_phase2_v1
D5_family_complete,ALIGNN-FF,mp_native,auprc,0.3800404239143464,0.37508116315632634,0.38499968467236645,deterministic_binomial_approximation_phase2_v1
D5_family_complete,ALIGNN-FF,alexmp20_native,f1,0.31090225563909774,0.30617321864414865,0.3156312926340468,deterministic_binomial_approximation_phase2_v1
D5_family_complete,ALIGNN-FF,alexmp20_native,precision,0.31090225563909774,0.30617321864414865,0.3156312926340468,deterministic_binomial_approximation_phase2_v1
D5_family_complete,ALIGNN-FF,alexmp20_native,recall,0.31090225563909774,0.30617321864414865,0.3156312926340468,deterministic_binomial_approximation_phase2_v1
D5_family_complete,ALIGNN-FF,alexmp20_native,balanced_accuracy,0.4604677221519461,0.4553752498804532,0.465560194423439,deterministic_binomial_approximation_phase2_v1
D5_family_complete,ALIGNN-FF,alexmp20_native,auroc,0.47078815880651337,0.4656884203583828,0.4758878972546439,deterministic_binomial_approximation_phase2_v1
D5_family_complete,ALIGNN-FF,alexmp20_native,auprc,0.33506030471085,0.3302377964478801,0.33988281297381995,deterministic_binomial_approximation_phase2_v1
D5_family_complete,ALIGNN-FF,alex_pbe_native,f1,0.2918856767411301,0.2872407545599517,0.2965305989223085,deterministic_binomial_approximation_phase2_v1
D5_family_complete,ALIGNN-FF,alex_pbe_native,precision,0.2918856767411301,0.2872407545599517,0.2965305989223085,deterministic_binomial_approximation_phase2_v1
D5_family_complete,ALIGNN-FF,alex_pbe_native,recall,0.2918856767411301,0.2872407545599517,0.2965305989223085,deterministic_binomial_approximation_phase2_v1
D5_family_complete,ALIGNN-FF,alex_pbe_native,balanced_accuracy,0.4708839575129349,0.4657841618779442,0.47598375314792557,deterministic_binomial_approximation_phase2_v1
D5_family_complete,ALIGNN-FF,alex_pbe_native,auroc,0.4827987217685911,0.47769328135970796,0.4879041621774743,deterministic_binomial_approximation_phase2_v1
D5_family_complete,ALIGNN-FF,alex_pbe_native,auprc,0.3127495121368052,0.3080128085347688,0.31748621573884156,deterministic_binomial_approximation_phase2_v1
D5_family_complete,ALIGNN-FF,common_pool,f1,0.48337983743782603,0.4778936007315235,0.4888660741441286,deterministic_binomial_approximation_phase2_v1
D5_family_complete,ALIGNN-FF,common_pool,precision,0.48337983743782603,0.4778936007315235,0.4888660741441286,deterministic_binomial_approximation_phase2_v1
D5_family_complete,ALIGNN-FF,common_pool,recall,0.48337983743782603,0.4778936007315235,0.4888660741441286,deterministic_binomial_approximation_phase2_v1
D5_family_complete,ALIGNN-FF,common_pool,balanced_accuracy,0.46493031645726357,0.4594545652768293,0.4704060676376978,deterministic_binomial_approximation_phase2_v1
D5_family_complete,ALIGNN-FF,common_pool,auroc,0.4776810869639723,0.4721972883292489,0.48316488559869575,deterministic_binomial_approximation_phase2_v1
D5_family_complete,ALIGNN-FF,common_pool,auprc,0.4963726286121348,0.49088350292323957,0.5018617543010301,deterministic_binomial_approximation_phase2_v1
D5_family_complete,ALIGNN-FF,source_union,f1,,,,deterministic_binomial_approximation_phase2_v1
D5_family_complete,ALIGNN-FF,source_union,precision,,,,deterministic_binomial_approximation_phase2_v1
D5_family_complete,ALIGNN-FF,source_union,recall,,,,deterministic_binomial_approximation_phase2_v1
D5_family_complete,ALIGNN-FF,source_union,balanced_accuracy,,,,deterministic_binomial_approximation_phase2_v1
D5_family_complete,ALIGNN-FF,source_union,auroc,,,,deterministic_binomial_approximation_phase2_v1
D5_family_complete,ALIGNN-FF,source_union,auprc,,,,deterministic_binomial_approximation_phase2_v1
D5_family_complete,ALIGNN-FF,consensus,f1,0.32981975334668495,0.32394634367440855,0.33569316301896135,deterministic_binomial_approximation_phase2_v1
D5_family_complete,ALIGNN-FF,consensus,precision,0.32981975334668495,0.32394634367440855,0.33569316301896135,deterministic_binomial_approximation_phase2_v1
D5_family_complete,ALIGNN-FF,consensus,recall,0.32981975334668495,0.32394634367440855,0.33569316301896135,deterministic_binomial_approximation_phase2_v1
D5_family_complete,ALIGNN-FF,consensus,balanced_accuracy,0.4547697391799528,0.4485490012381019,0.4609904771218037,deterministic_binomial_approximation_phase2_v1
D5_family_complete,ALIGNN-FF,consensus,auroc,0.47256744554615276,0.46633050624381545,0.4788043848484901,deterministic_binomial_approximation_phase2_v1
D5_family_complete,ALIGNN-FF,consensus,auprc,0.3600787647691679,0.35408198406557617,0.3660755454727596,deterministic_binomial_approximation_phase2_v1
D5_family_complete,ALIGNN-FF,uncertain,f1,0.30885369656191025,0.3041332644352836,0.3135741286885369,deterministic_binomial_approximation_phase2_v1
D5_family_complete,ALIGNN-FF,uncertain,precision,0.30885369656191025,0.3041332644352836,0.3135741286885369,deterministic_binomial_approximation_phase2_v1
D5_family_complete,ALIGNN-FF,uncertain,recall,0.30885369656191025,0.3041332644352836,0.3135741286885369,deterministic_binomial_approximation_phase2_v1
D5_family_complete,ALIGNN-FF,uncertain,balanced_accuracy,0.4833319874237543,0.4782263623775975,0.488437612469911,deterministic_binomial_approximation_phase2_v1
D5_family_complete,ALIGNN-FF,uncertain,auroc,0.47735467047541574,0.47225144818853765,0.48245789276229384,deterministic_binomial_approximation_phase2_v1
D5_family_complete,ALIGNN-FF,uncertain,auprc,0.31797915044783065,0.3132212154017351,0.3227370854939262,deterministic_binomial_approximation_phase2_v1
D5_family_complete,ALIGNN-FF,audit_view,f1,0.22515020554442922,0.22088278645281997,0.22941762463603846,deterministic_binomial_approximation_phase2_v1
D5_family_complete,ALIGNN-FF,audit_view,precision,0.22515020554442922,0.22088278645281997,0.22941762463603846,deterministic_binomial_approximation_phase2_v1
D5_family_complete,ALIGNN-FF,audit_view,recall,0.22515020554442922,0.22088278645281997,0.22941762463603846,deterministic_binomial_approximation_phase2_v1
D5_family_complete,ALIGNN-FF,audit_view,balanced_accuracy,0.47801533707571087,0.4729118132365821,0.48311886091483963,deterministic_binomial_approximation_phase2_v1
D5_family_complete,ALIGNN-FF,audit_view,auroc,0.48845314708619547,0.4833460451597292,0.49356024901266177,deterministic_binomial_approximation_phase2_v1
D5_family_complete,ALIGNN-FF,audit_view,auprc,0.2456887829605552,0.24129044792059046,0.25008711800051997,deterministic_binomial_approximation_phase2_v1
D5_family_complete,CHGNet,mp_native,f1,0.36111480643873883,0.3562073062963119,0.36602230658116575,deterministic_binomial_approximation_phase2_v1
D5_family_complete,CHGNet,mp_native,precision,0.36111480643873883,0.3562073062963119,0.36602230658116575,deterministic_binomial_approximation_phase2_v1
D5_family_complete,CHGNet,mp_native,recall,0.36111480643873883,0.3562073062963119,0.36602230658116575,deterministic_binomial_approximation_phase2_v1
D5_family_complete,CHGNet,mp_native,balanced_accuracy,0.4599252536351364,0.454833154796549,0.46501735247372383,deterministic_binomial_approximation_phase2_v1
D5_family_complete,CHGNet,mp_native,auroc,0.4663785149428588,0.4612815437090918,0.4714754861766258,deterministic_binomial_approximation_phase2_v1
D5_family_complete,CHGNet,mp_native,auprc,0.386028293860766,0.38105424543656014,0.3910023422849718,deterministic_binomial_approximation_phase2_v1
D5_family_complete,CHGNet,alexmp20_native,f1,0.31781954887218045,0.3130621868669647,0.3225769108773962,deterministic_binomial_approximation_phase2_v1
D5_family_complete,CHGNet,alexmp20_native,precision,0.31781954887218045,0.3130621868669647,0.3225769108773962,deterministic_binomial_approximation_phase2_v1
D5_family_complete,CHGNet,alexmp20_native,recall,0.31781954887218045,0.3130621868669647,0.3225769108773962,deterministic_binomial_approximation_phase2_v1
D5_family_complete,CHGNet,alexmp20_native,balanced_accuracy,0.46587543547179083,0.4607788132543842,0.4709720576891975,deterministic_binomial_approximation_phase2_v1
D5_family_complete,CHGNet,alexmp20_native,auroc,0.47649618493278,0.47139329852647455,0.48159907133908547,deterministic_binomial_approximation_phase2_v1
D5_family_complete,CHGNet,alexmp20_native,auprc,0.3423696989798331,0.33752167421496043,0.3472177237447058,deterministic_binomial_approximation_phase2_v1
D5_family_complete,CHGNet,alex_pbe_native,f1,0.28901116951379763,0.2843797410105014,0.29364259801709386,deterministic_binomial_approximation_phase2_v1
D5_family_complete,CHGNet,alex_pbe_native,precision,0.28901116951379763,0.2843797410105014,0.29364259801709386,deterministic_binomial_approximation_phase2_v1
D5_family_complete,CHGNet,alex_pbe_native,recall,0.28901116951379763,0.2843797410105014,0.29364259801709386,deterministic_binomial_approximation_phase2_v1
D5_family_complete,CHGNet,alex_pbe_native,balanced_accuracy,0.4687289350107059,0.46363040212535694,0.47382746789605484,deterministic_binomial_approximation_phase2_v1
D5_family_complete,CHGNet,alex_pbe_native,auroc,0.48128657857347734,0.47618162402861425,0.48639153311834044,deterministic_binomial_approximation_phase2_v1
D5_family_complete,CHGNet,alex_pbe_native,auprc,0.3147672985817327,0.3100222560983731,0.3195123410650923,deterministic_binomial_approximation_phase2_v1
D5_family_complete,CHGNet,common_pool,f1,0.48459298798980954,0.47910623843368105,0.49007973754593803,deterministic_binomial_approximation_phase2_v1
D5_family_complete,CHGNet,common_pool,precision,0.48459298798980954,0.47910623843368105,0.49007973754593803,deterministic_binomial_approximation_phase2_v1
D5_family_complete,CHGNet,common_pool,recall,0.48459298798980954,0.47910623843368105,0.49007973754593803,deterministic_binomial_approximation_phase2_v1
D5_family_complete,CHGNet,common_pool,balanced_accuracy,0.4661688454832708,0.4606920692928008,0.4716456216737408,deterministic_binomial_approximation_phase2_v1
D5_family_complete,CHGNet,common_pool,auroc,0.47714848087546924,0.47166486060924506,0.4826321011416934,deterministic_binomial_approximation_phase2_v1
D5_family_complete,CHGNet,common_pool,auprc,0.5011589083844536,0.49566956687152225,0.506648249897385,deterministic_binomial_approximation_phase2_v1
D5_family_complete,CHGNet,source_union,f1,,,,deterministic_binomial_approximation_phase2_v1
D5_family_complete,CHGNet,source_union,precision,,,,deterministic_binomial_approximation_phase2_v1
D5_family_complete,CHGNet,source_union,recall,,,,deterministic_binomial_approximation_phase2_v1
D5_family_complete,CHGNet,source_union,balanced_accuracy,,,,deterministic_binomial_approximation_phase2_v1
D5_family_complete,CHGNet,source_union,auroc,,,,deterministic_binomial_approximation_phase2_v1
D5_family_complete,CHGNet,source_union,auprc,,,,deterministic_binomial_approximation_phase2_v1
D5_family_complete,CHGNet,consensus,f1,0.33846316011384,0.3325516601279346,0.3443746600997454,deterministic_binomial_approximation_phase2_v1
D5_family_complete,CHGNet,consensus,precision,0.33846316011384,0.3325516601279346,0.3443746600997454,deterministic_binomial_approximation_phase2_v1
D5_family_complete,CHGNet,consensus,recall,0.33846316011384,0.3325516601279346,0.3443746600997454,deterministic_binomial_approximation_phase2_v1
D5_family_complete,CHGNet,consensus,balanced_accuracy,0.46178793624122616,0.4555597300938178,0.46801614238863454,deterministic_binomial_approximation_phase2_v1
D5_family_complete,CHGNet,consensus,auroc,0.47316068878310924,0.46692321996514624,0.47939815760107224,deterministic_binomial_approximation_phase2_v1
D5_family_complete,CHGNet,consensus,auprc,0.3652564747342638,0.35924109463646736,0.37127185483206027,deterministic_binomial_approximation_phase2_v1
D5_family_complete,CHGNet,uncertain,f1,0.3105768441782227,0.30584910258828757,0.3153045857681578,deterministic_binomial_approximation_phase2_v1
D5_family_complete,CHGNet,uncertain,precision,0.3105768441782227,0.30584910258828757,0.3153045857681578,deterministic_binomial_approximation_phase2_v1
D5_family_complete,CHGNet,uncertain,recall,0.3105768441782227,0.30584910258828757,0.3153045857681578,deterministic_binomial_approximation_phase2_v1
D5_family_complete,CHGNet,uncertain,balanced_accuracy,0.484613196607678,0.4795070823739129,0.4897193108414431,deterministic_binomial_approximation_phase2_v1
D5_family_complete,CHGNet,uncertain,auroc,0.4793019966362194,0.4741978418442822,0.48440615142815663,deterministic_binomial_approximation_phase2_v1
D5_family_complete,CHGNet,uncertain,auprc,0.3219519754434177,0.3171783093708962,0.3267256415159392,deterministic_binomial_approximation_phase2_v1
D5_family_complete,CHGNet,audit_view,f1,0.2232528723516391,0.21899821473592565,0.22750752996735255,deterministic_binomial_approximation_phase2_v1
D5_family_complete,CHGNet,audit_view,precision,0.2232528723516391,0.21899821473592565,0.22750752996735255,deterministic_binomial_approximation_phase2_v1
D5_family_complete,CHGNet,audit_view,recall,0.2232528723516391,0.21899821473592565,0.22750752996735255,deterministic_binomial_approximation_phase2_v1
D5_family_complete,CHGNet,audit_view,balanced_accuracy,0.47673224272191317,0.4716292433874804,0.4818352420563459,deterministic_binomial_approximation_phase2_v1
D5_family_complete,CHGNet,audit_view,auroc,0.487977057724826,0.4828700010916897,0.49308411435796234,deterministic_binomial_approximation_phase2_v1
D5_family_complete,CHGNet,audit_view,auprc,0.24775629953573888,0.24334549417205117,0.2521671048994266,deterministic_binomial_approximation_phase2_v1
D5_family_complete,M3GNet,mp_native,f1,0.3737528269256352,0.36880988516860724,0.3786957686826632,deterministic_binomial_approximation_phase2_v1
D5_family_complete,M3GNet,mp_native,precision,0.3737528269256352,0.36880988516860724,0.3786957686826632,deterministic_binomial_approximation_phase2_v1
D5_family_complete,M3GNet,mp_native,recall,0.3737528269256352,0.36880988516860724,0.3786957686826632,deterministic_binomial_approximation_phase2_v1
D5_family_complete,M3GNet,mp_native,balanced_accuracy,0.47061860383400467,0.4655189670634486,0.47571824060456075,deterministic_binomial_approximation_phase2_v1
D5_family_complete,M3GNet,mp_native,auroc,0.4806903353990174,0.4755856820073593,0.4857949887906755,deterministic_binomial_approximation_phase2_v1
D5_family_complete,M3GNet,mp_native,auprc,0.3982855260120711,0.39328388114577384,0.4032871708783684,deterministic_binomial_approximation_phase2_v1
D5_family_complete,M3GNet,alexmp20_native,f1,0.3357894736842105,0.33096436859336514,0.3406145787750559,deterministic_binomial_approximation_phase2_v1
D5_family_complete,M3GNet,alexmp20_native,precision,0.3357894736842105,0.33096436859336514,0.3406145787750559,deterministic_binomial_approximation_phase2_v1
D5_family_complete,M3GNet,alexmp20_native,recall,0.3357894736842105,0.33096436859336514,0.3406145787750559,deterministic_binomial_approximation_phase2_v1
D5_family_complete,M3GNet,alexmp20_native,balanced_accuracy,0.47995328505076834,0.4748489282579041,0.4850576418436326,deterministic_binomial_approximation_phase2_v1
D5_family_complete,M3GNet,alexmp20_native,auroc,0.48952281296808525,0.48441547028895904,0.49463015564721147,deterministic_binomial_approximation_phase2_v1
D5_family_complete,M3GNet,alexmp20_native,auprc,0.35203972576808107,0.34716005649387244,0.3569193950422897,deterministic_binomial_approximation_phase2_v1
D5_family_complete,M3GNet,alex_pbe_native,f1,0.30609395532194483,0.3013852872927435,0.31080262335114617,deterministic_binomial_approximation_phase2_v1
D5_family_complete,M3GNet,alex_pbe_native,precision,0.30609395532194483,0.3013852872927435,0.31080262335114617,deterministic_binomial_approximation_phase2_v1
D5_family_complete,M3GNet,alex_pbe_native,recall,0.30609395532194483,0.3013852872927435,0.31080262335114617,deterministic_binomial_approximation_phase2_v1
D5_family_complete,M3GNet,alex_pbe_native,balanced_accuracy,0.4815006445171407,0.4763956778854285,0.48660561114885287,deterministic_binomial_approximation_phase2_v1
D5_family_complete,M3GNet,alex_pbe_native,auroc,0.49262126657903416,0.48751335854790806,0.49772917461016025,deterministic_binomial_approximation_phase2_v1
D5_family_complete,M3GNet,alex_pbe_native,auprc,0.32331305018797435,0.31853417290088976,0.32809192747505894,deterministic_binomial_approximation_phase2_v1
D5_family_complete,M3GNet,common_pool,f1,0.4907800558049254,0.4852917189966316,0.4962683926132192,deterministic_binomial_approximation_phase2_v1
D5_family_complete,M3GNet,common_pool,precision,0.4907800558049254,0.4852917189966316,0.4962683926132192,deterministic_binomial_approximation_phase2_v1
D5_family_complete,M3GNet,common_pool,recall,0.4907800558049254,0.4852917189966316,0.4962683926132192,deterministic_binomial_approximation_phase2_v1
D5_family_complete,M3GNet,common_pool,balanced_accuracy,0.4725948111610576,0.46711379258946156,0.47807582973265367,deterministic_binomial_approximation_phase2_v1
D5_family_complete,M3GNet,common_pool,auroc,0.48624135935746654,0.480754167846327,0.49172855086860606,deterministic_binomial_approximation_phase2_v1
D5_family_complete,M3GNet,common_pool,auprc,0.5101838003090617,0.5046956688647743,0.5156719317533491,deterministic_binomial_approximation_phase2_v1
D5_family_complete,M3GNet,source_union,f1,,,,deterministic_binomial_approximation_phase2_v1
D5_family_complete,M3GNet,source_union,precision,,,,deterministic_binomial_approximation_phase2_v1
D5_family_complete,M3GNet,source_union,recall,,,,deterministic_binomial_approximation_phase2_v1
D5_family_complete,M3GNet,source_union,balanced_accuracy,,,,deterministic_binomial_approximation_phase2_v1
D5_family_complete,M3GNet,source_union,auroc,,,,deterministic_binomial_approximation_phase2_v1
D5_family_complete,M3GNet,source_union,auprc,,,,deterministic_binomial_approximation_phase2_v1
D5_family_complete,M3GNet,consensus,f1,0.3542742700537578,0.34829910366874184,0.3602494364387737,deterministic_binomial_approximation_phase2_v1
D5_family_complete,M3GNet,consensus,precision,0.3542742700537578,0.34829910366874184,0.3602494364387737,deterministic_binomial_approximation_phase2_v1
D5_family_complete,M3GNet,consensus,recall,0.3542742700537578,0.34829910366874184,0.3602494364387737,deterministic_binomial_approximation_phase2_v1
D5_family_complete,M3GNet,consensus,balanced_accuracy,0.47466489811519197,0.46842657421855344,0.4809032220118305,deterministic_binomial_approximation_phase2_v1
D5_family_complete,M3GNet,consensus,auroc,0.48693090037707537,0.48068668680714505,0.4931751139470057,deterministic_binomial_approximation_phase2_v1
D5_family_complete,M3GNet,consensus,auprc,0.37740592849345683,0.37135024733521765,0.383461609651696,deterministic_binomial_approximation_phase2_v1
D5_family_complete,M3GNet,uncertain,f1,0.31336670222368096,0.30862745663320285,0.3181059478141591,deterministic_binomial_approximation_phase2_v1
D5_family_complete,M3GNet,uncertain,precision,0.31336670222368096,0.30862745663320285,0.3181059478141591,deterministic_binomial_approximation_phase2_v1
D5_family_complete,M3GNet,uncertain,recall,0.31336670222368096,0.30862745663320285,0.3181059478141591,deterministic_binomial_approximation_phase2_v1
D5_family_complete,M3GNet,uncertain,balanced_accuracy,0.48670569521096707,0.48159903692595485,0.4918123534959793,deterministic_binomial_approximation_phase2_v1
D5_family_complete,M3GNet,uncertain,auroc,0.48171416910767995,0.47660912217232226,0.48681921604303763,deterministic_binomial_approximation_phase2_v1
D5_family_complete,M3GNet,uncertain,auprc,0.3232277421530846,0.31844919419429774,0.32800629011187143,deterministic_binomial_approximation_phase2_v1
D5_family_complete,M3GNet,audit_view,f1,0.24043427848634974,0.23606810254939062,0.24480045442330886,deterministic_binomial_approximation_phase2_v1
D5_family_complete,M3GNet,audit_view,precision,0.24043427848634974,0.23606810254939062,0.24480045442330886,deterministic_binomial_approximation_phase2_v1
D5_family_complete,M3GNet,audit_view,recall,0.24043427848634974,0.23606810254939062,0.24480045442330886,deterministic_binomial_approximation_phase2_v1
D5_family_complete,M3GNet,audit_view,balanced_accuracy,0.4883115928400996,0.4832045245266947,0.4934186611535045,deterministic_binomial_approximation_phase2_v1
D5_family_complete,M3GNet,audit_view,auroc,0.49810955504474547,0.4930011272286341,0.5032179828608568,deterministic_binomial_approximation_phase2_v1
D5_family_complete,M3GNet,audit_view,auprc,0.25546418772278606,0.251008362264227,0.2599200131813451,deterministic_binomial_approximation_phase2_v1
D5_family_complete,MACE-MP,mp_native,f1,0.37940667819608886,0.3744490221226585,0.3843643342695192,deterministic_binomial_approximation_phase2_v1
D5_family_complete,MACE-MP,mp_native,precision,0.37940667819608886,0.3744490221226585,0.3843643342695192,deterministic_binomial_approximation_phase2_v1
D5_family_complete,MACE-MP,mp_native,recall,0.37940667819608886,0.3744490221226585,0.3843643342695192,deterministic_binomial_approximation_phase2_v1
D5_family_complete,MACE-MP,mp_native,balanced_accuracy,0.4753979366724656,0.4702956600043388,0.4805002133405924,deterministic_binomial_approximation_phase2_v1
D5_family_complete,MACE-MP,mp_native,auroc,0.48718680234394107,0.48208001568536657,0.4922935890025156,deterministic_binomial_approximation_phase2_v1
D5_family_complete,MACE-MP,mp_native,auprc,0.4051540421249722,0.4001383287994039,0.41016975545054046,deterministic_binomial_approximation_phase2_v1
D5_family_complete,MACE-MP,alexmp20_native,f1,0.3426315789473684,0.3377827320285573,0.3474804258661795,deterministic_binomial_approximation_phase2_v1
D5_family_complete,MACE-MP,alexmp20_native,precision,0.3426315789473684,0.3377827320285573,0.3474804258661795,deterministic_binomial_approximation_phase2_v1
D5_family_complete,MACE-MP,alexmp20_native,recall,0.3426315789473684,0.3377827320285573,0.3474804258661795,deterministic_binomial_approximation_phase2_v1
D5_family_complete,MACE-MP,alexmp20_native,balanced_accuracy,0.48531034312869226,0.48020408394567743,0.4904166023117071,deterministic_binomial_approximation_phase2_v1
D5_family_complete,MACE-MP,alexmp20_native,auroc,0.49647532316878484,0.49136698576949045,0.5015836605680792,deterministic_binomial_approximation_phase2_v1
D5_family_complete,MACE-MP,alexmp20_native,auprc,0.3592279428030877,0.3543261246158313,0.36412976099034405,deterministic_binomial_approximation_phase2_v1
D5_family_complete,MACE-MP,alex_pbe_native,f1,0.31521024967148487,0.31046346914488204,0.3199570301980877,deterministic_binomial_approximation_phase2_v1
D5_family_complete,MACE-MP,alex_pbe_native,precision,0.31521024967148487,0.31046346914488204,0.3199570301980877,deterministic_binomial_approximation_phase2_v1
D5_family_complete,MACE-MP,alex_pbe_native,recall,0.31521024967148487,0.31046346914488204,0.3199570301980877,deterministic_binomial_approximation_phase2_v1
D5_family_complete,MACE-MP,alex_pbe_native,balanced_accuracy,0.48831250727706466,0.48320543874520516,0.49341957580892415,deterministic_binomial_approximation_phase2_v1
D5_family_complete,MACE-MP,alex_pbe_native,auroc,0.4990543584587852,0.49394590326583954,0.5041628136517309,deterministic_binomial_approximation_phase2_v1
D5_family_complete,MACE-MP,alex_pbe_native,auprc,0.3285882214703185,0.32378933103447405,0.333387111906163,deterministic_binomial_approximation_phase2_v1
D5_family_complete,MACE-MP,common_pool,f1,0.49751304136843383,0.49202383912623393,0.5030022436106337,deterministic_binomial_approximation_phase2_v1
D5_family_complete,MACE-MP,common_pool,precision,0.49751304136843383,0.49202383912623393,0.5030022436106337,deterministic_binomial_approximation_phase2_v1
D5_family_complete,MACE-MP,common_pool,recall,0.49751304136843383,0.49202383912623393,0.5030022436106337,deterministic_binomial_approximation_phase2_v1
D5_family_complete,MACE-MP,common_pool,balanced_accuracy,0.4795682448669686,0.4740835597016078,0.48505293003232935,deterministic_binomial_approximation_phase2_v1
D5_family_complete,MACE-MP,common_pool,auroc,0.49554978462142807,0.49006073190483523,0.5010388373380209,deterministic_binomial_approximation_phase2_v1
D5_family_complete,MACE-MP,common_pool,auprc,0.5182961027178061,0.512810508841891,0.5237816965937212,deterministic_binomial_approximation_phase2_v1
D5_family_complete,MACE-MP,source_union,f1,,,,deterministic_binomial_approximation_phase2_v1
D5_family_complete,MACE-MP,source_union,precision,,,,deterministic_binomial_approximation_phase2_v1
D5_family_complete,MACE-MP,source_union,recall,,,,deterministic_binomial_approximation_phase2_v1
D5_family_complete,MACE-MP,source_union,balanced_accuracy,,,,deterministic_binomial_approximation_phase2_v1
D5_family_complete,MACE-MP,source_union,auroc,,,,deterministic_binomial_approximation_phase2_v1
D5_family_complete,MACE-MP,source_union,auprc,,,,deterministic_binomial_approximation_phase2_v1
D5_family_complete,MACE-MP,consensus,f1,0.36217982502371665,0.3561754555992752,0.3681841944481581,deterministic_binomial_approximation_phase2_v1
D5_family_complete,MACE-MP,consensus,precision,0.36217982502371665,0.3561754555992752,0.3681841944481581,deterministic_binomial_approximation_phase2_v1
D5_family_complete,MACE-MP,consensus,recall,0.36217982502371665,0.3561754555992752,0.3681841944481581,deterministic_binomial_approximation_phase2_v1
D5_family_complete,MACE-MP,consensus,balanced_accuracy,0.4810965227709805,0.47485464082132534,0.4873384047206356,deterministic_binomial_approximation_phase2_v1
D5_family_complete,MACE-MP,consensus,auroc,0.49759783587627526,0.49135156026051363,0.5038441114920369,deterministic_binomial_approximation_phase2_v1
D5_family_complete,MACE-MP,consensus,auprc,0.38636983239392975,0.3802869263659005,0.392452738421959,deterministic_binomial_approximation_phase2_v1
D5_family_complete,MACE-MP,uncertain,f1,0.3164847788627226,0.3117328397222798,0.3212367180031654,deterministic_binomial_approximation_phase2_v1
D5_family_complete,MACE-MP,uncertain,precision,0.3164847788627226,0.3117328397222798,0.3212367180031654,deterministic_binomial_approximation_phase2_v1
D5_family_complete,MACE-MP,uncertain,recall,0.3164847788627226,0.3117328397222798,0.3212367180031654,deterministic_binomial_approximation_phase2_v1
D5_family_complete,MACE-MP,uncertain,balanced_accuracy,0.4890366205912232,0.4839293844403138,0.4941438567421326,deterministic_binomial_approximation_phase2_v1
D5_family_complete,MACE-MP,uncertain,auroc,0.4831995649220195,0.47809398518242324,0.48830514466161573,deterministic_binomial_approximation_phase2_v1
D5_family_complete,MACE-MP,uncertain,auprc,0.324247917183357,0.3194654427735343,0.3290303915931797,deterministic_binomial_approximation_phase2_v1
D5_family_complete,MACE-MP,audit_view,f1,0.25466427743227577,0.2502130442699955,0.259115510594556,deterministic_binomial_approximation_phase2_v1
D5_family_complete,MACE-MP,audit_view,precision,0.25466427743227577,0.2502130442699955,0.259115510594556,deterministic_binomial_approximation_phase2_v1
D5_family_complete,MACE-MP,audit_view,recall,0.25466427743227577,0.2502130442699955,0.259115510594556,deterministic_binomial_approximation_phase2_v1
D5_family_complete,MACE-MP,audit_view,balanced_accuracy,0.49789776200004787,0.4927893428236701,0.5030061811764256,deterministic_binomial_approximation_phase2_v1
D5_family_complete,MACE-MP,audit_view,auroc,0.5061416953681388,0.5010336164402185,0.5112497742960591,deterministic_binomial_approximation_phase2_v1
D5_family_complete,MACE-MP,audit_view,auprc,0.2611515151497135,0.25666360318343584,0.2656394271159912,deterministic_binomial_approximation_phase2_v1
D5_family_complete,MP_common_pool_public_hull_rank,mp_native,f1,0.7723279648609077,0.7680418383922992,0.7766140913295162,deterministic_binomial_approximation_phase2_v1
D5_family_complete,MP_common_pool_public_hull_rank,mp_native,precision,0.7723279648609077,0.7680418383922992,0.7766140913295162,deterministic_binomial_approximation_phase2_v1
D5_family_complete,MP_common_pool_public_hull_rank,mp_native,recall,0.7723279648609077,0.7680418383922992,0.7766140913295162,deterministic_binomial_approximation_phase2_v1
D5_family_complete,MP_common_pool_public_hull_rank,mp_native,balanced_accuracy,0.8074986034753397,0.8034686773157479,0.8115285296349316,deterministic_binomial_approximation_phase2_v1
D5_family_complete,MP_common_pool_public_hull_rank,mp_native,auroc,0.869475220446933,0.8660318452623873,0.8729185956314788,deterministic_binomial_approximation_phase2_v1
D5_family_complete,MP_common_pool_public_hull_rank,mp_native,auprc,0.7520563502501773,0.7476425676054086,0.7564701328949459,deterministic_binomial_approximation_phase2_v1
D5_family_complete,MP_common_pool_public_hull_rank,alexmp20_native,f1,0.6691995185073728,0.6643903484679983,0.6740086885467473,deterministic_binomial_approximation_phase2_v1
D5_family_complete,MP_common_pool_public_hull_rank,alexmp20_native,precision,0.6691995185073728,0.6643903484679983,0.6740086885467473,deterministic_binomial_approximation_phase2_v1
D5_family_complete,MP_common_pool_public_hull_rank,alexmp20_native,recall,0.6691995185073728,0.6643903484679983,0.6740086885467473,deterministic_binomial_approximation_phase2_v1
D5_family_complete,MP_common_pool_public_hull_rank,alexmp20_native,balanced_accuracy,0.7409589039849241,0.7364808363210031,0.7454369716488451,deterministic_binomial_approximation_phase2_v1
D5_family_complete,MP_common_pool_public_hull_rank,alexmp20_native,auroc,0.8258983166625636,0.8220224035570808,0.8297742297680465,deterministic_binomial_approximation_phase2_v1
D5_family_complete,MP_common_pool_public_hull_rank,alexmp20_native,auprc,0.6421432644969001,0.6372434479486779,0.6470430810451222,deterministic_binomial_approximation_phase2_v1
D5_family_complete,MP_common_pool_public_hull_rank,alex_pbe_native,f1,0.5831347086381196,0.5780951608164028,0.5881742564598363,deterministic_binomial_approximation_phase2_v1
D5_family_complete,MP_common_pool_public_hull_rank,alex_pbe_native,precision,0.5831347086381196,0.5780951608164028,0.5881742564598363,deterministic_binomial_approximation_phase2_v1
D5_family_complete,MP_common_pool_public_hull_rank,alex_pbe_native,recall,0.5831347086381196,0.5780951608164028,0.5881742564598363,deterministic_binomial_approximation_phase2_v1
D5_family_complete,MP_common_pool_public_hull_rank,alex_pbe_native,balanced_accuracy,0.6884904937735978,0.6837568684163695,0.6932241191308262,deterministic_binomial_approximation_phase2_v1
D5_family_complete,MP_common_pool_public_hull_rank,alex_pbe_native,auroc,0.7932953788949817,0.7891563180413054,0.797434439748658,deterministic_binomial_approximation_phase2_v1
D5_family_complete,MP_common_pool_public_hull_rank,alex_pbe_native,auprc,0.565633130544103,0.5605666658283146,0.5706995952598914,deterministic_binomial_approximation_phase2_v1
D5_family_complete,MP_common_pool_public_hull_rank,common_pool,f1,1.0,1.0,1.0,deterministic_binomial_approximation_phase2_v1
D5_family_complete,MP_common_pool_public_hull_rank,common_pool,precision,1.0,1.0,1.0,deterministic_binomial_approximation_phase2_v1
D5_family_complete,MP_common_pool_public_hull_rank,common_pool,recall,1.0,1.0,1.0,deterministic_binomial_approximation_phase2_v1
D5_family_complete,MP_common_pool_public_hull_rank,common_pool,balanced_accuracy,1.0,1.0,1.0,deterministic_binomial_approximation_phase2_v1
D5_family_complete,MP_common_pool_public_hull_rank,common_pool,auroc,1.0,1.0,1.0,deterministic_binomial_approximation_phase2_v1
D5_family_complete,MP_common_pool_public_hull_rank,common_pool,auprc,0.9999999999999999,0.9999999998843222,1.0,deterministic_binomial_approximation_phase2_v1
D5_family_complete,MP_common_pool_public_hull_rank,source_union,f1,,,,deterministic_binomial_approximation_phase2_v1
D5_family_complete,MP_common_pool_public_hull_rank,source_union,precision,,,,deterministic_binomial_approximation_phase2_v1
D5_family_complete,MP_common_pool_public_hull_rank,source_union,recall,,,,deterministic_binomial_approximation_phase2_v1
D5_family_complete,MP_common_pool_public_hull_rank,source_union,balanced_accuracy,,,,deterministic_binomial_approximation_phase2_v1
D5_family_complete,MP_common_pool_public_hull_rank,source_union,auroc,,,,deterministic_binomial_approximation_phase2_v1
D5_family_complete,MP_common_pool_public_hull_rank,source_union,auprc,,,,deterministic_binomial_approximation_phase2_v1
D5_family_complete,MP_common_pool_public_hull_rank,consensus,f1,1.0,1.0,1.0,deterministic_binomial_approximation_phase2_v1
D5_family_complete,MP_common_pool_public_hull_rank,consensus,precision,1.0,1.0,1.0,deterministic_binomial_approximation_phase2_v1
D5_family_complete,MP_common_pool_public_hull_rank,consensus,recall,1.0,1.0,1.0,deterministic_binomial_approximation_phase2_v1
D5_family_complete,MP_common_pool_public_hull_rank,consensus,balanced_accuracy,1.0,1.0,1.0,deterministic_binomial_approximation_phase2_v1
D5_family_complete,MP_common_pool_public_hull_rank,consensus,auroc,1.0,1.0,1.0,deterministic_binomial_approximation_phase2_v1
D5_family_complete,MP_common_pool_public_hull_rank,consensus,auprc,0.9999999999999999,0.999999999868368,1.0,deterministic_binomial_approximation_phase2_v1
D5_family_complete,MP_common_pool_public_hull_rank,uncertain,f1,0.4671328671328671,0.4620332339794807,0.4722325002862535,deterministic_binomial_approximation_phase2_v1
D5_family_complete,MP_common_pool_public_hull_rank,uncertain,precision,0.4671328671328671,0.4620332339794807,0.4722325002862535,deterministic_binomial_approximation_phase2_v1
D5_family_complete,MP_common_pool_public_hull_rank,uncertain,recall,0.4671328671328671,0.4620332339794807,0.4722325002862535,deterministic_binomial_approximation_phase2_v1
D5_family_complete,MP_common_pool_public_hull_rank,uncertain,balanced_accuracy,0.6020003153458363,0.5969971024904888,0.6070035282011839,deterministic_binomial_approximation_phase2_v1
D5_family_complete,MP_common_pool_public_hull_rank,uncertain,auroc,0.6869387865602512,0.6821987367236066,0.6916788363968958,deterministic_binomial_approximation_phase2_v1
D5_family_complete,MP_common_pool_public_hull_rank,uncertain,auprc,0.4593596884979845,0.45426591172117886,0.4644534652747901,deterministic_binomial_approximation_phase2_v1
D5_family_complete,MP_common_pool_public_hull_rank,audit_view,f1,0.5011067776957943,0.4959961034870709,0.5062174519045176,deterministic_binomial_approximation_phase2_v1
D5_family_complete,MP_common_pool_public_hull_rank,audit_view,precision,0.5011067776957943,0.4959961034870709,0.5062174519045176,deterministic_binomial_approximation_phase2_v1
D5_family_complete,MP_common_pool_public_hull_rank,audit_view,recall,0.5011067776957943,0.4959961034870709,0.5062174519045176,deterministic_binomial_approximation_phase2_v1
D5_family_complete,MP_common_pool_public_hull_rank,audit_view,balanced_accuracy,0.663814393869339,0.6589857836791011,0.668643004059577,deterministic_binomial_approximation_phase2_v1
D5_family_complete,MP_common_pool_public_hull_rank,audit_view,auroc,0.8476593346740416,0.8439862760930374,0.8513323932550458,deterministic_binomial_approximation_phase2_v1
D5_family_complete,MP_common_pool_public_hull_rank,audit_view,auprc,0.5294285232560952,0.5243266963038089,0.5345303502083816,deterministic_binomial_approximation_phase2_v1
D5_family_complete,MP_source_native_public_hull_rank,mp_native,f1,1.0,1.0,1.0,deterministic_binomial_approximation_phase2_v1
D5_family_complete,MP_source_native_public_hull_rank,mp_native,precision,1.0,1.0,1.0,deterministic_binomial_approximation_phase2_v1
D5_family_complete,MP_source_native_public_hull_rank,mp_native,recall,1.0,1.0,1.0,deterministic_binomial_approximation_phase2_v1
D5_family_complete,MP_source_native_public_hull_rank,mp_native,balanced_accuracy,1.0,1.0,1.0,deterministic_binomial_approximation_phase2_v1
D5_family_complete,MP_source_native_public_hull_rank,mp_native,auroc,1.0,1.0,1.0,deterministic_binomial_approximation_phase2_v1
D5_family_complete,MP_source_native_public_hull_rank,mp_native,auprc,1.0,1.0,1.0,deterministic_binomial_approximation_phase2_v1
D5_family_complete,MP_source_native_public_hull_rank,alexmp20_native,f1,0.8112781954887218,0.8072804393118209,0.8152759516656227,deterministic_binomial_approximation_phase2_v1
D5_family_complete,MP_source_native_public_hull_rank,alexmp20_native,precision,0.8112781954887218,0.8072804393118209,0.8152759516656227,deterministic_binomial_approximation_phase2_v1
D5_family_complete,MP_source_native_public_hull_rank,alexmp20_native,recall,0.8112781954887218,0.8072804393118209,0.8152759516656227,deterministic_binomial_approximation_phase2_v1
D5_family_complete,MP_source_native_public_hull_rank,alexmp20_native,balanced_accuracy,0.8522393870814386,0.8486137819433375,0.8558649922195398,deterministic_binomial_approximation_phase2_v1
D5_family_complete,MP_source_native_public_hull_rank,alexmp20_native,auroc,0.9072235173714219,0.9042593927259291,0.9101876420169147,deterministic_binomial_approximation_phase2_v1
D5_family_complete,MP_source_native_public_hull_rank,alexmp20_native,auprc,0.785214911338006,0.7810190928358007,0.7894107298402113,deterministic_binomial_approximation_phase2_v1
D5_family_complete,MP_source_native_public_hull_rank,alex_pbe_native,f1,0.7293856767411301,0.7248465285040786,0.7339248249781816,deterministic_binomial_approximation_phase2_v1
D5_family_complete,MP_source_native_public_hull_rank,alex_pbe_native,precision,0.7293856767411301,0.7248465285040786,0.7339248249781816,deterministic_binomial_approximation_phase2_v1
D5_family_complete,MP_source_native_public_hull_rank,alex_pbe_native,recall,0.7293856767411301,0.7248465285040786,0.7339248249781816,deterministic_binomial_approximation_phase2_v1
D5_family_complete,MP_source_native_public_hull_rank,alex_pbe_native,balanced_accuracy,0.7977920018563118,0.7936884080586963,0.8018955956539273,deterministic_binomial_approximation_phase2_v1
D5_family_complete,MP_source_native_public_hull_rank,alex_pbe_native,auroc,0.8797764257630553,0.8764536476676388,0.8830992038584717,deterministic_binomial_approximation_phase2_v1
D5_family_complete,MP_source_native_public_hull_rank,alex_pbe_native,auprc,0.7015761876567441,0.6969012640546264,0.7062511112588619,deterministic_binomial_approximation_phase2_v1
D5_family_complete,MP_source_native_public_hull_rank,common_pool,f1,0.8791702050224433,0.8755919762790493,0.8827484337658372,deterministic_binomial_approximation_phase2_v1
D5_family_complete,MP_source_native_public_hull_rank,common_pool,precision,0.8791702050224433,0.8755919762790493,0.8827484337658372,deterministic_binomial_approximation_phase2_v1
D5_family_complete,MP_source_native_public_hull_rank,common_pool,recall,0.8791702050224433,0.8755919762790493,0.8827484337658372,deterministic_binomial_approximation_phase2_v1
D5_family_complete,MP_source_native_public_hull_rank,common_pool,balanced_accuracy,0.8748551356560842,0.871222522188457,0.8784877491237114,deterministic_binomial_approximation_phase2_v1
D5_family_complete,MP_source_native_public_hull_rank,common_pool,auroc,0.9439909945706565,0.9414665987294383,0.9465153904118747,deterministic_binomial_approximation_phase2_v1
D5_family_complete,MP_source_native_public_hull_rank,common_pool,auprc,0.9565783864226446,0.9543409131254593,0.9588158597198299,deterministic_binomial_approximation_phase2_v1
D5_family_complete,MP_source_native_public_hull_rank,source_union,f1,,,,deterministic_binomial_approximation_phase2_v1
D5_family_complete,MP_source_native_public_hull_rank,source_union,precision,,,,deterministic_binomial_approximation_phase2_v1
D5_family_complete,MP_source_native_public_hull_rank,source_union,recall,,,,deterministic_binomial_approximation_phase2_v1
D5_family_complete,MP_source_native_public_hull_rank,source_union,balanced_accuracy,,,,deterministic_binomial_approximation_phase2_v1
D5_family_complete,MP_source_native_public_hull_rank,source_union,auroc,,,,deterministic_binomial_approximation_phase2_v1
D5_family_complete,MP_source_native_public_hull_rank,source_union,auprc,,,,deterministic_binomial_approximation_phase2_v1
D5_family_complete,MP_source_native_public_hull_rank,consensus,f1,1.0,1.0,1.0,deterministic_binomial_approximation_phase2_v1
D5_family_complete,MP_source_native_public_hull_rank,consensus,precision,1.0,1.0,1.0,deterministic_binomial_approximation_phase2_v1
D5_family_complete,MP_source_native_public_hull_rank,consensus,recall,1.0,1.0,1.0,deterministic_binomial_approximation_phase2_v1
D5_family_complete,MP_source_native_public_hull_rank,consensus,balanced_accuracy,1.0,1.0,1.0,deterministic_binomial_approximation_phase2_v1
D5_family_complete,MP_source_native_public_hull_rank,consensus,auroc,1.0,1.0,1.0,deterministic_binomial_approximation_phase2_v1
D5_family_complete,MP_source_native_public_hull_rank,consensus,auprc,1.0,1.0,1.0,deterministic_binomial_approximation_phase2_v1
D5_family_complete,MP_source_native_public_hull_rank,uncertain,f1,0.35931730532534667,0.3544152193411148,0.36421939130957853,deterministic_binomial_approximation_phase2_v1
D5_family_complete,MP_source_native_public_hull_rank,uncertain,precision,0.35931730532534667,0.3544152193411148,0.36421939130957853,deterministic_binomial_approximation_phase2_v1
D5_family_complete,MP_source_native_public_hull_rank,uncertain,recall,0.35931730532534667,0.3544152193411148,0.36421939130957853,deterministic_binomial_approximation_phase2_v1
D5_family_complete,MP_source_native_public_hull_rank,uncertain,balanced_accuracy,0.521056174498952,0.515952241982635,0.526160107015269,deterministic_binomial_approximation_phase2_v1
D5_family_complete,MP_source_native_public_hull_rank,uncertain,auroc,0.6142134368578647,0.6092400348427096,0.6191868388730197,deterministic_binomial_approximation_phase2_v1
D5_family_complete,MP_source_native_public_hull_rank,uncertain,auprc,0.38631736951249585,0.38134269816688726,0.39129204085810443,deterministic_binomial_approximation_phase2_v1
D5_family_complete,MP_source_native_public_hull_rank,audit_view,f1,0.6238009908295562,0.618851594696565,0.6287503869625474,deterministic_binomial_approximation_phase2_v1
D5_family_complete,MP_source_native_public_hull_rank,audit_view,precision,0.6238009908295562,0.618851594696565,0.6287503869625474,deterministic_binomial_approximation_phase2_v1
D5_family_complete,MP_source_native_public_hull_rank,audit_view,recall,0.6238009908295562,0.618851594696565,0.6287503869625474,deterministic_binomial_approximation_phase2_v1
D5_family_complete,MP_source_native_public_hull_rank,audit_view,balanced_accuracy,0.7465700908751478,0.7421259830404966,0.751014198709799,deterministic_binomial_approximation_phase2_v1
D5_family_complete,MP_source_native_public_hull_rank,audit_view,auroc,0.8984623833058759,0.8953764694889563,0.9015482971227955,deterministic_binomial_approximation_phase2_v1
D5_family_complete,MP_source_native_public_hull_rank,audit_view,auprc,0.6310363176799255,0.6261064036243424,0.6359662317355086,deterministic_binomial_approximation_phase2_v1
D5_family_complete,MatterGen_alex_mp20_source_native_public_hull_rank,mp_native,f1,0.8424238392975921,0.8387013715605264,0.8461463070346579,deterministic_binomial_approximation_phase2_v1
D5_family_complete,MatterGen_alex_mp20_source_native_public_hull_rank,mp_native,precision,0.8424238392975921,0.8387013715605264,0.8461463070346579,deterministic_binomial_approximation_phase2_v1
D5_family_complete,MatterGen_alex_mp20_source_native_public_hull_rank,mp_native,recall,0.8424238392975921,0.8387013715605264,0.8461463070346579,deterministic_binomial_approximation_phase2_v1
D5_family_complete,MatterGen_alex_mp20_source_native_public_hull_rank,mp_native,balanced_accuracy,0.8667971824198362,0.863325533399817,0.8702688314398553,deterministic_binomial_approximation_phase2_v1
D5_family_complete,MatterGen_alex_mp20_source_native_public_hull_rank,mp_native,auroc,0.917484141788719,0.9146729637296082,0.9202953198478298,deterministic_binomial_approximation_phase2_v1
D5_family_complete,MatterGen_alex_mp20_source_native_public_hull_rank,mp_native,auprc,0.8677034437101401,0.8642418165383431,0.8711650708819371,deterministic_binomial_approximation_phase2_v1
D5_family_complete,MatterGen_alex_mp20_source_native_public_hull_rank,alexmp20_native,f1,1.0,1.0,1.0,deterministic_binomial_approximation_phase2_v1
D5_family_complete,MatterGen_alex_mp20_source_native_public_hull_rank,alexmp20_native,precision,1.0,1.0,1.0,deterministic_binomial_approximation_phase2_v1
D5_family_complete,MatterGen_alex_mp20_source_native_public_hull_rank,alexmp20_native,recall,1.0,1.0,1.0,deterministic_binomial_approximation_phase2_v1
D5_family_complete,MatterGen_alex_mp20_source_native_public_hull_rank,alexmp20_native,balanced_accuracy,1.0,1.0,1.0,deterministic_binomial_approximation_phase2_v1
D5_family_complete,MatterGen_alex_mp20_source_native_public_hull_rank,alexmp20_native,auroc,1.0,1.0,1.0,deterministic_binomial_approximation_phase2_v1
D5_family_complete,MatterGen_alex_mp20_source_native_public_hull_rank,alexmp20_native,auprc,1.0,1.0,1.0,deterministic_binomial_approximation_phase2_v1
D5_family_complete,MatterGen_alex_mp20_source_native_public_hull_rank,alex_pbe_native,f1,0.8141425755584757,0.8101682764299072,0.8181168746870442,deterministic_binomial_approximation_phase2_v1
D5_family_complete,MatterGen_alex_mp20_source_native_public_hull_rank,alex_pbe_native,precision,0.8141425755584757,0.8101682764299072,0.8181168746870442,deterministic_binomial_approximation_phase2_v1
D5_family_complete,MatterGen_alex_mp20_source_native_public_hull_rank,alex_pbe_native,recall,0.8141425755584757,0.8101682764299072,0.8181168746870442,deterministic_binomial_approximation_phase2_v1
D5_family_complete,MatterGen_alex_mp20_source_native_public_hull_rank,alex_pbe_native,balanced_accuracy,0.8611239150837128,0.8575907256862317,0.8646571044811938,deterministic_binomial_approximation_phase2_v1
D5_family_complete,MatterGen_alex_mp20_source_native_public_hull_rank,alex_pbe_native,auroc,0.91827436045074,0.9154754709437316,0.9210732499577483,deterministic_binomial_approximation_phase2_v1
D5_family_complete,MatterGen_alex_mp20_source_native_public_hull_rank,alex_pbe_native,auprc,0.7927444484047435,0.7886031163704146,0.7968857804390723,deterministic_binomial_approximation_phase2_v1
D5_family_complete,MatterGen_alex_mp20_source_native_public_hull_rank,common_pool,f1,0.8476282906708723,0.8436828138939159,0.8515737674478288,deterministic_binomial_approximation_phase2_v1
D5_family_complete,MatterGen_alex_mp20_source_native_public_hull_rank,common_pool,precision,0.8476282906708723,0.8436828138939159,0.8515737674478288,deterministic_binomial_approximation_phase2_v1
D5_family_complete,MatterGen_alex_mp20_source_native_public_hull_rank,common_pool,recall,0.8476282906708723,0.8436828138939159,0.8515737674478288,deterministic_binomial_approximation_phase2_v1
D5_family_complete,MatterGen_alex_mp20_source_native_public_hull_rank,common_pool,balanced_accuracy,0.8421867975743391,0.8381843976570509,0.8461891974916274,deterministic_binomial_approximation_phase2_v1
D5_family_complete,MatterGen_alex_mp20_source_native_public_hull_rank,common_pool,auroc,0.920335106762807,0.9173624067595573,0.9233078067660568,deterministic_binomial_approximation_phase2_v1
D5_family_complete,MatterGen_alex_mp20_source_native_public_hull_rank,common_pool,auprc,0.9345044502695337,0.931788378867587,0.9372205216714803,deterministic_binomial_approximation_phase2_v1
D5_family_complete,MatterGen_alex_mp20_source_native_public_hull_rank,source_union,f1,,,,deterministic_binomial_approximation_phase2_v1
D5_family_complete,MatterGen_alex_mp20_source_native_public_hull_rank,source_union,precision,,,,deterministic_binomial_approximation_phase2_v1
D5_family_complete,MatterGen_alex_mp20_source_native_public_hull_rank,source_union,recall,,,,deterministic_binomial_approximation_phase2_v1
D5_family_complete,MatterGen_alex_mp20_source_native_public_hull_rank,source_union,balanced_accuracy,,,,deterministic_binomial_approximation_phase2_v1
D5_family_complete,MatterGen_alex_mp20_source_native_public_hull_rank,source_union,auroc,,,,deterministic_binomial_approximation_phase2_v1
D5_family_complete,MatterGen_alex_mp20_source_native_public_hull_rank,source_union,auprc,,,,deterministic_binomial_approximation_phase2_v1
D5_family_complete,MatterGen_alex_mp20_source_native_public_hull_rank,consensus,f1,1.0,1.0,1.0,deterministic_binomial_approximation_phase2_v1
D5_family_complete,MatterGen_alex_mp20_source_native_public_hull_rank,consensus,precision,1.0,1.0,1.0,deterministic_binomial_approximation_phase2_v1
D5_family_complete,MatterGen_alex_mp20_source_native_public_hull_rank,consensus,recall,1.0,1.0,1.0,deterministic_binomial_approximation_phase2_v1
D5_family_complete,MatterGen_alex_mp20_source_native_public_hull_rank,consensus,balanced_accuracy,1.0,1.0,1.0,deterministic_binomial_approximation_phase2_v1
D5_family_complete,MatterGen_alex_mp20_source_native_public_hull_rank,consensus,auroc,1.0,1.0,1.0,deterministic_binomial_approximation_phase2_v1
D5_family_complete,MatterGen_alex_mp20_source_native_public_hull_rank,consensus,auprc,1.0,1.0,1.0,deterministic_binomial_approximation_phase2_v1
D5_family_complete,MatterGen_alex_mp20_source_native_public_hull_rank,uncertain,f1,0.2850578485271191,0.2804454979083657,0.28967019914587244,deterministic_binomial_approximation_phase2_v1
D5_family_complete,MatterGen_alex_mp20_source_native_public_hull_rank,uncertain,precision,0.2850578485271191,0.2804454979083657,0.28967019914587244,deterministic_binomial_approximation_phase2_v1
D5_family_complete,MatterGen_alex_mp20_source_native_public_hull_rank,uncertain,recall,0.2850578485271191,0.2804454979083657,0.28967019914587244,deterministic_binomial_approximation_phase2_v1
D5_family_complete,MatterGen_alex_mp20_source_native_public_hull_rank,uncertain,balanced_accuracy,0.4655433463639048,0.4604470266312811,0.4706396660965285,deterministic_binomial_approximation_phase2_v1
D5_family_complete,MatterGen_alex_mp20_source_native_public_hull_rank,uncertain,auroc,0.5702745927223444,0.5652168365552958,0.575332348889393,deterministic_binomial_approximation_phase2_v1
D5_family_complete,MatterGen_alex_mp20_source_native_public_hull_rank,uncertain,auprc,0.34661297675437513,0.3417508304557274,0.35147512305302286,deterministic_binomial_approximation_phase2_v1
D5_family_complete,MatterGen_alex_mp20_source_native_public_hull_rank,audit_view,f1,0.7116053546958997,0.7069769261781537,0.7162337832136457,deterministic_binomial_approximation_phase2_v1
D5_family_complete,MatterGen_alex_mp20_source_native_public_hull_rank,audit_view,precision,0.7116053546958997,0.7069769261781537,0.7162337832136457,deterministic_binomial_approximation_phase2_v1
D5_family_complete,MatterGen_alex_mp20_source_native_public_hull_rank,audit_view,recall,0.7116053546958997,0.7069769261781537,0.7162337832136457,deterministic_binomial_approximation_phase2_v1
D5_family_complete,MatterGen_alex_mp20_source_native_public_hull_rank,audit_view,balanced_accuracy,0.8057203050250503,0.8016780266193809,0.8097625834307197,deterministic_binomial_approximation_phase2_v1
D5_family_complete,MatterGen_alex_mp20_source_native_public_hull_rank,audit_view,auroc,0.9302031850631521,0.9275998679434476,0.9328065021828567,deterministic_binomial_approximation_phase2_v1
D5_family_complete,MatterGen_alex_mp20_source_native_public_hull_rank,audit_view,auprc,0.7133082706766918,0.7086880090049874,0.7179285323483962,deterministic_binomial_approximation_phase2_v1
D5_family_complete,consensus_oracle_proxy,mp_native,f1,0.6310363176799255,0.6261064036243424,0.6359662317355086,deterministic_binomial_approximation_phase2_v1
D5_family_complete,consensus_oracle_proxy,mp_native,precision,0.6310363176799255,0.6261064036243424,0.6359662317355086,deterministic_binomial_approximation_phase2_v1
D5_family_complete,consensus_oracle_proxy,mp_native,recall,0.6310363176799255,0.6261064036243424,0.6359662317355086,deterministic_binomial_approximation_phase2_v1
D5_family_complete,consensus_oracle_proxy,mp_native,balanced_accuracy,0.6881063617065559,0.6833731993088557,0.6928395241042562,deterministic_binomial_approximation_phase2_v1
D5_family_complete,consensus_oracle_proxy,mp_native,auroc,0.6872854061725677,0.682548846678427,0.6920219656667085,deterministic_binomial_approximation_phase2_v1
D5_family_complete,consensus_oracle_proxy,mp_native,auprc,0.7780683351354545,0.7738227371645053,0.7823139331064036,deterministic_binomial_approximation_phase2_v1
D5_family_complete,consensus_oracle_proxy,alexmp20_native,f1,0.7133082706766918,0.7086880090049874,0.7179285323483962,deterministic_binomial_approximation_phase2_v1
D5_family_complete,consensus_oracle_proxy,alexmp20_native,precision,0.7133082706766918,0.7086880090049874,0.7179285323483962,deterministic_binomial_approximation_phase2_v1
D5_family_complete,consensus_oracle_proxy,alexmp20_native,recall,0.7133082706766918,0.7086880090049874,0.7179285323483962,deterministic_binomial_approximation_phase2_v1
D5_family_complete,consensus_oracle_proxy,alexmp20_native,balanced_accuracy,0.7755333796579782,0.7712705645902778,0.7797961947256786,deterministic_binomial_approximation_phase2_v1
D5_family_complete,consensus_oracle_proxy,alexmp20_native,auroc,0.7657395627183865,0.7614123287397878,0.7700667966969852,deterministic_binomial_approximation_phase2_v1
D5_family_complete,consensus_oracle_proxy,alexmp20_native,auprc,0.8202960091456131,0.8163733143325983,0.8242187039586278,deterministic_binomial_approximation_phase2_v1
D5_family_complete,consensus_oracle_proxy,alex_pbe_native,f1,0.7791557161629435,0.7749175734888878,0.7833938588369993,deterministic_binomial_approximation_phase2_v1
D5_family_complete,consensus_oracle_proxy,alex_pbe_native,precision,0.7791557161629435,0.7749175734888878,0.7833938588369993,deterministic_binomial_approximation_phase2_v1
D5_family_complete,consensus_oracle_proxy,alex_pbe_native,recall,0.7791557161629435,0.7749175734888878,0.7833938588369993,deterministic_binomial_approximation_phase2_v1
D5_family_complete,consensus_oracle_proxy,alex_pbe_native,balanced_accuracy,0.8349810904375182,0.8311885908913812,0.8387735899836553,deterministic_binomial_approximation_phase2_v1
D5_family_complete,consensus_oracle_proxy,alex_pbe_native,auroc,0.8227812650177003,0.818879892916463,0.8266826371189376,deterministic_binomial_approximation_phase2_v1
D5_family_complete,consensus_oracle_proxy,alex_pbe_native,auprc,0.8577310517662011,0.8541620152806274,0.8613000882517748,deterministic_binomial_approximation_phase2_v1
D5_family_complete,consensus_oracle_proxy,common_pool,f1,0.5754579643333738,0.5700315649897196,0.580884363677028,deterministic_binomial_approximation_phase2_v1
D5_family_complete,consensus_oracle_proxy,common_pool,precision,0.5754579643333738,0.5700315649897196,0.580884363677028,deterministic_binomial_approximation_phase2_v1
D5_family_complete,consensus_oracle_proxy,common_pool,recall,0.5754579643333738,0.5700315649897196,0.580884363677028,deterministic_binomial_approximation_phase2_v1
D5_family_complete,consensus_oracle_proxy,common_pool,balanced_accuracy,0.5602967341651272,0.5548475248396981,0.5657459434905562,deterministic_binomial_approximation_phase2_v1
D5_family_complete,consensus_oracle_proxy,common_pool,auroc,0.5790845725354399,0.5736644011461808,0.584504743924699,deterministic_binomial_approximation_phase2_v1
D5_family_complete,consensus_oracle_proxy,common_pool,auprc,0.7694875488756167,0.7648638175232038,0.7741112802280296,deterministic_binomial_approximation_phase2_v1
D5_family_complete,consensus_oracle_proxy,source_union,f1,,,,deterministic_binomial_approximation_phase2_v1
D5_family_complete,consensus_oracle_proxy,source_union,precision,,,,deterministic_binomial_approximation_phase2_v1
D5_family_complete,consensus_oracle_proxy,source_union,recall,,,,deterministic_binomial_approximation_phase2_v1
D5_family_complete,consensus_oracle_proxy,source_union,balanced_accuracy,,,,deterministic_binomial_approximation_phase2_v1
D5_family_complete,consensus_oracle_proxy,source_union,auroc,,,,deterministic_binomial_approximation_phase2_v1
D5_family_complete,consensus_oracle_proxy,source_union,auprc,,,,deterministic_binomial_approximation_phase2_v1
D5_family_complete,consensus_oracle_proxy,consensus,f1,1.0,1.0,1.0,deterministic_binomial_approximation_phase2_v1
D5_family_complete,consensus_oracle_proxy,consensus,precision,1.0,1.0,1.0,deterministic_binomial_approximation_phase2_v1
D5_family_complete,consensus_oracle_proxy,consensus,recall,1.0,1.0,1.0,deterministic_binomial_approximation_phase2_v1
D5_family_complete,consensus_oracle_proxy,consensus,balanced_accuracy,1.0,1.0,1.0,deterministic_binomial_approximation_phase2_v1
D5_family_complete,consensus_oracle_proxy,consensus,auroc,1.0,1.0,1.0,deterministic_binomial_approximation_phase2_v1
D5_family_complete,consensus_oracle_proxy,consensus,auprc,1.0,1.0,1.0,deterministic_binomial_approximation_phase2_v1
D5_family_complete,consensus_oracle_proxy,uncertain,f1,0.0,0.0,0.0,deterministic_binomial_approximation_phase2_v1
D5_family_complete,consensus_oracle_proxy,uncertain,precision,0.0,0.0,0.0,deterministic_binomial_approximation_phase2_v1
D5_family_complete,consensus_oracle_proxy,uncertain,recall,0.0,0.0,0.0,deterministic_binomial_approximation_phase2_v1
D5_family_complete,consensus_oracle_proxy,uncertain,balanced_accuracy,0.25244769449522647,0.24800929021842474,0.2568860987720282,deterministic_binomial_approximation_phase2_v1
D5_family_complete,consensus_oracle_proxy,uncertain,auroc,0.0,0.0,0.0,deterministic_binomial_approximation_phase2_v1
D5_family_complete,consensus_oracle_proxy,uncertain,auprc,0.18766773153113636,0.18367856638729488,0.19165689667497784,deterministic_binomial_approximation_phase2_v1
D5_family_complete,consensus_oracle_proxy,audit_view,f1,1.0,1.0,1.0,deterministic_binomial_approximation_phase2_v1
D5_family_complete,consensus_oracle_proxy,audit_view,precision,1.0,1.0,1.0,deterministic_binomial_approximation_phase2_v1
D5_family_complete,consensus_oracle_proxy,audit_view,recall,1.0,1.0,1.0,deterministic_binomial_approximation_phase2_v1
D5_family_complete,consensus_oracle_proxy,audit_view,balanced_accuracy,1.0,1.0,1.0,deterministic_binomial_approximation_phase2_v1
D5_family_complete,consensus_oracle_proxy,audit_view,auroc,1.0,1.0,1.0,deterministic_binomial_approximation_phase2_v1
D5_family_complete,consensus_oracle_proxy,audit_view,auprc,1.0,1.0,1.0,deterministic_binomial_approximation_phase2_v1
D5_family_complete,official_Alexandria_PBE_common_pool_public_hull_rank,mp_native,f1,0.718903818012505,0.7143109577808875,0.7234966782441226,deterministic_binomial_approximation_phase2_v1
D5_family_complete,official_Alexandria_PBE_common_pool_public_hull_rank,mp_native,precision,0.718903818012505,0.7143109577808875,0.7234966782441226,deterministic_binomial_approximation_phase2_v1
D5_family_complete,official_Alexandria_PBE_common_pool_public_hull_rank,mp_native,recall,0.718903818012505,0.7143109577808875,0.7234966782441226,deterministic_binomial_approximation_phase2_v1
D5_family_complete,official_Alexandria_PBE_common_pool_public_hull_rank,mp_native,balanced_accuracy,0.7623828167607545,0.7580342531014629,0.7667313804200461,deterministic_binomial_approximation_phase2_v1
D5_family_complete,official_Alexandria_PBE_common_pool_public_hull_rank,mp_native,auroc,0.8544574185686278,0.8508544488671052,0.8580603882701504,deterministic_binomial_approximation_phase2_v1
D5_family_complete,official_Alexandria_PBE_common_pool_public_hull_rank,mp_native,auprc,0.7041102850015072,0.6994468530956596,0.7087737169073548,deterministic_binomial_approximation_phase2_v1
D5_family_complete,official_Alexandria_PBE_common_pool_public_hull_rank,alexmp20_native,f1,0.6418045112781955,0.6369058004976356,0.6467032220587554,deterministic_binomial_approximation_phase2_v1
D5_family_complete,official_Alexandria_PBE_common_pool_public_hull_rank,alexmp20_native,precision,0.6418045112781955,0.6369058004976356,0.6467032220587554,deterministic_binomial_approximation_phase2_v1
D5_family_complete,official_Alexandria_PBE_common_pool_public_hull_rank,alexmp20_native,recall,0.6418045112781955,0.6369058004976356,0.6467032220587554,deterministic_binomial_approximation_phase2_v1
D5_family_complete,official_Alexandria_PBE_common_pool_public_hull_rank,alexmp20_native,balanced_accuracy,0.7195491793051687,0.7149595357365404,0.724138822873797,deterministic_binomial_approximation_phase2_v1
D5_family_complete,official_Alexandria_PBE_common_pool_public_hull_rank,alexmp20_native,auroc,0.837569678920303,0.8338012147910123,0.8413381430495936,deterministic_binomial_approximation_phase2_v1
D5_family_complete,official_Alexandria_PBE_common_pool_public_hull_rank,alexmp20_native,auprc,0.6345049914054345,0.6295848384119919,0.6394251443988771,deterministic_binomial_approximation_phase2_v1
D5_family_complete,official_Alexandria_PBE_common_pool_public_hull_rank,alex_pbe_native,f1,0.5955157687253614,0.5905013823886839,0.6005301550620389,deterministic_binomial_approximation_phase2_v1
D5_family_complete,official_Alexandria_PBE_common_pool_public_hull_rank,alex_pbe_native,precision,0.5955157687253614,0.5905013823886839,0.6005301550620389,deterministic_binomial_approximation_phase2_v1
D5_family_complete,official_Alexandria_PBE_common_pool_public_hull_rank,alex_pbe_native,recall,0.5955157687253614,0.5905013823886839,0.6005301550620389,deterministic_binomial_approximation_phase2_v1
D5_family_complete,official_Alexandria_PBE_common_pool_public_hull_rank,alex_pbe_native,balanced_accuracy,0.6977619451114827,0.6930700469872607,0.7024538432357047,deterministic_binomial_approximation_phase2_v1
D5_family_complete,official_Alexandria_PBE_common_pool_public_hull_rank,alex_pbe_native,auroc,0.8409764962285196,0.837240185826549,0.8447128066304901,deterministic_binomial_approximation_phase2_v1
D5_family_complete,official_Alexandria_PBE_common_pool_public_hull_rank,alex_pbe_native,auprc,0.6039440342637169,0.598947176488111,0.6089408920393228,deterministic_binomial_approximation_phase2_v1
D5_family_complete,official_Alexandria_PBE_common_pool_public_hull_rank,common_pool,f1,1.0,1.0,1.0,deterministic_binomial_approximation_phase2_v1
D5_family_complete,official_Alexandria_PBE_common_pool_public_hull_rank,common_pool,precision,1.0,1.0,1.0,deterministic_binomial_approximation_phase2_v1
D5_family_complete,official_Alexandria_PBE_common_pool_public_hull_rank,common_pool,recall,1.0,1.0,1.0,deterministic_binomial_approximation_phase2_v1
D5_family_complete,official_Alexandria_PBE_common_pool_public_hull_rank,common_pool,balanced_accuracy,1.0,1.0,1.0,deterministic_binomial_approximation_phase2_v1
D5_family_complete,official_Alexandria_PBE_common_pool_public_hull_rank,common_pool,auroc,1.0,1.0,1.0,deterministic_binomial_approximation_phase2_v1
D5_family_complete,official_Alexandria_PBE_common_pool_public_hull_rank,common_pool,auprc,1.0,1.0,1.0,deterministic_binomial_approximation_phase2_v1
D5_family_complete,official_Alexandria_PBE_common_pool_public_hull_rank,source_union,f1,,,,deterministic_binomial_approximation_phase2_v1
D5_family_complete,official_Alexandria_PBE_common_pool_public_hull_rank,source_union,precision,,,,deterministic_binomial_approximation_phase2_v1
D5_family_complete,official_Alexandria_PBE_common_pool_public_hull_rank,source_union,recall,,,,deterministic_binomial_approximation_phase2_v1
D5_family_complete,official_Alexandria_PBE_common_pool_public_hull_rank,source_union,balanced_accuracy,,,,deterministic_binomial_approximation_phase2_v1
D5_family_complete,official_Alexandria_PBE_common_pool_public_hull_rank,source_union,auroc,,,,deterministic_binomial_approximation_phase2_v1
D5_family_complete,official_Alexandria_PBE_common_pool_public_hull_rank,source_union,auprc,,,,deterministic_binomial_approximation_phase2_v1
D5_family_complete,official_Alexandria_PBE_common_pool_public_hull_rank,consensus,f1,1.0,1.0,1.0,deterministic_binomial_approximation_phase2_v1
D5_family_complete,official_Alexandria_PBE_common_pool_public_hull_rank,consensus,precision,1.0,1.0,1.0,deterministic_binomial_approximation_phase2_v1
D5_family_complete,official_Alexandria_PBE_common_pool_public_hull_rank,consensus,recall,1.0,1.0,1.0,deterministic_binomial_approximation_phase2_v1
D5_family_complete,official_Alexandria_PBE_common_pool_public_hull_rank,consensus,balanced_accuracy,1.0,1.0,1.0,deterministic_binomial_approximation_phase2_v1
D5_family_complete,official_Alexandria_PBE_common_pool_public_hull_rank,consensus,auroc,1.0,1.0,1.0,deterministic_binomial_approximation_phase2_v1
D5_family_complete,official_Alexandria_PBE_common_pool_public_hull_rank,consensus,auprc,1.0,1.0,1.0,deterministic_binomial_approximation_phase2_v1
D5_family_complete,official_Alexandria_PBE_common_pool_public_hull_rank,uncertain,f1,0.5411504061705096,0.5360592721341179,0.5462415402069013,deterministic_binomial_approximation_phase2_v1
D5_family_complete,official_Alexandria_PBE_common_pool_public_hull_rank,uncertain,precision,0.5411504061705096,0.5360592721341179,0.5462415402069013,deterministic_binomial_approximation_phase2_v1
D5_family_complete,official_Alexandria_PBE_common_pool_public_hull_rank,uncertain,recall,0.5411504061705096,0.5360592721341179,0.5462415402069013,deterministic_binomial_approximation_phase2_v1
D5_family_complete,official_Alexandria_PBE_common_pool_public_hull_rank,uncertain,balanced_accuracy,0.6569859282528355,0.6521357872661924,0.6618360692394787,deterministic_binomial_approximation_phase2_v1
D5_family_complete,official_Alexandria_PBE_common_pool_public_hull_rank,uncertain,auroc,0.7609205928182499,0.7565628548266556,0.7652783308098441,deterministic_binomial_approximation_phase2_v1
D5_family_complete,official_Alexandria_PBE_common_pool_public_hull_rank,uncertain,auprc,0.5257548983003153,0.5206532155121322,0.5308565810884984,deterministic_binomial_approximation_phase2_v1
D5_family_complete,official_Alexandria_PBE_common_pool_public_hull_rank,audit_view,f1,0.4214187835986086,0.4163738033468286,0.42646376385038864,deterministic_binomial_approximation_phase2_v1
D5_family_complete,official_Alexandria_PBE_common_pool_public_hull_rank,audit_view,precision,0.4214187835986086,0.4163738033468286,0.42646376385038864,deterministic_binomial_approximation_phase2_v1
D5_family_complete,official_Alexandria_PBE_common_pool_public_hull_rank,audit_view,recall,0.4214187835986086,0.4163738033468286,0.42646376385038864,deterministic_binomial_approximation_phase2_v1
D5_family_complete,official_Alexandria_PBE_common_pool_public_hull_rank,audit_view,balanced_accuracy,0.6102334628225516,0.6052506950635059,0.6152162305815974,deterministic_binomial_approximation_phase2_v1
D5_family_complete,official_Alexandria_PBE_common_pool_public_hull_rank,audit_view,auroc,0.806459005792699,0.8024225705191151,0.8104954410662829,deterministic_binomial_approximation_phase2_v1
D5_family_complete,official_Alexandria_PBE_common_pool_public_hull_rank,audit_view,auprc,0.46911891921862753,0.46402020748226663,0.4742176309549884,deterministic_binomial_approximation_phase2_v1
D5_family_complete,official_Alexandria_PBE_source_native_public_hull_rank,mp_native,f1,0.8131568444858321,0.8091744331227286,0.8171392558489357,deterministic_binomial_approximation_phase2_v1
D5_family_complete,official_Alexandria_PBE_source_native_public_hull_rank,mp_native,precision,0.8131568444858321,0.8091744331227286,0.8171392558489357,deterministic_binomial_approximation_phase2_v1
D5_family_complete,official_Alexandria_PBE_source_native_public_hull_rank,mp_native,recall,0.8131568444858321,0.8091744331227286,0.8171392558489357,deterministic_binomial_approximation_phase2_v1
D5_family_complete,official_Alexandria_PBE_source_native_public_hull_rank,mp_native,balanced_accuracy,0.8420571065501561,0.8383311208954136,0.8457830922048986,deterministic_binomial_approximation_phase2_v1
D5_family_complete,official_Alexandria_PBE_source_native_public_hull_rank,mp_native,auroc,0.9023035214875195,0.8992700763699003,0.9053369666051386,deterministic_binomial_approximation_phase2_v1
D5_family_complete,official_Alexandria_PBE_source_native_public_hull_rank,mp_native,auprc,0.8410505014013133,0.8373148961345565,0.8447861066680702,deterministic_binomial_approximation_phase2_v1
D5_family_complete,official_Alexandria_PBE_source_native_public_hull_rank,alexmp20_native,f1,0.855187969924812,0.8515925181066574,0.8587834217429667,deterministic_binomial_approximation_phase2_v1
D5_family_complete,official_Alexandria_PBE_source_native_public_hull_rank,alexmp20_native,precision,0.855187969924812,0.8515925181066574,0.8587834217429667,deterministic_binomial_approximation_phase2_v1
D5_family_complete,official_Alexandria_PBE_source_native_public_hull_rank,alexmp20_native,recall,0.855187969924812,0.8515925181066574,0.8587834217429667,deterministic_binomial_approximation_phase2_v1
D5_family_complete,official_Alexandria_PBE_source_native_public_hull_rank,alexmp20_native,balanced_accuracy,0.8866187488122912,0.8833793871436004,0.889858110480982,deterministic_binomial_approximation_phase2_v1
D5_family_complete,official_Alexandria_PBE_source_native_public_hull_rank,alexmp20_native,auroc,0.9360458060520204,0.9335460166267172,0.9385455954773235,deterministic_binomial_approximation_phase2_v1
D5_family_complete,official_Alexandria_PBE_source_native_public_hull_rank,alexmp20_native,auprc,0.8609631383872791,0.8574282344360488,0.8644980423385095,deterministic_binomial_approximation_phase2_v1
D5_family_complete,official_Alexandria_PBE_source_native_public_hull_rank,alex_pbe_native,f1,1.0,1.0,1.0,deterministic_binomial_approximation_phase2_v1
D5_family_complete,official_Alexandria_PBE_source_native_public_hull_rank,alex_pbe_native,precision,1.0,1.0,1.0,deterministic_binomial_approximation_phase2_v1
D5_family_complete,official_Alexandria_PBE_source_native_public_hull_rank,alex_pbe_native,recall,1.0,1.0,1.0,deterministic_binomial_approximation_phase2_v1
D5_family_complete,official_Alexandria_PBE_source_native_public_hull_rank,alex_pbe_native,balanced_accuracy,1.0,1.0,1.0,deterministic_binomial_approximation_phase2_v1
D5_family_complete,official_Alexandria_PBE_source_native_public_hull_rank,alex_pbe_native,auroc,1.0,1.0,1.0,deterministic_binomial_approximation_phase2_v1
D5_family_complete,official_Alexandria_PBE_source_native_public_hull_rank,alex_pbe_native,auprc,1.0,1.0,1.0,deterministic_binomial_approximation_phase2_v1
D5_family_complete,official_Alexandria_PBE_source_native_public_hull_rank,common_pool,f1,0.8386509765861944,0.8346124922842391,0.8426894608881497,deterministic_binomial_approximation_phase2_v1
D5_family_complete,official_Alexandria_PBE_source_native_public_hull_rank,common_pool,precision,0.8386509765861944,0.8346124922842391,0.8426894608881497,deterministic_binomial_approximation_phase2_v1
D5_family_complete,official_Alexandria_PBE_source_native_public_hull_rank,common_pool,recall,0.8386509765861944,0.8346124922842391,0.8426894608881497,deterministic_binomial_approximation_phase2_v1
D5_family_complete,official_Alexandria_PBE_source_native_public_hull_rank,common_pool,balanced_accuracy,0.8328888859664578,0.828793066548254,0.8369847053846616,deterministic_binomial_approximation_phase2_v1
D5_family_complete,official_Alexandria_PBE_source_native_public_hull_rank,common_pool,auroc,0.9143627745584915,0.9112906758732021,0.9174348732437808,deterministic_binomial_approximation_phase2_v1
D5_family_complete,official_Alexandria_PBE_source_native_public_hull_rank,common_pool,auprc,0.937513252072893,0.934856033562965,0.9401704705828211,deterministic_binomial_approximation_phase2_v1
D5_family_complete,official_Alexandria_PBE_source_native_public_hull_rank,source_union,f1,,,,deterministic_binomial_approximation_phase2_v1
D5_family_complete,official_Alexandria_PBE_source_native_public_hull_rank,source_union,precision,,,,deterministic_binomial_approximation_phase2_v1
D5_family_complete,official_Alexandria_PBE_source_native_public_hull_rank,source_union,recall,,,,deterministic_binomial_approximation_phase2_v1
D5_family_complete,official_Alexandria_PBE_source_native_public_hull_rank,source_union,balanced_accuracy,,,,deterministic_binomial_approximation_phase2_v1
D5_family_complete,official_Alexandria_PBE_source_native_public_hull_rank,source_union,auroc,,,,deterministic_binomial_approximation_phase2_v1
D5_family_complete,official_Alexandria_PBE_source_native_public_hull_rank,source_union,auprc,,,,deterministic_binomial_approximation_phase2_v1
D5_family_complete,official_Alexandria_PBE_source_native_public_hull_rank,consensus,f1,1.0,1.0,1.0,deterministic_binomial_approximation_phase2_v1
D5_family_complete,official_Alexandria_PBE_source_native_public_hull_rank,consensus,precision,1.0,1.0,1.0,deterministic_binomial_approximation_phase2_v1
D5_family_complete,official_Alexandria_PBE_source_native_public_hull_rank,consensus,recall,1.0,1.0,1.0,deterministic_binomial_approximation_phase2_v1
D5_family_complete,official_Alexandria_PBE_source_native_public_hull_rank,consensus,balanced_accuracy,1.0,1.0,1.0,deterministic_binomial_approximation_phase2_v1
D5_family_complete,official_Alexandria_PBE_source_native_public_hull_rank,consensus,auroc,1.0,1.0,1.0,deterministic_binomial_approximation_phase2_v1
D5_family_complete,official_Alexandria_PBE_source_native_public_hull_rank,consensus,auprc,1.0,1.0,1.0,deterministic_binomial_approximation_phase2_v1
D5_family_complete,official_Alexandria_PBE_source_native_public_hull_rank,uncertain,f1,0.22154755066874537,0.2173045814404806,0.22579051989701016,deterministic_binomial_approximation_phase2_v1
D5_family_complete,official_Alexandria_PBE_source_native_public_hull_rank,uncertain,precision,0.22154755066874537,0.2173045814404806,0.22579051989701016,deterministic_binomial_approximation_phase2_v1
D5_family_complete,official_Alexandria_PBE_source_native_public_hull_rank,uncertain,recall,0.22154755066874537,0.2173045814404806,0.22579051989701016,deterministic_binomial_approximation_phase2_v1
D5_family_complete,official_Alexandria_PBE_source_native_public_hull_rank,uncertain,balanced_accuracy,0.4180660767765827,0.4130266671337479,0.4231054864194175,deterministic_binomial_approximation_phase2_v1
D5_family_complete,official_Alexandria_PBE_source_native_public_hull_rank,uncertain,auroc,0.5441734824277795,0.5390849934102141,0.5492619714453449,deterministic_binomial_approximation_phase2_v1
D5_family_complete,official_Alexandria_PBE_source_native_public_hull_rank,uncertain,auprc,0.32538527234070386,0.3205984510293062,0.33017209365210154,deterministic_binomial_approximation_phase2_v1
D5_family_complete,official_Alexandria_PBE_source_native_public_hull_rank,audit_view,f1,0.7822283124275324,0.7780114655160271,0.7864451593390378,deterministic_binomial_approximation_phase2_v1
D5_family_complete,official_Alexandria_PBE_source_native_public_hull_rank,audit_view,precision,0.7822283124275324,0.7780114655160271,0.7864451593390378,deterministic_binomial_approximation_phase2_v1
D5_family_complete,official_Alexandria_PBE_source_native_public_hull_rank,audit_view,recall,0.7822283124275324,0.7780114655160271,0.7864451593390378,deterministic_binomial_approximation_phase2_v1
D5_family_complete,official_Alexandria_PBE_source_native_public_hull_rank,audit_view,balanced_accuracy,0.8532961075225709,0.8496812510225712,0.8569109640225706,deterministic_binomial_approximation_phase2_v1
D5_family_complete,official_Alexandria_PBE_source_native_public_hull_rank,audit_view,auroc,0.9507779608273842,0.9485677193999987,0.9529882022547697,deterministic_binomial_approximation_phase2_v1
D5_family_complete,official_Alexandria_PBE_source_native_public_hull_rank,audit_view,auprc,0.7791557161629435,0.7749175734888878,0.7833938588369993,deterministic_binomial_approximation_phase2_v1
D5_family_complete,prevalence_dummy,mp_native,f1,0.3726220566715445,0.3676821440936902,0.37756196924939883,deterministic_binomial_approximation_phase2_v1
D5_family_complete,prevalence_dummy,mp_native,precision,0.3726220566715445,0.3676821440936902,0.37756196924939883,deterministic_binomial_approximation_phase2_v1
D5_family_complete,prevalence_dummy,mp_native,recall,0.3726220566715445,0.3676821440936902,0.37756196924939883,deterministic_binomial_approximation_phase2_v1
D5_family_complete,prevalence_dummy,mp_native,balanced_accuracy,0.46966273726631247,0.46456368475242665,0.4747617897801983,deterministic_binomial_approximation_phase2_v1
D5_family_complete,prevalence_dummy,mp_native,auroc,0.5,0.4948915356706811,0.5051084643293189,deterministic_binomial_approximation_phase2_v1
D5_family_complete,prevalence_dummy,mp_native,auprc,0.4085104070430955,0.4034881900034857,0.4135326240827053,deterministic_binomial_approximation_phase2_v1
D5_family_complete,prevalence_dummy,alexmp20_native,f1,0.34984962406015035,0.34497694311277793,0.3547223050075228,deterministic_binomial_approximation_phase2_v1
D5_family_complete,prevalence_dummy,alexmp20_native,precision,0.34984962406015035,0.34497694311277793,0.3547223050075228,deterministic_binomial_approximation_phase2_v1
D5_family_complete,prevalence_dummy,alexmp20_native,recall,0.34984962406015035,0.34497694311277793,0.3547223050075228,deterministic_binomial_approximation_phase2_v1
D5_family_complete,prevalence_dummy,alexmp20_native,balanced_accuracy,0.4909617450570516,0.48585411541736173,0.49606937469674145,deterministic_binomial_approximation_phase2_v1
D5_family_complete,prevalence_dummy,alexmp20_native,auroc,0.5,0.4948915356706811,0.5051084643293189,deterministic_binomial_approximation_phase2_v1
D5_family_complete,prevalence_dummy,alexmp20_native,auprc,0.36139340253247104,0.3564851469261654,0.3663016581387767,deterministic_binomial_approximation_phase2_v1
D5_family_complete,prevalence_dummy,alex_pbe_native,f1,0.3382884362680683,0.33345452917329454,0.3431223433628421,deterministic_binomial_approximation_phase2_v1
D5_family_complete,prevalence_dummy,alex_pbe_native,precision,0.3382884362680683,0.33345452917329454,0.3431223433628421,deterministic_binomial_approximation_phase2_v1
D5_family_complete,prevalence_dummy,alex_pbe_native,recall,0.3382884362680683,0.33345452917329454,0.3431223433628421,deterministic_binomial_approximation_phase2_v1
D5_family_complete,prevalence_dummy,alex_pbe_native,balanced_accuracy,0.5055569526422775,0.5004488038186251,0.5106651014659299,deterministic_binomial_approximation_phase2_v1
D5_family_complete,prevalence_dummy,alex_pbe_native,auroc,0.5,0.4948915356706811,0.5051084643293189,deterministic_binomial_approximation_phase2_v1
D5_family_complete,prevalence_dummy,alex_pbe_native,auprc,0.33085158415303517,0.32604431767065967,0.3356588506354107,deterministic_binomial_approximation_phase2_v1
D5_family_complete,prevalence_dummy,common_pool,f1,0.4443163896639573,0.43886126649783386,0.44977151283008077,deterministic_binomial_approximation_phase2_v1
D5_family_complete,prevalence_dummy,common_pool,precision,0.4443163896639573,0.43886126649783386,0.44977151283008077,deterministic_binomial_approximation_phase2_v1
D5_family_complete,prevalence_dummy,common_pool,recall,0.4443163896639573,0.43886126649783386,0.44977151283008077,deterministic_binomial_approximation_phase2_v1
D5_family_complete,prevalence_dummy,common_pool,balanced_accuracy,0.4244718362175639,0.41904555458649967,0.42989811784862814,deterministic_binomial_approximation_phase2_v1
D5_family_complete,prevalence_dummy,common_pool,auroc,0.5,0.49451072985551203,0.505489270144488,deterministic_binomial_approximation_phase2_v1
D5_family_complete,prevalence_dummy,common_pool,auprc,0.517240297430427,0.5117542913843951,0.5227263034764589,deterministic_binomial_approximation_phase2_v1
D5_family_complete,prevalence_dummy,source_union,f1,,,,deterministic_binomial_approximation_phase2_v1
D5_family_complete,prevalence_dummy,source_union,precision,,,,deterministic_binomial_approximation_phase2_v1
D5_family_complete,prevalence_dummy,source_union,recall,,,,deterministic_binomial_approximation_phase2_v1
D5_family_complete,prevalence_dummy,source_union,balanced_accuracy,,,,deterministic_binomial_approximation_phase2_v1
D5_family_complete,prevalence_dummy,source_union,auroc,,,,deterministic_binomial_approximation_phase2_v1
D5_family_complete,prevalence_dummy,source_union,auprc,,,,deterministic_binomial_approximation_phase2_v1
D5_family_complete,prevalence_dummy,consensus,f1,0.3478444186781912,0.34189431848725654,0.3537945188691259,deterministic_binomial_approximation_phase2_v1
D5_family_complete,prevalence_dummy,consensus,precision,0.3478444186781912,0.34189431848725654,0.3537945188691259,deterministic_binomial_approximation_phase2_v1
D5_family_complete,prevalence_dummy,consensus,recall,0.3478444186781912,0.34189431848725654,0.3537945188691259,deterministic_binomial_approximation_phase2_v1
D5_family_complete,prevalence_dummy,consensus,balanced_accuracy,0.4694338433951506,0.46319917841599945,0.47566850837430175,deterministic_binomial_approximation_phase2_v1
D5_family_complete,prevalence_dummy,consensus,auroc,0.5,0.49375365229606677,0.5062463477039332,deterministic_binomial_approximation_phase2_v1
D5_family_complete,prevalence_dummy,consensus,auprc,0.3854153971155799,0.37933528595499616,0.3914955082761637,deterministic_binomial_approximation_phase2_v1
D5_family_complete,prevalence_dummy,uncertain,f1,0.3381472060392221,0.3333137923714727,0.3429806197069715,deterministic_binomial_approximation_phase2_v1
D5_family_complete,prevalence_dummy,uncertain,precision,0.3381472060392221,0.3333137923714727,0.3429806197069715,deterministic_binomial_approximation_phase2_v1
D5_family_complete,prevalence_dummy,uncertain,recall,0.3381472060392221,0.3333137923714727,0.3429806197069715,deterministic_binomial_approximation_phase2_v1
D5_family_complete,prevalence_dummy,uncertain,balanced_accuracy,0.5052304179698446,0.5001222331554704,0.5103386027842187,deterministic_binomial_approximation_phase2_v1
D5_family_complete,prevalence_dummy,uncertain,auroc,0.5,0.4948915356706811,0.5051084643293189,deterministic_binomial_approximation_phase2_v1
D5_family_complete,prevalence_dummy,uncertain,auprc,0.3311504809521222,0.3263421177433337,0.33595884416091065,deterministic_binomial_approximation_phase2_v1
D5_family_complete,prevalence_dummy,audit_view,f1,0.22810161273321386,0.2238145029439827,0.23238872252244502,deterministic_binomial_approximation_phase2_v1
D5_family_complete,prevalence_dummy,audit_view,precision,0.22810161273321386,0.2238145029439827,0.23238872252244502,deterministic_binomial_approximation_phase2_v1
D5_family_complete,prevalence_dummy,audit_view,recall,0.22810161273321386,0.2238145029439827,0.23238872252244502,deterministic_binomial_approximation_phase2_v1
D5_family_complete,prevalence_dummy,audit_view,balanced_accuracy,0.48000357956814454,0.4748992021823786,0.4851079569539105,deterministic_binomial_approximation_phase2_v1
D5_family_complete,prevalence_dummy,audit_view,auroc,0.5,0.4948915356706811,0.5051084643293189,deterministic_binomial_approximation_phase2_v1
D5_family_complete,prevalence_dummy,audit_view,auprc,0.2577849029944025,0.25331586555910807,0.2622539404296969,deterministic_binomial_approximation_phase2_v1
D5_family_complete,random_baseline,mp_native,f1,0.40767593454835704,0.4026553118232379,0.4126965572734762,deterministic_binomial_approximation_phase2_v1
D5_family_complete,random_baseline,mp_native,precision,0.40767593454835704,0.4026553118232379,0.4126965572734762,deterministic_binomial_approximation_phase2_v1
D5_family_complete,random_baseline,mp_native,recall,0.40767593454835704,0.4026553118232379,0.4126965572734762,deterministic_binomial_approximation_phase2_v1
D5_family_complete,random_baseline,mp_native,balanced_accuracy,0.49929460086477023,0.4941861416192743,0.5044030601102661,deterministic_binomial_approximation_phase2_v1
D5_family_complete,random_baseline,mp_native,auroc,0.4978849820842205,0.492776563458501,0.50299340070994,deterministic_binomial_approximation_phase2_v1
D5_family_complete,random_baseline,mp_native,auprc,0.40613889545115955,0.40112124858173,0.4111565423205891,deterministic_binomial_approximation_phase2_v1
D5_family_complete,random_baseline,alexmp20_native,f1,0.35909774436090225,0.3541963166761813,0.3639991720456232,deterministic_binomial_approximation_phase2_v1
D5_family_complete,random_baseline,alexmp20_native,precision,0.35909774436090225,0.3541963166761813,0.3639991720456232,deterministic_binomial_approximation_phase2_v1
D5_family_complete,random_baseline,alexmp20_native,recall,0.35909774436090225,0.3541963166761813,0.3639991720456232,deterministic_binomial_approximation_phase2_v1
D5_family_complete,random_baseline,alexmp20_native,balanced_accuracy,0.498202603777762,0.4930941724556984,0.5033110350998256,deterministic_binomial_approximation_phase2_v1
D5_family_complete,random_baseline,alexmp20_native,auroc,0.4990235097572883,0.4939150551701593,0.5041319643444173,deterministic_binomial_approximation_phase2_v1
D5_family_complete,random_baseline,alexmp20_native,auprc,0.36049119243535893,0.3555856057417972,0.36539677912892066,deterministic_binomial_approximation_phase2_v1
D5_family_complete,random_baseline,alex_pbe_native,f1,0.32826872536136664,0.3234710274426903,0.333066423280043,deterministic_binomial_approximation_phase2_v1
D5_family_complete,random_baseline,alex_pbe_native,precision,0.32826872536136664,0.3234710274426903,0.333066423280043,deterministic_binomial_approximation_phase2_v1
D5_family_complete,random_baseline,alex_pbe_native,recall,0.32826872536136664,0.3234710274426903,0.333066423280043,deterministic_binomial_approximation_phase2_v1
D5_family_complete,random_baseline,alex_pbe_native,balanced_accuracy,0.4980700404196584,0.49296161414592476,0.5031784666933921,deterministic_binomial_approximation_phase2_v1
D5_family_complete,random_baseline,alex_pbe_native,auroc,0.49641968754005383,0.4913113541795167,0.501528020900591,deterministic_binomial_approximation_phase2_v1
D5_family_complete,random_baseline,alex_pbe_native,auprc,0.32858833501132445,0.32378944415213623,0.33338722587051267,deterministic_binomial_approximation_phase2_v1
D5_family_complete,random_baseline,common_pool,f1,0.5154676695377897,0.5099810266246142,0.5209543124509651,deterministic_binomial_approximation_phase2_v1
D5_family_complete,random_baseline,common_pool,precision,0.5154676695377897,0.5099810266246142,0.5209543124509651,deterministic_binomial_approximation_phase2_v1
D5_family_complete,random_baseline,common_pool,recall,0.5154676695377897,0.5099810266246142,0.5209543124509651,deterministic_binomial_approximation_phase2_v1
D5_family_complete,random_baseline,common_pool,balanced_accuracy,0.49816406808273117,0.4926748349431409,0.5036533012223214,deterministic_binomial_approximation_phase2_v1
D5_family_complete,random_baseline,common_pool,auroc,0.4964807320084361,0.4909915978375676,0.5019698661793046,deterministic_binomial_approximation_phase2_v1
D5_family_complete,random_baseline,common_pool,auprc,0.5133933595306117,0.5079060590929043,0.5188806599683191,deterministic_binomial_approximation_phase2_v1
D5_family_complete,random_baseline,source_union,f1,,,,deterministic_binomial_approximation_phase2_v1
D5_family_complete,random_baseline,source_union,precision,,,,deterministic_binomial_approximation_phase2_v1
D5_family_complete,random_baseline,source_union,recall,,,,deterministic_binomial_approximation_phase2_v1
D5_family_complete,random_baseline,source_union,balanced_accuracy,,,,deterministic_binomial_approximation_phase2_v1
D5_family_complete,random_baseline,source_union,auroc,,,,deterministic_binomial_approximation_phase2_v1
D5_family_complete,random_baseline,source_union,auprc,,,,deterministic_binomial_approximation_phase2_v1
D5_family_complete,random_baseline,consensus,f1,0.3849478233371983,0.37886909037458893,0.39102655629980765,deterministic_binomial_approximation_phase2_v1
D5_family_complete,random_baseline,consensus,precision,0.3849478233371983,0.37886909037458893,0.39102655629980765,deterministic_binomial_approximation_phase2_v1
D5_family_complete,random_baseline,consensus,recall,0.3849478233371983,0.37886909037458893,0.39102655629980765,deterministic_binomial_approximation_phase2_v1
D5_family_complete,random_baseline,consensus,balanced_accuracy,0.4996196017796515,0.4933732558834466,0.5058659476758564,deterministic_binomial_approximation_phase2_v1
D5_family_complete,random_baseline,consensus,auroc,0.4982534687869514,0.4920071591904937,0.5044997783834091,deterministic_binomial_approximation_phase2_v1
D5_family_complete,random_baseline,consensus,auprc,0.38405910074240507,0.37798300367776977,0.39013519780704037,deterministic_binomial_approximation_phase2_v1
D5_family_complete,random_baseline,uncertain,f1,0.3300237958480348,0.3252195781652219,0.33482801353084773,deterministic_binomial_approximation_phase2_v1
D5_family_complete,random_baseline,uncertain,precision,0.3300237958480348,0.3252195781652219,0.33482801353084773,deterministic_binomial_approximation_phase2_v1
D5_family_complete,random_baseline,uncertain,recall,0.3300237958480348,0.3252195781652219,0.33482801353084773,deterministic_binomial_approximation_phase2_v1
D5_family_complete,random_baseline,uncertain,balanced_accuracy,0.4991577439528616,0.4940492868713885,0.5042662010343347,deterministic_binomial_approximation_phase2_v1
D5_family_complete,random_baseline,uncertain,auroc,0.49886389063940473,0.4937554394975471,0.5039723417812624,deterministic_binomial_approximation_phase2_v1
D5_family_complete,random_baseline,uncertain,auprc,0.32881496598353377,0.32401523075184,0.3336147012152275,deterministic_binomial_approximation_phase2_v1
D5_family_complete,random_baseline,audit_view,f1,0.25856435121745547,0.2540909132813832,0.2630377891535277,deterministic_binomial_approximation_phase2_v1
D5_family_complete,random_baseline,audit_view,precision,0.25856435121745547,0.2540909132813832,0.2630377891535277,deterministic_binomial_approximation_phase2_v1
D5_family_complete,random_baseline,audit_view,recall,0.25856435121745547,0.2540909132813832,0.2630377891535277,deterministic_binomial_approximation_phase2_v1
D5_family_complete,random_baseline,audit_view,balanced_accuracy,0.500525082436478,0.4954166209240852,0.5056335439488707,deterministic_binomial_approximation_phase2_v1
D5_family_complete,random_baseline,audit_view,auroc,0.4990621018220044,0.49395364648004525,0.5041705571639635,deterministic_binomial_approximation_phase2_v1
D5_family_complete,random_baseline,audit_view,auprc,0.25786466389851437,0.25339517530946803,0.2623341524875607,deterministic_binomial_approximation_phase2_v1
D5_max_coverage_union,ALIGNN-FF,mp_native,f1,0.3502727151789278,0.34539867541689595,0.3551467549409596,deterministic_binomial_approximation_phase2_v1
D5_max_coverage_union,ALIGNN-FF,mp_native,precision,0.3502727151789278,0.34539867541689595,0.3551467549409596,deterministic_binomial_approximation_phase2_v1
D5_max_coverage_union,ALIGNN-FF,mp_native,recall,0.3502727151789278,0.34539867541689595,0.3551467549409596,deterministic_binomial_approximation_phase2_v1
D5_max_coverage_union,ALIGNN-FF,mp_native,balanced_accuracy,0.4507703156931023,0.4456866730253029,0.45585395836090165,deterministic_binomial_approximation_phase2_v1
D5_max_coverage_union,ALIGNN-FF,mp_native,auroc,0.46338782650053,0.45829307587324214,0.4684825771278179,deterministic_binomial_approximation_phase2_v1
D5_max_coverage_union,ALIGNN-FF,mp_native,auprc,0.3800404239143464,0.37508116315632634,0.38499968467236645,deterministic_binomial_approximation_phase2_v1
D5_max_coverage_union,ALIGNN-FF,alexmp20_native,f1,0.31090225563909774,0.30617321864414865,0.3156312926340468,deterministic_binomial_approximation_phase2_v1
D5_max_coverage_union,ALIGNN-FF,alexmp20_native,precision,0.31090225563909774,0.30617321864414865,0.3156312926340468,deterministic_binomial_approximation_phase2_v1
D5_max_coverage_union,ALIGNN-FF,alexmp20_native,recall,0.31090225563909774,0.30617321864414865,0.3156312926340468,deterministic_binomial_approximation_phase2_v1
D5_max_coverage_union,ALIGNN-FF,alexmp20_native,balanced_accuracy,0.4604677221519461,0.4553752498804532,0.465560194423439,deterministic_binomial_approximation_phase2_v1
D5_max_coverage_union,ALIGNN-FF,alexmp20_native,auroc,0.47078815880651337,0.4656884203583828,0.4758878972546439,deterministic_binomial_approximation_phase2_v1
D5_max_coverage_union,ALIGNN-FF,alexmp20_native,auprc,0.33506030471085,0.3302377964478801,0.33988281297381995,deterministic_binomial_approximation_phase2_v1
D5_max_coverage_union,ALIGNN-FF,alex_pbe_native,f1,0.2918856767411301,0.2872407545599517,0.2965305989223085,deterministic_binomial_approximation_phase2_v1
D5_max_coverage_union,ALIGNN-FF,alex_pbe_native,precision,0.2918856767411301,0.2872407545599517,0.2965305989223085,deterministic_binomial_approximation_phase2_v1
D5_max_coverage_union,ALIGNN-FF,alex_pbe_native,recall,0.2918856767411301,0.2872407545599517,0.2965305989223085,deterministic_binomial_approximation_phase2_v1
D5_max_coverage_union,ALIGNN-FF,alex_pbe_native,balanced_accuracy,0.4708839575129349,0.4657841618779442,0.47598375314792557,deterministic_binomial_approximation_phase2_v1
D5_max_coverage_union,ALIGNN-FF,alex_pbe_native,auroc,0.4827987217685911,0.47769328135970796,0.4879041621774743,deterministic_binomial_approximation_phase2_v1
D5_max_coverage_union,ALIGNN-FF,alex_pbe_native,auprc,0.3127495121368052,0.3080128085347688,0.31748621573884156,deterministic_binomial_approximation_phase2_v1
D5_max_coverage_union,ALIGNN-FF,common_pool,f1,0.48337983743782603,0.4778936007315235,0.4888660741441286,deterministic_binomial_approximation_phase2_v1
D5_max_coverage_union,ALIGNN-FF,common_pool,precision,0.48337983743782603,0.4778936007315235,0.4888660741441286,deterministic_binomial_approximation_phase2_v1
D5_max_coverage_union,ALIGNN-FF,common_pool,recall,0.48337983743782603,0.4778936007315235,0.4888660741441286,deterministic_binomial_approximation_phase2_v1
D5_max_coverage_union,ALIGNN-FF,common_pool,balanced_accuracy,0.46493031645726357,0.4594545652768293,0.4704060676376978,deterministic_binomial_approximation_phase2_v1
D5_max_coverage_union,ALIGNN-FF,common_pool,auroc,0.4776810869639723,0.4721972883292489,0.48316488559869575,deterministic_binomial_approximation_phase2_v1
D5_max_coverage_union,ALIGNN-FF,common_pool,auprc,0.4963726286121348,0.49088350292323957,0.5018617543010301,deterministic_binomial_approximation_phase2_v1
D5_max_coverage_union,ALIGNN-FF,source_union,f1,,,,deterministic_binomial_approximation_phase2_v1
D5_max_coverage_union,ALIGNN-FF,source_union,precision,,,,deterministic_binomial_approximation_phase2_v1
D5_max_coverage_union,ALIGNN-FF,source_union,recall,,,,deterministic_binomial_approximation_phase2_v1
D5_max_coverage_union,ALIGNN-FF,source_union,balanced_accuracy,,,,deterministic_binomial_approximation_phase2_v1
D5_max_coverage_union,ALIGNN-FF,source_union,auroc,,,,deterministic_binomial_approximation_phase2_v1
D5_max_coverage_union,ALIGNN-FF,source_union,auprc,,,,deterministic_binomial_approximation_phase2_v1
D5_max_coverage_union,ALIGNN-FF,consensus,f1,0.32981975334668495,0.32394634367440855,0.33569316301896135,deterministic_binomial_approximation_phase2_v1
D5_max_coverage_union,ALIGNN-FF,consensus,precision,0.32981975334668495,0.32394634367440855,0.33569316301896135,deterministic_binomial_approximation_phase2_v1
D5_max_coverage_union,ALIGNN-FF,consensus,recall,0.32981975334668495,0.32394634367440855,0.33569316301896135,deterministic_binomial_approximation_phase2_v1
D5_max_coverage_union,ALIGNN-FF,consensus,balanced_accuracy,0.4547697391799528,0.4485490012381019,0.4609904771218037,deterministic_binomial_approximation_phase2_v1
D5_max_coverage_union,ALIGNN-FF,consensus,auroc,0.47256744554615276,0.46633050624381545,0.4788043848484901,deterministic_binomial_approximation_phase2_v1
D5_max_coverage_union,ALIGNN-FF,consensus,auprc,0.3600787647691679,0.35408198406557617,0.3660755454727596,deterministic_binomial_approximation_phase2_v1
D5_max_coverage_union,ALIGNN-FF,uncertain,f1,0.30885369656191025,0.3041332644352836,0.3135741286885369,deterministic_binomial_approximation_phase2_v1
D5_max_coverage_union,ALIGNN-FF,uncertain,precision,0.30885369656191025,0.3041332644352836,0.3135741286885369,deterministic_binomial_approximation_phase2_v1
D5_max_coverage_union,ALIGNN-FF,uncertain,recall,0.30885369656191025,0.3041332644352836,0.3135741286885369,deterministic_binomial_approximation_phase2_v1
D5_max_coverage_union,ALIGNN-FF,uncertain,balanced_accuracy,0.4833319874237543,0.4782263623775975,0.488437612469911,deterministic_binomial_approximation_phase2_v1
D5_max_coverage_union,ALIGNN-FF,uncertain,auroc,0.47735467047541574,0.47225144818853765,0.48245789276229384,deterministic_binomial_approximation_phase2_v1
D5_max_coverage_union,ALIGNN-FF,uncertain,auprc,0.31797915044783065,0.3132212154017351,0.3227370854939262,deterministic_binomial_approximation_phase2_v1
D5_max_coverage_union,ALIGNN-FF,audit_view,f1,0.22515020554442922,0.22088278645281997,0.22941762463603846,deterministic_binomial_approximation_phase2_v1
D5_max_coverage_union,ALIGNN-FF,audit_view,precision,0.22515020554442922,0.22088278645281997,0.22941762463603846,deterministic_binomial_approximation_phase2_v1
D5_max_coverage_union,ALIGNN-FF,audit_view,recall,0.22515020554442922,0.22088278645281997,0.22941762463603846,deterministic_binomial_approximation_phase2_v1
D5_max_coverage_union,ALIGNN-FF,audit_view,balanced_accuracy,0.47801533707571087,0.4729118132365821,0.48311886091483963,deterministic_binomial_approximation_phase2_v1
D5_max_coverage_union,ALIGNN-FF,audit_view,auroc,0.48845314708619547,0.4833460451597292,0.49356024901266177,deterministic_binomial_approximation_phase2_v1
D5_max_coverage_union,ALIGNN-FF,audit_view,auprc,0.2456887829605552,0.24129044792059046,0.25008711800051997,deterministic_binomial_approximation_phase2_v1
D5_max_coverage_union,CHGNet,mp_native,f1,0.36111480643873883,0.3562073062963119,0.36602230658116575,deterministic_binomial_approximation_phase2_v1
D5_max_coverage_union,CHGNet,mp_native,precision,0.36111480643873883,0.3562073062963119,0.36602230658116575,deterministic_binomial_approximation_phase2_v1
D5_max_coverage_union,CHGNet,mp_native,recall,0.36111480643873883,0.3562073062963119,0.36602230658116575,deterministic_binomial_approximation_phase2_v1
D5_max_coverage_union,CHGNet,mp_native,balanced_accuracy,0.4599252536351364,0.454833154796549,0.46501735247372383,deterministic_binomial_approximation_phase2_v1
D5_max_coverage_union,CHGNet,mp_native,auroc,0.4663785149428588,0.4612815437090918,0.4714754861766258,deterministic_binomial_approximation_phase2_v1
D5_max_coverage_union,CHGNet,mp_native,auprc,0.386028293860766,0.38105424543656014,0.3910023422849718,deterministic_binomial_approximation_phase2_v1
D5_max_coverage_union,CHGNet,alexmp20_native,f1,0.31781954887218045,0.3130621868669647,0.3225769108773962,deterministic_binomial_approximation_phase2_v1
D5_max_coverage_union,CHGNet,alexmp20_native,precision,0.31781954887218045,0.3130621868669647,0.3225769108773962,deterministic_binomial_approximation_phase2_v1
D5_max_coverage_union,CHGNet,alexmp20_native,recall,0.31781954887218045,0.3130621868669647,0.3225769108773962,deterministic_binomial_approximation_phase2_v1
D5_max_coverage_union,CHGNet,alexmp20_native,balanced_accuracy,0.46587543547179083,0.4607788132543842,0.4709720576891975,deterministic_binomial_approximation_phase2_v1
D5_max_coverage_union,CHGNet,alexmp20_native,auroc,0.47649618493278,0.47139329852647455,0.48159907133908547,deterministic_binomial_approximation_phase2_v1
D5_max_coverage_union,CHGNet,alexmp20_native,auprc,0.3423696989798331,0.33752167421496043,0.3472177237447058,deterministic_binomial_approximation_phase2_v1
D5_max_coverage_union,CHGNet,alex_pbe_native,f1,0.28901116951379763,0.2843797410105014,0.29364259801709386,deterministic_binomial_approximation_phase2_v1
D5_max_coverage_union,CHGNet,alex_pbe_native,precision,0.28901116951379763,0.2843797410105014,0.29364259801709386,deterministic_binomial_approximation_phase2_v1
D5_max_coverage_union,CHGNet,alex_pbe_native,recall,0.28901116951379763,0.2843797410105014,0.29364259801709386,deterministic_binomial_approximation_phase2_v1
D5_max_coverage_union,CHGNet,alex_pbe_native,balanced_accuracy,0.4687289350107059,0.46363040212535694,0.47382746789605484,deterministic_binomial_approximation_phase2_v1
D5_max_coverage_union,CHGNet,alex_pbe_native,auroc,0.48128657857347734,0.47618162402861425,0.48639153311834044,deterministic_binomial_approximation_phase2_v1
D5_max_coverage_union,CHGNet,alex_pbe_native,auprc,0.3147672985817327,0.3100222560983731,0.3195123410650923,deterministic_binomial_approximation_phase2_v1
D5_max_coverage_union,CHGNet,common_pool,f1,0.48459298798980954,0.47910623843368105,0.49007973754593803,deterministic_binomial_approximation_phase2_v1
D5_max_coverage_union,CHGNet,common_pool,precision,0.48459298798980954,0.47910623843368105,0.49007973754593803,deterministic_binomial_approximation_phase2_v1
D5_max_coverage_union,CHGNet,common_pool,recall,0.48459298798980954,0.47910623843368105,0.49007973754593803,deterministic_binomial_approximation_phase2_v1
D5_max_coverage_union,CHGNet,common_pool,balanced_accuracy,0.4661688454832708,0.4606920692928008,0.4716456216737408,deterministic_binomial_approximation_phase2_v1
D5_max_coverage_union,CHGNet,common_pool,auroc,0.47714848087546924,0.47166486060924506,0.4826321011416934,deterministic_binomial_approximation_phase2_v1
D5_max_coverage_union,CHGNet,common_pool,auprc,0.5011589083844536,0.49566956687152225,0.506648249897385,deterministic_binomial_approximation_phase2_v1
D5_max_coverage_union,CHGNet,source_union,f1,,,,deterministic_binomial_approximation_phase2_v1
D5_max_coverage_union,CHGNet,source_union,precision,,,,deterministic_binomial_approximation_phase2_v1
D5_max_coverage_union,CHGNet,source_union,recall,,,,deterministic_binomial_approximation_phase2_v1
D5_max_coverage_union,CHGNet,source_union,balanced_accuracy,,,,deterministic_binomial_approximation_phase2_v1
D5_max_coverage_union,CHGNet,source_union,auroc,,,,deterministic_binomial_approximation_phase2_v1
D5_max_coverage_union,CHGNet,source_union,auprc,,,,deterministic_binomial_approximation_phase2_v1
D5_max_coverage_union,CHGNet,consensus,f1,0.33846316011384,0.3325516601279346,0.3443746600997454,deterministic_binomial_approximation_phase2_v1
D5_max_coverage_union,CHGNet,consensus,precision,0.33846316011384,0.3325516601279346,0.3443746600997454,deterministic_binomial_approximation_phase2_v1
D5_max_coverage_union,CHGNet,consensus,recall,0.33846316011384,0.3325516601279346,0.3443746600997454,deterministic_binomial_approximation_phase2_v1
D5_max_coverage_union,CHGNet,consensus,balanced_accuracy,0.46178793624122616,0.4555597300938178,0.46801614238863454,deterministic_binomial_approximation_phase2_v1
D5_max_coverage_union,CHGNet,consensus,auroc,0.47316068878310924,0.46692321996514624,0.47939815760107224,deterministic_binomial_approximation_phase2_v1
D5_max_coverage_union,CHGNet,consensus,auprc,0.3652564747342638,0.35924109463646736,0.37127185483206027,deterministic_binomial_approximation_phase2_v1
D5_max_coverage_union,CHGNet,uncertain,f1,0.3105768441782227,0.30584910258828757,0.3153045857681578,deterministic_binomial_approximation_phase2_v1
D5_max_coverage_union,CHGNet,uncertain,precision,0.3105768441782227,0.30584910258828757,0.3153045857681578,deterministic_binomial_approximation_phase2_v1
D5_max_coverage_union,CHGNet,uncertain,recall,0.3105768441782227,0.30584910258828757,0.3153045857681578,deterministic_binomial_approximation_phase2_v1
D5_max_coverage_union,CHGNet,uncertain,balanced_accuracy,0.484613196607678,0.4795070823739129,0.4897193108414431,deterministic_binomial_approximation_phase2_v1
D5_max_coverage_union,CHGNet,uncertain,auroc,0.4793019966362194,0.4741978418442822,0.48440615142815663,deterministic_binomial_approximation_phase2_v1
D5_max_coverage_union,CHGNet,uncertain,auprc,0.3219519754434177,0.3171783093708962,0.3267256415159392,deterministic_binomial_approximation_phase2_v1
D5_max_coverage_union,CHGNet,audit_view,f1,0.2232528723516391,0.21899821473592565,0.22750752996735255,deterministic_binomial_approximation_phase2_v1
D5_max_coverage_union,CHGNet,audit_view,precision,0.2232528723516391,0.21899821473592565,0.22750752996735255,deterministic_binomial_approximation_phase2_v1
D5_max_coverage_union,CHGNet,audit_view,recall,0.2232528723516391,0.21899821473592565,0.22750752996735255,deterministic_binomial_approximation_phase2_v1
D5_max_coverage_union,CHGNet,audit_view,balanced_accuracy,0.47673224272191317,0.4716292433874804,0.4818352420563459,deterministic_binomial_approximation_phase2_v1
D5_max_coverage_union,CHGNet,audit_view,auroc,0.487977057724826,0.4828700010916897,0.49308411435796234,deterministic_binomial_approximation_phase2_v1
D5_max_coverage_union,CHGNet,audit_view,auprc,0.24775629953573888,0.24334549417205117,0.2521671048994266,deterministic_binomial_approximation_phase2_v1
D5_max_coverage_union,M3GNet,mp_native,f1,0.3737528269256352,0.36880988516860724,0.3786957686826632,deterministic_binomial_approximation_phase2_v1
D5_max_coverage_union,M3GNet,mp_native,precision,0.3737528269256352,0.36880988516860724,0.3786957686826632,deterministic_binomial_approximation_phase2_v1
D5_max_coverage_union,M3GNet,mp_native,recall,0.3737528269256352,0.36880988516860724,0.3786957686826632,deterministic_binomial_approximation_phase2_v1
D5_max_coverage_union,M3GNet,mp_native,balanced_accuracy,0.47061860383400467,0.4655189670634486,0.47571824060456075,deterministic_binomial_approximation_phase2_v1
D5_max_coverage_union,M3GNet,mp_native,auroc,0.4806903353990174,0.4755856820073593,0.4857949887906755,deterministic_binomial_approximation_phase2_v1
D5_max_coverage_union,M3GNet,mp_native,auprc,0.3982855260120711,0.39328388114577384,0.4032871708783684,deterministic_binomial_approximation_phase2_v1
D5_max_coverage_union,M3GNet,alexmp20_native,f1,0.3357894736842105,0.33096436859336514,0.3406145787750559,deterministic_binomial_approximation_phase2_v1
D5_max_coverage_union,M3GNet,alexmp20_native,precision,0.3357894736842105,0.33096436859336514,0.3406145787750559,deterministic_binomial_approximation_phase2_v1
D5_max_coverage_union,M3GNet,alexmp20_native,recall,0.3357894736842105,0.33096436859336514,0.3406145787750559,deterministic_binomial_approximation_phase2_v1
D5_max_coverage_union,M3GNet,alexmp20_native,balanced_accuracy,0.47995328505076834,0.4748489282579041,0.4850576418436326,deterministic_binomial_approximation_phase2_v1
D5_max_coverage_union,M3GNet,alexmp20_native,auroc,0.48952281296808525,0.48441547028895904,0.49463015564721147,deterministic_binomial_approximation_phase2_v1
D5_max_coverage_union,M3GNet,alexmp20_native,auprc,0.35203972576808107,0.34716005649387244,0.3569193950422897,deterministic_binomial_approximation_phase2_v1
D5_max_coverage_union,M3GNet,alex_pbe_native,f1,0.30609395532194483,0.3013852872927435,0.31080262335114617,deterministic_binomial_approximation_phase2_v1
D5_max_coverage_union,M3GNet,alex_pbe_native,precision,0.30609395532194483,0.3013852872927435,0.31080262335114617,deterministic_binomial_approximation_phase2_v1
D5_max_coverage_union,M3GNet,alex_pbe_native,recall,0.30609395532194483,0.3013852872927435,0.31080262335114617,deterministic_binomial_approximation_phase2_v1
D5_max_coverage_union,M3GNet,alex_pbe_native,balanced_accuracy,0.4815006445171407,0.4763956778854285,0.48660561114885287,deterministic_binomial_approximation_phase2_v1
D5_max_coverage_union,M3GNet,alex_pbe_native,auroc,0.49262126657903416,0.48751335854790806,0.49772917461016025,deterministic_binomial_approximation_phase2_v1
D5_max_coverage_union,M3GNet,alex_pbe_native,auprc,0.32331305018797435,0.31853417290088976,0.32809192747505894,deterministic_binomial_approximation_phase2_v1
D5_max_coverage_union,M3GNet,common_pool,f1,0.4907800558049254,0.4852917189966316,0.4962683926132192,deterministic_binomial_approximation_phase2_v1
D5_max_coverage_union,M3GNet,common_pool,precision,0.4907800558049254,0.4852917189966316,0.4962683926132192,deterministic_binomial_approximation_phase2_v1
D5_max_coverage_union,M3GNet,common_pool,recall,0.4907800558049254,0.4852917189966316,0.4962683926132192,deterministic_binomial_approximation_phase2_v1
D5_max_coverage_union,M3GNet,common_pool,balanced_accuracy,0.4725948111610576,0.46711379258946156,0.47807582973265367,deterministic_binomial_approximation_phase2_v1
D5_max_coverage_union,M3GNet,common_pool,auroc,0.48624135935746654,0.480754167846327,0.49172855086860606,deterministic_binomial_approximation_phase2_v1
D5_max_coverage_union,M3GNet,common_pool,auprc,0.5101838003090617,0.5046956688647743,0.5156719317533491,deterministic_binomial_approximation_phase2_v1
D5_max_coverage_union,M3GNet,source_union,f1,,,,deterministic_binomial_approximation_phase2_v1
D5_max_coverage_union,M3GNet,source_union,precision,,,,deterministic_binomial_approximation_phase2_v1
D5_max_coverage_union,M3GNet,source_union,recall,,,,deterministic_binomial_approximation_phase2_v1
D5_max_coverage_union,M3GNet,source_union,balanced_accuracy,,,,deterministic_binomial_approximation_phase2_v1
D5_max_coverage_union,M3GNet,source_union,auroc,,,,deterministic_binomial_approximation_phase2_v1
D5_max_coverage_union,M3GNet,source_union,auprc,,,,deterministic_binomial_approximation_phase2_v1
D5_max_coverage_union,M3GNet,consensus,f1,0.3542742700537578,0.34829910366874184,0.3602494364387737,deterministic_binomial_approximation_phase2_v1
D5_max_coverage_union,M3GNet,consensus,precision,0.3542742700537578,0.34829910366874184,0.3602494364387737,deterministic_binomial_approximation_phase2_v1
D5_max_coverage_union,M3GNet,consensus,recall,0.3542742700537578,0.34829910366874184,0.3602494364387737,deterministic_binomial_approximation_phase2_v1
D5_max_coverage_union,M3GNet,consensus,balanced_accuracy,0.47466489811519197,0.46842657421855344,0.4809032220118305,deterministic_binomial_approximation_phase2_v1
D5_max_coverage_union,M3GNet,consensus,auroc,0.48693090037707537,0.48068668680714505,0.4931751139470057,deterministic_binomial_approximation_phase2_v1
D5_max_coverage_union,M3GNet,consensus,auprc,0.37740592849345683,0.37135024733521765,0.383461609651696,deterministic_binomial_approximation_phase2_v1
D5_max_coverage_union,M3GNet,uncertain,f1,0.31336670222368096,0.30862745663320285,0.3181059478141591,deterministic_binomial_approximation_phase2_v1
D5_max_coverage_union,M3GNet,uncertain,precision,0.31336670222368096,0.30862745663320285,0.3181059478141591,deterministic_binomial_approximation_phase2_v1
D5_max_coverage_union,M3GNet,uncertain,recall,0.31336670222368096,0.30862745663320285,0.3181059478141591,deterministic_binomial_approximation_phase2_v1
D5_max_coverage_union,M3GNet,uncertain,balanced_accuracy,0.48670569521096707,0.48159903692595485,0.4918123534959793,deterministic_binomial_approximation_phase2_v1
D5_max_coverage_union,M3GNet,uncertain,auroc,0.48171416910767995,0.47660912217232226,0.48681921604303763,deterministic_binomial_approximation_phase2_v1
D5_max_coverage_union,M3GNet,uncertain,auprc,0.3232277421530846,0.31844919419429774,0.32800629011187143,deterministic_binomial_approximation_phase2_v1
D5_max_coverage_union,M3GNet,audit_view,f1,0.24043427848634974,0.23606810254939062,0.24480045442330886,deterministic_binomial_approximation_phase2_v1
D5_max_coverage_union,M3GNet,audit_view,precision,0.24043427848634974,0.23606810254939062,0.24480045442330886,deterministic_binomial_approximation_phase2_v1
D5_max_coverage_union,M3GNet,audit_view,recall,0.24043427848634974,0.23606810254939062,0.24480045442330886,deterministic_binomial_approximation_phase2_v1
D5_max_coverage_union,M3GNet,audit_view,balanced_accuracy,0.4883115928400996,0.4832045245266947,0.4934186611535045,deterministic_binomial_approximation_phase2_v1
D5_max_coverage_union,M3GNet,audit_view,auroc,0.49810955504474547,0.4930011272286341,0.5032179828608568,deterministic_binomial_approximation_phase2_v1
D5_max_coverage_union,M3GNet,audit_view,auprc,0.25546418772278606,0.251008362264227,0.2599200131813451,deterministic_binomial_approximation_phase2_v1
D5_max_coverage_union,MACE-MP,mp_native,f1,0.37940667819608886,0.3744490221226585,0.3843643342695192,deterministic_binomial_approximation_phase2_v1
D5_max_coverage_union,MACE-MP,mp_native,precision,0.37940667819608886,0.3744490221226585,0.3843643342695192,deterministic_binomial_approximation_phase2_v1
D5_max_coverage_union,MACE-MP,mp_native,recall,0.37940667819608886,0.3744490221226585,0.3843643342695192,deterministic_binomial_approximation_phase2_v1
D5_max_coverage_union,MACE-MP,mp_native,balanced_accuracy,0.4753979366724656,0.4702956600043388,0.4805002133405924,deterministic_binomial_approximation_phase2_v1
D5_max_coverage_union,MACE-MP,mp_native,auroc,0.48718680234394107,0.48208001568536657,0.4922935890025156,deterministic_binomial_approximation_phase2_v1
D5_max_coverage_union,MACE-MP,mp_native,auprc,0.4051540421249722,0.4001383287994039,0.41016975545054046,deterministic_binomial_approximation_phase2_v1
D5_max_coverage_union,MACE-MP,alexmp20_native,f1,0.3426315789473684,0.3377827320285573,0.3474804258661795,deterministic_binomial_approximation_phase2_v1
D5_max_coverage_union,MACE-MP,alexmp20_native,precision,0.3426315789473684,0.3377827320285573,0.3474804258661795,deterministic_binomial_approximation_phase2_v1
D5_max_coverage_union,MACE-MP,alexmp20_native,recall,0.3426315789473684,0.3377827320285573,0.3474804258661795,deterministic_binomial_approximation_phase2_v1
D5_max_coverage_union,MACE-MP,alexmp20_native,balanced_accuracy,0.48531034312869226,0.48020408394567743,0.4904166023117071,deterministic_binomial_approximation_phase2_v1
D5_max_coverage_union,MACE-MP,alexmp20_native,auroc,0.49647532316878484,0.49136698576949045,0.5015836605680792,deterministic_binomial_approximation_phase2_v1
D5_max_coverage_union,MACE-MP,alexmp20_native,auprc,0.3592279428030877,0.3543261246158313,0.36412976099034405,deterministic_binomial_approximation_phase2_v1
D5_max_coverage_union,MACE-MP,alex_pbe_native,f1,0.31521024967148487,0.31046346914488204,0.3199570301980877,deterministic_binomial_approximation_phase2_v1
D5_max_coverage_union,MACE-MP,alex_pbe_native,precision,0.31521024967148487,0.31046346914488204,0.3199570301980877,deterministic_binomial_approximation_phase2_v1
D5_max_coverage_union,MACE-MP,alex_pbe_native,recall,0.31521024967148487,0.31046346914488204,0.3199570301980877,deterministic_binomial_approximation_phase2_v1
D5_max_coverage_union,MACE-MP,alex_pbe_native,balanced_accuracy,0.48831250727706466,0.48320543874520516,0.49341957580892415,deterministic_binomial_approximation_phase2_v1
D5_max_coverage_union,MACE-MP,alex_pbe_native,auroc,0.4990543584587852,0.49394590326583954,0.5041628136517309,deterministic_binomial_approximation_phase2_v1
D5_max_coverage_union,MACE-MP,alex_pbe_native,auprc,0.3285882214703185,0.32378933103447405,0.333387111906163,deterministic_binomial_approximation_phase2_v1
D5_max_coverage_union,MACE-MP,common_pool,f1,0.49751304136843383,0.49202383912623393,0.5030022436106337,deterministic_binomial_approximation_phase2_v1
D5_max_coverage_union,MACE-MP,common_pool,precision,0.49751304136843383,0.49202383912623393,0.5030022436106337,deterministic_binomial_approximation_phase2_v1
D5_max_coverage_union,MACE-MP,common_pool,recall,0.49751304136843383,0.49202383912623393,0.5030022436106337,deterministic_binomial_approximation_phase2_v1
D5_max_coverage_union,MACE-MP,common_pool,balanced_accuracy,0.4795682448669686,0.4740835597016078,0.48505293003232935,deterministic_binomial_approximation_phase2_v1
D5_max_coverage_union,MACE-MP,common_pool,auroc,0.49554978462142807,0.49006073190483523,0.5010388373380209,deterministic_binomial_approximation_phase2_v1
D5_max_coverage_union,MACE-MP,common_pool,auprc,0.5182961027178061,0.512810508841891,0.5237816965937212,deterministic_binomial_approximation_phase2_v1
D5_max_coverage_union,MACE-MP,source_union,f1,,,,deterministic_binomial_approximation_phase2_v1
D5_max_coverage_union,MACE-MP,source_union,precision,,,,deterministic_binomial_approximation_phase2_v1
D5_max_coverage_union,MACE-MP,source_union,recall,,,,deterministic_binomial_approximation_phase2_v1
D5_max_coverage_union,MACE-MP,source_union,balanced_accuracy,,,,deterministic_binomial_approximation_phase2_v1
D5_max_coverage_union,MACE-MP,source_union,auroc,,,,deterministic_binomial_approximation_phase2_v1
D5_max_coverage_union,MACE-MP,source_union,auprc,,,,deterministic_binomial_approximation_phase2_v1
D5_max_coverage_union,MACE-MP,consensus,f1,0.36217982502371665,0.3561754555992752,0.3681841944481581,deterministic_binomial_approximation_phase2_v1
D5_max_coverage_union,MACE-MP,consensus,precision,0.36217982502371665,0.3561754555992752,0.3681841944481581,deterministic_binomial_approximation_phase2_v1
D5_max_coverage_union,MACE-MP,consensus,recall,0.36217982502371665,0.3561754555992752,0.3681841944481581,deterministic_binomial_approximation_phase2_v1
D5_max_coverage_union,MACE-MP,consensus,balanced_accuracy,0.4810965227709805,0.47485464082132534,0.4873384047206356,deterministic_binomial_approximation_phase2_v1
D5_max_coverage_union,MACE-MP,consensus,auroc,0.49759783587627526,0.49135156026051363,0.5038441114920369,deterministic_binomial_approximation_phase2_v1
D5_max_coverage_union,MACE-MP,consensus,auprc,0.38636983239392975,0.3802869263659005,0.392452738421959,deterministic_binomial_approximation_phase2_v1
D5_max_coverage_union,MACE-MP,uncertain,f1,0.3164847788627226,0.3117328397222798,0.3212367180031654,deterministic_binomial_approximation_phase2_v1
D5_max_coverage_union,MACE-MP,uncertain,precision,0.3164847788627226,0.3117328397222798,0.3212367180031654,deterministic_binomial_approximation_phase2_v1
D5_max_coverage_union,MACE-MP,uncertain,recall,0.3164847788627226,0.3117328397222798,0.3212367180031654,deterministic_binomial_approximation_phase2_v1
D5_max_coverage_union,MACE-MP,uncertain,balanced_accuracy,0.4890366205912232,0.4839293844403138,0.4941438567421326,deterministic_binomial_approximation_phase2_v1
D5_max_coverage_union,MACE-MP,uncertain,auroc,0.4831995649220195,0.47809398518242324,0.48830514466161573,deterministic_binomial_approximation_phase2_v1
D5_max_coverage_union,MACE-MP,uncertain,auprc,0.324247917183357,0.3194654427735343,0.3290303915931797,deterministic_binomial_approximation_phase2_v1
D5_max_coverage_union,MACE-MP,audit_view,f1,0.25466427743227577,0.2502130442699955,0.259115510594556,deterministic_binomial_approximation_phase2_v1
D5_max_coverage_union,MACE-MP,audit_view,precision,0.25466427743227577,0.2502130442699955,0.259115510594556,deterministic_binomial_approximation_phase2_v1
D5_max_coverage_union,MACE-MP,audit_view,recall,0.25466427743227577,0.2502130442699955,0.259115510594556,deterministic_binomial_approximation_phase2_v1
D5_max_coverage_union,MACE-MP,audit_view,balanced_accuracy,0.49789776200004787,0.4927893428236701,0.5030061811764256,deterministic_binomial_approximation_phase2_v1
D5_max_coverage_union,MACE-MP,audit_view,auroc,0.5061416953681388,0.5010336164402185,0.5112497742960591,deterministic_binomial_approximation_phase2_v1
D5_max_coverage_union,MACE-MP,audit_view,auprc,0.2611515151497135,0.25666360318343584,0.2656394271159912,deterministic_binomial_approximation_phase2_v1
D5_max_coverage_union,MP_common_pool_public_hull_rank,mp_native,f1,0.7723279648609077,0.7680418383922992,0.7766140913295162,deterministic_binomial_approximation_phase2_v1
D5_max_coverage_union,MP_common_pool_public_hull_rank,mp_native,precision,0.7723279648609077,0.7680418383922992,0.7766140913295162,deterministic_binomial_approximation_phase2_v1
D5_max_coverage_union,MP_common_pool_public_hull_rank,mp_native,recall,0.7723279648609077,0.7680418383922992,0.7766140913295162,deterministic_binomial_approximation_phase2_v1
D5_max_coverage_union,MP_common_pool_public_hull_rank,mp_native,balanced_accuracy,0.8074986034753397,0.8034686773157479,0.8115285296349316,deterministic_binomial_approximation_phase2_v1
D5_max_coverage_union,MP_common_pool_public_hull_rank,mp_native,auroc,0.869475220446933,0.8660318452623873,0.8729185956314788,deterministic_binomial_approximation_phase2_v1
D5_max_coverage_union,MP_common_pool_public_hull_rank,mp_native,auprc,0.7520563502501773,0.7476425676054086,0.7564701328949459,deterministic_binomial_approximation_phase2_v1
D5_max_coverage_union,MP_common_pool_public_hull_rank,alexmp20_native,f1,0.6691995185073728,0.6643903484679983,0.6740086885467473,deterministic_binomial_approximation_phase2_v1
D5_max_coverage_union,MP_common_pool_public_hull_rank,alexmp20_native,precision,0.6691995185073728,0.6643903484679983,0.6740086885467473,deterministic_binomial_approximation_phase2_v1
D5_max_coverage_union,MP_common_pool_public_hull_rank,alexmp20_native,recall,0.6691995185073728,0.6643903484679983,0.6740086885467473,deterministic_binomial_approximation_phase2_v1
D5_max_coverage_union,MP_common_pool_public_hull_rank,alexmp20_native,balanced_accuracy,0.7409589039849241,0.7364808363210031,0.7454369716488451,deterministic_binomial_approximation_phase2_v1
D5_max_coverage_union,MP_common_pool_public_hull_rank,alexmp20_native,auroc,0.8258983166625636,0.8220224035570808,0.8297742297680465,deterministic_binomial_approximation_phase2_v1
D5_max_coverage_union,MP_common_pool_public_hull_rank,alexmp20_native,auprc,0.6421432644969001,0.6372434479486779,0.6470430810451222,deterministic_binomial_approximation_phase2_v1
D5_max_coverage_union,MP_common_pool_public_hull_rank,alex_pbe_native,f1,0.5831347086381196,0.5780951608164028,0.5881742564598363,deterministic_binomial_approximation_phase2_v1
D5_max_coverage_union,MP_common_pool_public_hull_rank,alex_pbe_native,precision,0.5831347086381196,0.5780951608164028,0.5881742564598363,deterministic_binomial_approximation_phase2_v1
D5_max_coverage_union,MP_common_pool_public_hull_rank,alex_pbe_native,recall,0.5831347086381196,0.5780951608164028,0.5881742564598363,deterministic_binomial_approximation_phase2_v1
D5_max_coverage_union,MP_common_pool_public_hull_rank,alex_pbe_native,balanced_accuracy,0.6884904937735978,0.6837568684163695,0.6932241191308262,deterministic_binomial_approximation_phase2_v1
D5_max_coverage_union,MP_common_pool_public_hull_rank,alex_pbe_native,auroc,0.7932953788949817,0.7891563180413054,0.797434439748658,deterministic_binomial_approximation_phase2_v1
D5_max_coverage_union,MP_common_pool_public_hull_rank,alex_pbe_native,auprc,0.565633130544103,0.5605666658283146,0.5706995952598914,deterministic_binomial_approximation_phase2_v1
D5_max_coverage_union,MP_common_pool_public_hull_rank,common_pool,f1,1.0,1.0,1.0,deterministic_binomial_approximation_phase2_v1
D5_max_coverage_union,MP_common_pool_public_hull_rank,common_pool,precision,1.0,1.0,1.0,deterministic_binomial_approximation_phase2_v1
D5_max_coverage_union,MP_common_pool_public_hull_rank,common_pool,recall,1.0,1.0,1.0,deterministic_binomial_approximation_phase2_v1
D5_max_coverage_union,MP_common_pool_public_hull_rank,common_pool,balanced_accuracy,1.0,1.0,1.0,deterministic_binomial_approximation_phase2_v1
D5_max_coverage_union,MP_common_pool_public_hull_rank,common_pool,auroc,1.0,1.0,1.0,deterministic_binomial_approximation_phase2_v1
D5_max_coverage_union,MP_common_pool_public_hull_rank,common_pool,auprc,0.9999999999999999,0.9999999998843222,1.0,deterministic_binomial_approximation_phase2_v1
D5_max_coverage_union,MP_common_pool_public_hull_rank,source_union,f1,,,,deterministic_binomial_approximation_phase2_v1
D5_max_coverage_union,MP_common_pool_public_hull_rank,source_union,precision,,,,deterministic_binomial_approximation_phase2_v1
D5_max_coverage_union,MP_common_pool_public_hull_rank,source_union,recall,,,,deterministic_binomial_approximation_phase2_v1
D5_max_coverage_union,MP_common_pool_public_hull_rank,source_union,balanced_accuracy,,,,deterministic_binomial_approximation_phase2_v1
D5_max_coverage_union,MP_common_pool_public_hull_rank,source_union,auroc,,,,deterministic_binomial_approximation_phase2_v1
D5_max_coverage_union,MP_common_pool_public_hull_rank,source_union,auprc,,,,deterministic_binomial_approximation_phase2_v1
D5_max_coverage_union,MP_common_pool_public_hull_rank,consensus,f1,1.0,1.0,1.0,deterministic_binomial_approximation_phase2_v1
D5_max_coverage_union,MP_common_pool_public_hull_rank,consensus,precision,1.0,1.0,1.0,deterministic_binomial_approximation_phase2_v1
D5_max_coverage_union,MP_common_pool_public_hull_rank,consensus,recall,1.0,1.0,1.0,deterministic_binomial_approximation_phase2_v1
D5_max_coverage_union,MP_common_pool_public_hull_rank,consensus,balanced_accuracy,1.0,1.0,1.0,deterministic_binomial_approximation_phase2_v1
D5_max_coverage_union,MP_common_pool_public_hull_rank,consensus,auroc,1.0,1.0,1.0,deterministic_binomial_approximation_phase2_v1
D5_max_coverage_union,MP_common_pool_public_hull_rank,consensus,auprc,0.9999999999999999,0.999999999868368,1.0,deterministic_binomial_approximation_phase2_v1
D5_max_coverage_union,MP_common_pool_public_hull_rank,uncertain,f1,0.4671328671328671,0.4620332339794807,0.4722325002862535,deterministic_binomial_approximation_phase2_v1
D5_max_coverage_union,MP_common_pool_public_hull_rank,uncertain,precision,0.4671328671328671,0.4620332339794807,0.4722325002862535,deterministic_binomial_approximation_phase2_v1
D5_max_coverage_union,MP_common_pool_public_hull_rank,uncertain,recall,0.4671328671328671,0.4620332339794807,0.4722325002862535,deterministic_binomial_approximation_phase2_v1
D5_max_coverage_union,MP_common_pool_public_hull_rank,uncertain,balanced_accuracy,0.6020003153458363,0.5969971024904888,0.6070035282011839,deterministic_binomial_approximation_phase2_v1
D5_max_coverage_union,MP_common_pool_public_hull_rank,uncertain,auroc,0.6869387865602512,0.6821987367236066,0.6916788363968958,deterministic_binomial_approximation_phase2_v1
D5_max_coverage_union,MP_common_pool_public_hull_rank,uncertain,auprc,0.4593596884979845,0.45426591172117886,0.4644534652747901,deterministic_binomial_approximation_phase2_v1
D5_max_coverage_union,MP_common_pool_public_hull_rank,audit_view,f1,0.5011067776957943,0.4959961034870709,0.5062174519045176,deterministic_binomial_approximation_phase2_v1
D5_max_coverage_union,MP_common_pool_public_hull_rank,audit_view,precision,0.5011067776957943,0.4959961034870709,0.5062174519045176,deterministic_binomial_approximation_phase2_v1
D5_max_coverage_union,MP_common_pool_public_hull_rank,audit_view,recall,0.5011067776957943,0.4959961034870709,0.5062174519045176,deterministic_binomial_approximation_phase2_v1
D5_max_coverage_union,MP_common_pool_public_hull_rank,audit_view,balanced_accuracy,0.663814393869339,0.6589857836791011,0.668643004059577,deterministic_binomial_approximation_phase2_v1
D5_max_coverage_union,MP_common_pool_public_hull_rank,audit_view,auroc,0.8476593346740416,0.8439862760930374,0.8513323932550458,deterministic_binomial_approximation_phase2_v1
D5_max_coverage_union,MP_common_pool_public_hull_rank,audit_view,auprc,0.5294285232560952,0.5243266963038089,0.5345303502083816,deterministic_binomial_approximation_phase2_v1
D5_max_coverage_union,MP_source_native_public_hull_rank,mp_native,f1,1.0,1.0,1.0,deterministic_binomial_approximation_phase2_v1
D5_max_coverage_union,MP_source_native_public_hull_rank,mp_native,precision,1.0,1.0,1.0,deterministic_binomial_approximation_phase2_v1
D5_max_coverage_union,MP_source_native_public_hull_rank,mp_native,recall,1.0,1.0,1.0,deterministic_binomial_approximation_phase2_v1
D5_max_coverage_union,MP_source_native_public_hull_rank,mp_native,balanced_accuracy,1.0,1.0,1.0,deterministic_binomial_approximation_phase2_v1
D5_max_coverage_union,MP_source_native_public_hull_rank,mp_native,auroc,1.0,1.0,1.0,deterministic_binomial_approximation_phase2_v1
D5_max_coverage_union,MP_source_native_public_hull_rank,mp_native,auprc,1.0,1.0,1.0,deterministic_binomial_approximation_phase2_v1
D5_max_coverage_union,MP_source_native_public_hull_rank,alexmp20_native,f1,0.8112781954887218,0.8072804393118209,0.8152759516656227,deterministic_binomial_approximation_phase2_v1
D5_max_coverage_union,MP_source_native_public_hull_rank,alexmp20_native,precision,0.8112781954887218,0.8072804393118209,0.8152759516656227,deterministic_binomial_approximation_phase2_v1
D5_max_coverage_union,MP_source_native_public_hull_rank,alexmp20_native,recall,0.8112781954887218,0.8072804393118209,0.8152759516656227,deterministic_binomial_approximation_phase2_v1
D5_max_coverage_union,MP_source_native_public_hull_rank,alexmp20_native,balanced_accuracy,0.8522393870814386,0.8486137819433375,0.8558649922195398,deterministic_binomial_approximation_phase2_v1
D5_max_coverage_union,MP_source_native_public_hull_rank,alexmp20_native,auroc,0.9072235173714219,0.9042593927259291,0.9101876420169147,deterministic_binomial_approximation_phase2_v1
D5_max_coverage_union,MP_source_native_public_hull_rank,alexmp20_native,auprc,0.785214911338006,0.7810190928358007,0.7894107298402113,deterministic_binomial_approximation_phase2_v1
D5_max_coverage_union,MP_source_native_public_hull_rank,alex_pbe_native,f1,0.7293856767411301,0.7248465285040786,0.7339248249781816,deterministic_binomial_approximation_phase2_v1
D5_max_coverage_union,MP_source_native_public_hull_rank,alex_pbe_native,precision,0.7293856767411301,0.7248465285040786,0.7339248249781816,deterministic_binomial_approximation_phase2_v1
D5_max_coverage_union,MP_source_native_public_hull_rank,alex_pbe_native,recall,0.7293856767411301,0.7248465285040786,0.7339248249781816,deterministic_binomial_approximation_phase2_v1
D5_max_coverage_union,MP_source_native_public_hull_rank,alex_pbe_native,balanced_accuracy,0.7977920018563118,0.7936884080586963,0.8018955956539273,deterministic_binomial_approximation_phase2_v1
D5_max_coverage_union,MP_source_native_public_hull_rank,alex_pbe_native,auroc,0.8797764257630553,0.8764536476676388,0.8830992038584717,deterministic_binomial_approximation_phase2_v1
D5_max_coverage_union,MP_source_native_public_hull_rank,alex_pbe_native,auprc,0.7015761876567441,0.6969012640546264,0.7062511112588619,deterministic_binomial_approximation_phase2_v1
D5_max_coverage_union,MP_source_native_public_hull_rank,common_pool,f1,0.8791702050224433,0.8755919762790493,0.8827484337658372,deterministic_binomial_approximation_phase2_v1
D5_max_coverage_union,MP_source_native_public_hull_rank,common_pool,precision,0.8791702050224433,0.8755919762790493,0.8827484337658372,deterministic_binomial_approximation_phase2_v1
D5_max_coverage_union,MP_source_native_public_hull_rank,common_pool,recall,0.8791702050224433,0.8755919762790493,0.8827484337658372,deterministic_binomial_approximation_phase2_v1
D5_max_coverage_union,MP_source_native_public_hull_rank,common_pool,balanced_accuracy,0.8748551356560842,0.871222522188457,0.8784877491237114,deterministic_binomial_approximation_phase2_v1
D5_max_coverage_union,MP_source_native_public_hull_rank,common_pool,auroc,0.9439909945706565,0.9414665987294383,0.9465153904118747,deterministic_binomial_approximation_phase2_v1
D5_max_coverage_union,MP_source_native_public_hull_rank,common_pool,auprc,0.9565783864226446,0.9543409131254593,0.9588158597198299,deterministic_binomial_approximation_phase2_v1
D5_max_coverage_union,MP_source_native_public_hull_rank,source_union,f1,,,,deterministic_binomial_approximation_phase2_v1
D5_max_coverage_union,MP_source_native_public_hull_rank,source_union,precision,,,,deterministic_binomial_approximation_phase2_v1
D5_max_coverage_union,MP_source_native_public_hull_rank,source_union,recall,,,,deterministic_binomial_approximation_phase2_v1
D5_max_coverage_union,MP_source_native_public_hull_rank,source_union,balanced_accuracy,,,,deterministic_binomial_approximation_phase2_v1
D5_max_coverage_union,MP_source_native_public_hull_rank,source_union,auroc,,,,deterministic_binomial_approximation_phase2_v1
D5_max_coverage_union,MP_source_native_public_hull_rank,source_union,auprc,,,,deterministic_binomial_approximation_phase2_v1
D5_max_coverage_union,MP_source_native_public_hull_rank,consensus,f1,1.0,1.0,1.0,deterministic_binomial_approximation_phase2_v1
D5_max_coverage_union,MP_source_native_public_hull_rank,consensus,precision,1.0,1.0,1.0,deterministic_binomial_approximation_phase2_v1
D5_max_coverage_union,MP_source_native_public_hull_rank,consensus,recall,1.0,1.0,1.0,deterministic_binomial_approximation_phase2_v1
D5_max_coverage_union,MP_source_native_public_hull_rank,consensus,balanced_accuracy,1.0,1.0,1.0,deterministic_binomial_approximation_phase2_v1
D5_max_coverage_union,MP_source_native_public_hull_rank,consensus,auroc,1.0,1.0,1.0,deterministic_binomial_approximation_phase2_v1
D5_max_coverage_union,MP_source_native_public_hull_rank,consensus,auprc,1.0,1.0,1.0,deterministic_binomial_approximation_phase2_v1
D5_max_coverage_union,MP_source_native_public_hull_rank,uncertain,f1,0.35931730532534667,0.3544152193411148,0.36421939130957853,deterministic_binomial_approximation_phase2_v1
D5_max_coverage_union,MP_source_native_public_hull_rank,uncertain,precision,0.35931730532534667,0.3544152193411148,0.36421939130957853,deterministic_binomial_approximation_phase2_v1
D5_max_coverage_union,MP_source_native_public_hull_rank,uncertain,recall,0.35931730532534667,0.3544152193411148,0.36421939130957853,deterministic_binomial_approximation_phase2_v1
D5_max_coverage_union,MP_source_native_public_hull_rank,uncertain,balanced_accuracy,0.521056174498952,0.515952241982635,0.526160107015269,deterministic_binomial_approximation_phase2_v1
D5_max_coverage_union,MP_source_native_public_hull_rank,uncertain,auroc,0.6142134368578647,0.6092400348427096,0.6191868388730197,deterministic_binomial_approximation_phase2_v1
D5_max_coverage_union,MP_source_native_public_hull_rank,uncertain,auprc,0.38631736951249585,0.38134269816688726,0.39129204085810443,deterministic_binomial_approximation_phase2_v1
D5_max_coverage_union,MP_source_native_public_hull_rank,audit_view,f1,0.6238009908295562,0.618851594696565,0.6287503869625474,deterministic_binomial_approximation_phase2_v1
D5_max_coverage_union,MP_source_native_public_hull_rank,audit_view,precision,0.6238009908295562,0.618851594696565,0.6287503869625474,deterministic_binomial_approximation_phase2_v1
D5_max_coverage_union,MP_source_native_public_hull_rank,audit_view,recall,0.6238009908295562,0.618851594696565,0.6287503869625474,deterministic_binomial_approximation_phase2_v1
D5_max_coverage_union,MP_source_native_public_hull_rank,audit_view,balanced_accuracy,0.7465700908751478,0.7421259830404966,0.751014198709799,deterministic_binomial_approximation_phase2_v1
D5_max_coverage_union,MP_source_native_public_hull_rank,audit_view,auroc,0.8984623833058759,0.8953764694889563,0.9015482971227955,deterministic_binomial_approximation_phase2_v1
D5_max_coverage_union,MP_source_native_public_hull_rank,audit_view,auprc,0.6310363176799255,0.6261064036243424,0.6359662317355086,deterministic_binomial_approximation_phase2_v1
D5_max_coverage_union,MatterGen_alex_mp20_source_native_public_hull_rank,mp_native,f1,0.8424238392975921,0.8387013715605264,0.8461463070346579,deterministic_binomial_approximation_phase2_v1
D5_max_coverage_union,MatterGen_alex_mp20_source_native_public_hull_rank,mp_native,precision,0.8424238392975921,0.8387013715605264,0.8461463070346579,deterministic_binomial_approximation_phase2_v1
D5_max_coverage_union,MatterGen_alex_mp20_source_native_public_hull_rank,mp_native,recall,0.8424238392975921,0.8387013715605264,0.8461463070346579,deterministic_binomial_approximation_phase2_v1
D5_max_coverage_union,MatterGen_alex_mp20_source_native_public_hull_rank,mp_native,balanced_accuracy,0.8667971824198362,0.863325533399817,0.8702688314398553,deterministic_binomial_approximation_phase2_v1
D5_max_coverage_union,MatterGen_alex_mp20_source_native_public_hull_rank,mp_native,auroc,0.917484141788719,0.9146729637296082,0.9202953198478298,deterministic_binomial_approximation_phase2_v1
D5_max_coverage_union,MatterGen_alex_mp20_source_native_public_hull_rank,mp_native,auprc,0.8677034437101401,0.8642418165383431,0.8711650708819371,deterministic_binomial_approximation_phase2_v1
D5_max_coverage_union,MatterGen_alex_mp20_source_native_public_hull_rank,alexmp20_native,f1,1.0,1.0,1.0,deterministic_binomial_approximation_phase2_v1
D5_max_coverage_union,MatterGen_alex_mp20_source_native_public_hull_rank,alexmp20_native,precision,1.0,1.0,1.0,deterministic_binomial_approximation_phase2_v1
D5_max_coverage_union,MatterGen_alex_mp20_source_native_public_hull_rank,alexmp20_native,recall,1.0,1.0,1.0,deterministic_binomial_approximation_phase2_v1
D5_max_coverage_union,MatterGen_alex_mp20_source_native_public_hull_rank,alexmp20_native,balanced_accuracy,1.0,1.0,1.0,deterministic_binomial_approximation_phase2_v1
D5_max_coverage_union,MatterGen_alex_mp20_source_native_public_hull_rank,alexmp20_native,auroc,1.0,1.0,1.0,deterministic_binomial_approximation_phase2_v1
D5_max_coverage_union,MatterGen_alex_mp20_source_native_public_hull_rank,alexmp20_native,auprc,1.0,1.0,1.0,deterministic_binomial_approximation_phase2_v1
D5_max_coverage_union,MatterGen_alex_mp20_source_native_public_hull_rank,alex_pbe_native,f1,0.8141425755584757,0.8101682764299072,0.8181168746870442,deterministic_binomial_approximation_phase2_v1
D5_max_coverage_union,MatterGen_alex_mp20_source_native_public_hull_rank,alex_pbe_native,precision,0.8141425755584757,0.8101682764299072,0.8181168746870442,deterministic_binomial_approximation_phase2_v1
D5_max_coverage_union,MatterGen_alex_mp20_source_native_public_hull_rank,alex_pbe_native,recall,0.8141425755584757,0.8101682764299072,0.8181168746870442,deterministic_binomial_approximation_phase2_v1
D5_max_coverage_union,MatterGen_alex_mp20_source_native_public_hull_rank,alex_pbe_native,balanced_accuracy,0.8611239150837128,0.8575907256862317,0.8646571044811938,deterministic_binomial_approximation_phase2_v1
D5_max_coverage_union,MatterGen_alex_mp20_source_native_public_hull_rank,alex_pbe_native,auroc,0.91827436045074,0.9154754709437316,0.9210732499577483,deterministic_binomial_approximation_phase2_v1
D5_max_coverage_union,MatterGen_alex_mp20_source_native_public_hull_rank,alex_pbe_native,auprc,0.7927444484047435,0.7886031163704146,0.7968857804390723,deterministic_binomial_approximation_phase2_v1
D5_max_coverage_union,MatterGen_alex_mp20_source_native_public_hull_rank,common_pool,f1,0.8476282906708723,0.8436828138939159,0.8515737674478288,deterministic_binomial_approximation_phase2_v1
D5_max_coverage_union,MatterGen_alex_mp20_source_native_public_hull_rank,common_pool,precision,0.8476282906708723,0.8436828138939159,0.8515737674478288,deterministic_binomial_approximation_phase2_v1
D5_max_coverage_union,MatterGen_alex_mp20_source_native_public_hull_rank,common_pool,recall,0.8476282906708723,0.8436828138939159,0.8515737674478288,deterministic_binomial_approximation_phase2_v1
D5_max_coverage_union,MatterGen_alex_mp20_source_native_public_hull_rank,common_pool,balanced_accuracy,0.8421867975743391,0.8381843976570509,0.8461891974916274,deterministic_binomial_approximation_phase2_v1
D5_max_coverage_union,MatterGen_alex_mp20_source_native_public_hull_rank,common_pool,auroc,0.920335106762807,0.9173624067595573,0.9233078067660568,deterministic_binomial_approximation_phase2_v1
D5_max_coverage_union,MatterGen_alex_mp20_source_native_public_hull_rank,common_pool,auprc,0.9345044502695337,0.931788378867587,0.9372205216714803,deterministic_binomial_approximation_phase2_v1
D5_max_coverage_union,MatterGen_alex_mp20_source_native_public_hull_rank,source_union,f1,,,,deterministic_binomial_approximation_phase2_v1
D5_max_coverage_union,MatterGen_alex_mp20_source_native_public_hull_rank,source_union,precision,,,,deterministic_binomial_approximation_phase2_v1
D5_max_coverage_union,MatterGen_alex_mp20_source_native_public_hull_rank,source_union,recall,,,,deterministic_binomial_approximation_phase2_v1
D5_max_coverage_union,MatterGen_alex_mp20_source_native_public_hull_rank,source_union,balanced_accuracy,,,,deterministic_binomial_approximation_phase2_v1
D5_max_coverage_union,MatterGen_alex_mp20_source_native_public_hull_rank,source_union,auroc,,,,deterministic_binomial_approximation_phase2_v1
D5_max_coverage_union,MatterGen_alex_mp20_source_native_public_hull_rank,source_union,auprc,,,,deterministic_binomial_approximation_phase2_v1
D5_max_coverage_union,MatterGen_alex_mp20_source_native_public_hull_rank,consensus,f1,1.0,1.0,1.0,deterministic_binomial_approximation_phase2_v1
D5_max_coverage_union,MatterGen_alex_mp20_source_native_public_hull_rank,consensus,precision,1.0,1.0,1.0,deterministic_binomial_approximation_phase2_v1
D5_max_coverage_union,MatterGen_alex_mp20_source_native_public_hull_rank,consensus,recall,1.0,1.0,1.0,deterministic_binomial_approximation_phase2_v1
D5_max_coverage_union,MatterGen_alex_mp20_source_native_public_hull_rank,consensus,balanced_accuracy,1.0,1.0,1.0,deterministic_binomial_approximation_phase2_v1
D5_max_coverage_union,MatterGen_alex_mp20_source_native_public_hull_rank,consensus,auroc,1.0,1.0,1.0,deterministic_binomial_approximation_phase2_v1
D5_max_coverage_union,MatterGen_alex_mp20_source_native_public_hull_rank,consensus,auprc,1.0,1.0,1.0,deterministic_binomial_approximation_phase2_v1
D5_max_coverage_union,MatterGen_alex_mp20_source_native_public_hull_rank,uncertain,f1,0.2850578485271191,0.2804454979083657,0.28967019914587244,deterministic_binomial_approximation_phase2_v1
D5_max_coverage_union,MatterGen_alex_mp20_source_native_public_hull_rank,uncertain,precision,0.2850578485271191,0.2804454979083657,0.28967019914587244,deterministic_binomial_approximation_phase2_v1
D5_max_coverage_union,MatterGen_alex_mp20_source_native_public_hull_rank,uncertain,recall,0.2850578485271191,0.2804454979083657,0.28967019914587244,deterministic_binomial_approximation_phase2_v1
D5_max_coverage_union,MatterGen_alex_mp20_source_native_public_hull_rank,uncertain,balanced_accuracy,0.4655433463639048,0.4604470266312811,0.4706396660965285,deterministic_binomial_approximation_phase2_v1
D5_max_coverage_union,MatterGen_alex_mp20_source_native_public_hull_rank,uncertain,auroc,0.5702745927223444,0.5652168365552958,0.575332348889393,deterministic_binomial_approximation_phase2_v1
D5_max_coverage_union,MatterGen_alex_mp20_source_native_public_hull_rank,uncertain,auprc,0.34661297675437513,0.3417508304557274,0.35147512305302286,deterministic_binomial_approximation_phase2_v1
D5_max_coverage_union,MatterGen_alex_mp20_source_native_public_hull_rank,audit_view,f1,0.7116053546958997,0.7069769261781537,0.7162337832136457,deterministic_binomial_approximation_phase2_v1
D5_max_coverage_union,MatterGen_alex_mp20_source_native_public_hull_rank,audit_view,precision,0.7116053546958997,0.7069769261781537,0.7162337832136457,deterministic_binomial_approximation_phase2_v1
D5_max_coverage_union,MatterGen_alex_mp20_source_native_public_hull_rank,audit_view,recall,0.7116053546958997,0.7069769261781537,0.7162337832136457,deterministic_binomial_approximation_phase2_v1
D5_max_coverage_union,MatterGen_alex_mp20_source_native_public_hull_rank,audit_view,balanced_accuracy,0.8057203050250503,0.8016780266193809,0.8097625834307197,deterministic_binomial_approximation_phase2_v1
D5_max_coverage_union,MatterGen_alex_mp20_source_native_public_hull_rank,audit_view,auroc,0.9302031850631521,0.9275998679434476,0.9328065021828567,deterministic_binomial_approximation_phase2_v1
D5_max_coverage_union,MatterGen_alex_mp20_source_native_public_hull_rank,audit_view,auprc,0.7133082706766918,0.7086880090049874,0.7179285323483962,deterministic_binomial_approximation_phase2_v1
D5_max_coverage_union,consensus_oracle_proxy,mp_native,f1,0.6310363176799255,0.6261064036243424,0.6359662317355086,deterministic_binomial_approximation_phase2_v1
D5_max_coverage_union,consensus_oracle_proxy,mp_native,precision,0.6310363176799255,0.6261064036243424,0.6359662317355086,deterministic_binomial_approximation_phase2_v1
D5_max_coverage_union,consensus_oracle_proxy,mp_native,recall,0.6310363176799255,0.6261064036243424,0.6359662317355086,deterministic_binomial_approximation_phase2_v1
D5_max_coverage_union,consensus_oracle_proxy,mp_native,balanced_accuracy,0.6881063617065559,0.6833731993088557,0.6928395241042562,deterministic_binomial_approximation_phase2_v1
D5_max_coverage_union,consensus_oracle_proxy,mp_native,auroc,0.6872854061725677,0.682548846678427,0.6920219656667085,deterministic_binomial_approximation_phase2_v1
D5_max_coverage_union,consensus_oracle_proxy,mp_native,auprc,0.7780683351354545,0.7738227371645053,0.7823139331064036,deterministic_binomial_approximation_phase2_v1
D5_max_coverage_union,consensus_oracle_proxy,alexmp20_native,f1,0.7133082706766918,0.7086880090049874,0.7179285323483962,deterministic_binomial_approximation_phase2_v1
D5_max_coverage_union,consensus_oracle_proxy,alexmp20_native,precision,0.7133082706766918,0.7086880090049874,0.7179285323483962,deterministic_binomial_approximation_phase2_v1
D5_max_coverage_union,consensus_oracle_proxy,alexmp20_native,recall,0.7133082706766918,0.7086880090049874,0.7179285323483962,deterministic_binomial_approximation_phase2_v1
D5_max_coverage_union,consensus_oracle_proxy,alexmp20_native,balanced_accuracy,0.7755333796579782,0.7712705645902778,0.7797961947256786,deterministic_binomial_approximation_phase2_v1
D5_max_coverage_union,consensus_oracle_proxy,alexmp20_native,auroc,0.7657395627183865,0.7614123287397878,0.7700667966969852,deterministic_binomial_approximation_phase2_v1
D5_max_coverage_union,consensus_oracle_proxy,alexmp20_native,auprc,0.8202960091456131,0.8163733143325983,0.8242187039586278,deterministic_binomial_approximation_phase2_v1
D5_max_coverage_union,consensus_oracle_proxy,alex_pbe_native,f1,0.7791557161629435,0.7749175734888878,0.7833938588369993,deterministic_binomial_approximation_phase2_v1
D5_max_coverage_union,consensus_oracle_proxy,alex_pbe_native,precision,0.7791557161629435,0.7749175734888878,0.7833938588369993,deterministic_binomial_approximation_phase2_v1
D5_max_coverage_union,consensus_oracle_proxy,alex_pbe_native,recall,0.7791557161629435,0.7749175734888878,0.7833938588369993,deterministic_binomial_approximation_phase2_v1
D5_max_coverage_union,consensus_oracle_proxy,alex_pbe_native,balanced_accuracy,0.8349810904375182,0.8311885908913812,0.8387735899836553,deterministic_binomial_approximation_phase2_v1
D5_max_coverage_union,consensus_oracle_proxy,alex_pbe_native,auroc,0.8227812650177003,0.818879892916463,0.8266826371189376,deterministic_binomial_approximation_phase2_v1
D5_max_coverage_union,consensus_oracle_proxy,alex_pbe_native,auprc,0.8577310517662011,0.8541620152806274,0.8613000882517748,deterministic_binomial_approximation_phase2_v1
D5_max_coverage_union,consensus_oracle_proxy,common_pool,f1,0.5754579643333738,0.5700315649897196,0.580884363677028,deterministic_binomial_approximation_phase2_v1
D5_max_coverage_union,consensus_oracle_proxy,common_pool,precision,0.5754579643333738,0.5700315649897196,0.580884363677028,deterministic_binomial_approximation_phase2_v1
D5_max_coverage_union,consensus_oracle_proxy,common_pool,recall,0.5754579643333738,0.5700315649897196,0.580884363677028,deterministic_binomial_approximation_phase2_v1
D5_max_coverage_union,consensus_oracle_proxy,common_pool,balanced_accuracy,0.5602967341651272,0.5548475248396981,0.5657459434905562,deterministic_binomial_approximation_phase2_v1
D5_max_coverage_union,consensus_oracle_proxy,common_pool,auroc,0.5790845725354399,0.5736644011461808,0.584504743924699,deterministic_binomial_approximation_phase2_v1
D5_max_coverage_union,consensus_oracle_proxy,common_pool,auprc,0.7694875488756167,0.7648638175232038,0.7741112802280296,deterministic_binomial_approximation_phase2_v1
D5_max_coverage_union,consensus_oracle_proxy,source_union,f1,,,,deterministic_binomial_approximation_phase2_v1
D5_max_coverage_union,consensus_oracle_proxy,source_union,precision,,,,deterministic_binomial_approximation_phase2_v1
D5_max_coverage_union,consensus_oracle_proxy,source_union,recall,,,,deterministic_binomial_approximation_phase2_v1
D5_max_coverage_union,consensus_oracle_proxy,source_union,balanced_accuracy,,,,deterministic_binomial_approximation_phase2_v1
D5_max_coverage_union,consensus_oracle_proxy,source_union,auroc,,,,deterministic_binomial_approximation_phase2_v1
D5_max_coverage_union,consensus_oracle_proxy,source_union,auprc,,,,deterministic_binomial_approximation_phase2_v1
D5_max_coverage_union,consensus_oracle_proxy,consensus,f1,1.0,1.0,1.0,deterministic_binomial_approximation_phase2_v1
D5_max_coverage_union,consensus_oracle_proxy,consensus,precision,1.0,1.0,1.0,deterministic_binomial_approximation_phase2_v1
D5_max_coverage_union,consensus_oracle_proxy,consensus,recall,1.0,1.0,1.0,deterministic_binomial_approximation_phase2_v1
D5_max_coverage_union,consensus_oracle_proxy,consensus,balanced_accuracy,1.0,1.0,1.0,deterministic_binomial_approximation_phase2_v1
D5_max_coverage_union,consensus_oracle_proxy,consensus,auroc,1.0,1.0,1.0,deterministic_binomial_approximation_phase2_v1
D5_max_coverage_union,consensus_oracle_proxy,consensus,auprc,1.0,1.0,1.0,deterministic_binomial_approximation_phase2_v1
D5_max_coverage_union,consensus_oracle_proxy,uncertain,f1,0.0,0.0,0.0,deterministic_binomial_approximation_phase2_v1
D5_max_coverage_union,consensus_oracle_proxy,uncertain,precision,0.0,0.0,0.0,deterministic_binomial_approximation_phase2_v1
D5_max_coverage_union,consensus_oracle_proxy,uncertain,recall,0.0,0.0,0.0,deterministic_binomial_approximation_phase2_v1
D5_max_coverage_union,consensus_oracle_proxy,uncertain,balanced_accuracy,0.25244769449522647,0.24800929021842474,0.2568860987720282,deterministic_binomial_approximation_phase2_v1
D5_max_coverage_union,consensus_oracle_proxy,uncertain,auroc,0.0,0.0,0.0,deterministic_binomial_approximation_phase2_v1
D5_max_coverage_union,consensus_oracle_proxy,uncertain,auprc,0.18766773153113636,0.18367856638729488,0.19165689667497784,deterministic_binomial_approximation_phase2_v1
D5_max_coverage_union,consensus_oracle_proxy,audit_view,f1,1.0,1.0,1.0,deterministic_binomial_approximation_phase2_v1
D5_max_coverage_union,consensus_oracle_proxy,audit_view,precision,1.0,1.0,1.0,deterministic_binomial_approximation_phase2_v1
D5_max_coverage_union,consensus_oracle_proxy,audit_view,recall,1.0,1.0,1.0,deterministic_binomial_approximation_phase2_v1
D5_max_coverage_union,consensus_oracle_proxy,audit_view,balanced_accuracy,1.0,1.0,1.0,deterministic_binomial_approximation_phase2_v1
D5_max_coverage_union,consensus_oracle_proxy,audit_view,auroc,1.0,1.0,1.0,deterministic_binomial_approximation_phase2_v1
D5_max_coverage_union,consensus_oracle_proxy,audit_view,auprc,1.0,1.0,1.0,deterministic_binomial_approximation_phase2_v1
D5_max_coverage_union,official_Alexandria_PBE_common_pool_public_hull_rank,mp_native,f1,0.718903818012505,0.7143109577808875,0.7234966782441226,deterministic_binomial_approximation_phase2_v1
D5_max_coverage_union,official_Alexandria_PBE_common_pool_public_hull_rank,mp_native,precision,0.718903818012505,0.7143109577808875,0.7234966782441226,deterministic_binomial_approximation_phase2_v1
D5_max_coverage_union,official_Alexandria_PBE_common_pool_public_hull_rank,mp_native,recall,0.718903818012505,0.7143109577808875,0.7234966782441226,deterministic_binomial_approximation_phase2_v1
D5_max_coverage_union,official_Alexandria_PBE_common_pool_public_hull_rank,mp_native,balanced_accuracy,0.7623828167607545,0.7580342531014629,0.7667313804200461,deterministic_binomial_approximation_phase2_v1
D5_max_coverage_union,official_Alexandria_PBE_common_pool_public_hull_rank,mp_native,auroc,0.8544574185686278,0.8508544488671052,0.8580603882701504,deterministic_binomial_approximation_phase2_v1
D5_max_coverage_union,official_Alexandria_PBE_common_pool_public_hull_rank,mp_native,auprc,0.7041102850015072,0.6994468530956596,0.7087737169073548,deterministic_binomial_approximation_phase2_v1
D5_max_coverage_union,official_Alexandria_PBE_common_pool_public_hull_rank,alexmp20_native,f1,0.6418045112781955,0.6369058004976356,0.6467032220587554,deterministic_binomial_approximation_phase2_v1
D5_max_coverage_union,official_Alexandria_PBE_common_pool_public_hull_rank,alexmp20_native,precision,0.6418045112781955,0.6369058004976356,0.6467032220587554,deterministic_binomial_approximation_phase2_v1
D5_max_coverage_union,official_Alexandria_PBE_common_pool_public_hull_rank,alexmp20_native,recall,0.6418045112781955,0.6369058004976356,0.6467032220587554,deterministic_binomial_approximation_phase2_v1
D5_max_coverage_union,official_Alexandria_PBE_common_pool_public_hull_rank,alexmp20_native,balanced_accuracy,0.7195491793051687,0.7149595357365404,0.724138822873797,deterministic_binomial_approximation_phase2_v1
D5_max_coverage_union,official_Alexandria_PBE_common_pool_public_hull_rank,alexmp20_native,auroc,0.837569678920303,0.8338012147910123,0.8413381430495936,deterministic_binomial_approximation_phase2_v1
D5_max_coverage_union,official_Alexandria_PBE_common_pool_public_hull_rank,alexmp20_native,auprc,0.6345049914054345,0.6295848384119919,0.6394251443988771,deterministic_binomial_approximation_phase2_v1
D5_max_coverage_union,official_Alexandria_PBE_common_pool_public_hull_rank,alex_pbe_native,f1,0.5955157687253614,0.5905013823886839,0.6005301550620389,deterministic_binomial_approximation_phase2_v1
D5_max_coverage_union,official_Alexandria_PBE_common_pool_public_hull_rank,alex_pbe_native,precision,0.5955157687253614,0.5905013823886839,0.6005301550620389,deterministic_binomial_approximation_phase2_v1
D5_max_coverage_union,official_Alexandria_PBE_common_pool_public_hull_rank,alex_pbe_native,recall,0.5955157687253614,0.5905013823886839,0.6005301550620389,deterministic_binomial_approximation_phase2_v1
D5_max_coverage_union,official_Alexandria_PBE_common_pool_public_hull_rank,alex_pbe_native,balanced_accuracy,0.6977619451114827,0.6930700469872607,0.7024538432357047,deterministic_binomial_approximation_phase2_v1
D5_max_coverage_union,official_Alexandria_PBE_common_pool_public_hull_rank,alex_pbe_native,auroc,0.8409764962285196,0.837240185826549,0.8447128066304901,deterministic_binomial_approximation_phase2_v1
D5_max_coverage_union,official_Alexandria_PBE_common_pool_public_hull_rank,alex_pbe_native,auprc,0.6039440342637169,0.598947176488111,0.6089408920393228,deterministic_binomial_approximation_phase2_v1
D5_max_coverage_union,official_Alexandria_PBE_common_pool_public_hull_rank,common_pool,f1,1.0,1.0,1.0,deterministic_binomial_approximation_phase2_v1
D5_max_coverage_union,official_Alexandria_PBE_common_pool_public_hull_rank,common_pool,precision,1.0,1.0,1.0,deterministic_binomial_approximation_phase2_v1
D5_max_coverage_union,official_Alexandria_PBE_common_pool_public_hull_rank,common_pool,recall,1.0,1.0,1.0,deterministic_binomial_approximation_phase2_v1
D5_max_coverage_union,official_Alexandria_PBE_common_pool_public_hull_rank,common_pool,balanced_accuracy,1.0,1.0,1.0,deterministic_binomial_approximation_phase2_v1
D5_max_coverage_union,official_Alexandria_PBE_common_pool_public_hull_rank,common_pool,auroc,1.0,1.0,1.0,deterministic_binomial_approximation_phase2_v1
D5_max_coverage_union,official_Alexandria_PBE_common_pool_public_hull_rank,common_pool,auprc,1.0,1.0,1.0,deterministic_binomial_approximation_phase2_v1
D5_max_coverage_union,official_Alexandria_PBE_common_pool_public_hull_rank,source_union,f1,,,,deterministic_binomial_approximation_phase2_v1
D5_max_coverage_union,official_Alexandria_PBE_common_pool_public_hull_rank,source_union,precision,,,,deterministic_binomial_approximation_phase2_v1
D5_max_coverage_union,official_Alexandria_PBE_common_pool_public_hull_rank,source_union,recall,,,,deterministic_binomial_approximation_phase2_v1
D5_max_coverage_union,official_Alexandria_PBE_common_pool_public_hull_rank,source_union,balanced_accuracy,,,,deterministic_binomial_approximation_phase2_v1
D5_max_coverage_union,official_Alexandria_PBE_common_pool_public_hull_rank,source_union,auroc,,,,deterministic_binomial_approximation_phase2_v1
D5_max_coverage_union,official_Alexandria_PBE_common_pool_public_hull_rank,source_union,auprc,,,,deterministic_binomial_approximation_phase2_v1
D5_max_coverage_union,official_Alexandria_PBE_common_pool_public_hull_rank,consensus,f1,1.0,1.0,1.0,deterministic_binomial_approximation_phase2_v1
D5_max_coverage_union,official_Alexandria_PBE_common_pool_public_hull_rank,consensus,precision,1.0,1.0,1.0,deterministic_binomial_approximation_phase2_v1
D5_max_coverage_union,official_Alexandria_PBE_common_pool_public_hull_rank,consensus,recall,1.0,1.0,1.0,deterministic_binomial_approximation_phase2_v1
D5_max_coverage_union,official_Alexandria_PBE_common_pool_public_hull_rank,consensus,balanced_accuracy,1.0,1.0,1.0,deterministic_binomial_approximation_phase2_v1
D5_max_coverage_union,official_Alexandria_PBE_common_pool_public_hull_rank,consensus,auroc,1.0,1.0,1.0,deterministic_binomial_approximation_phase2_v1
D5_max_coverage_union,official_Alexandria_PBE_common_pool_public_hull_rank,consensus,auprc,1.0,1.0,1.0,deterministic_binomial_approximation_phase2_v1
D5_max_coverage_union,official_Alexandria_PBE_common_pool_public_hull_rank,uncertain,f1,0.5411504061705096,0.5360592721341179,0.5462415402069013,deterministic_binomial_approximation_phase2_v1
D5_max_coverage_union,official_Alexandria_PBE_common_pool_public_hull_rank,uncertain,precision,0.5411504061705096,0.5360592721341179,0.5462415402069013,deterministic_binomial_approximation_phase2_v1
D5_max_coverage_union,official_Alexandria_PBE_common_pool_public_hull_rank,uncertain,recall,0.5411504061705096,0.5360592721341179,0.5462415402069013,deterministic_binomial_approximation_phase2_v1
D5_max_coverage_union,official_Alexandria_PBE_common_pool_public_hull_rank,uncertain,balanced_accuracy,0.6569859282528355,0.6521357872661924,0.6618360692394787,deterministic_binomial_approximation_phase2_v1
D5_max_coverage_union,official_Alexandria_PBE_common_pool_public_hull_rank,uncertain,auroc,0.7609205928182499,0.7565628548266556,0.7652783308098441,deterministic_binomial_approximation_phase2_v1
D5_max_coverage_union,official_Alexandria_PBE_common_pool_public_hull_rank,uncertain,auprc,0.5257548983003153,0.5206532155121322,0.5308565810884984,deterministic_binomial_approximation_phase2_v1
D5_max_coverage_union,official_Alexandria_PBE_common_pool_public_hull_rank,audit_view,f1,0.4214187835986086,0.4163738033468286,0.42646376385038864,deterministic_binomial_approximation_phase2_v1
D5_max_coverage_union,official_Alexandria_PBE_common_pool_public_hull_rank,audit_view,precision,0.4214187835986086,0.4163738033468286,0.42646376385038864,deterministic_binomial_approximation_phase2_v1
D5_max_coverage_union,official_Alexandria_PBE_common_pool_public_hull_rank,audit_view,recall,0.4214187835986086,0.4163738033468286,0.42646376385038864,deterministic_binomial_approximation_phase2_v1
D5_max_coverage_union,official_Alexandria_PBE_common_pool_public_hull_rank,audit_view,balanced_accuracy,0.6102334628225516,0.6052506950635059,0.6152162305815974,deterministic_binomial_approximation_phase2_v1
D5_max_coverage_union,official_Alexandria_PBE_common_pool_public_hull_rank,audit_view,auroc,0.806459005792699,0.8024225705191151,0.8104954410662829,deterministic_binomial_approximation_phase2_v1
D5_max_coverage_union,official_Alexandria_PBE_common_pool_public_hull_rank,audit_view,auprc,0.46911891921862753,0.46402020748226663,0.4742176309549884,deterministic_binomial_approximation_phase2_v1
D5_max_coverage_union,official_Alexandria_PBE_source_native_public_hull_rank,mp_native,f1,0.8131568444858321,0.8091744331227286,0.8171392558489357,deterministic_binomial_approximation_phase2_v1
D5_max_coverage_union,official_Alexandria_PBE_source_native_public_hull_rank,mp_native,precision,0.8131568444858321,0.8091744331227286,0.8171392558489357,deterministic_binomial_approximation_phase2_v1
D5_max_coverage_union,official_Alexandria_PBE_source_native_public_hull_rank,mp_native,recall,0.8131568444858321,0.8091744331227286,0.8171392558489357,deterministic_binomial_approximation_phase2_v1
D5_max_coverage_union,official_Alexandria_PBE_source_native_public_hull_rank,mp_native,balanced_accuracy,0.8420571065501561,0.8383311208954136,0.8457830922048986,deterministic_binomial_approximation_phase2_v1
D5_max_coverage_union,official_Alexandria_PBE_source_native_public_hull_rank,mp_native,auroc,0.9023035214875195,0.8992700763699003,0.9053369666051386,deterministic_binomial_approximation_phase2_v1
D5_max_coverage_union,official_Alexandria_PBE_source_native_public_hull_rank,mp_native,auprc,0.8410505014013133,0.8373148961345565,0.8447861066680702,deterministic_binomial_approximation_phase2_v1
D5_max_coverage_union,official_Alexandria_PBE_source_native_public_hull_rank,alexmp20_native,f1,0.855187969924812,0.8515925181066574,0.8587834217429667,deterministic_binomial_approximation_phase2_v1
D5_max_coverage_union,official_Alexandria_PBE_source_native_public_hull_rank,alexmp20_native,precision,0.855187969924812,0.8515925181066574,0.8587834217429667,deterministic_binomial_approximation_phase2_v1
D5_max_coverage_union,official_Alexandria_PBE_source_native_public_hull_rank,alexmp20_native,recall,0.855187969924812,0.8515925181066574,0.8587834217429667,deterministic_binomial_approximation_phase2_v1
D5_max_coverage_union,official_Alexandria_PBE_source_native_public_hull_rank,alexmp20_native,balanced_accuracy,0.8866187488122912,0.8833793871436004,0.889858110480982,deterministic_binomial_approximation_phase2_v1
D5_max_coverage_union,official_Alexandria_PBE_source_native_public_hull_rank,alexmp20_native,auroc,0.9360458060520204,0.9335460166267172,0.9385455954773235,deterministic_binomial_approximation_phase2_v1
D5_max_coverage_union,official_Alexandria_PBE_source_native_public_hull_rank,alexmp20_native,auprc,0.8609631383872791,0.8574282344360488,0.8644980423385095,deterministic_binomial_approximation_phase2_v1
D5_max_coverage_union,official_Alexandria_PBE_source_native_public_hull_rank,alex_pbe_native,f1,1.0,1.0,1.0,deterministic_binomial_approximation_phase2_v1
D5_max_coverage_union,official_Alexandria_PBE_source_native_public_hull_rank,alex_pbe_native,precision,1.0,1.0,1.0,deterministic_binomial_approximation_phase2_v1
D5_max_coverage_union,official_Alexandria_PBE_source_native_public_hull_rank,alex_pbe_native,recall,1.0,1.0,1.0,deterministic_binomial_approximation_phase2_v1
D5_max_coverage_union,official_Alexandria_PBE_source_native_public_hull_rank,alex_pbe_native,balanced_accuracy,1.0,1.0,1.0,deterministic_binomial_approximation_phase2_v1
D5_max_coverage_union,official_Alexandria_PBE_source_native_public_hull_rank,alex_pbe_native,auroc,1.0,1.0,1.0,deterministic_binomial_approximation_phase2_v1
D5_max_coverage_union,official_Alexandria_PBE_source_native_public_hull_rank,alex_pbe_native,auprc,1.0,1.0,1.0,deterministic_binomial_approximation_phase2_v1
D5_max_coverage_union,official_Alexandria_PBE_source_native_public_hull_rank,common_pool,f1,0.8386509765861944,0.8346124922842391,0.8426894608881497,deterministic_binomial_approximation_phase2_v1
D5_max_coverage_union,official_Alexandria_PBE_source_native_public_hull_rank,common_pool,precision,0.8386509765861944,0.8346124922842391,0.8426894608881497,deterministic_binomial_approximation_phase2_v1
D5_max_coverage_union,official_Alexandria_PBE_source_native_public_hull_rank,common_pool,recall,0.8386509765861944,0.8346124922842391,0.8426894608881497,deterministic_binomial_approximation_phase2_v1
D5_max_coverage_union,official_Alexandria_PBE_source_native_public_hull_rank,common_pool,balanced_accuracy,0.8328888859664578,0.828793066548254,0.8369847053846616,deterministic_binomial_approximation_phase2_v1
D5_max_coverage_union,official_Alexandria_PBE_source_native_public_hull_rank,common_pool,auroc,0.9143627745584915,0.9112906758732021,0.9174348732437808,deterministic_binomial_approximation_phase2_v1
D5_max_coverage_union,official_Alexandria_PBE_source_native_public_hull_rank,common_pool,auprc,0.937513252072893,0.934856033562965,0.9401704705828211,deterministic_binomial_approximation_phase2_v1
D5_max_coverage_union,official_Alexandria_PBE_source_native_public_hull_rank,source_union,f1,,,,deterministic_binomial_approximation_phase2_v1
D5_max_coverage_union,official_Alexandria_PBE_source_native_public_hull_rank,source_union,precision,,,,deterministic_binomial_approximation_phase2_v1
D5_max_coverage_union,official_Alexandria_PBE_source_native_public_hull_rank,source_union,recall,,,,deterministic_binomial_approximation_phase2_v1
D5_max_coverage_union,official_Alexandria_PBE_source_native_public_hull_rank,source_union,balanced_accuracy,,,,deterministic_binomial_approximation_phase2_v1
D5_max_coverage_union,official_Alexandria_PBE_source_native_public_hull_rank,source_union,auroc,,,,deterministic_binomial_approximation_phase2_v1
D5_max_coverage_union,official_Alexandria_PBE_source_native_public_hull_rank,source_union,auprc,,,,deterministic_binomial_approximation_phase2_v1
D5_max_coverage_union,official_Alexandria_PBE_source_native_public_hull_rank,consensus,f1,1.0,1.0,1.0,deterministic_binomial_approximation_phase2_v1
D5_max_coverage_union,official_Alexandria_PBE_source_native_public_hull_rank,consensus,precision,1.0,1.0,1.0,deterministic_binomial_approximation_phase2_v1
D5_max_coverage_union,official_Alexandria_PBE_source_native_public_hull_rank,consensus,recall,1.0,1.0,1.0,deterministic_binomial_approximation_phase2_v1
D5_max_coverage_union,official_Alexandria_PBE_source_native_public_hull_rank,consensus,balanced_accuracy,1.0,1.0,1.0,deterministic_binomial_approximation_phase2_v1
D5_max_coverage_union,official_Alexandria_PBE_source_native_public_hull_rank,consensus,auroc,1.0,1.0,1.0,deterministic_binomial_approximation_phase2_v1
D5_max_coverage_union,official_Alexandria_PBE_source_native_public_hull_rank,consensus,auprc,1.0,1.0,1.0,deterministic_binomial_approximation_phase2_v1
D5_max_coverage_union,official_Alexandria_PBE_source_native_public_hull_rank,uncertain,f1,0.22154755066874537,0.2173045814404806,0.22579051989701016,deterministic_binomial_approximation_phase2_v1
D5_max_coverage_union,official_Alexandria_PBE_source_native_public_hull_rank,uncertain,precision,0.22154755066874537,0.2173045814404806,0.22579051989701016,deterministic_binomial_approximation_phase2_v1
D5_max_coverage_union,official_Alexandria_PBE_source_native_public_hull_rank,uncertain,recall,0.22154755066874537,0.2173045814404806,0.22579051989701016,deterministic_binomial_approximation_phase2_v1
D5_max_coverage_union,official_Alexandria_PBE_source_native_public_hull_rank,uncertain,balanced_accuracy,0.4180660767765827,0.4130266671337479,0.4231054864194175,deterministic_binomial_approximation_phase2_v1
D5_max_coverage_union,official_Alexandria_PBE_source_native_public_hull_rank,uncertain,auroc,0.5441734824277795,0.5390849934102141,0.5492619714453449,deterministic_binomial_approximation_phase2_v1
D5_max_coverage_union,official_Alexandria_PBE_source_native_public_hull_rank,uncertain,auprc,0.32538527234070386,0.3205984510293062,0.33017209365210154,deterministic_binomial_approximation_phase2_v1
D5_max_coverage_union,official_Alexandria_PBE_source_native_public_hull_rank,audit_view,f1,0.7822283124275324,0.7780114655160271,0.7864451593390378,deterministic_binomial_approximation_phase2_v1
D5_max_coverage_union,official_Alexandria_PBE_source_native_public_hull_rank,audit_view,precision,0.7822283124275324,0.7780114655160271,0.7864451593390378,deterministic_binomial_approximation_phase2_v1
D5_max_coverage_union,official_Alexandria_PBE_source_native_public_hull_rank,audit_view,recall,0.7822283124275324,0.7780114655160271,0.7864451593390378,deterministic_binomial_approximation_phase2_v1
D5_max_coverage_union,official_Alexandria_PBE_source_native_public_hull_rank,audit_view,balanced_accuracy,0.8532961075225709,0.8496812510225712,0.8569109640225706,deterministic_binomial_approximation_phase2_v1
D5_max_coverage_union,official_Alexandria_PBE_source_native_public_hull_rank,audit_view,auroc,0.9507779608273842,0.9485677193999987,0.9529882022547697,deterministic_binomial_approximation_phase2_v1
D5_max_coverage_union,official_Alexandria_PBE_source_native_public_hull_rank,audit_view,auprc,0.7791557161629435,0.7749175734888878,0.7833938588369993,deterministic_binomial_approximation_phase2_v1
D5_max_coverage_union,prevalence_dummy,mp_native,f1,0.3726220566715445,0.3676821440936902,0.37756196924939883,deterministic_binomial_approximation_phase2_v1
D5_max_coverage_union,prevalence_dummy,mp_native,precision,0.3726220566715445,0.3676821440936902,0.37756196924939883,deterministic_binomial_approximation_phase2_v1
D5_max_coverage_union,prevalence_dummy,mp_native,recall,0.3726220566715445,0.3676821440936902,0.37756196924939883,deterministic_binomial_approximation_phase2_v1
D5_max_coverage_union,prevalence_dummy,mp_native,balanced_accuracy,0.46966273726631247,0.46456368475242665,0.4747617897801983,deterministic_binomial_approximation_phase2_v1
D5_max_coverage_union,prevalence_dummy,mp_native,auroc,0.5,0.4948915356706811,0.5051084643293189,deterministic_binomial_approximation_phase2_v1
D5_max_coverage_union,prevalence_dummy,mp_native,auprc,0.4085104070430955,0.4034881900034857,0.4135326240827053,deterministic_binomial_approximation_phase2_v1
D5_max_coverage_union,prevalence_dummy,alexmp20_native,f1,0.34984962406015035,0.34497694311277793,0.3547223050075228,deterministic_binomial_approximation_phase2_v1
D5_max_coverage_union,prevalence_dummy,alexmp20_native,precision,0.34984962406015035,0.34497694311277793,0.3547223050075228,deterministic_binomial_approximation_phase2_v1
D5_max_coverage_union,prevalence_dummy,alexmp20_native,recall,0.34984962406015035,0.34497694311277793,0.3547223050075228,deterministic_binomial_approximation_phase2_v1
D5_max_coverage_union,prevalence_dummy,alexmp20_native,balanced_accuracy,0.4909617450570516,0.48585411541736173,0.49606937469674145,deterministic_binomial_approximation_phase2_v1
D5_max_coverage_union,prevalence_dummy,alexmp20_native,auroc,0.5,0.4948915356706811,0.5051084643293189,deterministic_binomial_approximation_phase2_v1
D5_max_coverage_union,prevalence_dummy,alexmp20_native,auprc,0.36139340253247104,0.3564851469261654,0.3663016581387767,deterministic_binomial_approximation_phase2_v1
D5_max_coverage_union,prevalence_dummy,alex_pbe_native,f1,0.3382884362680683,0.33345452917329454,0.3431223433628421,deterministic_binomial_approximation_phase2_v1
D5_max_coverage_union,prevalence_dummy,alex_pbe_native,precision,0.3382884362680683,0.33345452917329454,0.3431223433628421,deterministic_binomial_approximation_phase2_v1
D5_max_coverage_union,prevalence_dummy,alex_pbe_native,recall,0.3382884362680683,0.33345452917329454,0.3431223433628421,deterministic_binomial_approximation_phase2_v1
D5_max_coverage_union,prevalence_dummy,alex_pbe_native,balanced_accuracy,0.5055569526422775,0.5004488038186251,0.5106651014659299,deterministic_binomial_approximation_phase2_v1
D5_max_coverage_union,prevalence_dummy,alex_pbe_native,auroc,0.5,0.4948915356706811,0.5051084643293189,deterministic_binomial_approximation_phase2_v1
D5_max_coverage_union,prevalence_dummy,alex_pbe_native,auprc,0.33085158415303517,0.32604431767065967,0.3356588506354107,deterministic_binomial_approximation_phase2_v1
D5_max_coverage_union,prevalence_dummy,common_pool,f1,0.4443163896639573,0.43886126649783386,0.44977151283008077,deterministic_binomial_approximation_phase2_v1
D5_max_coverage_union,prevalence_dummy,common_pool,precision,0.4443163896639573,0.43886126649783386,0.44977151283008077,deterministic_binomial_approximation_phase2_v1
D5_max_coverage_union,prevalence_dummy,common_pool,recall,0.4443163896639573,0.43886126649783386,0.44977151283008077,deterministic_binomial_approximation_phase2_v1
D5_max_coverage_union,prevalence_dummy,common_pool,balanced_accuracy,0.4244718362175639,0.41904555458649967,0.42989811784862814,deterministic_binomial_approximation_phase2_v1
D5_max_coverage_union,prevalence_dummy,common_pool,auroc,0.5,0.49451072985551203,0.505489270144488,deterministic_binomial_approximation_phase2_v1
D5_max_coverage_union,prevalence_dummy,common_pool,auprc,0.517240297430427,0.5117542913843951,0.5227263034764589,deterministic_binomial_approximation_phase2_v1
D5_max_coverage_union,prevalence_dummy,source_union,f1,,,,deterministic_binomial_approximation_phase2_v1
D5_max_coverage_union,prevalence_dummy,source_union,precision,,,,deterministic_binomial_approximation_phase2_v1
D5_max_coverage_union,prevalence_dummy,source_union,recall,,,,deterministic_binomial_approximation_phase2_v1
D5_max_coverage_union,prevalence_dummy,source_union,balanced_accuracy,,,,deterministic_binomial_approximation_phase2_v1
D5_max_coverage_union,prevalence_dummy,source_union,auroc,,,,deterministic_binomial_approximation_phase2_v1
D5_max_coverage_union,prevalence_dummy,source_union,auprc,,,,deterministic_binomial_approximation_phase2_v1
D5_max_coverage_union,prevalence_dummy,consensus,f1,0.3478444186781912,0.34189431848725654,0.3537945188691259,deterministic_binomial_approximation_phase2_v1
D5_max_coverage_union,prevalence_dummy,consensus,precision,0.3478444186781912,0.34189431848725654,0.3537945188691259,deterministic_binomial_approximation_phase2_v1
D5_max_coverage_union,prevalence_dummy,consensus,recall,0.3478444186781912,0.34189431848725654,0.3537945188691259,deterministic_binomial_approximation_phase2_v1
D5_max_coverage_union,prevalence_dummy,consensus,balanced_accuracy,0.4694338433951506,0.46319917841599945,0.47566850837430175,deterministic_binomial_approximation_phase2_v1
D5_max_coverage_union,prevalence_dummy,consensus,auroc,0.5,0.49375365229606677,0.5062463477039332,deterministic_binomial_approximation_phase2_v1
D5_max_coverage_union,prevalence_dummy,consensus,auprc,0.3854153971155799,0.37933528595499616,0.3914955082761637,deterministic_binomial_approximation_phase2_v1
D5_max_coverage_union,prevalence_dummy,uncertain,f1,0.3381472060392221,0.3333137923714727,0.3429806197069715,deterministic_binomial_approximation_phase2_v1
D5_max_coverage_union,prevalence_dummy,uncertain,precision,0.3381472060392221,0.3333137923714727,0.3429806197069715,deterministic_binomial_approximation_phase2_v1
D5_max_coverage_union,prevalence_dummy,uncertain,recall,0.3381472060392221,0.3333137923714727,0.3429806197069715,deterministic_binomial_approximation_phase2_v1
D5_max_coverage_union,prevalence_dummy,uncertain,balanced_accuracy,0.5052304179698446,0.5001222331554704,0.5103386027842187,deterministic_binomial_approximation_phase2_v1
D5_max_coverage_union,prevalence_dummy,uncertain,auroc,0.5,0.4948915356706811,0.5051084643293189,deterministic_binomial_approximation_phase2_v1
D5_max_coverage_union,prevalence_dummy,uncertain,auprc,0.3311504809521222,0.3263421177433337,0.33595884416091065,deterministic_binomial_approximation_phase2_v1
D5_max_coverage_union,prevalence_dummy,audit_view,f1,0.22810161273321386,0.2238145029439827,0.23238872252244502,deterministic_binomial_approximation_phase2_v1
D5_max_coverage_union,prevalence_dummy,audit_view,precision,0.22810161273321386,0.2238145029439827,0.23238872252244502,deterministic_binomial_approximation_phase2_v1
D5_max_coverage_union,prevalence_dummy,audit_view,recall,0.22810161273321386,0.2238145029439827,0.23238872252244502,deterministic_binomial_approximation_phase2_v1
D5_max_coverage_union,prevalence_dummy,audit_view,balanced_accuracy,0.48000357956814454,0.4748992021823786,0.4851079569539105,deterministic_binomial_approximation_phase2_v1
D5_max_coverage_union,prevalence_dummy,audit_view,auroc,0.5,0.4948915356706811,0.5051084643293189,deterministic_binomial_approximation_phase2_v1
D5_max_coverage_union,prevalence_dummy,audit_view,auprc,0.2577849029944025,0.25331586555910807,0.2622539404296969,deterministic_binomial_approximation_phase2_v1
D5_max_coverage_union,random_baseline,mp_native,f1,0.40767593454835704,0.4026553118232379,0.4126965572734762,deterministic_binomial_approximation_phase2_v1
D5_max_coverage_union,random_baseline,mp_native,precision,0.40767593454835704,0.4026553118232379,0.4126965572734762,deterministic_binomial_approximation_phase2_v1
D5_max_coverage_union,random_baseline,mp_native,recall,0.40767593454835704,0.4026553118232379,0.4126965572734762,deterministic_binomial_approximation_phase2_v1
D5_max_coverage_union,random_baseline,mp_native,balanced_accuracy,0.49929460086477023,0.4941861416192743,0.5044030601102661,deterministic_binomial_approximation_phase2_v1
D5_max_coverage_union,random_baseline,mp_native,auroc,0.4978849820842205,0.492776563458501,0.50299340070994,deterministic_binomial_approximation_phase2_v1
D5_max_coverage_union,random_baseline,mp_native,auprc,0.40613889545115955,0.40112124858173,0.4111565423205891,deterministic_binomial_approximation_phase2_v1
D5_max_coverage_union,random_baseline,alexmp20_native,f1,0.35909774436090225,0.3541963166761813,0.3639991720456232,deterministic_binomial_approximation_phase2_v1
D5_max_coverage_union,random_baseline,alexmp20_native,precision,0.35909774436090225,0.3541963166761813,0.3639991720456232,deterministic_binomial_approximation_phase2_v1
D5_max_coverage_union,random_baseline,alexmp20_native,recall,0.35909774436090225,0.3541963166761813,0.3639991720456232,deterministic_binomial_approximation_phase2_v1
D5_max_coverage_union,random_baseline,alexmp20_native,balanced_accuracy,0.498202603777762,0.4930941724556984,0.5033110350998256,deterministic_binomial_approximation_phase2_v1
D5_max_coverage_union,random_baseline,alexmp20_native,auroc,0.4990235097572883,0.4939150551701593,0.5041319643444173,deterministic_binomial_approximation_phase2_v1
D5_max_coverage_union,random_baseline,alexmp20_native,auprc,0.36049119243535893,0.3555856057417972,0.36539677912892066,deterministic_binomial_approximation_phase2_v1
D5_max_coverage_union,random_baseline,alex_pbe_native,f1,0.32826872536136664,0.3234710274426903,0.333066423280043,deterministic_binomial_approximation_phase2_v1
D5_max_coverage_union,random_baseline,alex_pbe_native,precision,0.32826872536136664,0.3234710274426903,0.333066423280043,deterministic_binomial_approximation_phase2_v1
D5_max_coverage_union,random_baseline,alex_pbe_native,recall,0.32826872536136664,0.3234710274426903,0.333066423280043,deterministic_binomial_approximation_phase2_v1
D5_max_coverage_union,random_baseline,alex_pbe_native,balanced_accuracy,0.4980700404196584,0.49296161414592476,0.5031784666933921,deterministic_binomial_approximation_phase2_v1
D5_max_coverage_union,random_baseline,alex_pbe_native,auroc,0.49641968754005383,0.4913113541795167,0.501528020900591,deterministic_binomial_approximation_phase2_v1
D5_max_coverage_union,random_baseline,alex_pbe_native,auprc,0.32858833501132445,0.32378944415213623,0.33338722587051267,deterministic_binomial_approximation_phase2_v1
D5_max_coverage_union,random_baseline,common_pool,f1,0.5154676695377897,0.5099810266246142,0.5209543124509651,deterministic_binomial_approximation_phase2_v1
D5_max_coverage_union,random_baseline,common_pool,precision,0.5154676695377897,0.5099810266246142,0.5209543124509651,deterministic_binomial_approximation_phase2_v1
D5_max_coverage_union,random_baseline,common_pool,recall,0.5154676695377897,0.5099810266246142,0.5209543124509651,deterministic_binomial_approximation_phase2_v1
D5_max_coverage_union,random_baseline,common_pool,balanced_accuracy,0.49816406808273117,0.4926748349431409,0.5036533012223214,deterministic_binomial_approximation_phase2_v1
D5_max_coverage_union,random_baseline,common_pool,auroc,0.4964807320084361,0.4909915978375676,0.5019698661793046,deterministic_binomial_approximation_phase2_v1
D5_max_coverage_union,random_baseline,common_pool,auprc,0.5133933595306117,0.5079060590929043,0.5188806599683191,deterministic_binomial_approximation_phase2_v1
D5_max_coverage_union,random_baseline,source_union,f1,,,,deterministic_binomial_approximation_phase2_v1
D5_max_coverage_union,random_baseline,source_union,precision,,,,deterministic_binomial_approximation_phase2_v1
D5_max_coverage_union,random_baseline,source_union,recall,,,,deterministic_binomial_approximation_phase2_v1
D5_max_coverage_union,random_baseline,source_union,balanced_accuracy,,,,deterministic_binomial_approximation_phase2_v1
D5_max_coverage_union,random_baseline,source_union,auroc,,,,deterministic_binomial_approximation_phase2_v1
D5_max_coverage_union,random_baseline,source_union,auprc,,,,deterministic_binomial_approximation_phase2_v1
D5_max_coverage_union,random_baseline,consensus,f1,0.3849478233371983,0.37886909037458893,0.39102655629980765,deterministic_binomial_approximation_phase2_v1
D5_max_coverage_union,random_baseline,consensus,precision,0.3849478233371983,0.37886909037458893,0.39102655629980765,deterministic_binomial_approximation_phase2_v1
D5_max_coverage_union,random_baseline,consensus,recall,0.3849478233371983,0.37886909037458893,0.39102655629980765,deterministic_binomial_approximation_phase2_v1
D5_max_coverage_union,random_baseline,consensus,balanced_accuracy,0.4996196017796515,0.4933732558834466,0.5058659476758564,deterministic_binomial_approximation_phase2_v1
D5_max_coverage_union,random_baseline,consensus,auroc,0.4982534687869514,0.4920071591904937,0.5044997783834091,deterministic_binomial_approximation_phase2_v1
D5_max_coverage_union,random_baseline,consensus,auprc,0.38405910074240507,0.37798300367776977,0.39013519780704037,deterministic_binomial_approximation_phase2_v1
D5_max_coverage_union,random_baseline,uncertain,f1,0.3300237958480348,0.3252195781652219,0.33482801353084773,deterministic_binomial_approximation_phase2_v1
D5_max_coverage_union,random_baseline,uncertain,precision,0.3300237958480348,0.3252195781652219,0.33482801353084773,deterministic_binomial_approximation_phase2_v1
D5_max_coverage_union,random_baseline,uncertain,recall,0.3300237958480348,0.3252195781652219,0.33482801353084773,deterministic_binomial_approximation_phase2_v1
D5_max_coverage_union,random_baseline,uncertain,balanced_accuracy,0.4991577439528616,0.4940492868713885,0.5042662010343347,deterministic_binomial_approximation_phase2_v1
D5_max_coverage_union,random_baseline,uncertain,auroc,0.49886389063940473,0.4937554394975471,0.5039723417812624,deterministic_binomial_approximation_phase2_v1
D5_max_coverage_union,random_baseline,uncertain,auprc,0.32881496598353377,0.32401523075184,0.3336147012152275,deterministic_binomial_approximation_phase2_v1
D5_max_coverage_union,random_baseline,audit_view,f1,0.25856435121745547,0.2540909132813832,0.2630377891535277,deterministic_binomial_approximation_phase2_v1
D5_max_coverage_union,random_baseline,audit_view,precision,0.25856435121745547,0.2540909132813832,0.2630377891535277,deterministic_binomial_approximation_phase2_v1
D5_max_coverage_union,random_baseline,audit_view,recall,0.25856435121745547,0.2540909132813832,0.2630377891535277,deterministic_binomial_approximation_phase2_v1
D5_max_coverage_union,random_baseline,audit_view,balanced_accuracy,0.500525082436478,0.4954166209240852,0.5056335439488707,deterministic_binomial_approximation_phase2_v1
D5_max_coverage_union,random_baseline,audit_view,auroc,0.4990621018220044,0.49395364648004525,0.5041705571639635,deterministic_binomial_approximation_phase2_v1
D5_max_coverage_union,random_baseline,audit_view,auprc,0.25786466389851437,0.25339517530946803,0.2623341524875607,deterministic_binomial_approximation_phase2_v1
