denominator,label_view,metric,model_name,metric_value,rank
D5_full_complete,mp_native,f1,ALIGNN-FF,0.35032610142419807,12
D5_full_complete,mp_native,precision,ALIGNN-FF,0.35032610142419807,12
D5_full_complete,mp_native,recall,ALIGNN-FF,0.35032610142419807,12
D5_full_complete,mp_native,balanced_accuracy,ALIGNN-FF,0.45067700922748327,12
D5_full_complete,mp_native,auroc,ALIGNN-FF,0.4633158203470023,12
D5_full_complete,mp_native,auprc,ALIGNN-FF,0.3801416610243876,12
D5_full_complete,mp_native,stable_yield@100,ALIGNN-FF,0.52,9
D5_full_complete,mp_native,stable_yield@300,ALIGNN-FF,0.4166666666666667,10
D5_full_complete,mp_native,stable_yield@500,ALIGNN-FF,0.404,11
D5_full_complete,mp_native,stable_yield@1000,ALIGNN-FF,0.404,11
D5_full_complete,mp_native,stable_yield@5000,ALIGNN-FF,0.3388,12
D5_full_complete,mp_native,stable_yield@10000,ALIGNN-FF,0.3413,11
D5_full_complete,alexmp20_native,f1,ALIGNN-FF,0.3108636773999398,12
D5_full_complete,alexmp20_native,precision,ALIGNN-FF,0.3108636773999398,12
D5_full_complete,alexmp20_native,recall,ALIGNN-FF,0.3108636773999398,12
D5_full_complete,alexmp20_native,balanced_accuracy,ALIGNN-FF,0.4603472878629805,12
D5_full_complete,alexmp20_native,auroc,ALIGNN-FF,0.4707274794056062,12
D5_full_complete,alexmp20_native,auprc,ALIGNN-FF,0.3351240909283344,12
D5_full_complete,alexmp20_native,stable_yield@100,ALIGNN-FF,0.35,10
D5_full_complete,alexmp20_native,stable_yield@300,ALIGNN-FF,0.2633333333333333,12
D5_full_complete,alexmp20_native,stable_yield@500,ALIGNN-FF,0.268,12
D5_full_complete,alexmp20_native,stable_yield@1000,ALIGNN-FF,0.323,12
D5_full_complete,alexmp20_native,stable_yield@5000,ALIGNN-FF,0.2964,12
D5_full_complete,alexmp20_native,stable_yield@10000,ALIGNN-FF,0.3053,12
D5_full_complete,alex_pbe_native,f1,ALIGNN-FF,0.29177282814169475,11
D5_full_complete,alex_pbe_native,precision,ALIGNN-FF,0.29177282814169475,11
D5_full_complete,alex_pbe_native,recall,ALIGNN-FF,0.29177282814169475,11
D5_full_complete,alex_pbe_native,balanced_accuracy,ALIGNN-FF,0.47075837569998324,11
D5_full_complete,alex_pbe_native,auroc,ALIGNN-FF,0.48272191321508673,11
D5_full_complete,alex_pbe_native,auprc,ALIGNN-FF,0.31276013854400475,12
D5_full_complete,alex_pbe_native,stable_yield@100,ALIGNN-FF,0.29,11
D5_full_complete,alex_pbe_native,stable_yield@300,ALIGNN-FF,0.22,12
D5_full_complete,alex_pbe_native,stable_yield@500,ALIGNN-FF,0.238,12
D5_full_complete,alex_pbe_native,stable_yield@1000,ALIGNN-FF,0.299,12
D5_full_complete,alex_pbe_native,stable_yield@5000,ALIGNN-FF,0.2894,12
D5_full_complete,alex_pbe_native,stable_yield@10000,ALIGNN-FF,0.2917,11
D5_full_complete,common_pool,f1,ALIGNN-FF,0.48337983743782603,11
D5_full_complete,common_pool,precision,ALIGNN-FF,0.48337983743782603,11
D5_full_complete,common_pool,recall,ALIGNN-FF,0.48337983743782603,11
D5_full_complete,common_pool,balanced_accuracy,ALIGNN-FF,0.46491232870201454,11
D5_full_complete,common_pool,auroc,ALIGNN-FF,0.47764713928991565,11
D5_full_complete,common_pool,auprc,ALIGNN-FF,0.4963726286121347,12
D5_full_complete,common_pool,stable_yield@100,ALIGNN-FF,0.57,10
D5_full_complete,common_pool,stable_yield@300,ALIGNN-FF,0.48333333333333334,12
D5_full_complete,common_pool,stable_yield@500,ALIGNN-FF,0.48,11
D5_full_complete,common_pool,stable_yield@1000,ALIGNN-FF,0.499,10
D5_full_complete,common_pool,stable_yield@5000,ALIGNN-FF,0.466,12
D5_full_complete,common_pool,stable_yield@10000,ALIGNN-FF,0.4708,11
D5_full_complete,consensus,f1,ALIGNN-FF,0.32981975334668495,12
D5_full_complete,consensus,precision,ALIGNN-FF,0.32981975334668495,12
D5_full_complete,consensus,recall,ALIGNN-FF,0.32981975334668495,12
D5_full_complete,consensus,balanced_accuracy,ALIGNN-FF,0.4547558474540657,12
D5_full_complete,consensus,auroc,ALIGNN-FF,0.4725325785828121,12
D5_full_complete,consensus,auprc,ALIGNN-FF,0.3600787647691679,12
D5_full_complete,consensus,stable_yield@100,ALIGNN-FF,0.37,12
D5_full_complete,consensus,stable_yield@300,ALIGNN-FF,0.3,12
D5_full_complete,consensus,stable_yield@500,ALIGNN-FF,0.35,12
D5_full_complete,consensus,stable_yield@1000,ALIGNN-FF,0.355,11
D5_full_complete,consensus,stable_yield@5000,ALIGNN-FF,0.326,12
D5_full_complete,consensus,stable_yield@10000,ALIGNN-FF,0.33,12
D5_full_complete,uncertain,f1,ALIGNN-FF,0.3081036610448375,9
D5_full_complete,uncertain,precision,ALIGNN-FF,0.3081036610448375,9
D5_full_complete,uncertain,recall,ALIGNN-FF,0.3081036610448375,9
D5_full_complete,uncertain,balanced_accuracy,ALIGNN-FF,0.4832140958998462,9
D5_full_complete,uncertain,auroc,ALIGNN-FF,0.47722301859426114,11
D5_full_complete,uncertain,auprc,ALIGNN-FF,0.3173117638568035,11
D5_full_complete,uncertain,stable_yield@100,ALIGNN-FF,0.38,6
D5_full_complete,uncertain,stable_yield@300,ALIGNN-FF,0.36333333333333334,6
D5_full_complete,uncertain,stable_yield@500,ALIGNN-FF,0.322,6
D5_full_complete,uncertain,stable_yield@1000,ALIGNN-FF,0.311,7
D5_full_complete,uncertain,stable_yield@5000,ALIGNN-FF,0.3114,9
D5_full_complete,uncertain,stable_yield@10000,ALIGNN-FF,0.3067,9
D5_full_complete,audit_view,f1,ALIGNN-FF,0.2254664277432276,11
D5_full_complete,audit_view,precision,ALIGNN-FF,0.2254664277432276,11
D5_full_complete,audit_view,recall,ALIGNN-FF,0.2254664277432276,11
D5_full_complete,audit_view,balanced_accuracy,ALIGNN-FF,0.47806566750404544,11
D5_full_complete,audit_view,auroc,ALIGNN-FF,0.4884532302128903,11
D5_full_complete,audit_view,auprc,ALIGNN-FF,0.24592435303931948,12
D5_full_complete,audit_view,stable_yield@100,ALIGNN-FF,0.25,10
D5_full_complete,audit_view,stable_yield@300,ALIGNN-FF,0.18666666666666668,12
D5_full_complete,audit_view,stable_yield@500,ALIGNN-FF,0.204,12
D5_full_complete,audit_view,stable_yield@1000,ALIGNN-FF,0.245,12
D5_full_complete,audit_view,stable_yield@5000,ALIGNN-FF,0.2266,12
D5_full_complete,audit_view,stable_yield@10000,ALIGNN-FF,0.2275,11
D5_full_complete,mp_native,f1,CHGNet,0.36137361906029547,11
D5_full_complete,mp_native,precision,CHGNet,0.36137361906029547,11
D5_full_complete,mp_native,recall,CHGNet,0.36137361906029547,11
D5_full_complete,mp_native,balanced_accuracy,CHGNet,0.46001808856247994,11
D5_full_complete,mp_native,auroc,CHGNet,0.46634214197055146,11
D5_full_complete,mp_native,auprc,CHGNet,0.3861317019669205,11
D5_full_complete,mp_native,stable_yield@100,CHGNet,0.62,5
D5_full_complete,mp_native,stable_yield@300,CHGNet,0.54,7
D5_full_complete,mp_native,stable_yield@500,CHGNet,0.484,9
D5_full_complete,mp_native,stable_yield@1000,CHGNet,0.442,10
D5_full_complete,mp_native,stable_yield@5000,CHGNet,0.3534,11
D5_full_complete,mp_native,stable_yield@10000,CHGNet,0.3404,12
D5_full_complete,alexmp20_native,f1,CHGNet,0.31801083358411075,11
D5_full_complete,alexmp20_native,precision,CHGNet,0.31801083358411075,11
D5_full_complete,alexmp20_native,recall,CHGNet,0.31801083358411075,11
D5_full_complete,alexmp20_native,balanced_accuracy,CHGNet,0.46594412275959807,11
D5_full_complete,alexmp20_native,auroc,CHGNet,0.4764583398038541,11
D5_full_complete,alexmp20_native,auprc,CHGNet,0.3424282375925994,11
D5_full_complete,alexmp20_native,stable_yield@100,CHGNet,0.42,6
D5_full_complete,alexmp20_native,stable_yield@300,CHGNet,0.39,8
D5_full_complete,alexmp20_native,stable_yield@500,CHGNet,0.368,10
D5_full_complete,alexmp20_native,stable_yield@1000,CHGNet,0.359,10
D5_full_complete,alexmp20_native,stable_yield@5000,CHGNet,0.314,11
D5_full_complete,alexmp20_native,stable_yield@10000,CHGNet,0.3066,11
D5_full_complete,alex_pbe_native,f1,CHGNet,0.2889783841538588,12
D5_full_complete,alex_pbe_native,precision,CHGNet,0.2889783841538588,12
D5_full_complete,alex_pbe_native,recall,CHGNet,0.2889783841538588,12
D5_full_complete,alex_pbe_native,balanced_accuracy,CHGNet,0.4686701529744174,12
D5_full_complete,alex_pbe_native,auroc,CHGNet,0.4812437461275092,12
D5_full_complete,alex_pbe_native,auprc,CHGNet,0.3147807771766593,11
D5_full_complete,alex_pbe_native,stable_yield@100,CHGNet,0.38,6
D5_full_complete,alex_pbe_native,stable_yield@300,CHGNet,0.33,8
D5_full_complete,alex_pbe_native,stable_yield@500,CHGNet,0.326,10
D5_full_complete,alex_pbe_native,stable_yield@1000,CHGNet,0.321,10
D5_full_complete,alex_pbe_native,stable_yield@5000,CHGNet,0.2932,11
D5_full_complete,alex_pbe_native,stable_yield@10000,CHGNet,0.2853,12
D5_full_complete,common_pool,f1,CHGNet,0.48459298798980954,10
D5_full_complete,common_pool,precision,CHGNet,0.48459298798980954,10
D5_full_complete,common_pool,recall,CHGNet,0.48459298798980954,10
D5_full_complete,common_pool,balanced_accuracy,CHGNet,0.4661688454832708,10
D5_full_complete,common_pool,auroc,CHGNet,0.47714848087546924,12
D5_full_complete,common_pool,auprc,CHGNet,0.5011589083844536,11
D5_full_complete,common_pool,stable_yield@100,CHGNet,0.72,7
D5_full_complete,common_pool,stable_yield@300,CHGNet,0.62,8
D5_full_complete,common_pool,stable_yield@500,CHGNet,0.578,9
D5_full_complete,common_pool,stable_yield@1000,CHGNet,0.54,9
D5_full_complete,common_pool,stable_yield@5000,CHGNet,0.478,11
D5_full_complete,common_pool,stable_yield@10000,CHGNet,0.4654,12
D5_full_complete,consensus,f1,CHGNet,0.33846316011384,11
D5_full_complete,consensus,precision,CHGNet,0.33846316011384,11
D5_full_complete,consensus,recall,CHGNet,0.33846316011384,11
D5_full_complete,consensus,balanced_accuracy,CHGNet,0.46178793624122616,11
D5_full_complete,consensus,auroc,CHGNet,0.47316068878310924,11
D5_full_complete,consensus,auprc,CHGNet,0.3652564747342638,11
D5_full_complete,consensus,stable_yield@100,CHGNet,0.54,8
D5_full_complete,consensus,stable_yield@300,CHGNet,0.4266666666666667,10
D5_full_complete,consensus,stable_yield@500,CHGNet,0.414,9
D5_full_complete,consensus,stable_yield@1000,CHGNet,0.379,10
D5_full_complete,consensus,stable_yield@5000,CHGNet,0.327,11
D5_full_complete,consensus,stable_yield@10000,CHGNet,0.3405,10
D5_full_complete,uncertain,f1,CHGNet,0.30933772110242697,8
D5_full_complete,uncertain,precision,CHGNet,0.30933772110242697,8
D5_full_complete,uncertain,recall,CHGNet,0.30933772110242697,8
D5_full_complete,uncertain,balanced_accuracy,CHGNet,0.48413583056827697,8
D5_full_complete,uncertain,auroc,CHGNet,0.47922714703504216,10
D5_full_complete,uncertain,auprc,CHGNet,0.32130055754435566,10
D5_full_complete,uncertain,stable_yield@100,CHGNet,0.39,3
D5_full_complete,uncertain,stable_yield@300,CHGNet,0.38,4
D5_full_complete,uncertain,stable_yield@500,CHGNet,0.372,3
D5_full_complete,uncertain,stable_yield@1000,CHGNet,0.354,3
D5_full_complete,uncertain,stable_yield@5000,CHGNet,0.3232,6
D5_full_complete,uncertain,stable_yield@10000,CHGNet,0.3075,8
D5_full_complete,audit_view,f1,CHGNet,0.22346368715083798,12
D5_full_complete,audit_view,precision,CHGNet,0.22346368715083798,12
D5_full_complete,audit_view,recall,CHGNet,0.22346368715083798,12
D5_full_complete,audit_view,balanced_accuracy,CHGNet,0.476716082267597,12
D5_full_complete,audit_view,auroc,CHGNet,0.4879827489481727,12
D5_full_complete,audit_view,auprc,CHGNet,0.2479882958431099,11
D5_full_complete,audit_view,stable_yield@100,CHGNet,0.34,5
D5_full_complete,audit_view,stable_yield@300,CHGNet,0.2833333333333333,9
D5_full_complete,audit_view,stable_yield@500,CHGNet,0.266,10
D5_full_complete,audit_view,stable_yield@1000,CHGNet,0.261,10
D5_full_complete,audit_view,stable_yield@5000,CHGNet,0.2298,11
D5_full_complete,audit_view,stable_yield@10000,CHGNet,0.2236,12
D5_full_complete,mp_native,f1,M3GNet,0.3738852655397311,9
D5_full_complete,mp_native,precision,M3GNet,0.3738852655397311,9
D5_full_complete,mp_native,recall,M3GNet,0.3738852655397311,9
D5_full_complete,mp_native,balanced_accuracy,M3GNet,0.47059714226717503,9
D5_full_complete,mp_native,auroc,M3GNet,0.4806218945310445,10
D5_full_complete,mp_native,auprc,M3GNet,0.3983976334926506,10
D5_full_complete,mp_native,stable_yield@100,M3GNet,0.58,7
D5_full_complete,mp_native,stable_yield@300,M3GNet,0.53,8
D5_full_complete,mp_native,stable_yield@500,M3GNet,0.5,8
D5_full_complete,mp_native,stable_yield@1000,M3GNet,0.461,8
D5_full_complete,mp_native,stable_yield@5000,M3GNet,0.3824,10
D5_full_complete,mp_native,stable_yield@10000,M3GNet,0.3663,10
D5_full_complete,alexmp20_native,f1,M3GNet,0.33599157387902495,10
D5_full_complete,alexmp20_native,precision,M3GNet,0.33599157387902495,10
D5_full_complete,alexmp20_native,recall,M3GNet,0.33599157387902495,10
D5_full_complete,alexmp20_native,balanced_accuracy,M3GNet,0.480024581078457,10
D5_full_complete,alexmp20_native,auroc,M3GNet,0.48947569182743966,10
D5_full_complete,alexmp20_native,auprc,M3GNet,0.35211456408696656,10
D5_full_complete,alexmp20_native,stable_yield@100,M3GNet,0.35,10
D5_full_complete,alexmp20_native,stable_yield@300,M3GNet,0.37333333333333335,9
D5_full_complete,alexmp20_native,stable_yield@500,M3GNet,0.378,9
D5_full_complete,alexmp20_native,stable_yield@1000,M3GNet,0.373,9
D5_full_complete,alexmp20_native,stable_yield@5000,M3GNet,0.3386,10
D5_full_complete,alexmp20_native,stable_yield@10000,M3GNet,0.3299,10
D5_full_complete,alex_pbe_native,f1,M3GNet,0.3060738061970905,10
D5_full_complete,alex_pbe_native,precision,M3GNet,0.3060738061970905,10
D5_full_complete,alex_pbe_native,recall,M3GNet,0.3060738061970905,10
D5_full_complete,alex_pbe_native,balanced_accuracy,M3GNet,0.48144516258964354,10
D5_full_complete,alex_pbe_native,auroc,M3GNet,0.49258284433592503,10
D5_full_complete,alex_pbe_native,auprc,M3GNet,0.3233459840606443,10
D5_full_complete,alex_pbe_native,stable_yield@100,M3GNet,0.33,9
D5_full_complete,alex_pbe_native,stable_yield@300,M3GNet,0.33,8
D5_full_complete,alex_pbe_native,stable_yield@500,M3GNet,0.338,9
D5_full_complete,alex_pbe_native,stable_yield@1000,M3GNet,0.338,8
D5_full_complete,alex_pbe_native,stable_yield@5000,M3GNet,0.3116,10
D5_full_complete,alex_pbe_native,stable_yield@10000,M3GNet,0.3034,10
D5_full_complete,common_pool,f1,M3GNet,0.4907800558049254,9
D5_full_complete,common_pool,precision,M3GNet,0.4907800558049254,9
D5_full_complete,common_pool,recall,M3GNet,0.4907800558049254,9
D5_full_complete,common_pool,balanced_accuracy,M3GNet,0.4725770810676778,9
D5_full_complete,common_pool,auroc,M3GNet,0.4862080744954233,10
D5_full_complete,common_pool,auprc,M3GNet,0.510183827015601,10
D5_full_complete,common_pool,stable_yield@100,M3GNet,0.68,9
D5_full_complete,common_pool,stable_yield@300,M3GNet,0.6166666666666667,9
D5_full_complete,common_pool,stable_yield@500,M3GNet,0.598,8
D5_full_complete,common_pool,stable_yield@1000,M3GNet,0.553,8
D5_full_complete,common_pool,stable_yield@5000,M3GNet,0.504,10
D5_full_complete,common_pool,stable_yield@10000,M3GNet,0.4842,10
D5_full_complete,consensus,f1,M3GNet,0.3542742700537578,9
D5_full_complete,consensus,precision,M3GNet,0.3542742700537578,9
D5_full_complete,consensus,recall,M3GNet,0.3542742700537578,9
D5_full_complete,consensus,balanced_accuracy,M3GNet,0.4746515132909101,9
D5_full_complete,consensus,auroc,M3GNet,0.486897080492364,10
D5_full_complete,consensus,auprc,M3GNet,0.3774059517436322,10
D5_full_complete,consensus,stable_yield@100,M3GNet,0.5,9
D5_full_complete,consensus,stable_yield@300,M3GNet,0.45,8
D5_full_complete,consensus,stable_yield@500,M3GNet,0.424,8
D5_full_complete,consensus,stable_yield@1000,M3GNet,0.413,7
D5_full_complete,consensus,stable_yield@5000,M3GNet,0.3598,10
D5_full_complete,consensus,stable_yield@10000,M3GNet,0.3552,9
D5_full_complete,uncertain,f1,M3GNet,0.31238173591114765,7
D5_full_complete,uncertain,precision,M3GNet,0.31238173591114765,7
D5_full_complete,uncertain,recall,M3GNet,0.31238173591114765,7
D5_full_complete,uncertain,balanced_accuracy,M3GNet,0.486409442750406,7
D5_full_complete,uncertain,auroc,M3GNet,0.48166412235019773,9
D5_full_complete,uncertain,auprc,M3GNet,0.3226118598487381,9
D5_full_complete,uncertain,stable_yield@100,M3GNet,0.39,3
D5_full_complete,uncertain,stable_yield@300,M3GNet,0.37666666666666665,5
D5_full_complete,uncertain,stable_yield@500,M3GNet,0.352,5
D5_full_complete,uncertain,stable_yield@1000,M3GNet,0.342,5
D5_full_complete,uncertain,stable_yield@5000,M3GNet,0.3276,4
D5_full_complete,uncertain,stable_yield@10000,M3GNet,0.3129,7
D5_full_complete,audit_view,f1,M3GNet,0.24043427848634974,9
D5_full_complete,audit_view,precision,M3GNet,0.24043427848634974,9
D5_full_complete,audit_view,recall,M3GNet,0.24043427848634974,9
D5_full_complete,audit_view,balanced_accuracy,M3GNet,0.4881520413764495,9
D5_full_complete,audit_view,auroc,M3GNet,0.49808029062676923,10
D5_full_complete,audit_view,auprc,M3GNet,0.2556927578863755,10
D5_full_complete,audit_view,stable_yield@100,M3GNet,0.31,7
D5_full_complete,audit_view,stable_yield@300,M3GNet,0.2866666666666667,8
D5_full_complete,audit_view,stable_yield@500,M3GNet,0.292,9
D5_full_complete,audit_view,stable_yield@1000,M3GNet,0.279,8
D5_full_complete,audit_view,stable_yield@5000,M3GNet,0.2496,10
D5_full_complete,audit_view,stable_yield@10000,M3GNet,0.2401,9
D5_full_complete,mp_native,f1,MACE-MP,0.37960867829096234,8
D5_full_complete,mp_native,precision,MACE-MP,0.37960867829096234,8
D5_full_complete,mp_native,recall,MACE-MP,0.37960867829096234,8
D5_full_complete,mp_native,balanced_accuracy,MACE-MP,0.47543649662145043,8
D5_full_complete,mp_native,auroc,MACE-MP,0.48710324630763574,9
D5_full_complete,mp_native,auprc,MACE-MP,0.4052202881647264,9
D5_full_complete,mp_native,stable_yield@100,MACE-MP,0.61,6
D5_full_complete,mp_native,stable_yield@300,MACE-MP,0.56,6
D5_full_complete,mp_native,stable_yield@500,MACE-MP,0.53,7
D5_full_complete,mp_native,stable_yield@1000,MACE-MP,0.465,7
D5_full_complete,mp_native,stable_yield@5000,MACE-MP,0.4088,8
D5_full_complete,mp_native,stable_yield@10000,MACE-MP,0.3819,8
D5_full_complete,alexmp20_native,f1,MACE-MP,0.342612097502257,9
D5_full_complete,alexmp20_native,precision,MACE-MP,0.342612097502257,9
D5_full_complete,alexmp20_native,recall,MACE-MP,0.342612097502257,9
D5_full_complete,alexmp20_native,balanced_accuracy,MACE-MP,0.48520901761427115,9
D5_full_complete,alexmp20_native,auroc,MACE-MP,0.4964146003225495,9
D5_full_complete,alexmp20_native,auprc,MACE-MP,0.35926700486341867,9
D5_full_complete,alexmp20_native,stable_yield@100,MACE-MP,0.42,6
D5_full_complete,alexmp20_native,stable_yield@300,MACE-MP,0.41333333333333333,7
D5_full_complete,alexmp20_native,stable_yield@500,MACE-MP,0.41,8
D5_full_complete,alexmp20_native,stable_yield@1000,MACE-MP,0.385,8
D5_full_complete,alexmp20_native,stable_yield@5000,MACE-MP,0.3612,9
D5_full_complete,alexmp20_native,stable_yield@10000,MACE-MP,0.3436,8
D5_full_complete,alex_pbe_native,f1,MACE-MP,0.31527903345113834,9
D5_full_complete,alex_pbe_native,precision,MACE-MP,0.31527903345113834,9
D5_full_complete,alex_pbe_native,recall,MACE-MP,0.31527903345113834,9
D5_full_complete,alex_pbe_native,balanced_accuracy,MACE-MP,0.4883240139209192,9
D5_full_complete,alex_pbe_native,auroc,MACE-MP,0.49899986481255665,8
D5_full_complete,alex_pbe_native,auprc,MACE-MP,0.3285859064107118,9
D5_full_complete,alex_pbe_native,stable_yield@100,MACE-MP,0.37,7
D5_full_complete,alex_pbe_native,stable_yield@300,MACE-MP,0.35333333333333333,7
D5_full_complete,alex_pbe_native,stable_yield@500,MACE-MP,0.354,8
D5_full_complete,alex_pbe_native,stable_yield@1000,MACE-MP,0.337,9
D5_full_complete,alex_pbe_native,stable_yield@5000,MACE-MP,0.3306,8
D5_full_complete,alex_pbe_native,stable_yield@10000,MACE-MP,0.3165,8
D5_full_complete,common_pool,f1,MACE-MP,0.49751304136843383,8
D5_full_complete,common_pool,precision,MACE-MP,0.49751304136843383,8
D5_full_complete,common_pool,recall,MACE-MP,0.49751304136843383,8
D5_full_complete,common_pool,balanced_accuracy,MACE-MP,0.47955074920365015,8
D5_full_complete,common_pool,auroc,MACE-MP,0.4955174004314135,9
D5_full_complete,common_pool,auprc,MACE-MP,0.5182962046888805,7
D5_full_complete,common_pool,stable_yield@100,MACE-MP,0.71,8
D5_full_complete,common_pool,stable_yield@300,MACE-MP,0.6366666666666667,7
D5_full_complete,common_pool,stable_yield@500,MACE-MP,0.616,7
D5_full_complete,common_pool,stable_yield@1000,MACE-MP,0.565,7
D5_full_complete,common_pool,stable_yield@5000,MACE-MP,0.5262,7
D5_full_complete,common_pool,stable_yield@10000,MACE-MP,0.5006,9
D5_full_complete,consensus,f1,MACE-MP,0.36217982502371665,8
D5_full_complete,consensus,precision,MACE-MP,0.36217982502371665,8
D5_full_complete,consensus,recall,MACE-MP,0.36217982502371665,8
D5_full_complete,consensus,balanced_accuracy,MACE-MP,0.481083301815752,8
D5_full_complete,consensus,auroc,MACE-MP,0.4975649371633023,9
D5_full_complete,consensus,auprc,MACE-MP,0.38636990805521054,7
D5_full_complete,consensus,stable_yield@100,MACE-MP,0.57,7
D5_full_complete,consensus,stable_yield@300,MACE-MP,0.47333333333333333,7
D5_full_complete,consensus,stable_yield@500,MACE-MP,0.442,7
D5_full_complete,consensus,stable_yield@1000,MACE-MP,0.41,8
D5_full_complete,consensus,stable_yield@5000,MACE-MP,0.3822,9
D5_full_complete,consensus,stable_yield@10000,MACE-MP,0.3629,8
D5_full_complete,uncertain,f1,MACE-MP,0.3155080213903743,6
D5_full_complete,uncertain,precision,MACE-MP,0.3155080213903743,6
D5_full_complete,uncertain,recall,MACE-MP,0.3155080213903743,6
D5_full_complete,uncertain,balanced_accuracy,MACE-MP,0.48874450391043056,6
D5_full_complete,uncertain,auroc,MACE-MP,0.48321489641278953,8
D5_full_complete,uncertain,auprc,MACE-MP,0.32371648326219415,8
D5_full_complete,uncertain,stable_yield@100,MACE-MP,0.39,3
D5_full_complete,uncertain,stable_yield@300,MACE-MP,0.3933333333333333,3
D5_full_complete,uncertain,stable_yield@500,MACE-MP,0.356,4
D5_full_complete,uncertain,stable_yield@1000,MACE-MP,0.354,3
D5_full_complete,uncertain,stable_yield@5000,MACE-MP,0.3212,8
D5_full_complete,uncertain,stable_yield@10000,MACE-MP,0.3191,6
D5_full_complete,audit_view,f1,MACE-MP,0.2547696848318752,8
D5_full_complete,audit_view,precision,MACE-MP,0.2547696848318752,8
D5_full_complete,audit_view,recall,MACE-MP,0.2547696848318752,8
D5_full_complete,audit_view,balanced_accuracy,MACE-MP,0.4978122304373437,8
D5_full_complete,audit_view,auroc,MACE-MP,0.5060910443606126,7
D5_full_complete,audit_view,auprc,MACE-MP,0.2613537946559711,7
D5_full_complete,audit_view,stable_yield@100,MACE-MP,0.34,5
D5_full_complete,audit_view,stable_yield@300,MACE-MP,0.30333333333333334,7
D5_full_complete,audit_view,stable_yield@500,MACE-MP,0.304,8
D5_full_complete,audit_view,stable_yield@1000,MACE-MP,0.277,9
D5_full_complete,audit_view,stable_yield@5000,MACE-MP,0.2692,8
D5_full_complete,audit_view,stable_yield@10000,MACE-MP,0.252,8
D5_full_complete,mp_native,f1,MP_common_pool_public_hull_rank,0.7723279648609077,4
D5_full_complete,mp_native,precision,MP_common_pool_public_hull_rank,0.7723279648609077,4
D5_full_complete,mp_native,recall,MP_common_pool_public_hull_rank,0.7723279648609077,4
D5_full_complete,mp_native,balanced_accuracy,MP_common_pool_public_hull_rank,0.8074949855119053,4
D5_full_complete,mp_native,auroc,MP_common_pool_public_hull_rank,0.8694692173756202,4
D5_full_complete,mp_native,auprc,MP_common_pool_public_hull_rank,0.7520563502501771,5
D5_full_complete,mp_native,stable_yield@100,MP_common_pool_public_hull_rank,0.55,8
D5_full_complete,mp_native,stable_yield@300,MP_common_pool_public_hull_rank,0.6566666666666666,5
D5_full_complete,mp_native,stable_yield@500,MP_common_pool_public_hull_rank,0.688,5
D5_full_complete,mp_native,stable_yield@1000,MP_common_pool_public_hull_rank,0.736,5
D5_full_complete,mp_native,stable_yield@5000,MP_common_pool_public_hull_rank,0.7632,5
D5_full_complete,mp_native,stable_yield@10000,MP_common_pool_public_hull_rank,0.7444,5
D5_full_complete,alexmp20_native,f1,MP_common_pool_public_hull_rank,0.6691995185073728,5
D5_full_complete,alexmp20_native,precision,MP_common_pool_public_hull_rank,0.6691995185073728,5
D5_full_complete,alexmp20_native,recall,MP_common_pool_public_hull_rank,0.6691995185073728,5
D5_full_complete,alexmp20_native,balanced_accuracy,MP_common_pool_public_hull_rank,0.7409549153639219,5
D5_full_complete,alexmp20_native,auroc,MP_common_pool_public_hull_rank,0.8258909040267877,5
D5_full_complete,alexmp20_native,auprc,MP_common_pool_public_hull_rank,0.6421432652366275,5
D5_full_complete,alexmp20_native,stable_yield@100,MP_common_pool_public_hull_rank,0.46,5
D5_full_complete,alexmp20_native,stable_yield@300,MP_common_pool_public_hull_rank,0.5633333333333334,5
D5_full_complete,alexmp20_native,stable_yield@500,MP_common_pool_public_hull_rank,0.566,5
D5_full_complete,alexmp20_native,stable_yield@1000,MP_common_pool_public_hull_rank,0.624,5
D5_full_complete,alexmp20_native,stable_yield@5000,MP_common_pool_public_hull_rank,0.6462,6
D5_full_complete,alexmp20_native,stable_yield@10000,MP_common_pool_public_hull_rank,0.6418,5
D5_full_complete,alex_pbe_native,f1,MP_common_pool_public_hull_rank,0.5831347086381196,6
D5_full_complete,alex_pbe_native,precision,MP_common_pool_public_hull_rank,0.5831347086381196,6
D5_full_complete,alex_pbe_native,recall,MP_common_pool_public_hull_rank,0.5831347086381196,6
D5_full_complete,alex_pbe_native,balanced_accuracy,MP_common_pool_public_hull_rank,0.6884863039979476,6
D5_full_complete,alex_pbe_native,auroc,MP_common_pool_public_hull_rank,0.7932869769511924,6
D5_full_complete,alex_pbe_native,auprc,MP_common_pool_public_hull_rank,0.565633130544103,6
D5_full_complete,alex_pbe_native,stable_yield@100,MP_common_pool_public_hull_rank,0.4,5
D5_full_complete,alex_pbe_native,stable_yield@300,MP_common_pool_public_hull_rank,0.51,5
D5_full_complete,alex_pbe_native,stable_yield@500,MP_common_pool_public_hull_rank,0.506,5
D5_full_complete,alex_pbe_native,stable_yield@1000,MP_common_pool_public_hull_rank,0.557,5
D5_full_complete,alex_pbe_native,stable_yield@5000,MP_common_pool_public_hull_rank,0.5722,6
D5_full_complete,alex_pbe_native,stable_yield@10000,MP_common_pool_public_hull_rank,0.5619,6
D5_full_complete,common_pool,f1,MP_common_pool_public_hull_rank,1.0,1
D5_full_complete,common_pool,precision,MP_common_pool_public_hull_rank,1.0,1
D5_full_complete,common_pool,recall,MP_common_pool_public_hull_rank,1.0,1
D5_full_complete,common_pool,balanced_accuracy,MP_common_pool_public_hull_rank,1.0,1
D5_full_complete,common_pool,auroc,MP_common_pool_public_hull_rank,1.0,1
D5_full_complete,common_pool,auprc,MP_common_pool_public_hull_rank,0.9999999999999999,2
D5_full_complete,common_pool,stable_yield@100,MP_common_pool_public_hull_rank,1.0,1
D5_full_complete,common_pool,stable_yield@300,MP_common_pool_public_hull_rank,1.0,1
D5_full_complete,common_pool,stable_yield@500,MP_common_pool_public_hull_rank,1.0,1
D5_full_complete,common_pool,stable_yield@1000,MP_common_pool_public_hull_rank,1.0,1
D5_full_complete,common_pool,stable_yield@5000,MP_common_pool_public_hull_rank,1.0,1
D5_full_complete,common_pool,stable_yield@10000,MP_common_pool_public_hull_rank,1.0,1
D5_full_complete,consensus,f1,MP_common_pool_public_hull_rank,1.0,1
D5_full_complete,consensus,precision,MP_common_pool_public_hull_rank,1.0,1
D5_full_complete,consensus,recall,MP_common_pool_public_hull_rank,1.0,1
D5_full_complete,consensus,balanced_accuracy,MP_common_pool_public_hull_rank,1.0,1
D5_full_complete,consensus,auroc,MP_common_pool_public_hull_rank,1.0,1
D5_full_complete,consensus,auprc,MP_common_pool_public_hull_rank,0.9999999999999999,5
D5_full_complete,consensus,stable_yield@100,MP_common_pool_public_hull_rank,1.0,1
D5_full_complete,consensus,stable_yield@300,MP_common_pool_public_hull_rank,1.0,1
D5_full_complete,consensus,stable_yield@500,MP_common_pool_public_hull_rank,1.0,1
D5_full_complete,consensus,stable_yield@1000,MP_common_pool_public_hull_rank,1.0,1
D5_full_complete,consensus,stable_yield@5000,MP_common_pool_public_hull_rank,1.0,1
D5_full_complete,consensus,stable_yield@10000,MP_common_pool_public_hull_rank,0.9487,1
D5_full_complete,uncertain,f1,MP_common_pool_public_hull_rank,0.4671328671328671,2
D5_full_complete,uncertain,precision,MP_common_pool_public_hull_rank,0.4671328671328671,2
D5_full_complete,uncertain,recall,MP_common_pool_public_hull_rank,0.4671328671328671,2
D5_full_complete,uncertain,balanced_accuracy,MP_common_pool_public_hull_rank,0.6019949701716176,2
D5_full_complete,uncertain,auroc,MP_common_pool_public_hull_rank,0.6869260710754552,2
D5_full_complete,uncertain,auprc,MP_common_pool_public_hull_rank,0.45935968923771203,2
D5_full_complete,uncertain,stable_yield@100,MP_common_pool_public_hull_rank,0.69,2
D5_full_complete,uncertain,stable_yield@300,MP_common_pool_public_hull_rank,0.5633333333333334,2
D5_full_complete,uncertain,stable_yield@500,MP_common_pool_public_hull_rank,0.57,2
D5_full_complete,uncertain,stable_yield@1000,MP_common_pool_public_hull_rank,0.507,2
D5_full_complete,uncertain,stable_yield@5000,MP_common_pool_public_hull_rank,0.4754,2
D5_full_complete,uncertain,stable_yield@10000,MP_common_pool_public_hull_rank,0.4888,2
D5_full_complete,audit_view,f1,MP_common_pool_public_hull_rank,0.5011067776957943,5
D5_full_complete,audit_view,precision,MP_common_pool_public_hull_rank,0.5011067776957943,5
D5_full_complete,audit_view,recall,MP_common_pool_public_hull_rank,0.5011067776957943,5
D5_full_complete,audit_view,balanced_accuracy,MP_common_pool_public_hull_rank,0.6638112145205017,5
D5_full_complete,audit_view,auroc,MP_common_pool_public_hull_rank,0.8476537507481812,5
D5_full_complete,audit_view,auprc,MP_common_pool_public_hull_rank,0.5294285232560952,5
D5_full_complete,audit_view,stable_yield@100,MP_common_pool_public_hull_rank,0.31,7
D5_full_complete,audit_view,stable_yield@300,MP_common_pool_public_hull_rank,0.43666666666666665,5
D5_full_complete,audit_view,stable_yield@500,MP_common_pool_public_hull_rank,0.43,5
D5_full_complete,audit_view,stable_yield@1000,MP_common_pool_public_hull_rank,0.493,5
D5_full_complete,audit_view,stable_yield@5000,MP_common_pool_public_hull_rank,0.5246,5
D5_full_complete,audit_view,stable_yield@10000,MP_common_pool_public_hull_rank,0.5112,5
D5_full_complete,mp_native,f1,MP_source_native_public_hull_rank,1.0,1
D5_full_complete,mp_native,precision,MP_source_native_public_hull_rank,1.0,1
D5_full_complete,mp_native,recall,MP_source_native_public_hull_rank,1.0,1
D5_full_complete,mp_native,balanced_accuracy,MP_source_native_public_hull_rank,1.0,1
D5_full_complete,mp_native,auroc,MP_source_native_public_hull_rank,1.0,1
D5_full_complete,mp_native,auprc,MP_source_native_public_hull_rank,1.0,1
D5_full_complete,mp_native,stable_yield@100,MP_source_native_public_hull_rank,1.0,1
D5_full_complete,mp_native,stable_yield@300,MP_source_native_public_hull_rank,1.0,1
D5_full_complete,mp_native,stable_yield@500,MP_source_native_public_hull_rank,1.0,1
D5_full_complete,mp_native,stable_yield@1000,MP_source_native_public_hull_rank,1.0,1
D5_full_complete,mp_native,stable_yield@5000,MP_source_native_public_hull_rank,1.0,1
D5_full_complete,mp_native,stable_yield@10000,MP_source_native_public_hull_rank,1.0,1
D5_full_complete,alexmp20_native,f1,MP_source_native_public_hull_rank,0.8113150767378875,3
D5_full_complete,alexmp20_native,precision,MP_source_native_public_hull_rank,0.8113150767378875,3
D5_full_complete,alexmp20_native,recall,MP_source_native_public_hull_rank,0.8113150767378875,3
D5_full_complete,alexmp20_native,balanced_accuracy,MP_source_native_public_hull_rank,0.8522435587292965,3
D5_full_complete,alexmp20_native,auroc,MP_source_native_public_hull_rank,0.9072459809846355,3
D5_full_complete,alexmp20_native,auprc,MP_source_native_public_hull_rank,0.7852760229350781,4
D5_full_complete,alexmp20_native,stable_yield@100,MP_source_native_public_hull_rank,0.86,4
D5_full_complete,alexmp20_native,stable_yield@300,MP_source_native_public_hull_rank,0.86,4
D5_full_complete,alexmp20_native,stable_yield@500,MP_source_native_public_hull_rank,0.856,4
D5_full_complete,alexmp20_native,stable_yield@1000,MP_source_native_public_hull_rank,0.865,4
D5_full_complete,alexmp20_native,stable_yield@5000,MP_source_native_public_hull_rank,0.807,4
D5_full_complete,alexmp20_native,stable_yield@10000,MP_source_native_public_hull_rank,0.8083,4
D5_full_complete,alex_pbe_native,f1,MP_source_native_public_hull_rank,0.7293498808251828,4
D5_full_complete,alex_pbe_native,precision,MP_source_native_public_hull_rank,0.7293498808251828,4
D5_full_complete,alex_pbe_native,recall,MP_source_native_public_hull_rank,0.7293498808251828,4
D5_full_complete,alex_pbe_native,balanced_accuracy,MP_source_native_public_hull_rank,0.7977494871974056,4
D5_full_complete,alex_pbe_native,auroc,MP_source_native_public_hull_rank,0.8797565953856523,3
D5_full_complete,alex_pbe_native,auprc,MP_source_native_public_hull_rank,0.7015775797568609,4
D5_full_complete,alex_pbe_native,stable_yield@100,MP_source_native_public_hull_rank,0.73,4
D5_full_complete,alex_pbe_native,stable_yield@300,MP_source_native_public_hull_rank,0.7833333333333333,4
D5_full_complete,alex_pbe_native,stable_yield@500,MP_source_native_public_hull_rank,0.772,4
D5_full_complete,alex_pbe_native,stable_yield@1000,MP_source_native_public_hull_rank,0.78,4
D5_full_complete,alex_pbe_native,stable_yield@5000,MP_source_native_public_hull_rank,0.7232,4
D5_full_complete,alex_pbe_native,stable_yield@10000,MP_source_native_public_hull_rank,0.7187,4
D5_full_complete,common_pool,f1,MP_source_native_public_hull_rank,0.8791702050224433,3
D5_full_complete,common_pool,precision,MP_source_native_public_hull_rank,0.8791702050224433,3
D5_full_complete,common_pool,recall,MP_source_native_public_hull_rank,0.8791702050224433,3
D5_full_complete,common_pool,balanced_accuracy,MP_source_native_public_hull_rank,0.8748509285868749,3
D5_full_complete,common_pool,auroc,MP_source_native_public_hull_rank,0.9439873543129268,3
D5_full_complete,common_pool,auprc,MP_source_native_public_hull_rank,0.9565783864226446,3
D5_full_complete,common_pool,stable_yield@100,MP_source_native_public_hull_rank,1.0,1
D5_full_complete,common_pool,stable_yield@300,MP_source_native_public_hull_rank,0.9866666666666667,5
D5_full_complete,common_pool,stable_yield@500,MP_source_native_public_hull_rank,0.976,6
D5_full_complete,common_pool,stable_yield@1000,MP_source_native_public_hull_rank,0.987,5
D5_full_complete,common_pool,stable_yield@5000,MP_source_native_public_hull_rank,0.99,5
D5_full_complete,common_pool,stable_yield@10000,MP_source_native_public_hull_rank,0.9925,4
D5_full_complete,consensus,f1,MP_source_native_public_hull_rank,1.0,1
D5_full_complete,consensus,precision,MP_source_native_public_hull_rank,1.0,1
D5_full_complete,consensus,recall,MP_source_native_public_hull_rank,1.0,1
D5_full_complete,consensus,balanced_accuracy,MP_source_native_public_hull_rank,1.0,1
D5_full_complete,consensus,auroc,MP_source_native_public_hull_rank,1.0,1
D5_full_complete,consensus,auprc,MP_source_native_public_hull_rank,1.0,1
D5_full_complete,consensus,stable_yield@100,MP_source_native_public_hull_rank,1.0,1
D5_full_complete,consensus,stable_yield@300,MP_source_native_public_hull_rank,1.0,1
D5_full_complete,consensus,stable_yield@500,MP_source_native_public_hull_rank,1.0,1
D5_full_complete,consensus,stable_yield@1000,MP_source_native_public_hull_rank,1.0,1
D5_full_complete,consensus,stable_yield@5000,MP_source_native_public_hull_rank,1.0,1
D5_full_complete,consensus,stable_yield@10000,MP_source_native_public_hull_rank,0.9487,1
D5_full_complete,uncertain,f1,MP_source_native_public_hull_rank,0.3586178527354998,3
D5_full_complete,uncertain,precision,MP_source_native_public_hull_rank,0.3586178527354998,3
D5_full_complete,uncertain,recall,MP_source_native_public_hull_rank,0.3586178527354998,3
D5_full_complete,uncertain,balanced_accuracy,MP_source_native_public_hull_rank,0.5209437683276101,3
D5_full_complete,uncertain,auroc,MP_source_native_public_hull_rank,0.6147298041530879,3
D5_full_complete,uncertain,auprc,MP_source_native_public_hull_rank,0.3859920529972507,3
D5_full_complete,uncertain,stable_yield@100,MP_source_native_public_hull_rank,0.32,7
D5_full_complete,uncertain,stable_yield@300,MP_source_native_public_hull_rank,0.31666666666666665,7
D5_full_complete,uncertain,stable_yield@500,MP_source_native_public_hull_rank,0.322,6
D5_full_complete,uncertain,stable_yield@1000,MP_source_native_public_hull_rank,0.303,8
D5_full_complete,uncertain,stable_yield@5000,MP_source_native_public_hull_rank,0.3776,3
D5_full_complete,uncertain,stable_yield@10000,MP_source_native_public_hull_rank,0.3706,3
D5_full_complete,audit_view,f1,MP_source_native_public_hull_rank,0.6242226204279541,4
D5_full_complete,audit_view,precision,MP_source_native_public_hull_rank,0.6242226204279541,4
D5_full_complete,audit_view,recall,MP_source_native_public_hull_rank,0.6242226204279541,4
D5_full_complete,audit_view,balanced_accuracy,MP_source_native_public_hull_rank,0.7467751911611217,4
D5_full_complete,audit_view,auroc,MP_source_native_public_hull_rank,0.8984861813650026,4
D5_full_complete,audit_view,auprc,MP_source_native_public_hull_rank,0.6313722880340743,4
D5_full_complete,audit_view,stable_yield@100,MP_source_native_public_hull_rank,0.68,4
D5_full_complete,audit_view,stable_yield@300,MP_source_native_public_hull_rank,0.6833333333333333,4
D5_full_complete,audit_view,stable_yield@500,MP_source_native_public_hull_rank,0.678,4
D5_full_complete,audit_view,stable_yield@1000,MP_source_native_public_hull_rank,0.697,4
D5_full_complete,audit_view,stable_yield@5000,MP_source_native_public_hull_rank,0.6224,4
D5_full_complete,audit_view,stable_yield@10000,MP_source_native_public_hull_rank,0.6294,4
D5_full_complete,mp_native,f1,MatterGen_alex_mp20_source_native_public_hull_rank,0.8424730467190203,2
D5_full_complete,mp_native,precision,MatterGen_alex_mp20_source_native_public_hull_rank,0.8424730467190203,2
D5_full_complete,mp_native,recall,MatterGen_alex_mp20_source_native_public_hull_rank,0.8424730467190203,2
D5_full_complete,mp_native,balanced_accuracy,MatterGen_alex_mp20_source_native_public_hull_rank,0.8668052121329085,2
D5_full_complete,mp_native,auroc,MatterGen_alex_mp20_source_native_public_hull_rank,0.9175196603371432,2
D5_full_complete,mp_native,auprc,MatterGen_alex_mp20_source_native_public_hull_rank,0.8678190308146192,2
D5_full_complete,mp_native,stable_yield@100,MatterGen_alex_mp20_source_native_public_hull_rank,0.92,4
D5_full_complete,mp_native,stable_yield@300,MatterGen_alex_mp20_source_native_public_hull_rank,0.9333333333333333,4
D5_full_complete,mp_native,stable_yield@500,MatterGen_alex_mp20_source_native_public_hull_rank,0.928,4
D5_full_complete,mp_native,stable_yield@1000,MatterGen_alex_mp20_source_native_public_hull_rank,0.927,3
D5_full_complete,mp_native,stable_yield@5000,MatterGen_alex_mp20_source_native_public_hull_rank,0.9,3
D5_full_complete,mp_native,stable_yield@10000,MatterGen_alex_mp20_source_native_public_hull_rank,0.9094,3
D5_full_complete,alexmp20_native,f1,MatterGen_alex_mp20_source_native_public_hull_rank,1.0,1
D5_full_complete,alexmp20_native,precision,MatterGen_alex_mp20_source_native_public_hull_rank,1.0,1
D5_full_complete,alexmp20_native,recall,MatterGen_alex_mp20_source_native_public_hull_rank,1.0,1
D5_full_complete,alexmp20_native,balanced_accuracy,MatterGen_alex_mp20_source_native_public_hull_rank,1.0,1
D5_full_complete,alexmp20_native,auroc,MatterGen_alex_mp20_source_native_public_hull_rank,1.0,1
D5_full_complete,alexmp20_native,auprc,MatterGen_alex_mp20_source_native_public_hull_rank,1.0,1
D5_full_complete,alexmp20_native,stable_yield@100,MatterGen_alex_mp20_source_native_public_hull_rank,1.0,1
D5_full_complete,alexmp20_native,stable_yield@300,MatterGen_alex_mp20_source_native_public_hull_rank,1.0,1
D5_full_complete,alexmp20_native,stable_yield@500,MatterGen_alex_mp20_source_native_public_hull_rank,1.0,1
D5_full_complete,alexmp20_native,stable_yield@1000,MatterGen_alex_mp20_source_native_public_hull_rank,1.0,1
D5_full_complete,alexmp20_native,stable_yield@5000,MatterGen_alex_mp20_source_native_public_hull_rank,1.0,1
D5_full_complete,alexmp20_native,stable_yield@10000,MatterGen_alex_mp20_source_native_public_hull_rank,1.0,1
D5_full_complete,alex_pbe_native,f1,MatterGen_alex_mp20_source_native_public_hull_rank,0.8141694748089093,2
D5_full_complete,alex_pbe_native,precision,MatterGen_alex_mp20_source_native_public_hull_rank,0.8141694748089093,2
D5_full_complete,alex_pbe_native,recall,MatterGen_alex_mp20_source_native_public_hull_rank,0.8141694748089093,2
D5_full_complete,alex_pbe_native,balanced_accuracy,MatterGen_alex_mp20_source_native_public_hull_rank,0.8611331887498737,2
D5_full_complete,alex_pbe_native,auroc,MatterGen_alex_mp20_source_native_public_hull_rank,0.9182899493978827,2
D5_full_complete,alex_pbe_native,auprc,MatterGen_alex_mp20_source_native_public_hull_rank,0.7928081057673634,3
D5_full_complete,alex_pbe_native,stable_yield@100,MatterGen_alex_mp20_source_native_public_hull_rank,0.82,3
D5_full_complete,alex_pbe_native,stable_yield@300,MatterGen_alex_mp20_source_native_public_hull_rank,0.8566666666666667,3
D5_full_complete,alex_pbe_native,stable_yield@500,MatterGen_alex_mp20_source_native_public_hull_rank,0.852,3
D5_full_complete,alex_pbe_native,stable_yield@1000,MatterGen_alex_mp20_source_native_public_hull_rank,0.856,3
D5_full_complete,alex_pbe_native,stable_yield@5000,MatterGen_alex_mp20_source_native_public_hull_rank,0.8002,3
D5_full_complete,alex_pbe_native,stable_yield@10000,MatterGen_alex_mp20_source_native_public_hull_rank,0.8155,3
D5_full_complete,common_pool,f1,MatterGen_alex_mp20_source_native_public_hull_rank,0.8476282906708723,4
D5_full_complete,common_pool,precision,MatterGen_alex_mp20_source_native_public_hull_rank,0.8476282906708723,4
D5_full_complete,common_pool,recall,MatterGen_alex_mp20_source_native_public_hull_rank,0.8476282906708723,4
D5_full_complete,common_pool,balanced_accuracy,MatterGen_alex_mp20_source_native_public_hull_rank,0.8421814922742117,4
D5_full_complete,common_pool,auroc,MatterGen_alex_mp20_source_native_public_hull_rank,0.920330271998194,4
D5_full_complete,common_pool,auprc,MatterGen_alex_mp20_source_native_public_hull_rank,0.9345045401036459,5
D5_full_complete,common_pool,stable_yield@100,MatterGen_alex_mp20_source_native_public_hull_rank,0.98,6
D5_full_complete,common_pool,stable_yield@300,MatterGen_alex_mp20_source_native_public_hull_rank,0.98,6
D5_full_complete,common_pool,stable_yield@500,MatterGen_alex_mp20_source_native_public_hull_rank,0.984,5
D5_full_complete,common_pool,stable_yield@1000,MatterGen_alex_mp20_source_native_public_hull_rank,0.986,6
D5_full_complete,common_pool,stable_yield@5000,MatterGen_alex_mp20_source_native_public_hull_rank,0.9776,6
D5_full_complete,common_pool,stable_yield@10000,MatterGen_alex_mp20_source_native_public_hull_rank,0.9838,5
D5_full_complete,consensus,f1,MatterGen_alex_mp20_source_native_public_hull_rank,1.0,1
D5_full_complete,consensus,precision,MatterGen_alex_mp20_source_native_public_hull_rank,1.0,1
D5_full_complete,consensus,recall,MatterGen_alex_mp20_source_native_public_hull_rank,1.0,1
D5_full_complete,consensus,balanced_accuracy,MatterGen_alex_mp20_source_native_public_hull_rank,1.0,1
D5_full_complete,consensus,auroc,MatterGen_alex_mp20_source_native_public_hull_rank,1.0,1
D5_full_complete,consensus,auprc,MatterGen_alex_mp20_source_native_public_hull_rank,1.0,1
D5_full_complete,consensus,stable_yield@100,MatterGen_alex_mp20_source_native_public_hull_rank,1.0,1
D5_full_complete,consensus,stable_yield@300,MatterGen_alex_mp20_source_native_public_hull_rank,1.0,1
D5_full_complete,consensus,stable_yield@500,MatterGen_alex_mp20_source_native_public_hull_rank,1.0,1
D5_full_complete,consensus,stable_yield@1000,MatterGen_alex_mp20_source_native_public_hull_rank,1.0,1
D5_full_complete,consensus,stable_yield@5000,MatterGen_alex_mp20_source_native_public_hull_rank,1.0,1
D5_full_complete,consensus,stable_yield@10000,MatterGen_alex_mp20_source_native_public_hull_rank,0.9487,1
D5_full_complete,uncertain,f1,MatterGen_alex_mp20_source_native_public_hull_rank,0.2842451665981078,10
D5_full_complete,uncertain,precision,MatterGen_alex_mp20_source_native_public_hull_rank,0.2842451665981078,10
D5_full_complete,uncertain,recall,MatterGen_alex_mp20_source_native_public_hull_rank,0.2842451665981078,10
D5_full_complete,uncertain,balanced_accuracy,MatterGen_alex_mp20_source_native_public_hull_rank,0.4653938923101858,10
D5_full_complete,uncertain,auroc,MatterGen_alex_mp20_source_native_public_hull_rank,0.5706400931576465,4
D5_full_complete,uncertain,auprc,MatterGen_alex_mp20_source_native_public_hull_rank,0.34619313316807776,4
D5_full_complete,uncertain,stable_yield@100,MatterGen_alex_mp20_source_native_public_hull_rank,0.26,9
D5_full_complete,uncertain,stable_yield@300,MatterGen_alex_mp20_source_native_public_hull_rank,0.26666666666666666,10
D5_full_complete,uncertain,stable_yield@500,MatterGen_alex_mp20_source_native_public_hull_rank,0.266,10
D5_full_complete,uncertain,stable_yield@1000,MatterGen_alex_mp20_source_native_public_hull_rank,0.253,10
D5_full_complete,uncertain,stable_yield@5000,MatterGen_alex_mp20_source_native_public_hull_rank,0.3228,7
D5_full_complete,uncertain,stable_yield@10000,MatterGen_alex_mp20_source_native_public_hull_rank,0.2829,10
D5_full_complete,audit_view,f1,MatterGen_alex_mp20_source_native_public_hull_rank,0.7122377990934964,3
D5_full_complete,audit_view,precision,MatterGen_alex_mp20_source_native_public_hull_rank,0.7122377990934964,3
D5_full_complete,audit_view,recall,MatterGen_alex_mp20_source_native_public_hull_rank,0.7122377990934964,3
D5_full_complete,audit_view,balanced_accuracy,MatterGen_alex_mp20_source_native_public_hull_rank,0.8060859107629347,3
D5_full_complete,audit_view,auroc,MatterGen_alex_mp20_source_native_public_hull_rank,0.9302653764386775,3
D5_full_complete,audit_view,auprc,MatterGen_alex_mp20_source_native_public_hull_rank,0.7137375865182064,3
D5_full_complete,audit_view,stable_yield@100,MatterGen_alex_mp20_source_native_public_hull_rank,0.74,3
D5_full_complete,audit_view,stable_yield@300,MatterGen_alex_mp20_source_native_public_hull_rank,0.7333333333333333,3
D5_full_complete,audit_view,stable_yield@500,MatterGen_alex_mp20_source_native_public_hull_rank,0.734,3
D5_full_complete,audit_view,stable_yield@1000,MatterGen_alex_mp20_source_native_public_hull_rank,0.747,3
D5_full_complete,audit_view,stable_yield@5000,MatterGen_alex_mp20_source_native_public_hull_rank,0.6772,3
D5_full_complete,audit_view,stable_yield@10000,MatterGen_alex_mp20_source_native_public_hull_rank,0.7171,3
D5_full_complete,mp_native,f1,consensus_oracle_proxy,0.6313722880340743,6
D5_full_complete,mp_native,precision,consensus_oracle_proxy,0.6313722880340743,6
D5_full_complete,mp_native,recall,consensus_oracle_proxy,0.6313722880340743,6
D5_full_complete,mp_native,balanced_accuracy,consensus_oracle_proxy,0.688311816647309,6
D5_full_complete,mp_native,auroc,consensus_oracle_proxy,0.6874524299535592,6
D5_full_complete,mp_native,auprc,consensus_oracle_proxy,0.7783085460556074,4
D5_full_complete,mp_native,stable_yield@100,consensus_oracle_proxy,1.0,1
D5_full_complete,mp_native,stable_yield@300,consensus_oracle_proxy,1.0,1
D5_full_complete,mp_native,stable_yield@500,consensus_oracle_proxy,1.0,1
D5_full_complete,mp_native,stable_yield@1000,consensus_oracle_proxy,1.0,1
D5_full_complete,mp_native,stable_yield@5000,consensus_oracle_proxy,1.0,1
D5_full_complete,mp_native,stable_yield@10000,consensus_oracle_proxy,0.9487,2
D5_full_complete,alexmp20_native,f1,consensus_oracle_proxy,0.7137375865182064,4
D5_full_complete,alexmp20_native,precision,consensus_oracle_proxy,0.7137375865182064,4
D5_full_complete,alexmp20_native,recall,consensus_oracle_proxy,0.7137375865182064,4
D5_full_complete,alexmp20_native,balanced_accuracy,consensus_oracle_proxy,0.7758320338775808,4
D5_full_complete,alexmp20_native,auroc,consensus_oracle_proxy,0.7660670919224302,6
D5_full_complete,alexmp20_native,auprc,consensus_oracle_proxy,0.8206038144901873,3
D5_full_complete,alexmp20_native,stable_yield@100,consensus_oracle_proxy,1.0,1
D5_full_complete,alexmp20_native,stable_yield@300,consensus_oracle_proxy,1.0,1
D5_full_complete,alexmp20_native,stable_yield@500,consensus_oracle_proxy,1.0,1
D5_full_complete,alexmp20_native,stable_yield@1000,consensus_oracle_proxy,1.0,1
D5_full_complete,alexmp20_native,stable_yield@5000,consensus_oracle_proxy,1.0,1
D5_full_complete,alexmp20_native,stable_yield@10000,consensus_oracle_proxy,0.9487,2
D5_full_complete,alex_pbe_native,f1,consensus_oracle_proxy,0.779732062135284,3
D5_full_complete,alex_pbe_native,precision,consensus_oracle_proxy,0.779732062135284,3
D5_full_complete,alex_pbe_native,recall,consensus_oracle_proxy,0.779732062135284,3
D5_full_complete,alex_pbe_native,balanced_accuracy,consensus_oracle_proxy,0.835398914573048,3
D5_full_complete,alex_pbe_native,auroc,consensus_oracle_proxy,0.8232134098727805,5
D5_full_complete,alex_pbe_native,auprc,consensus_oracle_proxy,0.8581195888571194,2
D5_full_complete,alex_pbe_native,stable_yield@100,consensus_oracle_proxy,1.0,1
D5_full_complete,alex_pbe_native,stable_yield@300,consensus_oracle_proxy,1.0,1
D5_full_complete,alex_pbe_native,stable_yield@500,consensus_oracle_proxy,1.0,1
D5_full_complete,alex_pbe_native,stable_yield@1000,consensus_oracle_proxy,1.0,1
D5_full_complete,alex_pbe_native,stable_yield@5000,consensus_oracle_proxy,1.0,1
D5_full_complete,alex_pbe_native,stable_yield@10000,consensus_oracle_proxy,0.9487,2
D5_full_complete,common_pool,f1,consensus_oracle_proxy,0.5754579643333738,6
D5_full_complete,common_pool,precision,consensus_oracle_proxy,0.5754579643333738,6
D5_full_complete,common_pool,recall,consensus_oracle_proxy,0.5754579643333738,6
D5_full_complete,common_pool,balanced_accuracy,consensus_oracle_proxy,0.560281952399366,6
D5_full_complete,common_pool,auroc,consensus_oracle_proxy,0.5790848082437596,6
D5_full_complete,common_pool,auprc,consensus_oracle_proxy,0.7694944148671565,6
D5_full_complete,common_pool,stable_yield@100,consensus_oracle_proxy,1.0,1
D5_full_complete,common_pool,stable_yield@300,consensus_oracle_proxy,1.0,1
D5_full_complete,common_pool,stable_yield@500,consensus_oracle_proxy,1.0,1
D5_full_complete,common_pool,stable_yield@1000,consensus_oracle_proxy,1.0,1
D5_full_complete,common_pool,stable_yield@5000,consensus_oracle_proxy,1.0,1
D5_full_complete,common_pool,stable_yield@10000,consensus_oracle_proxy,0.9487,6
D5_full_complete,consensus,f1,consensus_oracle_proxy,1.0,1
D5_full_complete,consensus,precision,consensus_oracle_proxy,1.0,1
D5_full_complete,consensus,recall,consensus_oracle_proxy,1.0,1
D5_full_complete,consensus,balanced_accuracy,consensus_oracle_proxy,1.0,1
D5_full_complete,consensus,auroc,consensus_oracle_proxy,1.0,1
D5_full_complete,consensus,auprc,consensus_oracle_proxy,1.0,1
D5_full_complete,consensus,stable_yield@100,consensus_oracle_proxy,1.0,1
D5_full_complete,consensus,stable_yield@300,consensus_oracle_proxy,1.0,1
D5_full_complete,consensus,stable_yield@500,consensus_oracle_proxy,1.0,1
D5_full_complete,consensus,stable_yield@1000,consensus_oracle_proxy,1.0,1
D5_full_complete,consensus,stable_yield@5000,consensus_oracle_proxy,1.0,1
D5_full_complete,consensus,stable_yield@10000,consensus_oracle_proxy,0.9487,1
D5_full_complete,uncertain,f1,consensus_oracle_proxy,0.0,12
D5_full_complete,uncertain,precision,consensus_oracle_proxy,0.0,12
D5_full_complete,uncertain,recall,consensus_oracle_proxy,0.0,12
D5_full_complete,uncertain,balanced_accuracy,consensus_oracle_proxy,0.2530876736816446,12
D5_full_complete,uncertain,auroc,consensus_oracle_proxy,0.0,12
D5_full_complete,uncertain,auprc,consensus_oracle_proxy,0.18729655392544733,12
D5_full_complete,uncertain,stable_yield@100,consensus_oracle_proxy,0.0,12
D5_full_complete,uncertain,stable_yield@300,consensus_oracle_proxy,0.0,12
D5_full_complete,uncertain,stable_yield@500,consensus_oracle_proxy,0.0,12
D5_full_complete,uncertain,stable_yield@1000,consensus_oracle_proxy,0.0,12
D5_full_complete,uncertain,stable_yield@5000,consensus_oracle_proxy,0.0,12
D5_full_complete,uncertain,stable_yield@10000,consensus_oracle_proxy,0.0,12
D5_full_complete,audit_view,f1,consensus_oracle_proxy,1.0,1
D5_full_complete,audit_view,precision,consensus_oracle_proxy,1.0,1
D5_full_complete,audit_view,recall,consensus_oracle_proxy,1.0,1
D5_full_complete,audit_view,balanced_accuracy,consensus_oracle_proxy,1.0,1
D5_full_complete,audit_view,auroc,consensus_oracle_proxy,1.0,1
D5_full_complete,audit_view,auprc,consensus_oracle_proxy,1.0,1
D5_full_complete,audit_view,stable_yield@100,consensus_oracle_proxy,1.0,1
D5_full_complete,audit_view,stable_yield@300,consensus_oracle_proxy,1.0,1
D5_full_complete,audit_view,stable_yield@500,consensus_oracle_proxy,1.0,1
D5_full_complete,audit_view,stable_yield@1000,consensus_oracle_proxy,1.0,1
D5_full_complete,audit_view,stable_yield@5000,consensus_oracle_proxy,1.0,1
D5_full_complete,audit_view,stable_yield@10000,consensus_oracle_proxy,0.9487,1
D5_full_complete,mp_native,f1,official_Alexandria_PBE_common_pool_public_hull_rank,0.7190203647011846,5
D5_full_complete,mp_native,precision,official_Alexandria_PBE_common_pool_public_hull_rank,0.7190203647011846,5
D5_full_complete,mp_native,recall,official_Alexandria_PBE_common_pool_public_hull_rank,0.7190203647011846,5
D5_full_complete,mp_native,balanced_accuracy,official_Alexandria_PBE_common_pool_public_hull_rank,0.7624214641424334,5
D5_full_complete,mp_native,auroc,official_Alexandria_PBE_common_pool_public_hull_rank,0.8543957571000252,5
D5_full_complete,mp_native,auprc,official_Alexandria_PBE_common_pool_public_hull_rank,0.7041479282589056,6
D5_full_complete,mp_native,stable_yield@100,official_Alexandria_PBE_common_pool_public_hull_rank,0.35,12
D5_full_complete,mp_native,stable_yield@300,official_Alexandria_PBE_common_pool_public_hull_rank,0.49333333333333335,9
D5_full_complete,mp_native,stable_yield@500,official_Alexandria_PBE_common_pool_public_hull_rank,0.578,6
D5_full_complete,mp_native,stable_yield@1000,official_Alexandria_PBE_common_pool_public_hull_rank,0.638,6
D5_full_complete,mp_native,stable_yield@5000,official_Alexandria_PBE_common_pool_public_hull_rank,0.7388,6
D5_full_complete,mp_native,stable_yield@10000,official_Alexandria_PBE_common_pool_public_hull_rank,0.6778,6
D5_full_complete,alexmp20_native,f1,official_Alexandria_PBE_common_pool_public_hull_rank,0.6418898585615408,6
D5_full_complete,alexmp20_native,precision,official_Alexandria_PBE_common_pool_public_hull_rank,0.6418898585615408,6
D5_full_complete,alexmp20_native,recall,official_Alexandria_PBE_common_pool_public_hull_rank,0.6418898585615408,6
D5_full_complete,alexmp20_native,balanced_accuracy,official_Alexandria_PBE_common_pool_public_hull_rank,0.7195691146536886,6
D5_full_complete,alexmp20_native,auroc,official_Alexandria_PBE_common_pool_public_hull_rank,0.8375795758690763,4
D5_full_complete,alexmp20_native,auprc,official_Alexandria_PBE_common_pool_public_hull_rank,0.6345734750226204,6
D5_full_complete,alexmp20_native,stable_yield@100,official_Alexandria_PBE_common_pool_public_hull_rank,0.33,12
D5_full_complete,alexmp20_native,stable_yield@300,official_Alexandria_PBE_common_pool_public_hull_rank,0.45666666666666667,6
D5_full_complete,alexmp20_native,stable_yield@500,official_Alexandria_PBE_common_pool_public_hull_rank,0.494,6
D5_full_complete,alexmp20_native,stable_yield@1000,official_Alexandria_PBE_common_pool_public_hull_rank,0.553,6
D5_full_complete,alexmp20_native,stable_yield@5000,official_Alexandria_PBE_common_pool_public_hull_rank,0.6718,5
D5_full_complete,alexmp20_native,stable_yield@10000,official_Alexandria_PBE_common_pool_public_hull_rank,0.6059,6
D5_full_complete,alex_pbe_native,f1,official_Alexandria_PBE_common_pool_public_hull_rank,0.5953809484671653,5
D5_full_complete,alex_pbe_native,precision,official_Alexandria_PBE_common_pool_public_hull_rank,0.5953809484671653,5
D5_full_complete,alex_pbe_native,recall,official_Alexandria_PBE_common_pool_public_hull_rank,0.5953809484671653,5
D5_full_complete,alex_pbe_native,balanced_accuracy,official_Alexandria_PBE_common_pool_public_hull_rank,0.6976376330011624,5
D5_full_complete,alex_pbe_native,auroc,official_Alexandria_PBE_common_pool_public_hull_rank,0.840864835627924,4
D5_full_complete,alex_pbe_native,auprc,official_Alexandria_PBE_common_pool_public_hull_rank,0.6038291361471249,5
D5_full_complete,alex_pbe_native,stable_yield@100,official_Alexandria_PBE_common_pool_public_hull_rank,0.31,10
D5_full_complete,alex_pbe_native,stable_yield@300,official_Alexandria_PBE_common_pool_public_hull_rank,0.47333333333333333,6
D5_full_complete,alex_pbe_native,stable_yield@500,official_Alexandria_PBE_common_pool_public_hull_rank,0.504,6
D5_full_complete,alex_pbe_native,stable_yield@1000,official_Alexandria_PBE_common_pool_public_hull_rank,0.547,6
D5_full_complete,alex_pbe_native,stable_yield@5000,official_Alexandria_PBE_common_pool_public_hull_rank,0.6448,5
D5_full_complete,alex_pbe_native,stable_yield@10000,official_Alexandria_PBE_common_pool_public_hull_rank,0.5704,5
D5_full_complete,common_pool,f1,official_Alexandria_PBE_common_pool_public_hull_rank,1.0,1
D5_full_complete,common_pool,precision,official_Alexandria_PBE_common_pool_public_hull_rank,1.0,1
D5_full_complete,common_pool,recall,official_Alexandria_PBE_common_pool_public_hull_rank,1.0,1
D5_full_complete,common_pool,balanced_accuracy,official_Alexandria_PBE_common_pool_public_hull_rank,1.0,1
D5_full_complete,common_pool,auroc,official_Alexandria_PBE_common_pool_public_hull_rank,1.0,1
D5_full_complete,common_pool,auprc,official_Alexandria_PBE_common_pool_public_hull_rank,1.0,1
D5_full_complete,common_pool,stable_yield@100,official_Alexandria_PBE_common_pool_public_hull_rank,1.0,1
D5_full_complete,common_pool,stable_yield@300,official_Alexandria_PBE_common_pool_public_hull_rank,1.0,1
D5_full_complete,common_pool,stable_yield@500,official_Alexandria_PBE_common_pool_public_hull_rank,1.0,1
D5_full_complete,common_pool,stable_yield@1000,official_Alexandria_PBE_common_pool_public_hull_rank,1.0,1
D5_full_complete,common_pool,stable_yield@5000,official_Alexandria_PBE_common_pool_public_hull_rank,1.0,1
D5_full_complete,common_pool,stable_yield@10000,official_Alexandria_PBE_common_pool_public_hull_rank,1.0,1
D5_full_complete,consensus,f1,official_Alexandria_PBE_common_pool_public_hull_rank,1.0,1
D5_full_complete,consensus,precision,official_Alexandria_PBE_common_pool_public_hull_rank,1.0,1
D5_full_complete,consensus,recall,official_Alexandria_PBE_common_pool_public_hull_rank,1.0,1
D5_full_complete,consensus,balanced_accuracy,official_Alexandria_PBE_common_pool_public_hull_rank,1.0,1
D5_full_complete,consensus,auroc,official_Alexandria_PBE_common_pool_public_hull_rank,0.9999999999999999,6
D5_full_complete,consensus,auprc,official_Alexandria_PBE_common_pool_public_hull_rank,0.9999999999999998,6
D5_full_complete,consensus,stable_yield@100,official_Alexandria_PBE_common_pool_public_hull_rank,1.0,1
D5_full_complete,consensus,stable_yield@300,official_Alexandria_PBE_common_pool_public_hull_rank,1.0,1
D5_full_complete,consensus,stable_yield@500,official_Alexandria_PBE_common_pool_public_hull_rank,1.0,1
D5_full_complete,consensus,stable_yield@1000,official_Alexandria_PBE_common_pool_public_hull_rank,1.0,1
D5_full_complete,consensus,stable_yield@5000,official_Alexandria_PBE_common_pool_public_hull_rank,1.0,1
D5_full_complete,consensus,stable_yield@10000,official_Alexandria_PBE_common_pool_public_hull_rank,0.9487,1
D5_full_complete,uncertain,f1,official_Alexandria_PBE_common_pool_public_hull_rank,0.5411764705882353,1
D5_full_complete,uncertain,precision,official_Alexandria_PBE_common_pool_public_hull_rank,0.5411764705882353,1
D5_full_complete,uncertain,recall,official_Alexandria_PBE_common_pool_public_hull_rank,0.5411764705882353,1
D5_full_complete,uncertain,balanced_accuracy,official_Alexandria_PBE_common_pool_public_hull_rank,0.6572990502774605,1
D5_full_complete,uncertain,auroc,official_Alexandria_PBE_common_pool_public_hull_rank,0.761783866385265,1
D5_full_complete,uncertain,auprc,official_Alexandria_PBE_common_pool_public_hull_rank,0.525718699101369,1
D5_full_complete,uncertain,stable_yield@100,official_Alexandria_PBE_common_pool_public_hull_rank,0.78,1
D5_full_complete,uncertain,stable_yield@300,official_Alexandria_PBE_common_pool_public_hull_rank,0.6766666666666666,1
D5_full_complete,uncertain,stable_yield@500,official_Alexandria_PBE_common_pool_public_hull_rank,0.64,1
D5_full_complete,uncertain,stable_yield@1000,official_Alexandria_PBE_common_pool_public_hull_rank,0.611,1
D5_full_complete,uncertain,stable_yield@5000,official_Alexandria_PBE_common_pool_public_hull_rank,0.498,1
D5_full_complete,uncertain,stable_yield@10000,official_Alexandria_PBE_common_pool_public_hull_rank,0.5716,1
D5_full_complete,audit_view,f1,official_Alexandria_PBE_common_pool_public_hull_rank,0.4215241909982081,6
D5_full_complete,audit_view,precision,official_Alexandria_PBE_common_pool_public_hull_rank,0.4215241909982081,6
D5_full_complete,audit_view,recall,official_Alexandria_PBE_common_pool_public_hull_rank,0.4215241909982081,6
D5_full_complete,audit_view,balanced_accuracy,official_Alexandria_PBE_common_pool_public_hull_rank,0.6101829590721559,6
D5_full_complete,audit_view,auroc,official_Alexandria_PBE_common_pool_public_hull_rank,0.8064192951811092,6
D5_full_complete,audit_view,auprc,official_Alexandria_PBE_common_pool_public_hull_rank,0.4693726898931162,6
D5_full_complete,audit_view,stable_yield@100,official_Alexandria_PBE_common_pool_public_hull_rank,0.22,12
D5_full_complete,audit_view,stable_yield@300,official_Alexandria_PBE_common_pool_public_hull_rank,0.3233333333333333,6
D5_full_complete,audit_view,stable_yield@500,official_Alexandria_PBE_common_pool_public_hull_rank,0.36,6
D5_full_complete,audit_view,stable_yield@1000,official_Alexandria_PBE_common_pool_public_hull_rank,0.389,6
D5_full_complete,audit_view,stable_yield@5000,official_Alexandria_PBE_common_pool_public_hull_rank,0.502,6
D5_full_complete,audit_view,stable_yield@10000,official_Alexandria_PBE_common_pool_public_hull_rank,0.4284,6
D5_full_complete,mp_native,f1,official_Alexandria_PBE_source_native_public_hull_rank,0.8131239185411953,3
D5_full_complete,mp_native,precision,official_Alexandria_PBE_source_native_public_hull_rank,0.8131239185411953,3
D5_full_complete,mp_native,recall,official_Alexandria_PBE_source_native_public_hull_rank,0.8131239185411953,3
D5_full_complete,mp_native,balanced_accuracy,official_Alexandria_PBE_source_native_public_hull_rank,0.8419894531766823,3
D5_full_complete,mp_native,auroc,official_Alexandria_PBE_source_native_public_hull_rank,0.9023382206129161,3
D5_full_complete,mp_native,auprc,official_Alexandria_PBE_source_native_public_hull_rank,0.8412093080177298,3
D5_full_complete,mp_native,stable_yield@100,official_Alexandria_PBE_source_native_public_hull_rank,0.94,3
D5_full_complete,mp_native,stable_yield@300,official_Alexandria_PBE_source_native_public_hull_rank,0.9466666666666667,3
D5_full_complete,mp_native,stable_yield@500,official_Alexandria_PBE_source_native_public_hull_rank,0.934,3
D5_full_complete,mp_native,stable_yield@1000,official_Alexandria_PBE_source_native_public_hull_rank,0.915,4
D5_full_complete,mp_native,stable_yield@5000,official_Alexandria_PBE_source_native_public_hull_rank,0.8712,4
D5_full_complete,mp_native,stable_yield@10000,official_Alexandria_PBE_source_native_public_hull_rank,0.8884,4
D5_full_complete,alexmp20_native,f1,official_Alexandria_PBE_source_native_public_hull_rank,0.8552512789647908,2
D5_full_complete,alexmp20_native,precision,official_Alexandria_PBE_source_native_public_hull_rank,0.8552512789647908,2
D5_full_complete,alexmp20_native,recall,official_Alexandria_PBE_source_native_public_hull_rank,0.8552512789647908,2
D5_full_complete,alexmp20_native,balanced_accuracy,official_Alexandria_PBE_source_native_public_hull_rank,0.8866493648306085,2
D5_full_complete,alexmp20_native,auroc,official_Alexandria_PBE_source_native_public_hull_rank,0.9361282322390279,2
D5_full_complete,alexmp20_native,auprc,official_Alexandria_PBE_source_native_public_hull_rank,0.8611432857960069,2
D5_full_complete,alexmp20_native,stable_yield@100,official_Alexandria_PBE_source_native_public_hull_rank,0.98,3
D5_full_complete,alexmp20_native,stable_yield@300,official_Alexandria_PBE_source_native_public_hull_rank,0.9633333333333334,3
D5_full_complete,alexmp20_native,stable_yield@500,official_Alexandria_PBE_source_native_public_hull_rank,0.956,3
D5_full_complete,alexmp20_native,stable_yield@1000,official_Alexandria_PBE_source_native_public_hull_rank,0.934,3
D5_full_complete,alexmp20_native,stable_yield@5000,official_Alexandria_PBE_source_native_public_hull_rank,0.8788,3
D5_full_complete,alexmp20_native,stable_yield@10000,official_Alexandria_PBE_source_native_public_hull_rank,0.8893,3
D5_full_complete,alex_pbe_native,f1,official_Alexandria_PBE_source_native_public_hull_rank,1.0,1
D5_full_complete,alex_pbe_native,precision,official_Alexandria_PBE_source_native_public_hull_rank,1.0,1
D5_full_complete,alex_pbe_native,recall,official_Alexandria_PBE_source_native_public_hull_rank,1.0,1
D5_full_complete,alex_pbe_native,balanced_accuracy,official_Alexandria_PBE_source_native_public_hull_rank,1.0,1
D5_full_complete,alex_pbe_native,auroc,official_Alexandria_PBE_source_native_public_hull_rank,1.0,1
D5_full_complete,alex_pbe_native,auprc,official_Alexandria_PBE_source_native_public_hull_rank,1.0,1
D5_full_complete,alex_pbe_native,stable_yield@100,official_Alexandria_PBE_source_native_public_hull_rank,1.0,1
D5_full_complete,alex_pbe_native,stable_yield@300,official_Alexandria_PBE_source_native_public_hull_rank,1.0,1
D5_full_complete,alex_pbe_native,stable_yield@500,official_Alexandria_PBE_source_native_public_hull_rank,1.0,1
D5_full_complete,alex_pbe_native,stable_yield@1000,official_Alexandria_PBE_source_native_public_hull_rank,1.0,1
D5_full_complete,alex_pbe_native,stable_yield@5000,official_Alexandria_PBE_source_native_public_hull_rank,1.0,1
D5_full_complete,alex_pbe_native,stable_yield@10000,official_Alexandria_PBE_source_native_public_hull_rank,1.0,1
D5_full_complete,common_pool,f1,official_Alexandria_PBE_source_native_public_hull_rank,0.8386509765861944,5
D5_full_complete,common_pool,precision,official_Alexandria_PBE_source_native_public_hull_rank,0.8386509765861944,5
D5_full_complete,common_pool,recall,official_Alexandria_PBE_source_native_public_hull_rank,0.8386509765861944,5
D5_full_complete,common_pool,balanced_accuracy,official_Alexandria_PBE_source_native_public_hull_rank,0.8328832680929152,5
D5_full_complete,common_pool,auroc,official_Alexandria_PBE_source_native_public_hull_rank,0.9143576738411389,5
D5_full_complete,common_pool,auprc,official_Alexandria_PBE_source_native_public_hull_rank,0.9375133736687676,4
D5_full_complete,common_pool,stable_yield@100,official_Alexandria_PBE_source_native_public_hull_rank,1.0,1
D5_full_complete,common_pool,stable_yield@300,official_Alexandria_PBE_source_native_public_hull_rank,0.9966666666666667,4
D5_full_complete,common_pool,stable_yield@500,official_Alexandria_PBE_source_native_public_hull_rank,0.998,4
D5_full_complete,common_pool,stable_yield@1000,official_Alexandria_PBE_source_native_public_hull_rank,0.999,4
D5_full_complete,common_pool,stable_yield@5000,official_Alexandria_PBE_source_native_public_hull_rank,0.9994,4
D5_full_complete,common_pool,stable_yield@10000,official_Alexandria_PBE_source_native_public_hull_rank,0.9996,3
D5_full_complete,consensus,f1,official_Alexandria_PBE_source_native_public_hull_rank,1.0,1
D5_full_complete,consensus,precision,official_Alexandria_PBE_source_native_public_hull_rank,1.0,1
D5_full_complete,consensus,recall,official_Alexandria_PBE_source_native_public_hull_rank,1.0,1
D5_full_complete,consensus,balanced_accuracy,official_Alexandria_PBE_source_native_public_hull_rank,1.0,1
D5_full_complete,consensus,auroc,official_Alexandria_PBE_source_native_public_hull_rank,1.0,1
D5_full_complete,consensus,auprc,official_Alexandria_PBE_source_native_public_hull_rank,1.0,1
D5_full_complete,consensus,stable_yield@100,official_Alexandria_PBE_source_native_public_hull_rank,1.0,1
D5_full_complete,consensus,stable_yield@300,official_Alexandria_PBE_source_native_public_hull_rank,1.0,1
D5_full_complete,consensus,stable_yield@500,official_Alexandria_PBE_source_native_public_hull_rank,1.0,1
D5_full_complete,consensus,stable_yield@1000,official_Alexandria_PBE_source_native_public_hull_rank,1.0,1
D5_full_complete,consensus,stable_yield@5000,official_Alexandria_PBE_source_native_public_hull_rank,1.0,1
D5_full_complete,consensus,stable_yield@10000,official_Alexandria_PBE_source_native_public_hull_rank,0.9487,1
D5_full_complete,uncertain,f1,official_Alexandria_PBE_source_native_public_hull_rank,0.22048539695598518,11
D5_full_complete,uncertain,precision,official_Alexandria_PBE_source_native_public_hull_rank,0.22048539695598518,11
D5_full_complete,uncertain,recall,official_Alexandria_PBE_source_native_public_hull_rank,0.22048539695598518,11
D5_full_complete,uncertain,balanced_accuracy,official_Alexandria_PBE_source_native_public_hull_rank,0.41777093444126556,11
D5_full_complete,uncertain,auroc,official_Alexandria_PBE_source_native_public_hull_rank,0.5445139277052249,5
D5_full_complete,uncertain,auprc,official_Alexandria_PBE_source_native_public_hull_rank,0.32493086672212423,7
D5_full_complete,uncertain,stable_yield@100,official_Alexandria_PBE_source_native_public_hull_rank,0.12,11
D5_full_complete,uncertain,stable_yield@300,official_Alexandria_PBE_source_native_public_hull_rank,0.17666666666666667,11
D5_full_complete,uncertain,stable_yield@500,official_Alexandria_PBE_source_native_public_hull_rank,0.17,11
D5_full_complete,uncertain,stable_yield@1000,official_Alexandria_PBE_source_native_public_hull_rank,0.187,11
D5_full_complete,uncertain,stable_yield@5000,official_Alexandria_PBE_source_native_public_hull_rank,0.254,11
D5_full_complete,uncertain,stable_yield@10000,official_Alexandria_PBE_source_native_public_hull_rank,0.2191,11
D5_full_complete,audit_view,f1,official_Alexandria_PBE_source_native_public_hull_rank,0.7828607568251291,2
D5_full_complete,audit_view,precision,official_Alexandria_PBE_source_native_public_hull_rank,0.7828607568251291,2
D5_full_complete,audit_view,recall,official_Alexandria_PBE_source_native_public_hull_rank,0.7828607568251291,2
D5_full_complete,audit_view,balanced_accuracy,official_Alexandria_PBE_source_native_public_hull_rank,0.8536765480482218,2
D5_full_complete,audit_view,auroc,official_Alexandria_PBE_source_native_public_hull_rank,0.9508833663221171,2
D5_full_complete,audit_view,auprc,official_Alexandria_PBE_source_native_public_hull_rank,0.779732062135284,2
D5_full_complete,audit_view,stable_yield@100,official_Alexandria_PBE_source_native_public_hull_rank,0.88,2
D5_full_complete,audit_view,stable_yield@300,official_Alexandria_PBE_source_native_public_hull_rank,0.8233333333333334,2
D5_full_complete,audit_view,stable_yield@500,official_Alexandria_PBE_source_native_public_hull_rank,0.83,2
D5_full_complete,audit_view,stable_yield@1000,official_Alexandria_PBE_source_native_public_hull_rank,0.813,2
D5_full_complete,audit_view,stable_yield@5000,official_Alexandria_PBE_source_native_public_hull_rank,0.746,2
D5_full_complete,audit_view,stable_yield@10000,official_Alexandria_PBE_source_native_public_hull_rank,0.7809,2
D5_full_complete,mp_native,f1,prevalence_dummy,0.37275389325169705,10
D5_full_complete,mp_native,precision,prevalence_dummy,0.37275389325169705,10
D5_full_complete,mp_native,recall,prevalence_dummy,0.37275389325169705,10
D5_full_complete,mp_native,balanced_accuracy,prevalence_dummy,0.4696405257087718,10
D5_full_complete,mp_native,auroc,prevalence_dummy,0.5,7
D5_full_complete,mp_native,auprc,prevalence_dummy,0.40865946857407054,7
D5_full_complete,mp_native,stable_yield@100,prevalence_dummy,0.4,10
D5_full_complete,mp_native,stable_yield@300,prevalence_dummy,0.39666666666666667,11
D5_full_complete,mp_native,stable_yield@500,prevalence_dummy,0.476,10
D5_full_complete,mp_native,stable_yield@1000,prevalence_dummy,0.451,9
D5_full_complete,mp_native,stable_yield@5000,prevalence_dummy,0.436,7
D5_full_complete,mp_native,stable_yield@10000,prevalence_dummy,0.3793,9
D5_full_complete,alexmp20_native,f1,prevalence_dummy,0.34998495335540175,8
D5_full_complete,alexmp20_native,precision,prevalence_dummy,0.34998495335540175,8
D5_full_complete,alexmp20_native,recall,prevalence_dummy,0.34998495335540175,8
D5_full_complete,alexmp20_native,balanced_accuracy,prevalence_dummy,0.49098259466551875,8
D5_full_complete,alexmp20_native,auroc,prevalence_dummy,0.5,7
D5_full_complete,alexmp20_native,auprc,prevalence_dummy,0.36150017677935214,7
D5_full_complete,alexmp20_native,stable_yield@100,prevalence_dummy,0.38,8
D5_full_complete,alexmp20_native,stable_yield@300,prevalence_dummy,0.36333333333333334,10
D5_full_complete,alexmp20_native,stable_yield@500,prevalence_dummy,0.434,7
D5_full_complete,alexmp20_native,stable_yield@1000,prevalence_dummy,0.421,7
D5_full_complete,alexmp20_native,stable_yield@5000,prevalence_dummy,0.3948,7
D5_full_complete,alexmp20_native,stable_yield@10000,prevalence_dummy,0.3344,9
D5_full_complete,alex_pbe_native,f1,prevalence_dummy,0.3383742911153119,7
D5_full_complete,alex_pbe_native,precision,prevalence_dummy,0.3383742911153119,7
D5_full_complete,alex_pbe_native,recall,prevalence_dummy,0.3383742911153119,7
D5_full_complete,alex_pbe_native,balanced_accuracy,prevalence_dummy,0.505582560564566,7
D5_full_complete,alex_pbe_native,auroc,prevalence_dummy,0.5,7
D5_full_complete,alex_pbe_native,auprc,prevalence_dummy,0.33090375044194836,7
D5_full_complete,alex_pbe_native,stable_yield@100,prevalence_dummy,0.29,11
D5_full_complete,alex_pbe_native,stable_yield@300,prevalence_dummy,0.31,11
D5_full_complete,alex_pbe_native,stable_yield@500,prevalence_dummy,0.386,7
D5_full_complete,alex_pbe_native,stable_yield@1000,prevalence_dummy,0.378,7
D5_full_complete,alex_pbe_native,stable_yield@5000,prevalence_dummy,0.3672,7
D5_full_complete,alex_pbe_native,stable_yield@10000,prevalence_dummy,0.3089,9
D5_full_complete,common_pool,f1,prevalence_dummy,0.44437704719155646,12
D5_full_complete,common_pool,precision,prevalence_dummy,0.44437704719155646,12
D5_full_complete,common_pool,recall,prevalence_dummy,0.44437704719155646,12
D5_full_complete,common_pool,balanced_accuracy,prevalence_dummy,0.42451531418462524,12
D5_full_complete,common_pool,auroc,prevalence_dummy,0.5,7
D5_full_complete,common_pool,auprc,prevalence_dummy,0.5172565261044176,8
D5_full_complete,common_pool,stable_yield@100,prevalence_dummy,0.53,11
D5_full_complete,common_pool,stable_yield@300,prevalence_dummy,0.5033333333333333,10
D5_full_complete,common_pool,stable_yield@500,prevalence_dummy,0.55,10
D5_full_complete,common_pool,stable_yield@1000,prevalence_dummy,0.434,12
D5_full_complete,common_pool,stable_yield@5000,prevalence_dummy,0.5052,9
D5_full_complete,common_pool,stable_yield@10000,prevalence_dummy,0.5113,8
D5_full_complete,consensus,f1,prevalence_dummy,0.3478444186781912,10
D5_full_complete,consensus,precision,prevalence_dummy,0.3478444186781912,10
D5_full_complete,consensus,recall,prevalence_dummy,0.3478444186781912,10
D5_full_complete,consensus,balanced_accuracy,prevalence_dummy,0.4694203252907053,10
D5_full_complete,consensus,auroc,prevalence_dummy,0.5,7
D5_full_complete,consensus,auprc,prevalence_dummy,0.3854310554968717,8
D5_full_complete,consensus,stable_yield@100,prevalence_dummy,0.41,10
D5_full_complete,consensus,stable_yield@300,prevalence_dummy,0.43,9
D5_full_complete,consensus,stable_yield@500,prevalence_dummy,0.396,10
D5_full_complete,consensus,stable_yield@1000,prevalence_dummy,0.311,12
D5_full_complete,consensus,stable_yield@5000,prevalence_dummy,0.3944,7
D5_full_complete,consensus,stable_yield@10000,prevalence_dummy,0.336,11
D5_full_complete,uncertain,f1,prevalence_dummy,0.33730974907445493,4
D5_full_complete,uncertain,precision,prevalence_dummy,0.33730974907445493,4
D5_full_complete,uncertain,recall,prevalence_dummy,0.33730974907445493,4
D5_full_complete,uncertain,balanced_accuracy,prevalence_dummy,0.5050284830527064,4
D5_full_complete,uncertain,auroc,prevalence_dummy,0.5,6
D5_full_complete,uncertain,auprc,prevalence_dummy,0.3305773885610161,5
D5_full_complete,uncertain,stable_yield@100,prevalence_dummy,0.31,8
D5_full_complete,uncertain,stable_yield@300,prevalence_dummy,0.27,9
D5_full_complete,uncertain,stable_yield@500,prevalence_dummy,0.282,9
D5_full_complete,uncertain,stable_yield@1000,prevalence_dummy,0.257,9
D5_full_complete,uncertain,stable_yield@5000,prevalence_dummy,0.2712,10
D5_full_complete,uncertain,stable_yield@10000,prevalence_dummy,0.3235,5
D5_full_complete,audit_view,f1,prevalence_dummy,0.22862864973121114,10
D5_full_complete,audit_view,precision,prevalence_dummy,0.22862864973121114,10
D5_full_complete,audit_view,recall,prevalence_dummy,0.22862864973121114,10
D5_full_complete,audit_view,balanced_accuracy,prevalence_dummy,0.4801965915615956,10
D5_full_complete,audit_view,auroc,prevalence_dummy,0.5,8
D5_full_complete,audit_view,auprc,prevalence_dummy,0.2580162637003998,9
D5_full_complete,audit_view,stable_yield@100,prevalence_dummy,0.25,10
D5_full_complete,audit_view,stable_yield@300,prevalence_dummy,0.2733333333333333,10
D5_full_complete,audit_view,stable_yield@500,prevalence_dummy,0.322,7
D5_full_complete,audit_view,stable_yield@1000,prevalence_dummy,0.31,7
D5_full_complete,audit_view,stable_yield@5000,prevalence_dummy,0.289,7
D5_full_complete,audit_view,stable_yield@10000,prevalence_dummy,0.2362,10
D5_full_complete,mp_native,f1,random_baseline,0.4078929854918142,7
D5_full_complete,mp_native,precision,random_baseline,0.4078929854918142,7
D5_full_complete,mp_native,recall,random_baseline,0.4078929854918142,7
D5_full_complete,mp_native,balanced_accuracy,random_baseline,0.49935191058153233,7
D5_full_complete,mp_native,auroc,random_baseline,0.497948950605227,8
D5_full_complete,mp_native,auprc,random_baseline,0.4063378536140883,8
D5_full_complete,mp_native,stable_yield@100,random_baseline,0.4,10
D5_full_complete,mp_native,stable_yield@300,random_baseline,0.38333333333333336,12
D5_full_complete,mp_native,stable_yield@500,random_baseline,0.382,12
D5_full_complete,mp_native,stable_yield@1000,random_baseline,0.386,12
D5_full_complete,mp_native,stable_yield@5000,random_baseline,0.4038,9
D5_full_complete,mp_native,stable_yield@10000,random_baseline,0.4067,7
D5_full_complete,alexmp20_native,f1,random_baseline,0.3592386397833283,7
D5_full_complete,alexmp20_native,precision,random_baseline,0.3592386397833283,7
D5_full_complete,alexmp20_native,recall,random_baseline,0.3592386397833283,7
D5_full_complete,alexmp20_native,balanced_accuracy,random_baseline,0.4982290230053499,7
D5_full_complete,alexmp20_native,auroc,random_baseline,0.4991145667811644,8
D5_full_complete,alexmp20_native,auprc,random_baseline,0.3606585806083812,8
D5_full_complete,alexmp20_native,stable_yield@100,random_baseline,0.37,9
D5_full_complete,alexmp20_native,stable_yield@300,random_baseline,0.34,11
D5_full_complete,alexmp20_native,stable_yield@500,random_baseline,0.352,11
D5_full_complete,alexmp20_native,stable_yield@1000,random_baseline,0.346,11
D5_full_complete,alexmp20_native,stable_yield@5000,random_baseline,0.3638,8
D5_full_complete,alexmp20_native,stable_yield@10000,random_baseline,0.3608,7
D5_full_complete,alex_pbe_native,f1,random_baseline,0.3283471685707241,8
D5_full_complete,alex_pbe_native,precision,random_baseline,0.3283471685707241,8
D5_full_complete,alex_pbe_native,recall,random_baseline,0.3283471685707241,8
D5_full_complete,alex_pbe_native,balanced_accuracy,random_baseline,0.4980895260787122,8
D5_full_complete,alex_pbe_native,auroc,random_baseline,0.4964320784455725,9
D5_full_complete,alex_pbe_native,auprc,random_baseline,0.3286663287610707,8
D5_full_complete,alex_pbe_native,stable_yield@100,random_baseline,0.36,8
D5_full_complete,alex_pbe_native,stable_yield@300,random_baseline,0.32,10
D5_full_complete,alex_pbe_native,stable_yield@500,random_baseline,0.322,11
D5_full_complete,alex_pbe_native,stable_yield@1000,random_baseline,0.315,11
D5_full_complete,alex_pbe_native,stable_yield@5000,random_baseline,0.3268,9
D5_full_complete,alex_pbe_native,stable_yield@10000,random_baseline,0.3293,7
D5_full_complete,common_pool,f1,random_baseline,0.5154676695377897,7
D5_full_complete,common_pool,precision,random_baseline,0.5154676695377897,7
D5_full_complete,common_pool,recall,random_baseline,0.5154676695377897,7
D5_full_complete,common_pool,balanced_accuracy,random_baseline,0.49814719756624304,7
D5_full_complete,common_pool,auroc,random_baseline,0.4964499971055013,8
D5_full_complete,common_pool,auprc,random_baseline,0.5133938634526523,9
D5_full_complete,common_pool,stable_yield@100,random_baseline,0.47,12
D5_full_complete,common_pool,stable_yield@300,random_baseline,0.4866666666666667,11
D5_full_complete,common_pool,stable_yield@500,random_baseline,0.478,12
D5_full_complete,common_pool,stable_yield@1000,random_baseline,0.49,11
D5_full_complete,common_pool,stable_yield@5000,random_baseline,0.5136,8
D5_full_complete,common_pool,stable_yield@10000,random_baseline,0.5136,7
D5_full_complete,consensus,f1,random_baseline,0.3849478233371983,7
D5_full_complete,consensus,precision,random_baseline,0.3849478233371983,7
D5_full_complete,consensus,recall,random_baseline,0.3849478233371983,7
D5_full_complete,consensus,balanced_accuracy,random_baseline,0.4996068527672969,7
D5_full_complete,consensus,auroc,random_baseline,0.4982222300296616,8
D5_full_complete,consensus,auprc,random_baseline,0.38405956397670665,9
D5_full_complete,consensus,stable_yield@100,random_baseline,0.4,11
D5_full_complete,consensus,stable_yield@300,random_baseline,0.37666666666666665,11
D5_full_complete,consensus,stable_yield@500,random_baseline,0.352,11
D5_full_complete,consensus,stable_yield@1000,random_baseline,0.39,9
D5_full_complete,consensus,stable_yield@5000,random_baseline,0.386,8
D5_full_complete,consensus,stable_yield@10000,random_baseline,0.3848,7
D5_full_complete,uncertain,f1,random_baseline,0.32965857671740023,5
D5_full_complete,uncertain,precision,random_baseline,0.32965857671740023,5
D5_full_complete,uncertain,recall,random_baseline,0.32965857671740023,5
D5_full_complete,uncertain,balanced_accuracy,random_baseline,0.499313728108436,5
D5_full_complete,uncertain,auroc,random_baseline,0.49902413294170256,7
D5_full_complete,uncertain,auprc,random_baseline,0.32830947407631733,6
D5_full_complete,uncertain,stable_yield@100,random_baseline,0.24,10
D5_full_complete,uncertain,stable_yield@300,random_baseline,0.30666666666666664,8
D5_full_complete,uncertain,stable_yield@500,random_baseline,0.304,8
D5_full_complete,uncertain,stable_yield@1000,random_baseline,0.312,6
D5_full_complete,uncertain,stable_yield@5000,random_baseline,0.3234,5
D5_full_complete,uncertain,stable_yield@10000,random_baseline,0.3269,4
D5_full_complete,audit_view,f1,random_baseline,0.25877516601665435,7
D5_full_complete,audit_view,precision,random_baseline,0.25877516601665435,7
D5_full_complete,audit_view,recall,random_baseline,0.25877516601665435,7
D5_full_complete,audit_view,balanced_accuracy,random_baseline,0.5005114009102405,7
D5_full_complete,audit_view,auroc,random_baseline,0.49896361367629366,9
D5_full_complete,audit_view,auprc,random_baseline,0.25805879993313385,8
D5_full_complete,audit_view,stable_yield@100,random_baseline,0.3,9
D5_full_complete,audit_view,stable_yield@300,random_baseline,0.25666666666666665,11
D5_full_complete,audit_view,stable_yield@500,random_baseline,0.262,11
D5_full_complete,audit_view,stable_yield@1000,random_baseline,0.251,11
D5_full_complete,audit_view,stable_yield@5000,random_baseline,0.2598,9
D5_full_complete,audit_view,stable_yield@10000,random_baseline,0.2588,7
D5_family_complete,mp_native,f1,ALIGNN-FF,0.3502727151789278,12
D5_family_complete,mp_native,precision,ALIGNN-FF,0.3502727151789278,12
D5_family_complete,mp_native,recall,ALIGNN-FF,0.3502727151789278,12
D5_family_complete,mp_native,balanced_accuracy,ALIGNN-FF,0.4507703156931023,12
D5_family_complete,mp_native,auroc,ALIGNN-FF,0.46338782650053,12
D5_family_complete,mp_native,auprc,ALIGNN-FF,0.3800404239143464,12
D5_family_complete,mp_native,stable_yield@100,ALIGNN-FF,0.52,9
D5_family_complete,mp_native,stable_yield@300,ALIGNN-FF,0.4166666666666667,10
D5_family_complete,mp_native,stable_yield@500,ALIGNN-FF,0.404,11
D5_family_complete,mp_native,stable_yield@1000,ALIGNN-FF,0.404,11
D5_family_complete,mp_native,stable_yield@5000,ALIGNN-FF,0.339,12
D5_family_complete,mp_native,stable_yield@10000,ALIGNN-FF,0.3412,11
D5_family_complete,alexmp20_native,f1,ALIGNN-FF,0.31090225563909774,12
D5_family_complete,alexmp20_native,precision,ALIGNN-FF,0.31090225563909774,12
D5_family_complete,alexmp20_native,recall,ALIGNN-FF,0.31090225563909774,12
D5_family_complete,alexmp20_native,balanced_accuracy,ALIGNN-FF,0.4604677221519461,12
D5_family_complete,alexmp20_native,auroc,ALIGNN-FF,0.47078815880651337,12
D5_family_complete,alexmp20_native,auprc,ALIGNN-FF,0.33506030471085,12
D5_family_complete,alexmp20_native,stable_yield@100,ALIGNN-FF,0.35,10
D5_family_complete,alexmp20_native,stable_yield@300,ALIGNN-FF,0.2633333333333333,12
D5_family_complete,alexmp20_native,stable_yield@500,ALIGNN-FF,0.268,12
D5_family_complete,alexmp20_native,stable_yield@1000,ALIGNN-FF,0.323,12
D5_family_complete,alexmp20_native,stable_yield@5000,ALIGNN-FF,0.2966,12
D5_family_complete,alexmp20_native,stable_yield@10000,ALIGNN-FF,0.3052,12
D5_family_complete,alex_pbe_native,f1,ALIGNN-FF,0.2918856767411301,11
D5_family_complete,alex_pbe_native,precision,ALIGNN-FF,0.2918856767411301,11
D5_family_complete,alex_pbe_native,recall,ALIGNN-FF,0.2918856767411301,11
D5_family_complete,alex_pbe_native,balanced_accuracy,ALIGNN-FF,0.4708839575129349,11
D5_family_complete,alex_pbe_native,auroc,ALIGNN-FF,0.4827987217685911,11
D5_family_complete,alex_pbe_native,auprc,ALIGNN-FF,0.3127495121368052,12
D5_family_complete,alex_pbe_native,stable_yield@100,ALIGNN-FF,0.29,11
D5_family_complete,alex_pbe_native,stable_yield@300,ALIGNN-FF,0.22,12
D5_family_complete,alex_pbe_native,stable_yield@500,ALIGNN-FF,0.238,12
D5_family_complete,alex_pbe_native,stable_yield@1000,ALIGNN-FF,0.299,12
D5_family_complete,alex_pbe_native,stable_yield@5000,ALIGNN-FF,0.2894,12
D5_family_complete,alex_pbe_native,stable_yield@10000,ALIGNN-FF,0.2919,11
D5_family_complete,common_pool,f1,ALIGNN-FF,0.48337983743782603,11
D5_family_complete,common_pool,precision,ALIGNN-FF,0.48337983743782603,11
D5_family_complete,common_pool,recall,ALIGNN-FF,0.48337983743782603,11
D5_family_complete,common_pool,balanced_accuracy,ALIGNN-FF,0.46493031645726357,11
D5_family_complete,common_pool,auroc,ALIGNN-FF,0.4776810869639723,11
D5_family_complete,common_pool,auprc,ALIGNN-FF,0.4963726286121348,12
D5_family_complete,common_pool,stable_yield@100,ALIGNN-FF,0.57,10
D5_family_complete,common_pool,stable_yield@300,ALIGNN-FF,0.48333333333333334,12
D5_family_complete,common_pool,stable_yield@500,ALIGNN-FF,0.48,11
D5_family_complete,common_pool,stable_yield@1000,ALIGNN-FF,0.499,10
D5_family_complete,common_pool,stable_yield@5000,ALIGNN-FF,0.466,12
D5_family_complete,common_pool,stable_yield@10000,ALIGNN-FF,0.4708,11
D5_family_complete,consensus,f1,ALIGNN-FF,0.32981975334668495,12
D5_family_complete,consensus,precision,ALIGNN-FF,0.32981975334668495,12
D5_family_complete,consensus,recall,ALIGNN-FF,0.32981975334668495,12
D5_family_complete,consensus,balanced_accuracy,ALIGNN-FF,0.4547697391799528,12
D5_family_complete,consensus,auroc,ALIGNN-FF,0.47256744554615276,12
D5_family_complete,consensus,auprc,ALIGNN-FF,0.3600787647691679,12
D5_family_complete,consensus,stable_yield@100,ALIGNN-FF,0.37,12
D5_family_complete,consensus,stable_yield@300,ALIGNN-FF,0.3,12
D5_family_complete,consensus,stable_yield@500,ALIGNN-FF,0.35,12
D5_family_complete,consensus,stable_yield@1000,ALIGNN-FF,0.355,11
D5_family_complete,consensus,stable_yield@5000,ALIGNN-FF,0.326,12
D5_family_complete,consensus,stable_yield@10000,ALIGNN-FF,0.33,12
D5_family_complete,uncertain,f1,ALIGNN-FF,0.30885369656191025,9
D5_family_complete,uncertain,precision,ALIGNN-FF,0.30885369656191025,9
D5_family_complete,uncertain,recall,ALIGNN-FF,0.30885369656191025,9
D5_family_complete,uncertain,balanced_accuracy,ALIGNN-FF,0.4833319874237543,9
D5_family_complete,uncertain,auroc,ALIGNN-FF,0.47735467047541574,11
D5_family_complete,uncertain,auprc,ALIGNN-FF,0.31797915044783065,11
D5_family_complete,uncertain,stable_yield@100,ALIGNN-FF,0.38,6
D5_family_complete,uncertain,stable_yield@300,ALIGNN-FF,0.36333333333333334,6
D5_family_complete,uncertain,stable_yield@500,ALIGNN-FF,0.322,6
D5_family_complete,uncertain,stable_yield@1000,ALIGNN-FF,0.311,7
D5_family_complete,uncertain,stable_yield@5000,ALIGNN-FF,0.3124,9
D5_family_complete,uncertain,stable_yield@10000,ALIGNN-FF,0.3075,9
D5_family_complete,audit_view,f1,ALIGNN-FF,0.22515020554442922,11
D5_family_complete,audit_view,precision,ALIGNN-FF,0.22515020554442922,11
D5_family_complete,audit_view,recall,ALIGNN-FF,0.22515020554442922,11
D5_family_complete,audit_view,balanced_accuracy,ALIGNN-FF,0.47801533707571087,11
D5_family_complete,audit_view,auroc,ALIGNN-FF,0.48845314708619547,11
D5_family_complete,audit_view,auprc,ALIGNN-FF,0.2456887829605552,12
D5_family_complete,audit_view,stable_yield@100,ALIGNN-FF,0.25,10
D5_family_complete,audit_view,stable_yield@300,ALIGNN-FF,0.18666666666666668,12
D5_family_complete,audit_view,stable_yield@500,ALIGNN-FF,0.204,12
D5_family_complete,audit_view,stable_yield@1000,ALIGNN-FF,0.245,12
D5_family_complete,audit_view,stable_yield@5000,ALIGNN-FF,0.2264,12
D5_family_complete,audit_view,stable_yield@10000,ALIGNN-FF,0.2273,11
D5_family_complete,mp_native,f1,CHGNet,0.36111480643873883,11
D5_family_complete,mp_native,precision,CHGNet,0.36111480643873883,11
D5_family_complete,mp_native,recall,CHGNet,0.36111480643873883,11
D5_family_complete,mp_native,balanced_accuracy,CHGNet,0.4599252536351364,11
D5_family_complete,mp_native,auroc,CHGNet,0.4663785149428588,11
D5_family_complete,mp_native,auprc,CHGNet,0.386028293860766,11
D5_family_complete,mp_native,stable_yield@100,CHGNet,0.62,5
D5_family_complete,mp_native,stable_yield@300,CHGNet,0.54,7
D5_family_complete,mp_native,stable_yield@500,CHGNet,0.484,9
D5_family_complete,mp_native,stable_yield@1000,CHGNet,0.442,10
D5_family_complete,mp_native,stable_yield@5000,CHGNet,0.3532,11
D5_family_complete,mp_native,stable_yield@10000,CHGNet,0.3404,12
D5_family_complete,alexmp20_native,f1,CHGNet,0.31781954887218045,11
D5_family_complete,alexmp20_native,precision,CHGNet,0.31781954887218045,11
D5_family_complete,alexmp20_native,recall,CHGNet,0.31781954887218045,11
D5_family_complete,alexmp20_native,balanced_accuracy,CHGNet,0.46587543547179083,11
D5_family_complete,alexmp20_native,auroc,CHGNet,0.47649618493278,11
D5_family_complete,alexmp20_native,auprc,CHGNet,0.3423696989798331,11
D5_family_complete,alexmp20_native,stable_yield@100,CHGNet,0.42,6
D5_family_complete,alexmp20_native,stable_yield@300,CHGNet,0.39,8
D5_family_complete,alexmp20_native,stable_yield@500,CHGNet,0.368,10
D5_family_complete,alexmp20_native,stable_yield@1000,CHGNet,0.359,10
D5_family_complete,alexmp20_native,stable_yield@5000,CHGNet,0.314,11
D5_family_complete,alexmp20_native,stable_yield@10000,CHGNet,0.3067,11
D5_family_complete,alex_pbe_native,f1,CHGNet,0.28901116951379763,12
D5_family_complete,alex_pbe_native,precision,CHGNet,0.28901116951379763,12
D5_family_complete,alex_pbe_native,recall,CHGNet,0.28901116951379763,12
D5_family_complete,alex_pbe_native,balanced_accuracy,CHGNet,0.4687289350107059,12
D5_family_complete,alex_pbe_native,auroc,CHGNet,0.48128657857347734,12
D5_family_complete,alex_pbe_native,auprc,CHGNet,0.3147672985817327,11
D5_family_complete,alex_pbe_native,stable_yield@100,CHGNet,0.38,6
D5_family_complete,alex_pbe_native,stable_yield@300,CHGNet,0.33,8
D5_family_complete,alex_pbe_native,stable_yield@500,CHGNet,0.326,10
D5_family_complete,alex_pbe_native,stable_yield@1000,CHGNet,0.321,10
D5_family_complete,alex_pbe_native,stable_yield@5000,CHGNet,0.2932,11
D5_family_complete,alex_pbe_native,stable_yield@10000,CHGNet,0.2853,12
D5_family_complete,common_pool,f1,CHGNet,0.48459298798980954,10
D5_family_complete,common_pool,precision,CHGNet,0.48459298798980954,10
D5_family_complete,common_pool,recall,CHGNet,0.48459298798980954,10
D5_family_complete,common_pool,balanced_accuracy,CHGNet,0.4661688454832708,10
D5_family_complete,common_pool,auroc,CHGNet,0.47714848087546924,12
D5_family_complete,common_pool,auprc,CHGNet,0.5011589083844536,11
D5_family_complete,common_pool,stable_yield@100,CHGNet,0.72,7
D5_family_complete,common_pool,stable_yield@300,CHGNet,0.62,8
D5_family_complete,common_pool,stable_yield@500,CHGNet,0.578,9
D5_family_complete,common_pool,stable_yield@1000,CHGNet,0.54,9
D5_family_complete,common_pool,stable_yield@5000,CHGNet,0.478,11
D5_family_complete,common_pool,stable_yield@10000,CHGNet,0.4654,12
D5_family_complete,consensus,f1,CHGNet,0.33846316011384,11
D5_family_complete,consensus,precision,CHGNet,0.33846316011384,11
D5_family_complete,consensus,recall,CHGNet,0.33846316011384,11
D5_family_complete,consensus,balanced_accuracy,CHGNet,0.46178793624122616,11
D5_family_complete,consensus,auroc,CHGNet,0.47316068878310924,11
D5_family_complete,consensus,auprc,CHGNet,0.3652564747342638,11
D5_family_complete,consensus,stable_yield@100,CHGNet,0.54,8
D5_family_complete,consensus,stable_yield@300,CHGNet,0.4266666666666667,10
D5_family_complete,consensus,stable_yield@500,CHGNet,0.414,9
D5_family_complete,consensus,stable_yield@1000,CHGNet,0.379,10
D5_family_complete,consensus,stable_yield@5000,CHGNet,0.327,11
D5_family_complete,consensus,stable_yield@10000,CHGNet,0.3405,10
D5_family_complete,uncertain,f1,CHGNet,0.3105768441782227,8
D5_family_complete,uncertain,precision,CHGNet,0.3105768441782227,8
D5_family_complete,uncertain,recall,CHGNet,0.3105768441782227,8
D5_family_complete,uncertain,balanced_accuracy,CHGNet,0.484613196607678,8
D5_family_complete,uncertain,auroc,CHGNet,0.4793019966362194,10
D5_family_complete,uncertain,auprc,CHGNet,0.3219519754434177,10
D5_family_complete,uncertain,stable_yield@100,CHGNet,0.39,3
D5_family_complete,uncertain,stable_yield@300,CHGNet,0.38,4
D5_family_complete,uncertain,stable_yield@500,CHGNet,0.372,3
D5_family_complete,uncertain,stable_yield@1000,CHGNet,0.354,3
D5_family_complete,uncertain,stable_yield@5000,CHGNet,0.324,5
D5_family_complete,uncertain,stable_yield@10000,CHGNet,0.3086,8
D5_family_complete,audit_view,f1,CHGNet,0.2232528723516391,12
D5_family_complete,audit_view,precision,CHGNet,0.2232528723516391,12
D5_family_complete,audit_view,recall,CHGNet,0.2232528723516391,12
D5_family_complete,audit_view,balanced_accuracy,CHGNet,0.47673224272191317,12
D5_family_complete,audit_view,auroc,CHGNet,0.487977057724826,12
D5_family_complete,audit_view,auprc,CHGNet,0.24775629953573888,11
D5_family_complete,audit_view,stable_yield@100,CHGNet,0.34,5
D5_family_complete,audit_view,stable_yield@300,CHGNet,0.2833333333333333,9
D5_family_complete,audit_view,stable_yield@500,CHGNet,0.266,10
D5_family_complete,audit_view,stable_yield@1000,CHGNet,0.261,10
D5_family_complete,audit_view,stable_yield@5000,CHGNet,0.2294,11
D5_family_complete,audit_view,stable_yield@10000,CHGNet,0.2232,12
D5_family_complete,mp_native,f1,M3GNet,0.3737528269256352,9
D5_family_complete,mp_native,precision,M3GNet,0.3737528269256352,9
D5_family_complete,mp_native,recall,M3GNet,0.3737528269256352,9
D5_family_complete,mp_native,balanced_accuracy,M3GNet,0.47061860383400467,9
D5_family_complete,mp_native,auroc,M3GNet,0.4806903353990174,10
D5_family_complete,mp_native,auprc,M3GNet,0.3982855260120711,10
D5_family_complete,mp_native,stable_yield@100,M3GNet,0.58,7
D5_family_complete,mp_native,stable_yield@300,M3GNet,0.53,8
D5_family_complete,mp_native,stable_yield@500,M3GNet,0.5,8
D5_family_complete,mp_native,stable_yield@1000,M3GNet,0.461,8
D5_family_complete,mp_native,stable_yield@5000,M3GNet,0.3822,10
D5_family_complete,mp_native,stable_yield@10000,M3GNet,0.3661,10
D5_family_complete,alexmp20_native,f1,M3GNet,0.3357894736842105,10
D5_family_complete,alexmp20_native,precision,M3GNet,0.3357894736842105,10
D5_family_complete,alexmp20_native,recall,M3GNet,0.3357894736842105,10
D5_family_complete,alexmp20_native,balanced_accuracy,M3GNet,0.47995328505076834,10
D5_family_complete,alexmp20_native,auroc,M3GNet,0.48952281296808525,10
D5_family_complete,alexmp20_native,auprc,M3GNet,0.35203972576808107,10
D5_family_complete,alexmp20_native,stable_yield@100,M3GNet,0.35,10
D5_family_complete,alexmp20_native,stable_yield@300,M3GNet,0.37333333333333335,9
D5_family_complete,alexmp20_native,stable_yield@500,M3GNet,0.378,9
D5_family_complete,alexmp20_native,stable_yield@1000,M3GNet,0.373,9
D5_family_complete,alexmp20_native,stable_yield@5000,M3GNet,0.3384,10
D5_family_complete,alexmp20_native,stable_yield@10000,M3GNet,0.3297,10
D5_family_complete,alex_pbe_native,f1,M3GNet,0.30609395532194483,10
D5_family_complete,alex_pbe_native,precision,M3GNet,0.30609395532194483,10
D5_family_complete,alex_pbe_native,recall,M3GNet,0.30609395532194483,10
D5_family_complete,alex_pbe_native,balanced_accuracy,M3GNet,0.4815006445171407,10
D5_family_complete,alex_pbe_native,auroc,M3GNet,0.49262126657903416,10
D5_family_complete,alex_pbe_native,auprc,M3GNet,0.32331305018797435,10
D5_family_complete,alex_pbe_native,stable_yield@100,M3GNet,0.33,9
D5_family_complete,alex_pbe_native,stable_yield@300,M3GNet,0.33,8
D5_family_complete,alex_pbe_native,stable_yield@500,M3GNet,0.338,9
D5_family_complete,alex_pbe_native,stable_yield@1000,M3GNet,0.338,8
D5_family_complete,alex_pbe_native,stable_yield@5000,M3GNet,0.3114,10
D5_family_complete,alex_pbe_native,stable_yield@10000,M3GNet,0.3032,10
D5_family_complete,common_pool,f1,M3GNet,0.4907800558049254,9
D5_family_complete,common_pool,precision,M3GNet,0.4907800558049254,9
D5_family_complete,common_pool,recall,M3GNet,0.4907800558049254,9
D5_family_complete,common_pool,balanced_accuracy,M3GNet,0.4725948111610576,9
D5_family_complete,common_pool,auroc,M3GNet,0.48624135935746654,10
D5_family_complete,common_pool,auprc,M3GNet,0.5101838003090617,10
D5_family_complete,common_pool,stable_yield@100,M3GNet,0.68,9
D5_family_complete,common_pool,stable_yield@300,M3GNet,0.6166666666666667,9
D5_family_complete,common_pool,stable_yield@500,M3GNet,0.598,8
D5_family_complete,common_pool,stable_yield@1000,M3GNet,0.553,8
D5_family_complete,common_pool,stable_yield@5000,M3GNet,0.504,10
D5_family_complete,common_pool,stable_yield@10000,M3GNet,0.4842,10
D5_family_complete,consensus,f1,M3GNet,0.3542742700537578,9
D5_family_complete,consensus,precision,M3GNet,0.3542742700537578,9
D5_family_complete,consensus,recall,M3GNet,0.3542742700537578,9
D5_family_complete,consensus,balanced_accuracy,M3GNet,0.47466489811519197,9
D5_family_complete,consensus,auroc,M3GNet,0.48693090037707537,10
D5_family_complete,consensus,auprc,M3GNet,0.37740592849345683,10
D5_family_complete,consensus,stable_yield@100,M3GNet,0.5,9
D5_family_complete,consensus,stable_yield@300,M3GNet,0.45,8
D5_family_complete,consensus,stable_yield@500,M3GNet,0.424,8
D5_family_complete,consensus,stable_yield@1000,M3GNet,0.413,7
D5_family_complete,consensus,stable_yield@5000,M3GNet,0.3598,10
D5_family_complete,consensus,stable_yield@10000,M3GNet,0.3552,9
D5_family_complete,uncertain,f1,M3GNet,0.31336670222368096,7
D5_family_complete,uncertain,precision,M3GNet,0.31336670222368096,7
D5_family_complete,uncertain,recall,M3GNet,0.31336670222368096,7
D5_family_complete,uncertain,balanced_accuracy,M3GNet,0.48670569521096707,7
D5_family_complete,uncertain,auroc,M3GNet,0.48171416910767995,9
D5_family_complete,uncertain,auprc,M3GNet,0.3232277421530846,9
D5_family_complete,uncertain,stable_yield@100,M3GNet,0.39,3
D5_family_complete,uncertain,stable_yield@300,M3GNet,0.37666666666666665,5
D5_family_complete,uncertain,stable_yield@500,M3GNet,0.352,5
D5_family_complete,uncertain,stable_yield@1000,M3GNet,0.342,5
D5_family_complete,uncertain,stable_yield@5000,M3GNet,0.3286,4
D5_family_complete,uncertain,stable_yield@10000,M3GNet,0.3134,7
D5_family_complete,audit_view,f1,M3GNet,0.24043427848634974,9
D5_family_complete,audit_view,precision,M3GNet,0.24043427848634974,9
D5_family_complete,audit_view,recall,M3GNet,0.24043427848634974,9
D5_family_complete,audit_view,balanced_accuracy,M3GNet,0.4883115928400996,9
D5_family_complete,audit_view,auroc,M3GNet,0.49810955504474547,10
D5_family_complete,audit_view,auprc,M3GNet,0.25546418772278606,10
D5_family_complete,audit_view,stable_yield@100,M3GNet,0.31,7
D5_family_complete,audit_view,stable_yield@300,M3GNet,0.2866666666666667,8
D5_family_complete,audit_view,stable_yield@500,M3GNet,0.292,9
D5_family_complete,audit_view,stable_yield@1000,M3GNet,0.279,8
D5_family_complete,audit_view,stable_yield@5000,M3GNet,0.249,10
D5_family_complete,audit_view,stable_yield@10000,M3GNet,0.2398,9
D5_family_complete,mp_native,f1,MACE-MP,0.37940667819608886,8
D5_family_complete,mp_native,precision,MACE-MP,0.37940667819608886,8
D5_family_complete,mp_native,recall,MACE-MP,0.37940667819608886,8
D5_family_complete,mp_native,balanced_accuracy,MACE-MP,0.4753979366724656,8
D5_family_complete,mp_native,auroc,MACE-MP,0.48718680234394107,9
D5_family_complete,mp_native,auprc,MACE-MP,0.4051540421249722,9
D5_family_complete,mp_native,stable_yield@100,MACE-MP,0.61,6
D5_family_complete,mp_native,stable_yield@300,MACE-MP,0.56,6
D5_family_complete,mp_native,stable_yield@500,MACE-MP,0.53,7
D5_family_complete,mp_native,stable_yield@1000,MACE-MP,0.465,7
D5_family_complete,mp_native,stable_yield@5000,MACE-MP,0.4088,8
D5_family_complete,mp_native,stable_yield@10000,MACE-MP,0.3818,8
D5_family_complete,alexmp20_native,f1,MACE-MP,0.3426315789473684,9
D5_family_complete,alexmp20_native,precision,MACE-MP,0.3426315789473684,9
D5_family_complete,alexmp20_native,recall,MACE-MP,0.3426315789473684,9
D5_family_complete,alexmp20_native,balanced_accuracy,MACE-MP,0.48531034312869226,9
D5_family_complete,alexmp20_native,auroc,MACE-MP,0.49647532316878484,9
D5_family_complete,alexmp20_native,auprc,MACE-MP,0.3592279428030877,9
D5_family_complete,alexmp20_native,stable_yield@100,MACE-MP,0.42,6
D5_family_complete,alexmp20_native,stable_yield@300,MACE-MP,0.41333333333333333,7
D5_family_complete,alexmp20_native,stable_yield@500,MACE-MP,0.41,8
D5_family_complete,alexmp20_native,stable_yield@1000,MACE-MP,0.385,8
D5_family_complete,alexmp20_native,stable_yield@5000,MACE-MP,0.3612,9
D5_family_complete,alexmp20_native,stable_yield@10000,MACE-MP,0.3436,8
D5_family_complete,alex_pbe_native,f1,MACE-MP,0.31521024967148487,9
D5_family_complete,alex_pbe_native,precision,MACE-MP,0.31521024967148487,9
D5_family_complete,alex_pbe_native,recall,MACE-MP,0.31521024967148487,9
D5_family_complete,alex_pbe_native,balanced_accuracy,MACE-MP,0.48831250727706466,9
D5_family_complete,alex_pbe_native,auroc,MACE-MP,0.4990543584587852,8
D5_family_complete,alex_pbe_native,auprc,MACE-MP,0.3285882214703185,9
D5_family_complete,alex_pbe_native,stable_yield@100,MACE-MP,0.37,7
D5_family_complete,alex_pbe_native,stable_yield@300,MACE-MP,0.35333333333333333,7
D5_family_complete,alex_pbe_native,stable_yield@500,MACE-MP,0.354,8
D5_family_complete,alex_pbe_native,stable_yield@1000,MACE-MP,0.337,9
D5_family_complete,alex_pbe_native,stable_yield@5000,MACE-MP,0.3306,8
D5_family_complete,alex_pbe_native,stable_yield@10000,MACE-MP,0.3164,8
D5_family_complete,common_pool,f1,MACE-MP,0.49751304136843383,8
D5_family_complete,common_pool,precision,MACE-MP,0.49751304136843383,8
D5_family_complete,common_pool,recall,MACE-MP,0.49751304136843383,8
D5_family_complete,common_pool,balanced_accuracy,MACE-MP,0.4795682448669686,8
D5_family_complete,common_pool,auroc,MACE-MP,0.49554978462142807,9
D5_family_complete,common_pool,auprc,MACE-MP,0.5182961027178061,7
D5_family_complete,common_pool,stable_yield@100,MACE-MP,0.71,8
D5_family_complete,common_pool,stable_yield@300,MACE-MP,0.6366666666666667,7
D5_family_complete,common_pool,stable_yield@500,MACE-MP,0.616,7
D5_family_complete,common_pool,stable_yield@1000,MACE-MP,0.565,7
D5_family_complete,common_pool,stable_yield@5000,MACE-MP,0.5262,7
D5_family_complete,common_pool,stable_yield@10000,MACE-MP,0.5006,9
D5_family_complete,consensus,f1,MACE-MP,0.36217982502371665,8
D5_family_complete,consensus,precision,MACE-MP,0.36217982502371665,8
D5_family_complete,consensus,recall,MACE-MP,0.36217982502371665,8
D5_family_complete,consensus,balanced_accuracy,MACE-MP,0.4810965227709805,8
D5_family_complete,consensus,auroc,MACE-MP,0.49759783587627526,9
D5_family_complete,consensus,auprc,MACE-MP,0.38636983239392975,7
D5_family_complete,consensus,stable_yield@100,MACE-MP,0.57,7
D5_family_complete,consensus,stable_yield@300,MACE-MP,0.47333333333333333,7
D5_family_complete,consensus,stable_yield@500,MACE-MP,0.442,7
D5_family_complete,consensus,stable_yield@1000,MACE-MP,0.41,8
D5_family_complete,consensus,stable_yield@5000,MACE-MP,0.3822,9
D5_family_complete,consensus,stable_yield@10000,MACE-MP,0.3629,8
D5_family_complete,uncertain,f1,MACE-MP,0.3164847788627226,6
D5_family_complete,uncertain,precision,MACE-MP,0.3164847788627226,6
D5_family_complete,uncertain,recall,MACE-MP,0.3164847788627226,6
D5_family_complete,uncertain,balanced_accuracy,MACE-MP,0.4890366205912232,6
D5_family_complete,uncertain,auroc,MACE-MP,0.4831995649220195,8
D5_family_complete,uncertain,auprc,MACE-MP,0.324247917183357,8
D5_family_complete,uncertain,stable_yield@100,MACE-MP,0.39,3
D5_family_complete,uncertain,stable_yield@300,MACE-MP,0.3933333333333333,3
D5_family_complete,uncertain,stable_yield@500,MACE-MP,0.356,4
D5_family_complete,uncertain,stable_yield@1000,MACE-MP,0.354,3
D5_family_complete,uncertain,stable_yield@5000,MACE-MP,0.3218,8
D5_family_complete,uncertain,stable_yield@10000,MACE-MP,0.3198,6
D5_family_complete,audit_view,f1,MACE-MP,0.25466427743227577,8
D5_family_complete,audit_view,precision,MACE-MP,0.25466427743227577,8
D5_family_complete,audit_view,recall,MACE-MP,0.25466427743227577,8
D5_family_complete,audit_view,balanced_accuracy,MACE-MP,0.49789776200004787,8
D5_family_complete,audit_view,auroc,MACE-MP,0.5061416953681388,7
D5_family_complete,audit_view,auprc,MACE-MP,0.2611515151497135,7
D5_family_complete,audit_view,stable_yield@100,MACE-MP,0.34,5
D5_family_complete,audit_view,stable_yield@300,MACE-MP,0.30333333333333334,7
D5_family_complete,audit_view,stable_yield@500,MACE-MP,0.304,8
D5_family_complete,audit_view,stable_yield@1000,MACE-MP,0.277,9
D5_family_complete,audit_view,stable_yield@5000,MACE-MP,0.2688,8
D5_family_complete,audit_view,stable_yield@10000,MACE-MP,0.2517,8
D5_family_complete,mp_native,f1,MP_common_pool_public_hull_rank,0.7723279648609077,4
D5_family_complete,mp_native,precision,MP_common_pool_public_hull_rank,0.7723279648609077,4
D5_family_complete,mp_native,recall,MP_common_pool_public_hull_rank,0.7723279648609077,4
D5_family_complete,mp_native,balanced_accuracy,MP_common_pool_public_hull_rank,0.8074986034753397,4
D5_family_complete,mp_native,auroc,MP_common_pool_public_hull_rank,0.869475220446933,4
D5_family_complete,mp_native,auprc,MP_common_pool_public_hull_rank,0.7520563502501773,5
D5_family_complete,mp_native,stable_yield@100,MP_common_pool_public_hull_rank,0.55,8
D5_family_complete,mp_native,stable_yield@300,MP_common_pool_public_hull_rank,0.6566666666666666,5
D5_family_complete,mp_native,stable_yield@500,MP_common_pool_public_hull_rank,0.688,5
D5_family_complete,mp_native,stable_yield@1000,MP_common_pool_public_hull_rank,0.736,5
D5_family_complete,mp_native,stable_yield@5000,MP_common_pool_public_hull_rank,0.7632,5
D5_family_complete,mp_native,stable_yield@10000,MP_common_pool_public_hull_rank,0.7444,5
D5_family_complete,alexmp20_native,f1,MP_common_pool_public_hull_rank,0.6691995185073728,5
D5_family_complete,alexmp20_native,precision,MP_common_pool_public_hull_rank,0.6691995185073728,5
D5_family_complete,alexmp20_native,recall,MP_common_pool_public_hull_rank,0.6691995185073728,5
D5_family_complete,alexmp20_native,balanced_accuracy,MP_common_pool_public_hull_rank,0.7409589039849241,5
D5_family_complete,alexmp20_native,auroc,MP_common_pool_public_hull_rank,0.8258983166625636,5
D5_family_complete,alexmp20_native,auprc,MP_common_pool_public_hull_rank,0.6421432644969001,5
D5_family_complete,alexmp20_native,stable_yield@100,MP_common_pool_public_hull_rank,0.46,5
D5_family_complete,alexmp20_native,stable_yield@300,MP_common_pool_public_hull_rank,0.5633333333333334,5
D5_family_complete,alexmp20_native,stable_yield@500,MP_common_pool_public_hull_rank,0.566,5
D5_family_complete,alexmp20_native,stable_yield@1000,MP_common_pool_public_hull_rank,0.624,5
D5_family_complete,alexmp20_native,stable_yield@5000,MP_common_pool_public_hull_rank,0.6462,6
D5_family_complete,alexmp20_native,stable_yield@10000,MP_common_pool_public_hull_rank,0.6418,5
D5_family_complete,alex_pbe_native,f1,MP_common_pool_public_hull_rank,0.5831347086381196,6
D5_family_complete,alex_pbe_native,precision,MP_common_pool_public_hull_rank,0.5831347086381196,6
D5_family_complete,alex_pbe_native,recall,MP_common_pool_public_hull_rank,0.5831347086381196,6
D5_family_complete,alex_pbe_native,balanced_accuracy,MP_common_pool_public_hull_rank,0.6884904937735978,6
D5_family_complete,alex_pbe_native,auroc,MP_common_pool_public_hull_rank,0.7932953788949817,6
D5_family_complete,alex_pbe_native,auprc,MP_common_pool_public_hull_rank,0.565633130544103,6
D5_family_complete,alex_pbe_native,stable_yield@100,MP_common_pool_public_hull_rank,0.4,5
D5_family_complete,alex_pbe_native,stable_yield@300,MP_common_pool_public_hull_rank,0.51,5
D5_family_complete,alex_pbe_native,stable_yield@500,MP_common_pool_public_hull_rank,0.506,5
D5_family_complete,alex_pbe_native,stable_yield@1000,MP_common_pool_public_hull_rank,0.557,5
D5_family_complete,alex_pbe_native,stable_yield@5000,MP_common_pool_public_hull_rank,0.5722,6
D5_family_complete,alex_pbe_native,stable_yield@10000,MP_common_pool_public_hull_rank,0.5619,6
D5_family_complete,common_pool,f1,MP_common_pool_public_hull_rank,1.0,1
D5_family_complete,common_pool,precision,MP_common_pool_public_hull_rank,1.0,1
D5_family_complete,common_pool,recall,MP_common_pool_public_hull_rank,1.0,1
D5_family_complete,common_pool,balanced_accuracy,MP_common_pool_public_hull_rank,1.0,1
D5_family_complete,common_pool,auroc,MP_common_pool_public_hull_rank,1.0,1
D5_family_complete,common_pool,auprc,MP_common_pool_public_hull_rank,0.9999999999999999,2
D5_family_complete,common_pool,stable_yield@100,MP_common_pool_public_hull_rank,1.0,1
D5_family_complete,common_pool,stable_yield@300,MP_common_pool_public_hull_rank,1.0,1
D5_family_complete,common_pool,stable_yield@500,MP_common_pool_public_hull_rank,1.0,1
D5_family_complete,common_pool,stable_yield@1000,MP_common_pool_public_hull_rank,1.0,1
D5_family_complete,common_pool,stable_yield@5000,MP_common_pool_public_hull_rank,1.0,1
D5_family_complete,common_pool,stable_yield@10000,MP_common_pool_public_hull_rank,1.0,1
D5_family_complete,consensus,f1,MP_common_pool_public_hull_rank,1.0,1
D5_family_complete,consensus,precision,MP_common_pool_public_hull_rank,1.0,1
D5_family_complete,consensus,recall,MP_common_pool_public_hull_rank,1.0,1
D5_family_complete,consensus,balanced_accuracy,MP_common_pool_public_hull_rank,1.0,1
D5_family_complete,consensus,auroc,MP_common_pool_public_hull_rank,1.0,1
D5_family_complete,consensus,auprc,MP_common_pool_public_hull_rank,0.9999999999999999,6
D5_family_complete,consensus,stable_yield@100,MP_common_pool_public_hull_rank,1.0,1
D5_family_complete,consensus,stable_yield@300,MP_common_pool_public_hull_rank,1.0,1
D5_family_complete,consensus,stable_yield@500,MP_common_pool_public_hull_rank,1.0,1
D5_family_complete,consensus,stable_yield@1000,MP_common_pool_public_hull_rank,1.0,1
D5_family_complete,consensus,stable_yield@5000,MP_common_pool_public_hull_rank,1.0,1
D5_family_complete,consensus,stable_yield@10000,MP_common_pool_public_hull_rank,0.9487,1
D5_family_complete,uncertain,f1,MP_common_pool_public_hull_rank,0.4671328671328671,2
D5_family_complete,uncertain,precision,MP_common_pool_public_hull_rank,0.4671328671328671,2
D5_family_complete,uncertain,recall,MP_common_pool_public_hull_rank,0.4671328671328671,2
D5_family_complete,uncertain,balanced_accuracy,MP_common_pool_public_hull_rank,0.6020003153458363,2
D5_family_complete,uncertain,auroc,MP_common_pool_public_hull_rank,0.6869387865602512,2
D5_family_complete,uncertain,auprc,MP_common_pool_public_hull_rank,0.4593596884979845,2
D5_family_complete,uncertain,stable_yield@100,MP_common_pool_public_hull_rank,0.69,2
D5_family_complete,uncertain,stable_yield@300,MP_common_pool_public_hull_rank,0.5633333333333334,2
D5_family_complete,uncertain,stable_yield@500,MP_common_pool_public_hull_rank,0.57,2
D5_family_complete,uncertain,stable_yield@1000,MP_common_pool_public_hull_rank,0.507,2
D5_family_complete,uncertain,stable_yield@5000,MP_common_pool_public_hull_rank,0.4754,2
D5_family_complete,uncertain,stable_yield@10000,MP_common_pool_public_hull_rank,0.4888,2
D5_family_complete,audit_view,f1,MP_common_pool_public_hull_rank,0.5011067776957943,5
D5_family_complete,audit_view,precision,MP_common_pool_public_hull_rank,0.5011067776957943,5
D5_family_complete,audit_view,recall,MP_common_pool_public_hull_rank,0.5011067776957943,5
D5_family_complete,audit_view,balanced_accuracy,MP_common_pool_public_hull_rank,0.663814393869339,5
D5_family_complete,audit_view,auroc,MP_common_pool_public_hull_rank,0.8476593346740416,5
D5_family_complete,audit_view,auprc,MP_common_pool_public_hull_rank,0.5294285232560952,5
D5_family_complete,audit_view,stable_yield@100,MP_common_pool_public_hull_rank,0.31,7
D5_family_complete,audit_view,stable_yield@300,MP_common_pool_public_hull_rank,0.43666666666666665,5
D5_family_complete,audit_view,stable_yield@500,MP_common_pool_public_hull_rank,0.43,5
D5_family_complete,audit_view,stable_yield@1000,MP_common_pool_public_hull_rank,0.493,5
D5_family_complete,audit_view,stable_yield@5000,MP_common_pool_public_hull_rank,0.5246,5
D5_family_complete,audit_view,stable_yield@10000,MP_common_pool_public_hull_rank,0.5112,5
D5_family_complete,mp_native,f1,MP_source_native_public_hull_rank,1.0,1
D5_family_complete,mp_native,precision,MP_source_native_public_hull_rank,1.0,1
D5_family_complete,mp_native,recall,MP_source_native_public_hull_rank,1.0,1
D5_family_complete,mp_native,balanced_accuracy,MP_source_native_public_hull_rank,1.0,1
D5_family_complete,mp_native,auroc,MP_source_native_public_hull_rank,1.0,1
D5_family_complete,mp_native,auprc,MP_source_native_public_hull_rank,1.0,1
D5_family_complete,mp_native,stable_yield@100,MP_source_native_public_hull_rank,1.0,1
D5_family_complete,mp_native,stable_yield@300,MP_source_native_public_hull_rank,1.0,1
D5_family_complete,mp_native,stable_yield@500,MP_source_native_public_hull_rank,1.0,1
D5_family_complete,mp_native,stable_yield@1000,MP_source_native_public_hull_rank,1.0,1
D5_family_complete,mp_native,stable_yield@5000,MP_source_native_public_hull_rank,1.0,1
D5_family_complete,mp_native,stable_yield@10000,MP_source_native_public_hull_rank,1.0,1
D5_family_complete,alexmp20_native,f1,MP_source_native_public_hull_rank,0.8112781954887218,3
D5_family_complete,alexmp20_native,precision,MP_source_native_public_hull_rank,0.8112781954887218,3
D5_family_complete,alexmp20_native,recall,MP_source_native_public_hull_rank,0.8112781954887218,3
D5_family_complete,alexmp20_native,balanced_accuracy,MP_source_native_public_hull_rank,0.8522393870814386,3
D5_family_complete,alexmp20_native,auroc,MP_source_native_public_hull_rank,0.9072235173714219,3
D5_family_complete,alexmp20_native,auprc,MP_source_native_public_hull_rank,0.785214911338006,4
D5_family_complete,alexmp20_native,stable_yield@100,MP_source_native_public_hull_rank,0.86,4
D5_family_complete,alexmp20_native,stable_yield@300,MP_source_native_public_hull_rank,0.86,4
D5_family_complete,alexmp20_native,stable_yield@500,MP_source_native_public_hull_rank,0.856,4
D5_family_complete,alexmp20_native,stable_yield@1000,MP_source_native_public_hull_rank,0.864,4
D5_family_complete,alexmp20_native,stable_yield@5000,MP_source_native_public_hull_rank,0.8066,4
D5_family_complete,alexmp20_native,stable_yield@10000,MP_source_native_public_hull_rank,0.8082,4
D5_family_complete,alex_pbe_native,f1,MP_source_native_public_hull_rank,0.7293856767411301,4
D5_family_complete,alex_pbe_native,precision,MP_source_native_public_hull_rank,0.7293856767411301,4
D5_family_complete,alex_pbe_native,recall,MP_source_native_public_hull_rank,0.7293856767411301,4
D5_family_complete,alex_pbe_native,balanced_accuracy,MP_source_native_public_hull_rank,0.7977920018563118,4
D5_family_complete,alex_pbe_native,auroc,MP_source_native_public_hull_rank,0.8797764257630553,3
D5_family_complete,alex_pbe_native,auprc,MP_source_native_public_hull_rank,0.7015761876567441,4
D5_family_complete,alex_pbe_native,stable_yield@100,MP_source_native_public_hull_rank,0.73,4
D5_family_complete,alex_pbe_native,stable_yield@300,MP_source_native_public_hull_rank,0.7833333333333333,4
D5_family_complete,alex_pbe_native,stable_yield@500,MP_source_native_public_hull_rank,0.772,4
D5_family_complete,alex_pbe_native,stable_yield@1000,MP_source_native_public_hull_rank,0.779,4
D5_family_complete,alex_pbe_native,stable_yield@5000,MP_source_native_public_hull_rank,0.7228,4
D5_family_complete,alex_pbe_native,stable_yield@10000,MP_source_native_public_hull_rank,0.7186,4
D5_family_complete,common_pool,f1,MP_source_native_public_hull_rank,0.8791702050224433,3
D5_family_complete,common_pool,precision,MP_source_native_public_hull_rank,0.8791702050224433,3
D5_family_complete,common_pool,recall,MP_source_native_public_hull_rank,0.8791702050224433,3
D5_family_complete,common_pool,balanced_accuracy,MP_source_native_public_hull_rank,0.8748551356560842,3
D5_family_complete,common_pool,auroc,MP_source_native_public_hull_rank,0.9439909945706565,3
D5_family_complete,common_pool,auprc,MP_source_native_public_hull_rank,0.9565783864226446,3
D5_family_complete,common_pool,stable_yield@100,MP_source_native_public_hull_rank,1.0,1
D5_family_complete,common_pool,stable_yield@300,MP_source_native_public_hull_rank,0.9866666666666667,5
D5_family_complete,common_pool,stable_yield@500,MP_source_native_public_hull_rank,0.976,6
D5_family_complete,common_pool,stable_yield@1000,MP_source_native_public_hull_rank,0.987,5
D5_family_complete,common_pool,stable_yield@5000,MP_source_native_public_hull_rank,0.99,5
D5_family_complete,common_pool,stable_yield@10000,MP_source_native_public_hull_rank,0.9925,4
D5_family_complete,consensus,f1,MP_source_native_public_hull_rank,1.0,1
D5_family_complete,consensus,precision,MP_source_native_public_hull_rank,1.0,1
D5_family_complete,consensus,recall,MP_source_native_public_hull_rank,1.0,1
D5_family_complete,consensus,balanced_accuracy,MP_source_native_public_hull_rank,1.0,1
D5_family_complete,consensus,auroc,MP_source_native_public_hull_rank,1.0,1
D5_family_complete,consensus,auprc,MP_source_native_public_hull_rank,1.0,1
D5_family_complete,consensus,stable_yield@100,MP_source_native_public_hull_rank,1.0,1
D5_family_complete,consensus,stable_yield@300,MP_source_native_public_hull_rank,1.0,1
D5_family_complete,consensus,stable_yield@500,MP_source_native_public_hull_rank,1.0,1
D5_family_complete,consensus,stable_yield@1000,MP_source_native_public_hull_rank,1.0,1
D5_family_complete,consensus,stable_yield@5000,MP_source_native_public_hull_rank,1.0,1
D5_family_complete,consensus,stable_yield@10000,MP_source_native_public_hull_rank,0.9487,1
D5_family_complete,uncertain,f1,MP_source_native_public_hull_rank,0.35931730532534667,3
D5_family_complete,uncertain,precision,MP_source_native_public_hull_rank,0.35931730532534667,3
D5_family_complete,uncertain,recall,MP_source_native_public_hull_rank,0.35931730532534667,3
D5_family_complete,uncertain,balanced_accuracy,MP_source_native_public_hull_rank,0.521056174498952,3
D5_family_complete,uncertain,auroc,MP_source_native_public_hull_rank,0.6142134368578647,3
D5_family_complete,uncertain,auprc,MP_source_native_public_hull_rank,0.38631736951249585,3
D5_family_complete,uncertain,stable_yield@100,MP_source_native_public_hull_rank,0.32,7
D5_family_complete,uncertain,stable_yield@300,MP_source_native_public_hull_rank,0.31666666666666665,7
D5_family_complete,uncertain,stable_yield@500,MP_source_native_public_hull_rank,0.322,6
D5_family_complete,uncertain,stable_yield@1000,MP_source_native_public_hull_rank,0.304,8
D5_family_complete,uncertain,stable_yield@5000,MP_source_native_public_hull_rank,0.378,3
D5_family_complete,uncertain,stable_yield@10000,MP_source_native_public_hull_rank,0.3711,3
D5_family_complete,audit_view,f1,MP_source_native_public_hull_rank,0.6238009908295562,4
D5_family_complete,audit_view,precision,MP_source_native_public_hull_rank,0.6238009908295562,4
D5_family_complete,audit_view,recall,MP_source_native_public_hull_rank,0.6238009908295562,4
D5_family_complete,audit_view,balanced_accuracy,MP_source_native_public_hull_rank,0.7465700908751478,4
D5_family_complete,audit_view,auroc,MP_source_native_public_hull_rank,0.8984623833058759,4
D5_family_complete,audit_view,auprc,MP_source_native_public_hull_rank,0.6310363176799255,4
D5_family_complete,audit_view,stable_yield@100,MP_source_native_public_hull_rank,0.68,4
D5_family_complete,audit_view,stable_yield@300,MP_source_native_public_hull_rank,0.6833333333333333,4
D5_family_complete,audit_view,stable_yield@500,MP_source_native_public_hull_rank,0.678,4
D5_family_complete,audit_view,stable_yield@1000,MP_source_native_public_hull_rank,0.696,4
D5_family_complete,audit_view,stable_yield@5000,MP_source_native_public_hull_rank,0.622,4
D5_family_complete,audit_view,stable_yield@10000,MP_source_native_public_hull_rank,0.6289,4
D5_family_complete,mp_native,f1,MatterGen_alex_mp20_source_native_public_hull_rank,0.8424238392975921,2
D5_family_complete,mp_native,precision,MatterGen_alex_mp20_source_native_public_hull_rank,0.8424238392975921,2
D5_family_complete,mp_native,recall,MatterGen_alex_mp20_source_native_public_hull_rank,0.8424238392975921,2
D5_family_complete,mp_native,balanced_accuracy,MatterGen_alex_mp20_source_native_public_hull_rank,0.8667971824198362,2
D5_family_complete,mp_native,auroc,MatterGen_alex_mp20_source_native_public_hull_rank,0.917484141788719,2
D5_family_complete,mp_native,auprc,MatterGen_alex_mp20_source_native_public_hull_rank,0.8677034437101401,2
D5_family_complete,mp_native,stable_yield@100,MatterGen_alex_mp20_source_native_public_hull_rank,0.92,4
D5_family_complete,mp_native,stable_yield@300,MatterGen_alex_mp20_source_native_public_hull_rank,0.9333333333333333,4
D5_family_complete,mp_native,stable_yield@500,MatterGen_alex_mp20_source_native_public_hull_rank,0.928,4
D5_family_complete,mp_native,stable_yield@1000,MatterGen_alex_mp20_source_native_public_hull_rank,0.926,3
D5_family_complete,mp_native,stable_yield@5000,MatterGen_alex_mp20_source_native_public_hull_rank,0.8998,3
D5_family_complete,mp_native,stable_yield@10000,MatterGen_alex_mp20_source_native_public_hull_rank,0.9094,3
D5_family_complete,alexmp20_native,f1,MatterGen_alex_mp20_source_native_public_hull_rank,1.0,1
D5_family_complete,alexmp20_native,precision,MatterGen_alex_mp20_source_native_public_hull_rank,1.0,1
D5_family_complete,alexmp20_native,recall,MatterGen_alex_mp20_source_native_public_hull_rank,1.0,1
D5_family_complete,alexmp20_native,balanced_accuracy,MatterGen_alex_mp20_source_native_public_hull_rank,1.0,1
D5_family_complete,alexmp20_native,auroc,MatterGen_alex_mp20_source_native_public_hull_rank,1.0,1
D5_family_complete,alexmp20_native,auprc,MatterGen_alex_mp20_source_native_public_hull_rank,1.0,1
D5_family_complete,alexmp20_native,stable_yield@100,MatterGen_alex_mp20_source_native_public_hull_rank,1.0,1
D5_family_complete,alexmp20_native,stable_yield@300,MatterGen_alex_mp20_source_native_public_hull_rank,1.0,1
D5_family_complete,alexmp20_native,stable_yield@500,MatterGen_alex_mp20_source_native_public_hull_rank,1.0,1
D5_family_complete,alexmp20_native,stable_yield@1000,MatterGen_alex_mp20_source_native_public_hull_rank,1.0,1
D5_family_complete,alexmp20_native,stable_yield@5000,MatterGen_alex_mp20_source_native_public_hull_rank,1.0,1
D5_family_complete,alexmp20_native,stable_yield@10000,MatterGen_alex_mp20_source_native_public_hull_rank,1.0,1
D5_family_complete,alex_pbe_native,f1,MatterGen_alex_mp20_source_native_public_hull_rank,0.8141425755584757,2
D5_family_complete,alex_pbe_native,precision,MatterGen_alex_mp20_source_native_public_hull_rank,0.8141425755584757,2
D5_family_complete,alex_pbe_native,recall,MatterGen_alex_mp20_source_native_public_hull_rank,0.8141425755584757,2
D5_family_complete,alex_pbe_native,balanced_accuracy,MatterGen_alex_mp20_source_native_public_hull_rank,0.8611239150837128,2
D5_family_complete,alex_pbe_native,auroc,MatterGen_alex_mp20_source_native_public_hull_rank,0.91827436045074,2
D5_family_complete,alex_pbe_native,auprc,MatterGen_alex_mp20_source_native_public_hull_rank,0.7927444484047435,3
D5_family_complete,alex_pbe_native,stable_yield@100,MatterGen_alex_mp20_source_native_public_hull_rank,0.82,3
D5_family_complete,alex_pbe_native,stable_yield@300,MatterGen_alex_mp20_source_native_public_hull_rank,0.8566666666666667,3
D5_family_complete,alex_pbe_native,stable_yield@500,MatterGen_alex_mp20_source_native_public_hull_rank,0.852,3
D5_family_complete,alex_pbe_native,stable_yield@1000,MatterGen_alex_mp20_source_native_public_hull_rank,0.855,3
D5_family_complete,alex_pbe_native,stable_yield@5000,MatterGen_alex_mp20_source_native_public_hull_rank,0.8,3
D5_family_complete,alex_pbe_native,stable_yield@10000,MatterGen_alex_mp20_source_native_public_hull_rank,0.8154,3
D5_family_complete,common_pool,f1,MatterGen_alex_mp20_source_native_public_hull_rank,0.8476282906708723,4
D5_family_complete,common_pool,precision,MatterGen_alex_mp20_source_native_public_hull_rank,0.8476282906708723,4
D5_family_complete,common_pool,recall,MatterGen_alex_mp20_source_native_public_hull_rank,0.8476282906708723,4
D5_family_complete,common_pool,balanced_accuracy,MatterGen_alex_mp20_source_native_public_hull_rank,0.8421867975743391,4
D5_family_complete,common_pool,auroc,MatterGen_alex_mp20_source_native_public_hull_rank,0.920335106762807,4
D5_family_complete,common_pool,auprc,MatterGen_alex_mp20_source_native_public_hull_rank,0.9345044502695337,5
D5_family_complete,common_pool,stable_yield@100,MatterGen_alex_mp20_source_native_public_hull_rank,0.98,6
D5_family_complete,common_pool,stable_yield@300,MatterGen_alex_mp20_source_native_public_hull_rank,0.98,6
D5_family_complete,common_pool,stable_yield@500,MatterGen_alex_mp20_source_native_public_hull_rank,0.984,5
D5_family_complete,common_pool,stable_yield@1000,MatterGen_alex_mp20_source_native_public_hull_rank,0.986,6
D5_family_complete,common_pool,stable_yield@5000,MatterGen_alex_mp20_source_native_public_hull_rank,0.9776,6
D5_family_complete,common_pool,stable_yield@10000,MatterGen_alex_mp20_source_native_public_hull_rank,0.9838,5
D5_family_complete,consensus,f1,MatterGen_alex_mp20_source_native_public_hull_rank,1.0,1
D5_family_complete,consensus,precision,MatterGen_alex_mp20_source_native_public_hull_rank,1.0,1
D5_family_complete,consensus,recall,MatterGen_alex_mp20_source_native_public_hull_rank,1.0,1
D5_family_complete,consensus,balanced_accuracy,MatterGen_alex_mp20_source_native_public_hull_rank,1.0,1
D5_family_complete,consensus,auroc,MatterGen_alex_mp20_source_native_public_hull_rank,1.0,1
D5_family_complete,consensus,auprc,MatterGen_alex_mp20_source_native_public_hull_rank,1.0,1
D5_family_complete,consensus,stable_yield@100,MatterGen_alex_mp20_source_native_public_hull_rank,1.0,1
D5_family_complete,consensus,stable_yield@300,MatterGen_alex_mp20_source_native_public_hull_rank,1.0,1
D5_family_complete,consensus,stable_yield@500,MatterGen_alex_mp20_source_native_public_hull_rank,1.0,1
D5_family_complete,consensus,stable_yield@1000,MatterGen_alex_mp20_source_native_public_hull_rank,1.0,1
D5_family_complete,consensus,stable_yield@5000,MatterGen_alex_mp20_source_native_public_hull_rank,1.0,1
D5_family_complete,consensus,stable_yield@10000,MatterGen_alex_mp20_source_native_public_hull_rank,0.9487,1
D5_family_complete,uncertain,f1,MatterGen_alex_mp20_source_native_public_hull_rank,0.2850578485271191,10
D5_family_complete,uncertain,precision,MatterGen_alex_mp20_source_native_public_hull_rank,0.2850578485271191,10
D5_family_complete,uncertain,recall,MatterGen_alex_mp20_source_native_public_hull_rank,0.2850578485271191,10
D5_family_complete,uncertain,balanced_accuracy,MatterGen_alex_mp20_source_native_public_hull_rank,0.4655433463639048,10
D5_family_complete,uncertain,auroc,MatterGen_alex_mp20_source_native_public_hull_rank,0.5702745927223444,4
D5_family_complete,uncertain,auprc,MatterGen_alex_mp20_source_native_public_hull_rank,0.34661297675437513,4
D5_family_complete,uncertain,stable_yield@100,MatterGen_alex_mp20_source_native_public_hull_rank,0.26,9
D5_family_complete,uncertain,stable_yield@300,MatterGen_alex_mp20_source_native_public_hull_rank,0.26666666666666666,10
D5_family_complete,uncertain,stable_yield@500,MatterGen_alex_mp20_source_native_public_hull_rank,0.266,10
D5_family_complete,uncertain,stable_yield@1000,MatterGen_alex_mp20_source_native_public_hull_rank,0.254,10
D5_family_complete,uncertain,stable_yield@5000,MatterGen_alex_mp20_source_native_public_hull_rank,0.3232,7
D5_family_complete,uncertain,stable_yield@10000,MatterGen_alex_mp20_source_native_public_hull_rank,0.2834,10
D5_family_complete,audit_view,f1,MatterGen_alex_mp20_source_native_public_hull_rank,0.7116053546958997,3
D5_family_complete,audit_view,precision,MatterGen_alex_mp20_source_native_public_hull_rank,0.7116053546958997,3
D5_family_complete,audit_view,recall,MatterGen_alex_mp20_source_native_public_hull_rank,0.7116053546958997,3
D5_family_complete,audit_view,balanced_accuracy,MatterGen_alex_mp20_source_native_public_hull_rank,0.8057203050250503,3
D5_family_complete,audit_view,auroc,MatterGen_alex_mp20_source_native_public_hull_rank,0.9302031850631521,3
D5_family_complete,audit_view,auprc,MatterGen_alex_mp20_source_native_public_hull_rank,0.7133082706766918,3
D5_family_complete,audit_view,stable_yield@100,MatterGen_alex_mp20_source_native_public_hull_rank,0.74,3
D5_family_complete,audit_view,stable_yield@300,MatterGen_alex_mp20_source_native_public_hull_rank,0.7333333333333333,3
D5_family_complete,audit_view,stable_yield@500,MatterGen_alex_mp20_source_native_public_hull_rank,0.734,3
D5_family_complete,audit_view,stable_yield@1000,MatterGen_alex_mp20_source_native_public_hull_rank,0.746,3
D5_family_complete,audit_view,stable_yield@5000,MatterGen_alex_mp20_source_native_public_hull_rank,0.6768,3
D5_family_complete,audit_view,stable_yield@10000,MatterGen_alex_mp20_source_native_public_hull_rank,0.7166,3
D5_family_complete,mp_native,f1,consensus_oracle_proxy,0.6310363176799255,6
D5_family_complete,mp_native,precision,consensus_oracle_proxy,0.6310363176799255,6
D5_family_complete,mp_native,recall,consensus_oracle_proxy,0.6310363176799255,6
D5_family_complete,mp_native,balanced_accuracy,consensus_oracle_proxy,0.6881063617065559,6
D5_family_complete,mp_native,auroc,consensus_oracle_proxy,0.6872854061725677,6
D5_family_complete,mp_native,auprc,consensus_oracle_proxy,0.7780683351354545,4
D5_family_complete,mp_native,stable_yield@100,consensus_oracle_proxy,1.0,1
D5_family_complete,mp_native,stable_yield@300,consensus_oracle_proxy,1.0,1
D5_family_complete,mp_native,stable_yield@500,consensus_oracle_proxy,1.0,1
D5_family_complete,mp_native,stable_yield@1000,consensus_oracle_proxy,1.0,1
D5_family_complete,mp_native,stable_yield@5000,consensus_oracle_proxy,1.0,1
D5_family_complete,mp_native,stable_yield@10000,consensus_oracle_proxy,0.9487,2
D5_family_complete,alexmp20_native,f1,consensus_oracle_proxy,0.7133082706766918,4
D5_family_complete,alexmp20_native,precision,consensus_oracle_proxy,0.7133082706766918,4
D5_family_complete,alexmp20_native,recall,consensus_oracle_proxy,0.7133082706766918,4
D5_family_complete,alexmp20_native,balanced_accuracy,consensus_oracle_proxy,0.7755333796579782,4
D5_family_complete,alexmp20_native,auroc,consensus_oracle_proxy,0.7657395627183865,6
D5_family_complete,alexmp20_native,auprc,consensus_oracle_proxy,0.8202960091456131,3
D5_family_complete,alexmp20_native,stable_yield@100,consensus_oracle_proxy,1.0,1
D5_family_complete,alexmp20_native,stable_yield@300,consensus_oracle_proxy,1.0,1
D5_family_complete,alexmp20_native,stable_yield@500,consensus_oracle_proxy,1.0,1
D5_family_complete,alexmp20_native,stable_yield@1000,consensus_oracle_proxy,1.0,1
D5_family_complete,alexmp20_native,stable_yield@5000,consensus_oracle_proxy,1.0,1
D5_family_complete,alexmp20_native,stable_yield@10000,consensus_oracle_proxy,0.9487,2
D5_family_complete,alex_pbe_native,f1,consensus_oracle_proxy,0.7791557161629435,3
D5_family_complete,alex_pbe_native,precision,consensus_oracle_proxy,0.7791557161629435,3
D5_family_complete,alex_pbe_native,recall,consensus_oracle_proxy,0.7791557161629435,3
D5_family_complete,alex_pbe_native,balanced_accuracy,consensus_oracle_proxy,0.8349810904375182,3
D5_family_complete,alex_pbe_native,auroc,consensus_oracle_proxy,0.8227812650177003,5
D5_family_complete,alex_pbe_native,auprc,consensus_oracle_proxy,0.8577310517662011,2
D5_family_complete,alex_pbe_native,stable_yield@100,consensus_oracle_proxy,1.0,1
D5_family_complete,alex_pbe_native,stable_yield@300,consensus_oracle_proxy,1.0,1
D5_family_complete,alex_pbe_native,stable_yield@500,consensus_oracle_proxy,1.0,1
D5_family_complete,alex_pbe_native,stable_yield@1000,consensus_oracle_proxy,1.0,1
D5_family_complete,alex_pbe_native,stable_yield@5000,consensus_oracle_proxy,1.0,1
D5_family_complete,alex_pbe_native,stable_yield@10000,consensus_oracle_proxy,0.9487,2
D5_family_complete,common_pool,f1,consensus_oracle_proxy,0.5754579643333738,6
D5_family_complete,common_pool,precision,consensus_oracle_proxy,0.5754579643333738,6
D5_family_complete,common_pool,recall,consensus_oracle_proxy,0.5754579643333738,6
D5_family_complete,common_pool,balanced_accuracy,consensus_oracle_proxy,0.5602967341651272,6
D5_family_complete,common_pool,auroc,consensus_oracle_proxy,0.5790845725354399,6
D5_family_complete,common_pool,auprc,consensus_oracle_proxy,0.7694875488756167,6
D5_family_complete,common_pool,stable_yield@100,consensus_oracle_proxy,1.0,1
D5_family_complete,common_pool,stable_yield@300,consensus_oracle_proxy,1.0,1
D5_family_complete,common_pool,stable_yield@500,consensus_oracle_proxy,1.0,1
D5_family_complete,common_pool,stable_yield@1000,consensus_oracle_proxy,1.0,1
D5_family_complete,common_pool,stable_yield@5000,consensus_oracle_proxy,1.0,1
D5_family_complete,common_pool,stable_yield@10000,consensus_oracle_proxy,0.9487,6
D5_family_complete,consensus,f1,consensus_oracle_proxy,1.0,1
D5_family_complete,consensus,precision,consensus_oracle_proxy,1.0,1
D5_family_complete,consensus,recall,consensus_oracle_proxy,1.0,1
D5_family_complete,consensus,balanced_accuracy,consensus_oracle_proxy,1.0,1
D5_family_complete,consensus,auroc,consensus_oracle_proxy,1.0,1
D5_family_complete,consensus,auprc,consensus_oracle_proxy,1.0,1
D5_family_complete,consensus,stable_yield@100,consensus_oracle_proxy,1.0,1
D5_family_complete,consensus,stable_yield@300,consensus_oracle_proxy,1.0,1
D5_family_complete,consensus,stable_yield@500,consensus_oracle_proxy,1.0,1
D5_family_complete,consensus,stable_yield@1000,consensus_oracle_proxy,1.0,1
D5_family_complete,consensus,stable_yield@5000,consensus_oracle_proxy,1.0,1
D5_family_complete,consensus,stable_yield@10000,consensus_oracle_proxy,0.9487,1
D5_family_complete,uncertain,f1,consensus_oracle_proxy,0.0,12
D5_family_complete,uncertain,precision,consensus_oracle_proxy,0.0,12
D5_family_complete,uncertain,recall,consensus_oracle_proxy,0.0,12
D5_family_complete,uncertain,balanced_accuracy,consensus_oracle_proxy,0.25244769449522647,12
D5_family_complete,uncertain,auroc,consensus_oracle_proxy,0.0,12
D5_family_complete,uncertain,auprc,consensus_oracle_proxy,0.18766773153113636,12
D5_family_complete,uncertain,stable_yield@100,consensus_oracle_proxy,0.0,12
D5_family_complete,uncertain,stable_yield@300,consensus_oracle_proxy,0.0,12
D5_family_complete,uncertain,stable_yield@500,consensus_oracle_proxy,0.0,12
D5_family_complete,uncertain,stable_yield@1000,consensus_oracle_proxy,0.0,12
D5_family_complete,uncertain,stable_yield@5000,consensus_oracle_proxy,0.0,12
D5_family_complete,uncertain,stable_yield@10000,consensus_oracle_proxy,0.0,12
D5_family_complete,audit_view,f1,consensus_oracle_proxy,1.0,1
D5_family_complete,audit_view,precision,consensus_oracle_proxy,1.0,1
D5_family_complete,audit_view,recall,consensus_oracle_proxy,1.0,1
D5_family_complete,audit_view,balanced_accuracy,consensus_oracle_proxy,1.0,1
D5_family_complete,audit_view,auroc,consensus_oracle_proxy,1.0,1
D5_family_complete,audit_view,auprc,consensus_oracle_proxy,1.0,1
D5_family_complete,audit_view,stable_yield@100,consensus_oracle_proxy,1.0,1
D5_family_complete,audit_view,stable_yield@300,consensus_oracle_proxy,1.0,1
D5_family_complete,audit_view,stable_yield@500,consensus_oracle_proxy,1.0,1
D5_family_complete,audit_view,stable_yield@1000,consensus_oracle_proxy,1.0,1
D5_family_complete,audit_view,stable_yield@5000,consensus_oracle_proxy,1.0,1
D5_family_complete,audit_view,stable_yield@10000,consensus_oracle_proxy,0.9487,1
D5_family_complete,mp_native,f1,official_Alexandria_PBE_common_pool_public_hull_rank,0.718903818012505,5
D5_family_complete,mp_native,precision,official_Alexandria_PBE_common_pool_public_hull_rank,0.718903818012505,5
D5_family_complete,mp_native,recall,official_Alexandria_PBE_common_pool_public_hull_rank,0.718903818012505,5
D5_family_complete,mp_native,balanced_accuracy,official_Alexandria_PBE_common_pool_public_hull_rank,0.7623828167607545,5
D5_family_complete,mp_native,auroc,official_Alexandria_PBE_common_pool_public_hull_rank,0.8544574185686278,5
D5_family_complete,mp_native,auprc,official_Alexandria_PBE_common_pool_public_hull_rank,0.7041102850015072,6
D5_family_complete,mp_native,stable_yield@100,official_Alexandria_PBE_common_pool_public_hull_rank,0.35,12
D5_family_complete,mp_native,stable_yield@300,official_Alexandria_PBE_common_pool_public_hull_rank,0.49333333333333335,9
D5_family_complete,mp_native,stable_yield@500,official_Alexandria_PBE_common_pool_public_hull_rank,0.578,6
D5_family_complete,mp_native,stable_yield@1000,official_Alexandria_PBE_common_pool_public_hull_rank,0.638,6
D5_family_complete,mp_native,stable_yield@5000,official_Alexandria_PBE_common_pool_public_hull_rank,0.7384,6
D5_family_complete,mp_native,stable_yield@10000,official_Alexandria_PBE_common_pool_public_hull_rank,0.6775,6
D5_family_complete,alexmp20_native,f1,official_Alexandria_PBE_common_pool_public_hull_rank,0.6418045112781955,6
D5_family_complete,alexmp20_native,precision,official_Alexandria_PBE_common_pool_public_hull_rank,0.6418045112781955,6
D5_family_complete,alexmp20_native,recall,official_Alexandria_PBE_common_pool_public_hull_rank,0.6418045112781955,6
D5_family_complete,alexmp20_native,balanced_accuracy,official_Alexandria_PBE_common_pool_public_hull_rank,0.7195491793051687,6
D5_family_complete,alexmp20_native,auroc,official_Alexandria_PBE_common_pool_public_hull_rank,0.837569678920303,4
D5_family_complete,alexmp20_native,auprc,official_Alexandria_PBE_common_pool_public_hull_rank,0.6345049914054345,6
D5_family_complete,alexmp20_native,stable_yield@100,official_Alexandria_PBE_common_pool_public_hull_rank,0.33,12
D5_family_complete,alexmp20_native,stable_yield@300,official_Alexandria_PBE_common_pool_public_hull_rank,0.45666666666666667,6
D5_family_complete,alexmp20_native,stable_yield@500,official_Alexandria_PBE_common_pool_public_hull_rank,0.494,6
D5_family_complete,alexmp20_native,stable_yield@1000,official_Alexandria_PBE_common_pool_public_hull_rank,0.553,6
D5_family_complete,alexmp20_native,stable_yield@5000,official_Alexandria_PBE_common_pool_public_hull_rank,0.6714,5
D5_family_complete,alexmp20_native,stable_yield@10000,official_Alexandria_PBE_common_pool_public_hull_rank,0.6055,6
D5_family_complete,alex_pbe_native,f1,official_Alexandria_PBE_common_pool_public_hull_rank,0.5955157687253614,5
D5_family_complete,alex_pbe_native,precision,official_Alexandria_PBE_common_pool_public_hull_rank,0.5955157687253614,5
D5_family_complete,alex_pbe_native,recall,official_Alexandria_PBE_common_pool_public_hull_rank,0.5955157687253614,5
D5_family_complete,alex_pbe_native,balanced_accuracy,official_Alexandria_PBE_common_pool_public_hull_rank,0.6977619451114827,5
D5_family_complete,alex_pbe_native,auroc,official_Alexandria_PBE_common_pool_public_hull_rank,0.8409764962285196,4
D5_family_complete,alex_pbe_native,auprc,official_Alexandria_PBE_common_pool_public_hull_rank,0.6039440342637169,5
D5_family_complete,alex_pbe_native,stable_yield@100,official_Alexandria_PBE_common_pool_public_hull_rank,0.31,10
D5_family_complete,alex_pbe_native,stable_yield@300,official_Alexandria_PBE_common_pool_public_hull_rank,0.47333333333333333,6
D5_family_complete,alex_pbe_native,stable_yield@500,official_Alexandria_PBE_common_pool_public_hull_rank,0.504,6
D5_family_complete,alex_pbe_native,stable_yield@1000,official_Alexandria_PBE_common_pool_public_hull_rank,0.547,6
D5_family_complete,alex_pbe_native,stable_yield@5000,official_Alexandria_PBE_common_pool_public_hull_rank,0.6448,5
D5_family_complete,alex_pbe_native,stable_yield@10000,official_Alexandria_PBE_common_pool_public_hull_rank,0.5702,5
D5_family_complete,common_pool,f1,official_Alexandria_PBE_common_pool_public_hull_rank,1.0,1
D5_family_complete,common_pool,precision,official_Alexandria_PBE_common_pool_public_hull_rank,1.0,1
D5_family_complete,common_pool,recall,official_Alexandria_PBE_common_pool_public_hull_rank,1.0,1
D5_family_complete,common_pool,balanced_accuracy,official_Alexandria_PBE_common_pool_public_hull_rank,1.0,1
D5_family_complete,common_pool,auroc,official_Alexandria_PBE_common_pool_public_hull_rank,1.0,1
D5_family_complete,common_pool,auprc,official_Alexandria_PBE_common_pool_public_hull_rank,1.0,1
D5_family_complete,common_pool,stable_yield@100,official_Alexandria_PBE_common_pool_public_hull_rank,1.0,1
D5_family_complete,common_pool,stable_yield@300,official_Alexandria_PBE_common_pool_public_hull_rank,1.0,1
D5_family_complete,common_pool,stable_yield@500,official_Alexandria_PBE_common_pool_public_hull_rank,1.0,1
D5_family_complete,common_pool,stable_yield@1000,official_Alexandria_PBE_common_pool_public_hull_rank,1.0,1
D5_family_complete,common_pool,stable_yield@5000,official_Alexandria_PBE_common_pool_public_hull_rank,1.0,1
D5_family_complete,common_pool,stable_yield@10000,official_Alexandria_PBE_common_pool_public_hull_rank,1.0,1
D5_family_complete,consensus,f1,official_Alexandria_PBE_common_pool_public_hull_rank,1.0,1
D5_family_complete,consensus,precision,official_Alexandria_PBE_common_pool_public_hull_rank,1.0,1
D5_family_complete,consensus,recall,official_Alexandria_PBE_common_pool_public_hull_rank,1.0,1
D5_family_complete,consensus,balanced_accuracy,official_Alexandria_PBE_common_pool_public_hull_rank,1.0,1
D5_family_complete,consensus,auroc,official_Alexandria_PBE_common_pool_public_hull_rank,1.0,1
D5_family_complete,consensus,auprc,official_Alexandria_PBE_common_pool_public_hull_rank,1.0,1
D5_family_complete,consensus,stable_yield@100,official_Alexandria_PBE_common_pool_public_hull_rank,1.0,1
D5_family_complete,consensus,stable_yield@300,official_Alexandria_PBE_common_pool_public_hull_rank,1.0,1
D5_family_complete,consensus,stable_yield@500,official_Alexandria_PBE_common_pool_public_hull_rank,1.0,1
D5_family_complete,consensus,stable_yield@1000,official_Alexandria_PBE_common_pool_public_hull_rank,1.0,1
D5_family_complete,consensus,stable_yield@5000,official_Alexandria_PBE_common_pool_public_hull_rank,1.0,1
D5_family_complete,consensus,stable_yield@10000,official_Alexandria_PBE_common_pool_public_hull_rank,0.9487,1
D5_family_complete,uncertain,f1,official_Alexandria_PBE_common_pool_public_hull_rank,0.5411504061705096,1
D5_family_complete,uncertain,precision,official_Alexandria_PBE_common_pool_public_hull_rank,0.5411504061705096,1
D5_family_complete,uncertain,recall,official_Alexandria_PBE_common_pool_public_hull_rank,0.5411504061705096,1
D5_family_complete,uncertain,balanced_accuracy,official_Alexandria_PBE_common_pool_public_hull_rank,0.6569859282528355,1
D5_family_complete,uncertain,auroc,official_Alexandria_PBE_common_pool_public_hull_rank,0.7609205928182499,1
D5_family_complete,uncertain,auprc,official_Alexandria_PBE_common_pool_public_hull_rank,0.5257548983003153,1
D5_family_complete,uncertain,stable_yield@100,official_Alexandria_PBE_common_pool_public_hull_rank,0.78,1
D5_family_complete,uncertain,stable_yield@300,official_Alexandria_PBE_common_pool_public_hull_rank,0.6766666666666666,1
D5_family_complete,uncertain,stable_yield@500,official_Alexandria_PBE_common_pool_public_hull_rank,0.64,1
D5_family_complete,uncertain,stable_yield@1000,official_Alexandria_PBE_common_pool_public_hull_rank,0.611,1
D5_family_complete,uncertain,stable_yield@5000,official_Alexandria_PBE_common_pool_public_hull_rank,0.4982,1
D5_family_complete,uncertain,stable_yield@10000,official_Alexandria_PBE_common_pool_public_hull_rank,0.5721,1
D5_family_complete,audit_view,f1,official_Alexandria_PBE_common_pool_public_hull_rank,0.4214187835986086,6
D5_family_complete,audit_view,precision,official_Alexandria_PBE_common_pool_public_hull_rank,0.4214187835986086,6
D5_family_complete,audit_view,recall,official_Alexandria_PBE_common_pool_public_hull_rank,0.4214187835986086,6
D5_family_complete,audit_view,balanced_accuracy,official_Alexandria_PBE_common_pool_public_hull_rank,0.6102334628225516,6
D5_family_complete,audit_view,auroc,official_Alexandria_PBE_common_pool_public_hull_rank,0.806459005792699,6
D5_family_complete,audit_view,auprc,official_Alexandria_PBE_common_pool_public_hull_rank,0.46911891921862753,6
D5_family_complete,audit_view,stable_yield@100,official_Alexandria_PBE_common_pool_public_hull_rank,0.22,12
D5_family_complete,audit_view,stable_yield@300,official_Alexandria_PBE_common_pool_public_hull_rank,0.3233333333333333,6
D5_family_complete,audit_view,stable_yield@500,official_Alexandria_PBE_common_pool_public_hull_rank,0.36,6
D5_family_complete,audit_view,stable_yield@1000,official_Alexandria_PBE_common_pool_public_hull_rank,0.389,6
D5_family_complete,audit_view,stable_yield@5000,official_Alexandria_PBE_common_pool_public_hull_rank,0.5018,6
D5_family_complete,audit_view,stable_yield@10000,official_Alexandria_PBE_common_pool_public_hull_rank,0.4279,6
D5_family_complete,mp_native,f1,official_Alexandria_PBE_source_native_public_hull_rank,0.8131568444858321,3
D5_family_complete,mp_native,precision,official_Alexandria_PBE_source_native_public_hull_rank,0.8131568444858321,3
D5_family_complete,mp_native,recall,official_Alexandria_PBE_source_native_public_hull_rank,0.8131568444858321,3
D5_family_complete,mp_native,balanced_accuracy,official_Alexandria_PBE_source_native_public_hull_rank,0.8420571065501561,3
D5_family_complete,mp_native,auroc,official_Alexandria_PBE_source_native_public_hull_rank,0.9023035214875195,3
D5_family_complete,mp_native,auprc,official_Alexandria_PBE_source_native_public_hull_rank,0.8410505014013133,3
D5_family_complete,mp_native,stable_yield@100,official_Alexandria_PBE_source_native_public_hull_rank,0.94,3
D5_family_complete,mp_native,stable_yield@300,official_Alexandria_PBE_source_native_public_hull_rank,0.9466666666666667,3
D5_family_complete,mp_native,stable_yield@500,official_Alexandria_PBE_source_native_public_hull_rank,0.934,3
D5_family_complete,mp_native,stable_yield@1000,official_Alexandria_PBE_source_native_public_hull_rank,0.915,4
D5_family_complete,mp_native,stable_yield@5000,official_Alexandria_PBE_source_native_public_hull_rank,0.8708,4
D5_family_complete,mp_native,stable_yield@10000,official_Alexandria_PBE_source_native_public_hull_rank,0.8882,4
D5_family_complete,alexmp20_native,f1,official_Alexandria_PBE_source_native_public_hull_rank,0.855187969924812,2
D5_family_complete,alexmp20_native,precision,official_Alexandria_PBE_source_native_public_hull_rank,0.855187969924812,2
D5_family_complete,alexmp20_native,recall,official_Alexandria_PBE_source_native_public_hull_rank,0.855187969924812,2
D5_family_complete,alexmp20_native,balanced_accuracy,official_Alexandria_PBE_source_native_public_hull_rank,0.8866187488122912,2
D5_family_complete,alexmp20_native,auroc,official_Alexandria_PBE_source_native_public_hull_rank,0.9360458060520204,2
D5_family_complete,alexmp20_native,auprc,official_Alexandria_PBE_source_native_public_hull_rank,0.8609631383872791,2
D5_family_complete,alexmp20_native,stable_yield@100,official_Alexandria_PBE_source_native_public_hull_rank,0.98,3
D5_family_complete,alexmp20_native,stable_yield@300,official_Alexandria_PBE_source_native_public_hull_rank,0.9633333333333334,3
D5_family_complete,alexmp20_native,stable_yield@500,official_Alexandria_PBE_source_native_public_hull_rank,0.956,3
D5_family_complete,alexmp20_native,stable_yield@1000,official_Alexandria_PBE_source_native_public_hull_rank,0.934,3
D5_family_complete,alexmp20_native,stable_yield@5000,official_Alexandria_PBE_source_native_public_hull_rank,0.8786,3
D5_family_complete,alexmp20_native,stable_yield@10000,official_Alexandria_PBE_source_native_public_hull_rank,0.8894,3
D5_family_complete,alex_pbe_native,f1,official_Alexandria_PBE_source_native_public_hull_rank,1.0,1
D5_family_complete,alex_pbe_native,precision,official_Alexandria_PBE_source_native_public_hull_rank,1.0,1
D5_family_complete,alex_pbe_native,recall,official_Alexandria_PBE_source_native_public_hull_rank,1.0,1
D5_family_complete,alex_pbe_native,balanced_accuracy,official_Alexandria_PBE_source_native_public_hull_rank,1.0,1
D5_family_complete,alex_pbe_native,auroc,official_Alexandria_PBE_source_native_public_hull_rank,1.0,1
D5_family_complete,alex_pbe_native,auprc,official_Alexandria_PBE_source_native_public_hull_rank,1.0,1
D5_family_complete,alex_pbe_native,stable_yield@100,official_Alexandria_PBE_source_native_public_hull_rank,1.0,1
D5_family_complete,alex_pbe_native,stable_yield@300,official_Alexandria_PBE_source_native_public_hull_rank,1.0,1
D5_family_complete,alex_pbe_native,stable_yield@500,official_Alexandria_PBE_source_native_public_hull_rank,1.0,1
D5_family_complete,alex_pbe_native,stable_yield@1000,official_Alexandria_PBE_source_native_public_hull_rank,1.0,1
D5_family_complete,alex_pbe_native,stable_yield@5000,official_Alexandria_PBE_source_native_public_hull_rank,1.0,1
D5_family_complete,alex_pbe_native,stable_yield@10000,official_Alexandria_PBE_source_native_public_hull_rank,1.0,1
D5_family_complete,common_pool,f1,official_Alexandria_PBE_source_native_public_hull_rank,0.8386509765861944,5
D5_family_complete,common_pool,precision,official_Alexandria_PBE_source_native_public_hull_rank,0.8386509765861944,5
D5_family_complete,common_pool,recall,official_Alexandria_PBE_source_native_public_hull_rank,0.8386509765861944,5
D5_family_complete,common_pool,balanced_accuracy,official_Alexandria_PBE_source_native_public_hull_rank,0.8328888859664578,5
D5_family_complete,common_pool,auroc,official_Alexandria_PBE_source_native_public_hull_rank,0.9143627745584915,5
D5_family_complete,common_pool,auprc,official_Alexandria_PBE_source_native_public_hull_rank,0.937513252072893,4
D5_family_complete,common_pool,stable_yield@100,official_Alexandria_PBE_source_native_public_hull_rank,1.0,1
D5_family_complete,common_pool,stable_yield@300,official_Alexandria_PBE_source_native_public_hull_rank,0.9966666666666667,4
D5_family_complete,common_pool,stable_yield@500,official_Alexandria_PBE_source_native_public_hull_rank,0.998,4
D5_family_complete,common_pool,stable_yield@1000,official_Alexandria_PBE_source_native_public_hull_rank,0.999,4
D5_family_complete,common_pool,stable_yield@5000,official_Alexandria_PBE_source_native_public_hull_rank,0.9994,4
D5_family_complete,common_pool,stable_yield@10000,official_Alexandria_PBE_source_native_public_hull_rank,0.9996,3
D5_family_complete,consensus,f1,official_Alexandria_PBE_source_native_public_hull_rank,1.0,1
D5_family_complete,consensus,precision,official_Alexandria_PBE_source_native_public_hull_rank,1.0,1
D5_family_complete,consensus,recall,official_Alexandria_PBE_source_native_public_hull_rank,1.0,1
D5_family_complete,consensus,balanced_accuracy,official_Alexandria_PBE_source_native_public_hull_rank,1.0,1
D5_family_complete,consensus,auroc,official_Alexandria_PBE_source_native_public_hull_rank,1.0,1
D5_family_complete,consensus,auprc,official_Alexandria_PBE_source_native_public_hull_rank,1.0,1
D5_family_complete,consensus,stable_yield@100,official_Alexandria_PBE_source_native_public_hull_rank,1.0,1
D5_family_complete,consensus,stable_yield@300,official_Alexandria_PBE_source_native_public_hull_rank,1.0,1
D5_family_complete,consensus,stable_yield@500,official_Alexandria_PBE_source_native_public_hull_rank,1.0,1
D5_family_complete,consensus,stable_yield@1000,official_Alexandria_PBE_source_native_public_hull_rank,1.0,1
D5_family_complete,consensus,stable_yield@5000,official_Alexandria_PBE_source_native_public_hull_rank,1.0,1
D5_family_complete,consensus,stable_yield@10000,official_Alexandria_PBE_source_native_public_hull_rank,0.9487,1
D5_family_complete,uncertain,f1,official_Alexandria_PBE_source_native_public_hull_rank,0.22154755066874537,11
D5_family_complete,uncertain,precision,official_Alexandria_PBE_source_native_public_hull_rank,0.22154755066874537,11
D5_family_complete,uncertain,recall,official_Alexandria_PBE_source_native_public_hull_rank,0.22154755066874537,11
D5_family_complete,uncertain,balanced_accuracy,official_Alexandria_PBE_source_native_public_hull_rank,0.4180660767765827,11
D5_family_complete,uncertain,auroc,official_Alexandria_PBE_source_native_public_hull_rank,0.5441734824277795,5
D5_family_complete,uncertain,auprc,official_Alexandria_PBE_source_native_public_hull_rank,0.32538527234070386,7
D5_family_complete,uncertain,stable_yield@100,official_Alexandria_PBE_source_native_public_hull_rank,0.12,11
D5_family_complete,uncertain,stable_yield@300,official_Alexandria_PBE_source_native_public_hull_rank,0.17666666666666667,11
D5_family_complete,uncertain,stable_yield@500,official_Alexandria_PBE_source_native_public_hull_rank,0.17,11
D5_family_complete,uncertain,stable_yield@1000,official_Alexandria_PBE_source_native_public_hull_rank,0.187,11
D5_family_complete,uncertain,stable_yield@5000,official_Alexandria_PBE_source_native_public_hull_rank,0.2544,11
D5_family_complete,uncertain,stable_yield@10000,official_Alexandria_PBE_source_native_public_hull_rank,0.2196,11
D5_family_complete,audit_view,f1,official_Alexandria_PBE_source_native_public_hull_rank,0.7822283124275324,2
D5_family_complete,audit_view,precision,official_Alexandria_PBE_source_native_public_hull_rank,0.7822283124275324,2
D5_family_complete,audit_view,recall,official_Alexandria_PBE_source_native_public_hull_rank,0.7822283124275324,2
D5_family_complete,audit_view,balanced_accuracy,official_Alexandria_PBE_source_native_public_hull_rank,0.8532961075225709,2
D5_family_complete,audit_view,auroc,official_Alexandria_PBE_source_native_public_hull_rank,0.9507779608273842,2
D5_family_complete,audit_view,auprc,official_Alexandria_PBE_source_native_public_hull_rank,0.7791557161629435,2
D5_family_complete,audit_view,stable_yield@100,official_Alexandria_PBE_source_native_public_hull_rank,0.88,2
D5_family_complete,audit_view,stable_yield@300,official_Alexandria_PBE_source_native_public_hull_rank,0.8233333333333334,2
D5_family_complete,audit_view,stable_yield@500,official_Alexandria_PBE_source_native_public_hull_rank,0.83,2
D5_family_complete,audit_view,stable_yield@1000,official_Alexandria_PBE_source_native_public_hull_rank,0.813,2
D5_family_complete,audit_view,stable_yield@5000,official_Alexandria_PBE_source_native_public_hull_rank,0.7456,2
D5_family_complete,audit_view,stable_yield@10000,official_Alexandria_PBE_source_native_public_hull_rank,0.7804,2
D5_family_complete,mp_native,f1,prevalence_dummy,0.3726220566715445,10
D5_family_complete,mp_native,precision,prevalence_dummy,0.3726220566715445,10
D5_family_complete,mp_native,recall,prevalence_dummy,0.3726220566715445,10
D5_family_complete,mp_native,balanced_accuracy,prevalence_dummy,0.46966273726631247,10
D5_family_complete,mp_native,auroc,prevalence_dummy,0.5,7
D5_family_complete,mp_native,auprc,prevalence_dummy,0.4085104070430955,7
D5_family_complete,mp_native,stable_yield@100,prevalence_dummy,0.4,10
D5_family_complete,mp_native,stable_yield@300,prevalence_dummy,0.39666666666666667,11
D5_family_complete,mp_native,stable_yield@500,prevalence_dummy,0.476,10
D5_family_complete,mp_native,stable_yield@1000,prevalence_dummy,0.451,9
D5_family_complete,mp_native,stable_yield@5000,prevalence_dummy,0.4354,7
D5_family_complete,mp_native,stable_yield@10000,prevalence_dummy,0.3788,9
D5_family_complete,alexmp20_native,f1,prevalence_dummy,0.34984962406015035,8
D5_family_complete,alexmp20_native,precision,prevalence_dummy,0.34984962406015035,8
D5_family_complete,alexmp20_native,recall,prevalence_dummy,0.34984962406015035,8
D5_family_complete,alexmp20_native,balanced_accuracy,prevalence_dummy,0.4909617450570516,8
D5_family_complete,alexmp20_native,auroc,prevalence_dummy,0.5,7
D5_family_complete,alexmp20_native,auprc,prevalence_dummy,0.36139340253247104,7
D5_family_complete,alexmp20_native,stable_yield@100,prevalence_dummy,0.38,8
D5_family_complete,alexmp20_native,stable_yield@300,prevalence_dummy,0.36333333333333334,10
D5_family_complete,alexmp20_native,stable_yield@500,prevalence_dummy,0.434,7
D5_family_complete,alexmp20_native,stable_yield@1000,prevalence_dummy,0.421,7
D5_family_complete,alexmp20_native,stable_yield@5000,prevalence_dummy,0.3936,7
D5_family_complete,alexmp20_native,stable_yield@10000,prevalence_dummy,0.3339,9
D5_family_complete,alex_pbe_native,f1,prevalence_dummy,0.3382884362680683,7
D5_family_complete,alex_pbe_native,precision,prevalence_dummy,0.3382884362680683,7
D5_family_complete,alex_pbe_native,recall,prevalence_dummy,0.3382884362680683,7
D5_family_complete,alex_pbe_native,balanced_accuracy,prevalence_dummy,0.5055569526422775,7
D5_family_complete,alex_pbe_native,auroc,prevalence_dummy,0.5,7
D5_family_complete,alex_pbe_native,auprc,prevalence_dummy,0.33085158415303517,7
D5_family_complete,alex_pbe_native,stable_yield@100,prevalence_dummy,0.29,11
D5_family_complete,alex_pbe_native,stable_yield@300,prevalence_dummy,0.31,11
D5_family_complete,alex_pbe_native,stable_yield@500,prevalence_dummy,0.386,7
D5_family_complete,alex_pbe_native,stable_yield@1000,prevalence_dummy,0.378,7
D5_family_complete,alex_pbe_native,stable_yield@5000,prevalence_dummy,0.3658,7
D5_family_complete,alex_pbe_native,stable_yield@10000,prevalence_dummy,0.3085,9
D5_family_complete,common_pool,f1,prevalence_dummy,0.4443163896639573,12
D5_family_complete,common_pool,precision,prevalence_dummy,0.4443163896639573,12
D5_family_complete,common_pool,recall,prevalence_dummy,0.4443163896639573,12
D5_family_complete,common_pool,balanced_accuracy,prevalence_dummy,0.4244718362175639,12
D5_family_complete,common_pool,auroc,prevalence_dummy,0.5,7
D5_family_complete,common_pool,auprc,prevalence_dummy,0.517240297430427,8
D5_family_complete,common_pool,stable_yield@100,prevalence_dummy,0.53,11
D5_family_complete,common_pool,stable_yield@300,prevalence_dummy,0.5033333333333333,10
D5_family_complete,common_pool,stable_yield@500,prevalence_dummy,0.55,10
D5_family_complete,common_pool,stable_yield@1000,prevalence_dummy,0.434,12
D5_family_complete,common_pool,stable_yield@5000,prevalence_dummy,0.5052,9
D5_family_complete,common_pool,stable_yield@10000,prevalence_dummy,0.5112,8
D5_family_complete,consensus,f1,prevalence_dummy,0.3478444186781912,10
D5_family_complete,consensus,precision,prevalence_dummy,0.3478444186781912,10
D5_family_complete,consensus,recall,prevalence_dummy,0.3478444186781912,10
D5_family_complete,consensus,balanced_accuracy,prevalence_dummy,0.4694338433951506,10
D5_family_complete,consensus,auroc,prevalence_dummy,0.5,7
D5_family_complete,consensus,auprc,prevalence_dummy,0.3854153971155799,8
D5_family_complete,consensus,stable_yield@100,prevalence_dummy,0.41,10
D5_family_complete,consensus,stable_yield@300,prevalence_dummy,0.43,9
D5_family_complete,consensus,stable_yield@500,prevalence_dummy,0.396,10
D5_family_complete,consensus,stable_yield@1000,prevalence_dummy,0.311,12
D5_family_complete,consensus,stable_yield@5000,prevalence_dummy,0.3944,7
D5_family_complete,consensus,stable_yield@10000,prevalence_dummy,0.336,11
D5_family_complete,uncertain,f1,prevalence_dummy,0.3381472060392221,4
D5_family_complete,uncertain,precision,prevalence_dummy,0.3381472060392221,4
D5_family_complete,uncertain,recall,prevalence_dummy,0.3381472060392221,4
D5_family_complete,uncertain,balanced_accuracy,prevalence_dummy,0.5052304179698446,4
D5_family_complete,uncertain,auroc,prevalence_dummy,0.5,6
D5_family_complete,uncertain,auprc,prevalence_dummy,0.3311504809521222,5
D5_family_complete,uncertain,stable_yield@100,prevalence_dummy,0.31,8
D5_family_complete,uncertain,stable_yield@300,prevalence_dummy,0.27,9
D5_family_complete,uncertain,stable_yield@500,prevalence_dummy,0.282,9
D5_family_complete,uncertain,stable_yield@1000,prevalence_dummy,0.257,9
D5_family_complete,uncertain,stable_yield@5000,prevalence_dummy,0.272,10
D5_family_complete,uncertain,stable_yield@10000,prevalence_dummy,0.3243,5
D5_family_complete,audit_view,f1,prevalence_dummy,0.22810161273321386,10
D5_family_complete,audit_view,precision,prevalence_dummy,0.22810161273321386,10
D5_family_complete,audit_view,recall,prevalence_dummy,0.22810161273321386,10
D5_family_complete,audit_view,balanced_accuracy,prevalence_dummy,0.48000357956814454,10
D5_family_complete,audit_view,auroc,prevalence_dummy,0.5,8
D5_family_complete,audit_view,auprc,prevalence_dummy,0.2577849029944025,9
D5_family_complete,audit_view,stable_yield@100,prevalence_dummy,0.25,10
D5_family_complete,audit_view,stable_yield@300,prevalence_dummy,0.2733333333333333,10
D5_family_complete,audit_view,stable_yield@500,prevalence_dummy,0.322,7
D5_family_complete,audit_view,stable_yield@1000,prevalence_dummy,0.31,7
D5_family_complete,audit_view,stable_yield@5000,prevalence_dummy,0.2882,7
D5_family_complete,audit_view,stable_yield@10000,prevalence_dummy,0.2356,10
D5_family_complete,mp_native,f1,random_baseline,0.40767593454835704,7
D5_family_complete,mp_native,precision,random_baseline,0.40767593454835704,7
D5_family_complete,mp_native,recall,random_baseline,0.40767593454835704,7
D5_family_complete,mp_native,balanced_accuracy,random_baseline,0.49929460086477023,7
D5_family_complete,mp_native,auroc,random_baseline,0.4978849820842205,8
D5_family_complete,mp_native,auprc,random_baseline,0.40613889545115955,8
D5_family_complete,mp_native,stable_yield@100,random_baseline,0.4,10
D5_family_complete,mp_native,stable_yield@300,random_baseline,0.38,12
D5_family_complete,mp_native,stable_yield@500,random_baseline,0.382,12
D5_family_complete,mp_native,stable_yield@1000,random_baseline,0.385,12
D5_family_complete,mp_native,stable_yield@5000,random_baseline,0.4036,9
D5_family_complete,mp_native,stable_yield@10000,random_baseline,0.4066,7
D5_family_complete,alexmp20_native,f1,random_baseline,0.35909774436090225,7
D5_family_complete,alexmp20_native,precision,random_baseline,0.35909774436090225,7
D5_family_complete,alexmp20_native,recall,random_baseline,0.35909774436090225,7
D5_family_complete,alexmp20_native,balanced_accuracy,random_baseline,0.498202603777762,7
D5_family_complete,alexmp20_native,auroc,random_baseline,0.4990235097572883,8
D5_family_complete,alexmp20_native,auprc,random_baseline,0.36049119243535893,8
D5_family_complete,alexmp20_native,stable_yield@100,random_baseline,0.37,9
D5_family_complete,alexmp20_native,stable_yield@300,random_baseline,0.33666666666666667,11
D5_family_complete,alexmp20_native,stable_yield@500,random_baseline,0.35,11
D5_family_complete,alexmp20_native,stable_yield@1000,random_baseline,0.345,11
D5_family_complete,alexmp20_native,stable_yield@5000,random_baseline,0.3638,8
D5_family_complete,alexmp20_native,stable_yield@10000,random_baseline,0.3607,7
D5_family_complete,alex_pbe_native,f1,random_baseline,0.32826872536136664,8
D5_family_complete,alex_pbe_native,precision,random_baseline,0.32826872536136664,8
D5_family_complete,alex_pbe_native,recall,random_baseline,0.32826872536136664,8
D5_family_complete,alex_pbe_native,balanced_accuracy,random_baseline,0.4980700404196584,8
D5_family_complete,alex_pbe_native,auroc,random_baseline,0.49641968754005383,9
D5_family_complete,alex_pbe_native,auprc,random_baseline,0.32858833501132445,8
D5_family_complete,alex_pbe_native,stable_yield@100,random_baseline,0.36,8
D5_family_complete,alex_pbe_native,stable_yield@300,random_baseline,0.31666666666666665,10
D5_family_complete,alex_pbe_native,stable_yield@500,random_baseline,0.32,11
D5_family_complete,alex_pbe_native,stable_yield@1000,random_baseline,0.314,11
D5_family_complete,alex_pbe_native,stable_yield@5000,random_baseline,0.3268,9
D5_family_complete,alex_pbe_native,stable_yield@10000,random_baseline,0.3293,7
D5_family_complete,common_pool,f1,random_baseline,0.5154676695377897,7
D5_family_complete,common_pool,precision,random_baseline,0.5154676695377897,7
D5_family_complete,common_pool,recall,random_baseline,0.5154676695377897,7
D5_family_complete,common_pool,balanced_accuracy,random_baseline,0.49816406808273117,7
D5_family_complete,common_pool,auroc,random_baseline,0.4964807320084361,8
D5_family_complete,common_pool,auprc,random_baseline,0.5133933595306117,9
D5_family_complete,common_pool,stable_yield@100,random_baseline,0.47,12
D5_family_complete,common_pool,stable_yield@300,random_baseline,0.4866666666666667,11
D5_family_complete,common_pool,stable_yield@500,random_baseline,0.478,12
D5_family_complete,common_pool,stable_yield@1000,random_baseline,0.49,11
D5_family_complete,common_pool,stable_yield@5000,random_baseline,0.5136,8
D5_family_complete,common_pool,stable_yield@10000,random_baseline,0.5136,7
D5_family_complete,consensus,f1,random_baseline,0.3849478233371983,7
D5_family_complete,consensus,precision,random_baseline,0.3849478233371983,7
D5_family_complete,consensus,recall,random_baseline,0.3849478233371983,7
D5_family_complete,consensus,balanced_accuracy,random_baseline,0.4996196017796515,7
D5_family_complete,consensus,auroc,random_baseline,0.4982534687869514,8
D5_family_complete,consensus,auprc,random_baseline,0.38405910074240507,9
D5_family_complete,consensus,stable_yield@100,random_baseline,0.4,11
D5_family_complete,consensus,stable_yield@300,random_baseline,0.37666666666666665,11
D5_family_complete,consensus,stable_yield@500,random_baseline,0.352,11
D5_family_complete,consensus,stable_yield@1000,random_baseline,0.39,9
D5_family_complete,consensus,stable_yield@5000,random_baseline,0.386,8
D5_family_complete,consensus,stable_yield@10000,random_baseline,0.3848,7
D5_family_complete,uncertain,f1,random_baseline,0.3300237958480348,5
D5_family_complete,uncertain,precision,random_baseline,0.3300237958480348,5
D5_family_complete,uncertain,recall,random_baseline,0.3300237958480348,5
D5_family_complete,uncertain,balanced_accuracy,random_baseline,0.4991577439528616,5
D5_family_complete,uncertain,auroc,random_baseline,0.49886389063940473,7
D5_family_complete,uncertain,auprc,random_baseline,0.32881496598353377,6
D5_family_complete,uncertain,stable_yield@100,random_baseline,0.24,10
D5_family_complete,uncertain,stable_yield@300,random_baseline,0.31,8
D5_family_complete,uncertain,stable_yield@500,random_baseline,0.304,8
D5_family_complete,uncertain,stable_yield@1000,random_baseline,0.313,6
D5_family_complete,uncertain,stable_yield@5000,random_baseline,0.3234,6
D5_family_complete,uncertain,stable_yield@10000,random_baseline,0.3276,4
D5_family_complete,audit_view,f1,random_baseline,0.25856435121745547,7
D5_family_complete,audit_view,precision,random_baseline,0.25856435121745547,7
D5_family_complete,audit_view,recall,random_baseline,0.25856435121745547,7
D5_family_complete,audit_view,balanced_accuracy,random_baseline,0.500525082436478,7
D5_family_complete,audit_view,auroc,random_baseline,0.4990621018220044,9
D5_family_complete,audit_view,auprc,random_baseline,0.25786466389851437,8
D5_family_complete,audit_view,stable_yield@100,random_baseline,0.3,9
D5_family_complete,audit_view,stable_yield@300,random_baseline,0.25333333333333335,11
D5_family_complete,audit_view,stable_yield@500,random_baseline,0.262,11
D5_family_complete,audit_view,stable_yield@1000,random_baseline,0.25,11
D5_family_complete,audit_view,stable_yield@5000,random_baseline,0.2598,9
D5_family_complete,audit_view,stable_yield@10000,random_baseline,0.2586,7
D5_max_coverage_union,mp_native,f1,ALIGNN-FF,0.3502727151789278,12
D5_max_coverage_union,mp_native,precision,ALIGNN-FF,0.3502727151789278,12
D5_max_coverage_union,mp_native,recall,ALIGNN-FF,0.3502727151789278,12
D5_max_coverage_union,mp_native,balanced_accuracy,ALIGNN-FF,0.4507703156931023,12
D5_max_coverage_union,mp_native,auroc,ALIGNN-FF,0.46338782650053,12
D5_max_coverage_union,mp_native,auprc,ALIGNN-FF,0.3800404239143464,12
D5_max_coverage_union,mp_native,stable_yield@100,ALIGNN-FF,0.52,9
D5_max_coverage_union,mp_native,stable_yield@300,ALIGNN-FF,0.4166666666666667,10
D5_max_coverage_union,mp_native,stable_yield@500,ALIGNN-FF,0.404,11
D5_max_coverage_union,mp_native,stable_yield@1000,ALIGNN-FF,0.404,11
D5_max_coverage_union,mp_native,stable_yield@5000,ALIGNN-FF,0.339,12
D5_max_coverage_union,mp_native,stable_yield@10000,ALIGNN-FF,0.3412,11
D5_max_coverage_union,alexmp20_native,f1,ALIGNN-FF,0.31090225563909774,12
D5_max_coverage_union,alexmp20_native,precision,ALIGNN-FF,0.31090225563909774,12
D5_max_coverage_union,alexmp20_native,recall,ALIGNN-FF,0.31090225563909774,12
D5_max_coverage_union,alexmp20_native,balanced_accuracy,ALIGNN-FF,0.4604677221519461,12
D5_max_coverage_union,alexmp20_native,auroc,ALIGNN-FF,0.47078815880651337,12
D5_max_coverage_union,alexmp20_native,auprc,ALIGNN-FF,0.33506030471085,12
D5_max_coverage_union,alexmp20_native,stable_yield@100,ALIGNN-FF,0.35,10
D5_max_coverage_union,alexmp20_native,stable_yield@300,ALIGNN-FF,0.2633333333333333,12
D5_max_coverage_union,alexmp20_native,stable_yield@500,ALIGNN-FF,0.268,12
D5_max_coverage_union,alexmp20_native,stable_yield@1000,ALIGNN-FF,0.323,12
D5_max_coverage_union,alexmp20_native,stable_yield@5000,ALIGNN-FF,0.2966,12
D5_max_coverage_union,alexmp20_native,stable_yield@10000,ALIGNN-FF,0.3052,12
D5_max_coverage_union,alex_pbe_native,f1,ALIGNN-FF,0.2918856767411301,11
D5_max_coverage_union,alex_pbe_native,precision,ALIGNN-FF,0.2918856767411301,11
D5_max_coverage_union,alex_pbe_native,recall,ALIGNN-FF,0.2918856767411301,11
D5_max_coverage_union,alex_pbe_native,balanced_accuracy,ALIGNN-FF,0.4708839575129349,11
D5_max_coverage_union,alex_pbe_native,auroc,ALIGNN-FF,0.4827987217685911,11
D5_max_coverage_union,alex_pbe_native,auprc,ALIGNN-FF,0.3127495121368052,12
D5_max_coverage_union,alex_pbe_native,stable_yield@100,ALIGNN-FF,0.29,11
D5_max_coverage_union,alex_pbe_native,stable_yield@300,ALIGNN-FF,0.22,12
D5_max_coverage_union,alex_pbe_native,stable_yield@500,ALIGNN-FF,0.238,12
D5_max_coverage_union,alex_pbe_native,stable_yield@1000,ALIGNN-FF,0.299,12
D5_max_coverage_union,alex_pbe_native,stable_yield@5000,ALIGNN-FF,0.2894,12
D5_max_coverage_union,alex_pbe_native,stable_yield@10000,ALIGNN-FF,0.2919,11
D5_max_coverage_union,common_pool,f1,ALIGNN-FF,0.48337983743782603,11
D5_max_coverage_union,common_pool,precision,ALIGNN-FF,0.48337983743782603,11
D5_max_coverage_union,common_pool,recall,ALIGNN-FF,0.48337983743782603,11
D5_max_coverage_union,common_pool,balanced_accuracy,ALIGNN-FF,0.46493031645726357,11
D5_max_coverage_union,common_pool,auroc,ALIGNN-FF,0.4776810869639723,11
D5_max_coverage_union,common_pool,auprc,ALIGNN-FF,0.4963726286121348,12
D5_max_coverage_union,common_pool,stable_yield@100,ALIGNN-FF,0.57,10
D5_max_coverage_union,common_pool,stable_yield@300,ALIGNN-FF,0.48333333333333334,12
D5_max_coverage_union,common_pool,stable_yield@500,ALIGNN-FF,0.48,11
D5_max_coverage_union,common_pool,stable_yield@1000,ALIGNN-FF,0.499,10
D5_max_coverage_union,common_pool,stable_yield@5000,ALIGNN-FF,0.466,12
D5_max_coverage_union,common_pool,stable_yield@10000,ALIGNN-FF,0.4708,11
D5_max_coverage_union,consensus,f1,ALIGNN-FF,0.32981975334668495,12
D5_max_coverage_union,consensus,precision,ALIGNN-FF,0.32981975334668495,12
D5_max_coverage_union,consensus,recall,ALIGNN-FF,0.32981975334668495,12
D5_max_coverage_union,consensus,balanced_accuracy,ALIGNN-FF,0.4547697391799528,12
D5_max_coverage_union,consensus,auroc,ALIGNN-FF,0.47256744554615276,12
D5_max_coverage_union,consensus,auprc,ALIGNN-FF,0.3600787647691679,12
D5_max_coverage_union,consensus,stable_yield@100,ALIGNN-FF,0.37,12
D5_max_coverage_union,consensus,stable_yield@300,ALIGNN-FF,0.3,12
D5_max_coverage_union,consensus,stable_yield@500,ALIGNN-FF,0.35,12
D5_max_coverage_union,consensus,stable_yield@1000,ALIGNN-FF,0.355,11
D5_max_coverage_union,consensus,stable_yield@5000,ALIGNN-FF,0.326,12
D5_max_coverage_union,consensus,stable_yield@10000,ALIGNN-FF,0.33,12
D5_max_coverage_union,uncertain,f1,ALIGNN-FF,0.30885369656191025,9
D5_max_coverage_union,uncertain,precision,ALIGNN-FF,0.30885369656191025,9
D5_max_coverage_union,uncertain,recall,ALIGNN-FF,0.30885369656191025,9
D5_max_coverage_union,uncertain,balanced_accuracy,ALIGNN-FF,0.4833319874237543,9
D5_max_coverage_union,uncertain,auroc,ALIGNN-FF,0.47735467047541574,11
D5_max_coverage_union,uncertain,auprc,ALIGNN-FF,0.31797915044783065,11
D5_max_coverage_union,uncertain,stable_yield@100,ALIGNN-FF,0.38,6
D5_max_coverage_union,uncertain,stable_yield@300,ALIGNN-FF,0.36333333333333334,6
D5_max_coverage_union,uncertain,stable_yield@500,ALIGNN-FF,0.322,6
D5_max_coverage_union,uncertain,stable_yield@1000,ALIGNN-FF,0.311,7
D5_max_coverage_union,uncertain,stable_yield@5000,ALIGNN-FF,0.3124,9
D5_max_coverage_union,uncertain,stable_yield@10000,ALIGNN-FF,0.3075,9
D5_max_coverage_union,audit_view,f1,ALIGNN-FF,0.22515020554442922,11
D5_max_coverage_union,audit_view,precision,ALIGNN-FF,0.22515020554442922,11
D5_max_coverage_union,audit_view,recall,ALIGNN-FF,0.22515020554442922,11
D5_max_coverage_union,audit_view,balanced_accuracy,ALIGNN-FF,0.47801533707571087,11
D5_max_coverage_union,audit_view,auroc,ALIGNN-FF,0.48845314708619547,11
D5_max_coverage_union,audit_view,auprc,ALIGNN-FF,0.2456887829605552,12
D5_max_coverage_union,audit_view,stable_yield@100,ALIGNN-FF,0.25,10
D5_max_coverage_union,audit_view,stable_yield@300,ALIGNN-FF,0.18666666666666668,12
D5_max_coverage_union,audit_view,stable_yield@500,ALIGNN-FF,0.204,12
D5_max_coverage_union,audit_view,stable_yield@1000,ALIGNN-FF,0.245,12
D5_max_coverage_union,audit_view,stable_yield@5000,ALIGNN-FF,0.2264,12
D5_max_coverage_union,audit_view,stable_yield@10000,ALIGNN-FF,0.2273,11
D5_max_coverage_union,mp_native,f1,CHGNet,0.36111480643873883,11
D5_max_coverage_union,mp_native,precision,CHGNet,0.36111480643873883,11
D5_max_coverage_union,mp_native,recall,CHGNet,0.36111480643873883,11
D5_max_coverage_union,mp_native,balanced_accuracy,CHGNet,0.4599252536351364,11
D5_max_coverage_union,mp_native,auroc,CHGNet,0.4663785149428588,11
D5_max_coverage_union,mp_native,auprc,CHGNet,0.386028293860766,11
D5_max_coverage_union,mp_native,stable_yield@100,CHGNet,0.62,5
D5_max_coverage_union,mp_native,stable_yield@300,CHGNet,0.54,7
D5_max_coverage_union,mp_native,stable_yield@500,CHGNet,0.484,9
D5_max_coverage_union,mp_native,stable_yield@1000,CHGNet,0.442,10
D5_max_coverage_union,mp_native,stable_yield@5000,CHGNet,0.3532,11
D5_max_coverage_union,mp_native,stable_yield@10000,CHGNet,0.3404,12
D5_max_coverage_union,alexmp20_native,f1,CHGNet,0.31781954887218045,11
D5_max_coverage_union,alexmp20_native,precision,CHGNet,0.31781954887218045,11
D5_max_coverage_union,alexmp20_native,recall,CHGNet,0.31781954887218045,11
D5_max_coverage_union,alexmp20_native,balanced_accuracy,CHGNet,0.46587543547179083,11
D5_max_coverage_union,alexmp20_native,auroc,CHGNet,0.47649618493278,11
D5_max_coverage_union,alexmp20_native,auprc,CHGNet,0.3423696989798331,11
D5_max_coverage_union,alexmp20_native,stable_yield@100,CHGNet,0.42,6
D5_max_coverage_union,alexmp20_native,stable_yield@300,CHGNet,0.39,8
D5_max_coverage_union,alexmp20_native,stable_yield@500,CHGNet,0.368,10
D5_max_coverage_union,alexmp20_native,stable_yield@1000,CHGNet,0.359,10
D5_max_coverage_union,alexmp20_native,stable_yield@5000,CHGNet,0.314,11
D5_max_coverage_union,alexmp20_native,stable_yield@10000,CHGNet,0.3067,11
D5_max_coverage_union,alex_pbe_native,f1,CHGNet,0.28901116951379763,12
D5_max_coverage_union,alex_pbe_native,precision,CHGNet,0.28901116951379763,12
D5_max_coverage_union,alex_pbe_native,recall,CHGNet,0.28901116951379763,12
D5_max_coverage_union,alex_pbe_native,balanced_accuracy,CHGNet,0.4687289350107059,12
D5_max_coverage_union,alex_pbe_native,auroc,CHGNet,0.48128657857347734,12
D5_max_coverage_union,alex_pbe_native,auprc,CHGNet,0.3147672985817327,11
D5_max_coverage_union,alex_pbe_native,stable_yield@100,CHGNet,0.38,6
D5_max_coverage_union,alex_pbe_native,stable_yield@300,CHGNet,0.33,8
D5_max_coverage_union,alex_pbe_native,stable_yield@500,CHGNet,0.326,10
D5_max_coverage_union,alex_pbe_native,stable_yield@1000,CHGNet,0.321,10
D5_max_coverage_union,alex_pbe_native,stable_yield@5000,CHGNet,0.2932,11
D5_max_coverage_union,alex_pbe_native,stable_yield@10000,CHGNet,0.2853,12
D5_max_coverage_union,common_pool,f1,CHGNet,0.48459298798980954,10
D5_max_coverage_union,common_pool,precision,CHGNet,0.48459298798980954,10
D5_max_coverage_union,common_pool,recall,CHGNet,0.48459298798980954,10
D5_max_coverage_union,common_pool,balanced_accuracy,CHGNet,0.4661688454832708,10
D5_max_coverage_union,common_pool,auroc,CHGNet,0.47714848087546924,12
D5_max_coverage_union,common_pool,auprc,CHGNet,0.5011589083844536,11
D5_max_coverage_union,common_pool,stable_yield@100,CHGNet,0.72,7
D5_max_coverage_union,common_pool,stable_yield@300,CHGNet,0.62,8
D5_max_coverage_union,common_pool,stable_yield@500,CHGNet,0.578,9
D5_max_coverage_union,common_pool,stable_yield@1000,CHGNet,0.54,9
D5_max_coverage_union,common_pool,stable_yield@5000,CHGNet,0.478,11
D5_max_coverage_union,common_pool,stable_yield@10000,CHGNet,0.4654,12
D5_max_coverage_union,consensus,f1,CHGNet,0.33846316011384,11
D5_max_coverage_union,consensus,precision,CHGNet,0.33846316011384,11
D5_max_coverage_union,consensus,recall,CHGNet,0.33846316011384,11
D5_max_coverage_union,consensus,balanced_accuracy,CHGNet,0.46178793624122616,11
D5_max_coverage_union,consensus,auroc,CHGNet,0.47316068878310924,11
D5_max_coverage_union,consensus,auprc,CHGNet,0.3652564747342638,11
D5_max_coverage_union,consensus,stable_yield@100,CHGNet,0.54,8
D5_max_coverage_union,consensus,stable_yield@300,CHGNet,0.4266666666666667,10
D5_max_coverage_union,consensus,stable_yield@500,CHGNet,0.414,9
D5_max_coverage_union,consensus,stable_yield@1000,CHGNet,0.379,10
D5_max_coverage_union,consensus,stable_yield@5000,CHGNet,0.327,11
D5_max_coverage_union,consensus,stable_yield@10000,CHGNet,0.3405,10
D5_max_coverage_union,uncertain,f1,CHGNet,0.3105768441782227,8
D5_max_coverage_union,uncertain,precision,CHGNet,0.3105768441782227,8
D5_max_coverage_union,uncertain,recall,CHGNet,0.3105768441782227,8
D5_max_coverage_union,uncertain,balanced_accuracy,CHGNet,0.484613196607678,8
D5_max_coverage_union,uncertain,auroc,CHGNet,0.4793019966362194,10
D5_max_coverage_union,uncertain,auprc,CHGNet,0.3219519754434177,10
D5_max_coverage_union,uncertain,stable_yield@100,CHGNet,0.39,3
D5_max_coverage_union,uncertain,stable_yield@300,CHGNet,0.38,4
D5_max_coverage_union,uncertain,stable_yield@500,CHGNet,0.372,3
D5_max_coverage_union,uncertain,stable_yield@1000,CHGNet,0.354,3
D5_max_coverage_union,uncertain,stable_yield@5000,CHGNet,0.324,5
D5_max_coverage_union,uncertain,stable_yield@10000,CHGNet,0.3086,8
D5_max_coverage_union,audit_view,f1,CHGNet,0.2232528723516391,12
D5_max_coverage_union,audit_view,precision,CHGNet,0.2232528723516391,12
D5_max_coverage_union,audit_view,recall,CHGNet,0.2232528723516391,12
D5_max_coverage_union,audit_view,balanced_accuracy,CHGNet,0.47673224272191317,12
D5_max_coverage_union,audit_view,auroc,CHGNet,0.487977057724826,12
D5_max_coverage_union,audit_view,auprc,CHGNet,0.24775629953573888,11
D5_max_coverage_union,audit_view,stable_yield@100,CHGNet,0.34,5
D5_max_coverage_union,audit_view,stable_yield@300,CHGNet,0.2833333333333333,9
D5_max_coverage_union,audit_view,stable_yield@500,CHGNet,0.266,10
D5_max_coverage_union,audit_view,stable_yield@1000,CHGNet,0.261,10
D5_max_coverage_union,audit_view,stable_yield@5000,CHGNet,0.2294,11
D5_max_coverage_union,audit_view,stable_yield@10000,CHGNet,0.2232,12
D5_max_coverage_union,mp_native,f1,M3GNet,0.3737528269256352,9
D5_max_coverage_union,mp_native,precision,M3GNet,0.3737528269256352,9
D5_max_coverage_union,mp_native,recall,M3GNet,0.3737528269256352,9
D5_max_coverage_union,mp_native,balanced_accuracy,M3GNet,0.47061860383400467,9
D5_max_coverage_union,mp_native,auroc,M3GNet,0.4806903353990174,10
D5_max_coverage_union,mp_native,auprc,M3GNet,0.3982855260120711,10
D5_max_coverage_union,mp_native,stable_yield@100,M3GNet,0.58,7
D5_max_coverage_union,mp_native,stable_yield@300,M3GNet,0.53,8
D5_max_coverage_union,mp_native,stable_yield@500,M3GNet,0.5,8
D5_max_coverage_union,mp_native,stable_yield@1000,M3GNet,0.461,8
D5_max_coverage_union,mp_native,stable_yield@5000,M3GNet,0.3822,10
D5_max_coverage_union,mp_native,stable_yield@10000,M3GNet,0.3661,10
D5_max_coverage_union,alexmp20_native,f1,M3GNet,0.3357894736842105,10
D5_max_coverage_union,alexmp20_native,precision,M3GNet,0.3357894736842105,10
D5_max_coverage_union,alexmp20_native,recall,M3GNet,0.3357894736842105,10
D5_max_coverage_union,alexmp20_native,balanced_accuracy,M3GNet,0.47995328505076834,10
D5_max_coverage_union,alexmp20_native,auroc,M3GNet,0.48952281296808525,10
D5_max_coverage_union,alexmp20_native,auprc,M3GNet,0.35203972576808107,10
D5_max_coverage_union,alexmp20_native,stable_yield@100,M3GNet,0.35,10
D5_max_coverage_union,alexmp20_native,stable_yield@300,M3GNet,0.37333333333333335,9
D5_max_coverage_union,alexmp20_native,stable_yield@500,M3GNet,0.378,9
D5_max_coverage_union,alexmp20_native,stable_yield@1000,M3GNet,0.373,9
D5_max_coverage_union,alexmp20_native,stable_yield@5000,M3GNet,0.3384,10
D5_max_coverage_union,alexmp20_native,stable_yield@10000,M3GNet,0.3297,10
D5_max_coverage_union,alex_pbe_native,f1,M3GNet,0.30609395532194483,10
D5_max_coverage_union,alex_pbe_native,precision,M3GNet,0.30609395532194483,10
D5_max_coverage_union,alex_pbe_native,recall,M3GNet,0.30609395532194483,10
D5_max_coverage_union,alex_pbe_native,balanced_accuracy,M3GNet,0.4815006445171407,10
D5_max_coverage_union,alex_pbe_native,auroc,M3GNet,0.49262126657903416,10
D5_max_coverage_union,alex_pbe_native,auprc,M3GNet,0.32331305018797435,10
D5_max_coverage_union,alex_pbe_native,stable_yield@100,M3GNet,0.33,9
D5_max_coverage_union,alex_pbe_native,stable_yield@300,M3GNet,0.33,8
D5_max_coverage_union,alex_pbe_native,stable_yield@500,M3GNet,0.338,9
D5_max_coverage_union,alex_pbe_native,stable_yield@1000,M3GNet,0.338,8
D5_max_coverage_union,alex_pbe_native,stable_yield@5000,M3GNet,0.3114,10
D5_max_coverage_union,alex_pbe_native,stable_yield@10000,M3GNet,0.3032,10
D5_max_coverage_union,common_pool,f1,M3GNet,0.4907800558049254,9
D5_max_coverage_union,common_pool,precision,M3GNet,0.4907800558049254,9
D5_max_coverage_union,common_pool,recall,M3GNet,0.4907800558049254,9
D5_max_coverage_union,common_pool,balanced_accuracy,M3GNet,0.4725948111610576,9
D5_max_coverage_union,common_pool,auroc,M3GNet,0.48624135935746654,10
D5_max_coverage_union,common_pool,auprc,M3GNet,0.5101838003090617,10
D5_max_coverage_union,common_pool,stable_yield@100,M3GNet,0.68,9
D5_max_coverage_union,common_pool,stable_yield@300,M3GNet,0.6166666666666667,9
D5_max_coverage_union,common_pool,stable_yield@500,M3GNet,0.598,8
D5_max_coverage_union,common_pool,stable_yield@1000,M3GNet,0.553,8
D5_max_coverage_union,common_pool,stable_yield@5000,M3GNet,0.504,10
D5_max_coverage_union,common_pool,stable_yield@10000,M3GNet,0.4842,10
D5_max_coverage_union,consensus,f1,M3GNet,0.3542742700537578,9
D5_max_coverage_union,consensus,precision,M3GNet,0.3542742700537578,9
D5_max_coverage_union,consensus,recall,M3GNet,0.3542742700537578,9
D5_max_coverage_union,consensus,balanced_accuracy,M3GNet,0.47466489811519197,9
D5_max_coverage_union,consensus,auroc,M3GNet,0.48693090037707537,10
D5_max_coverage_union,consensus,auprc,M3GNet,0.37740592849345683,10
D5_max_coverage_union,consensus,stable_yield@100,M3GNet,0.5,9
D5_max_coverage_union,consensus,stable_yield@300,M3GNet,0.45,8
D5_max_coverage_union,consensus,stable_yield@500,M3GNet,0.424,8
D5_max_coverage_union,consensus,stable_yield@1000,M3GNet,0.413,7
D5_max_coverage_union,consensus,stable_yield@5000,M3GNet,0.3598,10
D5_max_coverage_union,consensus,stable_yield@10000,M3GNet,0.3552,9
D5_max_coverage_union,uncertain,f1,M3GNet,0.31336670222368096,7
D5_max_coverage_union,uncertain,precision,M3GNet,0.31336670222368096,7
D5_max_coverage_union,uncertain,recall,M3GNet,0.31336670222368096,7
D5_max_coverage_union,uncertain,balanced_accuracy,M3GNet,0.48670569521096707,7
D5_max_coverage_union,uncertain,auroc,M3GNet,0.48171416910767995,9
D5_max_coverage_union,uncertain,auprc,M3GNet,0.3232277421530846,9
D5_max_coverage_union,uncertain,stable_yield@100,M3GNet,0.39,3
D5_max_coverage_union,uncertain,stable_yield@300,M3GNet,0.37666666666666665,5
D5_max_coverage_union,uncertain,stable_yield@500,M3GNet,0.352,5
D5_max_coverage_union,uncertain,stable_yield@1000,M3GNet,0.342,5
D5_max_coverage_union,uncertain,stable_yield@5000,M3GNet,0.3286,4
D5_max_coverage_union,uncertain,stable_yield@10000,M3GNet,0.3134,7
D5_max_coverage_union,audit_view,f1,M3GNet,0.24043427848634974,9
D5_max_coverage_union,audit_view,precision,M3GNet,0.24043427848634974,9
D5_max_coverage_union,audit_view,recall,M3GNet,0.24043427848634974,9
D5_max_coverage_union,audit_view,balanced_accuracy,M3GNet,0.4883115928400996,9
D5_max_coverage_union,audit_view,auroc,M3GNet,0.49810955504474547,10
D5_max_coverage_union,audit_view,auprc,M3GNet,0.25546418772278606,10
D5_max_coverage_union,audit_view,stable_yield@100,M3GNet,0.31,7
D5_max_coverage_union,audit_view,stable_yield@300,M3GNet,0.2866666666666667,8
D5_max_coverage_union,audit_view,stable_yield@500,M3GNet,0.292,9
D5_max_coverage_union,audit_view,stable_yield@1000,M3GNet,0.279,8
D5_max_coverage_union,audit_view,stable_yield@5000,M3GNet,0.249,10
D5_max_coverage_union,audit_view,stable_yield@10000,M3GNet,0.2398,9
D5_max_coverage_union,mp_native,f1,MACE-MP,0.37940667819608886,8
D5_max_coverage_union,mp_native,precision,MACE-MP,0.37940667819608886,8
D5_max_coverage_union,mp_native,recall,MACE-MP,0.37940667819608886,8
D5_max_coverage_union,mp_native,balanced_accuracy,MACE-MP,0.4753979366724656,8
D5_max_coverage_union,mp_native,auroc,MACE-MP,0.48718680234394107,9
D5_max_coverage_union,mp_native,auprc,MACE-MP,0.4051540421249722,9
D5_max_coverage_union,mp_native,stable_yield@100,MACE-MP,0.61,6
D5_max_coverage_union,mp_native,stable_yield@300,MACE-MP,0.56,6
D5_max_coverage_union,mp_native,stable_yield@500,MACE-MP,0.53,7
D5_max_coverage_union,mp_native,stable_yield@1000,MACE-MP,0.465,7
D5_max_coverage_union,mp_native,stable_yield@5000,MACE-MP,0.4088,8
D5_max_coverage_union,mp_native,stable_yield@10000,MACE-MP,0.3818,8
D5_max_coverage_union,alexmp20_native,f1,MACE-MP,0.3426315789473684,9
D5_max_coverage_union,alexmp20_native,precision,MACE-MP,0.3426315789473684,9
D5_max_coverage_union,alexmp20_native,recall,MACE-MP,0.3426315789473684,9
D5_max_coverage_union,alexmp20_native,balanced_accuracy,MACE-MP,0.48531034312869226,9
D5_max_coverage_union,alexmp20_native,auroc,MACE-MP,0.49647532316878484,9
D5_max_coverage_union,alexmp20_native,auprc,MACE-MP,0.3592279428030877,9
D5_max_coverage_union,alexmp20_native,stable_yield@100,MACE-MP,0.42,6
D5_max_coverage_union,alexmp20_native,stable_yield@300,MACE-MP,0.41333333333333333,7
D5_max_coverage_union,alexmp20_native,stable_yield@500,MACE-MP,0.41,8
D5_max_coverage_union,alexmp20_native,stable_yield@1000,MACE-MP,0.385,8
D5_max_coverage_union,alexmp20_native,stable_yield@5000,MACE-MP,0.3612,9
D5_max_coverage_union,alexmp20_native,stable_yield@10000,MACE-MP,0.3436,8
D5_max_coverage_union,alex_pbe_native,f1,MACE-MP,0.31521024967148487,9
D5_max_coverage_union,alex_pbe_native,precision,MACE-MP,0.31521024967148487,9
D5_max_coverage_union,alex_pbe_native,recall,MACE-MP,0.31521024967148487,9
D5_max_coverage_union,alex_pbe_native,balanced_accuracy,MACE-MP,0.48831250727706466,9
D5_max_coverage_union,alex_pbe_native,auroc,MACE-MP,0.4990543584587852,8
D5_max_coverage_union,alex_pbe_native,auprc,MACE-MP,0.3285882214703185,9
D5_max_coverage_union,alex_pbe_native,stable_yield@100,MACE-MP,0.37,7
D5_max_coverage_union,alex_pbe_native,stable_yield@300,MACE-MP,0.35333333333333333,7
D5_max_coverage_union,alex_pbe_native,stable_yield@500,MACE-MP,0.354,8
D5_max_coverage_union,alex_pbe_native,stable_yield@1000,MACE-MP,0.337,9
D5_max_coverage_union,alex_pbe_native,stable_yield@5000,MACE-MP,0.3306,8
D5_max_coverage_union,alex_pbe_native,stable_yield@10000,MACE-MP,0.3164,8
D5_max_coverage_union,common_pool,f1,MACE-MP,0.49751304136843383,8
D5_max_coverage_union,common_pool,precision,MACE-MP,0.49751304136843383,8
D5_max_coverage_union,common_pool,recall,MACE-MP,0.49751304136843383,8
D5_max_coverage_union,common_pool,balanced_accuracy,MACE-MP,0.4795682448669686,8
D5_max_coverage_union,common_pool,auroc,MACE-MP,0.49554978462142807,9
D5_max_coverage_union,common_pool,auprc,MACE-MP,0.5182961027178061,7
D5_max_coverage_union,common_pool,stable_yield@100,MACE-MP,0.71,8
D5_max_coverage_union,common_pool,stable_yield@300,MACE-MP,0.6366666666666667,7
D5_max_coverage_union,common_pool,stable_yield@500,MACE-MP,0.616,7
D5_max_coverage_union,common_pool,stable_yield@1000,MACE-MP,0.565,7
D5_max_coverage_union,common_pool,stable_yield@5000,MACE-MP,0.5262,7
D5_max_coverage_union,common_pool,stable_yield@10000,MACE-MP,0.5006,9
D5_max_coverage_union,consensus,f1,MACE-MP,0.36217982502371665,8
D5_max_coverage_union,consensus,precision,MACE-MP,0.36217982502371665,8
D5_max_coverage_union,consensus,recall,MACE-MP,0.36217982502371665,8
D5_max_coverage_union,consensus,balanced_accuracy,MACE-MP,0.4810965227709805,8
D5_max_coverage_union,consensus,auroc,MACE-MP,0.49759783587627526,9
D5_max_coverage_union,consensus,auprc,MACE-MP,0.38636983239392975,7
D5_max_coverage_union,consensus,stable_yield@100,MACE-MP,0.57,7
D5_max_coverage_union,consensus,stable_yield@300,MACE-MP,0.47333333333333333,7
D5_max_coverage_union,consensus,stable_yield@500,MACE-MP,0.442,7
D5_max_coverage_union,consensus,stable_yield@1000,MACE-MP,0.41,8
D5_max_coverage_union,consensus,stable_yield@5000,MACE-MP,0.3822,9
D5_max_coverage_union,consensus,stable_yield@10000,MACE-MP,0.3629,8
D5_max_coverage_union,uncertain,f1,MACE-MP,0.3164847788627226,6
D5_max_coverage_union,uncertain,precision,MACE-MP,0.3164847788627226,6
D5_max_coverage_union,uncertain,recall,MACE-MP,0.3164847788627226,6
D5_max_coverage_union,uncertain,balanced_accuracy,MACE-MP,0.4890366205912232,6
D5_max_coverage_union,uncertain,auroc,MACE-MP,0.4831995649220195,8
D5_max_coverage_union,uncertain,auprc,MACE-MP,0.324247917183357,8
D5_max_coverage_union,uncertain,stable_yield@100,MACE-MP,0.39,3
D5_max_coverage_union,uncertain,stable_yield@300,MACE-MP,0.3933333333333333,3
D5_max_coverage_union,uncertain,stable_yield@500,MACE-MP,0.356,4
D5_max_coverage_union,uncertain,stable_yield@1000,MACE-MP,0.354,3
D5_max_coverage_union,uncertain,stable_yield@5000,MACE-MP,0.3218,8
D5_max_coverage_union,uncertain,stable_yield@10000,MACE-MP,0.3198,6
D5_max_coverage_union,audit_view,f1,MACE-MP,0.25466427743227577,8
D5_max_coverage_union,audit_view,precision,MACE-MP,0.25466427743227577,8
D5_max_coverage_union,audit_view,recall,MACE-MP,0.25466427743227577,8
D5_max_coverage_union,audit_view,balanced_accuracy,MACE-MP,0.49789776200004787,8
D5_max_coverage_union,audit_view,auroc,MACE-MP,0.5061416953681388,7
D5_max_coverage_union,audit_view,auprc,MACE-MP,0.2611515151497135,7
D5_max_coverage_union,audit_view,stable_yield@100,MACE-MP,0.34,5
D5_max_coverage_union,audit_view,stable_yield@300,MACE-MP,0.30333333333333334,7
D5_max_coverage_union,audit_view,stable_yield@500,MACE-MP,0.304,8
D5_max_coverage_union,audit_view,stable_yield@1000,MACE-MP,0.277,9
D5_max_coverage_union,audit_view,stable_yield@5000,MACE-MP,0.2688,8
D5_max_coverage_union,audit_view,stable_yield@10000,MACE-MP,0.2517,8
D5_max_coverage_union,mp_native,f1,MP_common_pool_public_hull_rank,0.7723279648609077,4
D5_max_coverage_union,mp_native,precision,MP_common_pool_public_hull_rank,0.7723279648609077,4
D5_max_coverage_union,mp_native,recall,MP_common_pool_public_hull_rank,0.7723279648609077,4
D5_max_coverage_union,mp_native,balanced_accuracy,MP_common_pool_public_hull_rank,0.8074986034753397,4
D5_max_coverage_union,mp_native,auroc,MP_common_pool_public_hull_rank,0.869475220446933,4
D5_max_coverage_union,mp_native,auprc,MP_common_pool_public_hull_rank,0.7520563502501773,5
D5_max_coverage_union,mp_native,stable_yield@100,MP_common_pool_public_hull_rank,0.55,8
D5_max_coverage_union,mp_native,stable_yield@300,MP_common_pool_public_hull_rank,0.6566666666666666,5
D5_max_coverage_union,mp_native,stable_yield@500,MP_common_pool_public_hull_rank,0.688,5
D5_max_coverage_union,mp_native,stable_yield@1000,MP_common_pool_public_hull_rank,0.736,5
D5_max_coverage_union,mp_native,stable_yield@5000,MP_common_pool_public_hull_rank,0.7632,5
D5_max_coverage_union,mp_native,stable_yield@10000,MP_common_pool_public_hull_rank,0.7444,5
D5_max_coverage_union,alexmp20_native,f1,MP_common_pool_public_hull_rank,0.6691995185073728,5
D5_max_coverage_union,alexmp20_native,precision,MP_common_pool_public_hull_rank,0.6691995185073728,5
D5_max_coverage_union,alexmp20_native,recall,MP_common_pool_public_hull_rank,0.6691995185073728,5
D5_max_coverage_union,alexmp20_native,balanced_accuracy,MP_common_pool_public_hull_rank,0.7409589039849241,5
D5_max_coverage_union,alexmp20_native,auroc,MP_common_pool_public_hull_rank,0.8258983166625636,5
D5_max_coverage_union,alexmp20_native,auprc,MP_common_pool_public_hull_rank,0.6421432644969001,5
D5_max_coverage_union,alexmp20_native,stable_yield@100,MP_common_pool_public_hull_rank,0.46,5
D5_max_coverage_union,alexmp20_native,stable_yield@300,MP_common_pool_public_hull_rank,0.5633333333333334,5
D5_max_coverage_union,alexmp20_native,stable_yield@500,MP_common_pool_public_hull_rank,0.566,5
D5_max_coverage_union,alexmp20_native,stable_yield@1000,MP_common_pool_public_hull_rank,0.624,5
D5_max_coverage_union,alexmp20_native,stable_yield@5000,MP_common_pool_public_hull_rank,0.6462,6
D5_max_coverage_union,alexmp20_native,stable_yield@10000,MP_common_pool_public_hull_rank,0.6418,5
D5_max_coverage_union,alex_pbe_native,f1,MP_common_pool_public_hull_rank,0.5831347086381196,6
D5_max_coverage_union,alex_pbe_native,precision,MP_common_pool_public_hull_rank,0.5831347086381196,6
D5_max_coverage_union,alex_pbe_native,recall,MP_common_pool_public_hull_rank,0.5831347086381196,6
D5_max_coverage_union,alex_pbe_native,balanced_accuracy,MP_common_pool_public_hull_rank,0.6884904937735978,6
D5_max_coverage_union,alex_pbe_native,auroc,MP_common_pool_public_hull_rank,0.7932953788949817,6
D5_max_coverage_union,alex_pbe_native,auprc,MP_common_pool_public_hull_rank,0.565633130544103,6
D5_max_coverage_union,alex_pbe_native,stable_yield@100,MP_common_pool_public_hull_rank,0.4,5
D5_max_coverage_union,alex_pbe_native,stable_yield@300,MP_common_pool_public_hull_rank,0.51,5
D5_max_coverage_union,alex_pbe_native,stable_yield@500,MP_common_pool_public_hull_rank,0.506,5
D5_max_coverage_union,alex_pbe_native,stable_yield@1000,MP_common_pool_public_hull_rank,0.557,5
D5_max_coverage_union,alex_pbe_native,stable_yield@5000,MP_common_pool_public_hull_rank,0.5722,6
D5_max_coverage_union,alex_pbe_native,stable_yield@10000,MP_common_pool_public_hull_rank,0.5619,6
D5_max_coverage_union,common_pool,f1,MP_common_pool_public_hull_rank,1.0,1
D5_max_coverage_union,common_pool,precision,MP_common_pool_public_hull_rank,1.0,1
D5_max_coverage_union,common_pool,recall,MP_common_pool_public_hull_rank,1.0,1
D5_max_coverage_union,common_pool,balanced_accuracy,MP_common_pool_public_hull_rank,1.0,1
D5_max_coverage_union,common_pool,auroc,MP_common_pool_public_hull_rank,1.0,1
D5_max_coverage_union,common_pool,auprc,MP_common_pool_public_hull_rank,0.9999999999999999,2
D5_max_coverage_union,common_pool,stable_yield@100,MP_common_pool_public_hull_rank,1.0,1
D5_max_coverage_union,common_pool,stable_yield@300,MP_common_pool_public_hull_rank,1.0,1
D5_max_coverage_union,common_pool,stable_yield@500,MP_common_pool_public_hull_rank,1.0,1
D5_max_coverage_union,common_pool,stable_yield@1000,MP_common_pool_public_hull_rank,1.0,1
D5_max_coverage_union,common_pool,stable_yield@5000,MP_common_pool_public_hull_rank,1.0,1
D5_max_coverage_union,common_pool,stable_yield@10000,MP_common_pool_public_hull_rank,1.0,1
D5_max_coverage_union,consensus,f1,MP_common_pool_public_hull_rank,1.0,1
D5_max_coverage_union,consensus,precision,MP_common_pool_public_hull_rank,1.0,1
D5_max_coverage_union,consensus,recall,MP_common_pool_public_hull_rank,1.0,1
D5_max_coverage_union,consensus,balanced_accuracy,MP_common_pool_public_hull_rank,1.0,1
D5_max_coverage_union,consensus,auroc,MP_common_pool_public_hull_rank,1.0,1
D5_max_coverage_union,consensus,auprc,MP_common_pool_public_hull_rank,0.9999999999999999,6
D5_max_coverage_union,consensus,stable_yield@100,MP_common_pool_public_hull_rank,1.0,1
D5_max_coverage_union,consensus,stable_yield@300,MP_common_pool_public_hull_rank,1.0,1
D5_max_coverage_union,consensus,stable_yield@500,MP_common_pool_public_hull_rank,1.0,1
D5_max_coverage_union,consensus,stable_yield@1000,MP_common_pool_public_hull_rank,1.0,1
D5_max_coverage_union,consensus,stable_yield@5000,MP_common_pool_public_hull_rank,1.0,1
D5_max_coverage_union,consensus,stable_yield@10000,MP_common_pool_public_hull_rank,0.9487,1
D5_max_coverage_union,uncertain,f1,MP_common_pool_public_hull_rank,0.4671328671328671,2
D5_max_coverage_union,uncertain,precision,MP_common_pool_public_hull_rank,0.4671328671328671,2
D5_max_coverage_union,uncertain,recall,MP_common_pool_public_hull_rank,0.4671328671328671,2
D5_max_coverage_union,uncertain,balanced_accuracy,MP_common_pool_public_hull_rank,0.6020003153458363,2
D5_max_coverage_union,uncertain,auroc,MP_common_pool_public_hull_rank,0.6869387865602512,2
D5_max_coverage_union,uncertain,auprc,MP_common_pool_public_hull_rank,0.4593596884979845,2
D5_max_coverage_union,uncertain,stable_yield@100,MP_common_pool_public_hull_rank,0.69,2
D5_max_coverage_union,uncertain,stable_yield@300,MP_common_pool_public_hull_rank,0.5633333333333334,2
D5_max_coverage_union,uncertain,stable_yield@500,MP_common_pool_public_hull_rank,0.57,2
D5_max_coverage_union,uncertain,stable_yield@1000,MP_common_pool_public_hull_rank,0.507,2
D5_max_coverage_union,uncertain,stable_yield@5000,MP_common_pool_public_hull_rank,0.4754,2
D5_max_coverage_union,uncertain,stable_yield@10000,MP_common_pool_public_hull_rank,0.4888,2
D5_max_coverage_union,audit_view,f1,MP_common_pool_public_hull_rank,0.5011067776957943,5
D5_max_coverage_union,audit_view,precision,MP_common_pool_public_hull_rank,0.5011067776957943,5
D5_max_coverage_union,audit_view,recall,MP_common_pool_public_hull_rank,0.5011067776957943,5
D5_max_coverage_union,audit_view,balanced_accuracy,MP_common_pool_public_hull_rank,0.663814393869339,5
D5_max_coverage_union,audit_view,auroc,MP_common_pool_public_hull_rank,0.8476593346740416,5
D5_max_coverage_union,audit_view,auprc,MP_common_pool_public_hull_rank,0.5294285232560952,5
D5_max_coverage_union,audit_view,stable_yield@100,MP_common_pool_public_hull_rank,0.31,7
D5_max_coverage_union,audit_view,stable_yield@300,MP_common_pool_public_hull_rank,0.43666666666666665,5
D5_max_coverage_union,audit_view,stable_yield@500,MP_common_pool_public_hull_rank,0.43,5
D5_max_coverage_union,audit_view,stable_yield@1000,MP_common_pool_public_hull_rank,0.493,5
D5_max_coverage_union,audit_view,stable_yield@5000,MP_common_pool_public_hull_rank,0.5246,5
D5_max_coverage_union,audit_view,stable_yield@10000,MP_common_pool_public_hull_rank,0.5112,5
D5_max_coverage_union,mp_native,f1,MP_source_native_public_hull_rank,1.0,1
D5_max_coverage_union,mp_native,precision,MP_source_native_public_hull_rank,1.0,1
D5_max_coverage_union,mp_native,recall,MP_source_native_public_hull_rank,1.0,1
D5_max_coverage_union,mp_native,balanced_accuracy,MP_source_native_public_hull_rank,1.0,1
D5_max_coverage_union,mp_native,auroc,MP_source_native_public_hull_rank,1.0,1
D5_max_coverage_union,mp_native,auprc,MP_source_native_public_hull_rank,1.0,1
D5_max_coverage_union,mp_native,stable_yield@100,MP_source_native_public_hull_rank,1.0,1
D5_max_coverage_union,mp_native,stable_yield@300,MP_source_native_public_hull_rank,1.0,1
D5_max_coverage_union,mp_native,stable_yield@500,MP_source_native_public_hull_rank,1.0,1
D5_max_coverage_union,mp_native,stable_yield@1000,MP_source_native_public_hull_rank,1.0,1
D5_max_coverage_union,mp_native,stable_yield@5000,MP_source_native_public_hull_rank,1.0,1
D5_max_coverage_union,mp_native,stable_yield@10000,MP_source_native_public_hull_rank,1.0,1
D5_max_coverage_union,alexmp20_native,f1,MP_source_native_public_hull_rank,0.8112781954887218,3
D5_max_coverage_union,alexmp20_native,precision,MP_source_native_public_hull_rank,0.8112781954887218,3
D5_max_coverage_union,alexmp20_native,recall,MP_source_native_public_hull_rank,0.8112781954887218,3
D5_max_coverage_union,alexmp20_native,balanced_accuracy,MP_source_native_public_hull_rank,0.8522393870814386,3
D5_max_coverage_union,alexmp20_native,auroc,MP_source_native_public_hull_rank,0.9072235173714219,3
D5_max_coverage_union,alexmp20_native,auprc,MP_source_native_public_hull_rank,0.785214911338006,4
D5_max_coverage_union,alexmp20_native,stable_yield@100,MP_source_native_public_hull_rank,0.86,4
D5_max_coverage_union,alexmp20_native,stable_yield@300,MP_source_native_public_hull_rank,0.86,4
D5_max_coverage_union,alexmp20_native,stable_yield@500,MP_source_native_public_hull_rank,0.856,4
D5_max_coverage_union,alexmp20_native,stable_yield@1000,MP_source_native_public_hull_rank,0.864,4
D5_max_coverage_union,alexmp20_native,stable_yield@5000,MP_source_native_public_hull_rank,0.8066,4
D5_max_coverage_union,alexmp20_native,stable_yield@10000,MP_source_native_public_hull_rank,0.8082,4
D5_max_coverage_union,alex_pbe_native,f1,MP_source_native_public_hull_rank,0.7293856767411301,4
D5_max_coverage_union,alex_pbe_native,precision,MP_source_native_public_hull_rank,0.7293856767411301,4
D5_max_coverage_union,alex_pbe_native,recall,MP_source_native_public_hull_rank,0.7293856767411301,4
D5_max_coverage_union,alex_pbe_native,balanced_accuracy,MP_source_native_public_hull_rank,0.7977920018563118,4
D5_max_coverage_union,alex_pbe_native,auroc,MP_source_native_public_hull_rank,0.8797764257630553,3
D5_max_coverage_union,alex_pbe_native,auprc,MP_source_native_public_hull_rank,0.7015761876567441,4
D5_max_coverage_union,alex_pbe_native,stable_yield@100,MP_source_native_public_hull_rank,0.73,4
D5_max_coverage_union,alex_pbe_native,stable_yield@300,MP_source_native_public_hull_rank,0.7833333333333333,4
D5_max_coverage_union,alex_pbe_native,stable_yield@500,MP_source_native_public_hull_rank,0.772,4
D5_max_coverage_union,alex_pbe_native,stable_yield@1000,MP_source_native_public_hull_rank,0.779,4
D5_max_coverage_union,alex_pbe_native,stable_yield@5000,MP_source_native_public_hull_rank,0.7228,4
D5_max_coverage_union,alex_pbe_native,stable_yield@10000,MP_source_native_public_hull_rank,0.7186,4
D5_max_coverage_union,common_pool,f1,MP_source_native_public_hull_rank,0.8791702050224433,3
D5_max_coverage_union,common_pool,precision,MP_source_native_public_hull_rank,0.8791702050224433,3
D5_max_coverage_union,common_pool,recall,MP_source_native_public_hull_rank,0.8791702050224433,3
D5_max_coverage_union,common_pool,balanced_accuracy,MP_source_native_public_hull_rank,0.8748551356560842,3
D5_max_coverage_union,common_pool,auroc,MP_source_native_public_hull_rank,0.9439909945706565,3
D5_max_coverage_union,common_pool,auprc,MP_source_native_public_hull_rank,0.9565783864226446,3
D5_max_coverage_union,common_pool,stable_yield@100,MP_source_native_public_hull_rank,1.0,1
D5_max_coverage_union,common_pool,stable_yield@300,MP_source_native_public_hull_rank,0.9866666666666667,5
D5_max_coverage_union,common_pool,stable_yield@500,MP_source_native_public_hull_rank,0.976,6
D5_max_coverage_union,common_pool,stable_yield@1000,MP_source_native_public_hull_rank,0.987,5
D5_max_coverage_union,common_pool,stable_yield@5000,MP_source_native_public_hull_rank,0.99,5
D5_max_coverage_union,common_pool,stable_yield@10000,MP_source_native_public_hull_rank,0.9925,4
D5_max_coverage_union,consensus,f1,MP_source_native_public_hull_rank,1.0,1
D5_max_coverage_union,consensus,precision,MP_source_native_public_hull_rank,1.0,1
D5_max_coverage_union,consensus,recall,MP_source_native_public_hull_rank,1.0,1
D5_max_coverage_union,consensus,balanced_accuracy,MP_source_native_public_hull_rank,1.0,1
D5_max_coverage_union,consensus,auroc,MP_source_native_public_hull_rank,1.0,1
D5_max_coverage_union,consensus,auprc,MP_source_native_public_hull_rank,1.0,1
D5_max_coverage_union,consensus,stable_yield@100,MP_source_native_public_hull_rank,1.0,1
D5_max_coverage_union,consensus,stable_yield@300,MP_source_native_public_hull_rank,1.0,1
D5_max_coverage_union,consensus,stable_yield@500,MP_source_native_public_hull_rank,1.0,1
D5_max_coverage_union,consensus,stable_yield@1000,MP_source_native_public_hull_rank,1.0,1
D5_max_coverage_union,consensus,stable_yield@5000,MP_source_native_public_hull_rank,1.0,1
D5_max_coverage_union,consensus,stable_yield@10000,MP_source_native_public_hull_rank,0.9487,1
D5_max_coverage_union,uncertain,f1,MP_source_native_public_hull_rank,0.35931730532534667,3
D5_max_coverage_union,uncertain,precision,MP_source_native_public_hull_rank,0.35931730532534667,3
D5_max_coverage_union,uncertain,recall,MP_source_native_public_hull_rank,0.35931730532534667,3
D5_max_coverage_union,uncertain,balanced_accuracy,MP_source_native_public_hull_rank,0.521056174498952,3
D5_max_coverage_union,uncertain,auroc,MP_source_native_public_hull_rank,0.6142134368578647,3
D5_max_coverage_union,uncertain,auprc,MP_source_native_public_hull_rank,0.38631736951249585,3
D5_max_coverage_union,uncertain,stable_yield@100,MP_source_native_public_hull_rank,0.32,7
D5_max_coverage_union,uncertain,stable_yield@300,MP_source_native_public_hull_rank,0.31666666666666665,7
D5_max_coverage_union,uncertain,stable_yield@500,MP_source_native_public_hull_rank,0.322,6
D5_max_coverage_union,uncertain,stable_yield@1000,MP_source_native_public_hull_rank,0.304,8
D5_max_coverage_union,uncertain,stable_yield@5000,MP_source_native_public_hull_rank,0.378,3
D5_max_coverage_union,uncertain,stable_yield@10000,MP_source_native_public_hull_rank,0.3711,3
D5_max_coverage_union,audit_view,f1,MP_source_native_public_hull_rank,0.6238009908295562,4
D5_max_coverage_union,audit_view,precision,MP_source_native_public_hull_rank,0.6238009908295562,4
D5_max_coverage_union,audit_view,recall,MP_source_native_public_hull_rank,0.6238009908295562,4
D5_max_coverage_union,audit_view,balanced_accuracy,MP_source_native_public_hull_rank,0.7465700908751478,4
D5_max_coverage_union,audit_view,auroc,MP_source_native_public_hull_rank,0.8984623833058759,4
D5_max_coverage_union,audit_view,auprc,MP_source_native_public_hull_rank,0.6310363176799255,4
D5_max_coverage_union,audit_view,stable_yield@100,MP_source_native_public_hull_rank,0.68,4
D5_max_coverage_union,audit_view,stable_yield@300,MP_source_native_public_hull_rank,0.6833333333333333,4
D5_max_coverage_union,audit_view,stable_yield@500,MP_source_native_public_hull_rank,0.678,4
D5_max_coverage_union,audit_view,stable_yield@1000,MP_source_native_public_hull_rank,0.696,4
D5_max_coverage_union,audit_view,stable_yield@5000,MP_source_native_public_hull_rank,0.622,4
D5_max_coverage_union,audit_view,stable_yield@10000,MP_source_native_public_hull_rank,0.6289,4
D5_max_coverage_union,mp_native,f1,MatterGen_alex_mp20_source_native_public_hull_rank,0.8424238392975921,2
D5_max_coverage_union,mp_native,precision,MatterGen_alex_mp20_source_native_public_hull_rank,0.8424238392975921,2
D5_max_coverage_union,mp_native,recall,MatterGen_alex_mp20_source_native_public_hull_rank,0.8424238392975921,2
D5_max_coverage_union,mp_native,balanced_accuracy,MatterGen_alex_mp20_source_native_public_hull_rank,0.8667971824198362,2
D5_max_coverage_union,mp_native,auroc,MatterGen_alex_mp20_source_native_public_hull_rank,0.917484141788719,2
D5_max_coverage_union,mp_native,auprc,MatterGen_alex_mp20_source_native_public_hull_rank,0.8677034437101401,2
D5_max_coverage_union,mp_native,stable_yield@100,MatterGen_alex_mp20_source_native_public_hull_rank,0.92,4
D5_max_coverage_union,mp_native,stable_yield@300,MatterGen_alex_mp20_source_native_public_hull_rank,0.9333333333333333,4
D5_max_coverage_union,mp_native,stable_yield@500,MatterGen_alex_mp20_source_native_public_hull_rank,0.928,4
D5_max_coverage_union,mp_native,stable_yield@1000,MatterGen_alex_mp20_source_native_public_hull_rank,0.926,3
D5_max_coverage_union,mp_native,stable_yield@5000,MatterGen_alex_mp20_source_native_public_hull_rank,0.8998,3
D5_max_coverage_union,mp_native,stable_yield@10000,MatterGen_alex_mp20_source_native_public_hull_rank,0.9094,3
D5_max_coverage_union,alexmp20_native,f1,MatterGen_alex_mp20_source_native_public_hull_rank,1.0,1
D5_max_coverage_union,alexmp20_native,precision,MatterGen_alex_mp20_source_native_public_hull_rank,1.0,1
D5_max_coverage_union,alexmp20_native,recall,MatterGen_alex_mp20_source_native_public_hull_rank,1.0,1
D5_max_coverage_union,alexmp20_native,balanced_accuracy,MatterGen_alex_mp20_source_native_public_hull_rank,1.0,1
D5_max_coverage_union,alexmp20_native,auroc,MatterGen_alex_mp20_source_native_public_hull_rank,1.0,1
D5_max_coverage_union,alexmp20_native,auprc,MatterGen_alex_mp20_source_native_public_hull_rank,1.0,1
D5_max_coverage_union,alexmp20_native,stable_yield@100,MatterGen_alex_mp20_source_native_public_hull_rank,1.0,1
D5_max_coverage_union,alexmp20_native,stable_yield@300,MatterGen_alex_mp20_source_native_public_hull_rank,1.0,1
D5_max_coverage_union,alexmp20_native,stable_yield@500,MatterGen_alex_mp20_source_native_public_hull_rank,1.0,1
D5_max_coverage_union,alexmp20_native,stable_yield@1000,MatterGen_alex_mp20_source_native_public_hull_rank,1.0,1
D5_max_coverage_union,alexmp20_native,stable_yield@5000,MatterGen_alex_mp20_source_native_public_hull_rank,1.0,1
D5_max_coverage_union,alexmp20_native,stable_yield@10000,MatterGen_alex_mp20_source_native_public_hull_rank,1.0,1
D5_max_coverage_union,alex_pbe_native,f1,MatterGen_alex_mp20_source_native_public_hull_rank,0.8141425755584757,2
D5_max_coverage_union,alex_pbe_native,precision,MatterGen_alex_mp20_source_native_public_hull_rank,0.8141425755584757,2
D5_max_coverage_union,alex_pbe_native,recall,MatterGen_alex_mp20_source_native_public_hull_rank,0.8141425755584757,2
D5_max_coverage_union,alex_pbe_native,balanced_accuracy,MatterGen_alex_mp20_source_native_public_hull_rank,0.8611239150837128,2
D5_max_coverage_union,alex_pbe_native,auroc,MatterGen_alex_mp20_source_native_public_hull_rank,0.91827436045074,2
D5_max_coverage_union,alex_pbe_native,auprc,MatterGen_alex_mp20_source_native_public_hull_rank,0.7927444484047435,3
D5_max_coverage_union,alex_pbe_native,stable_yield@100,MatterGen_alex_mp20_source_native_public_hull_rank,0.82,3
D5_max_coverage_union,alex_pbe_native,stable_yield@300,MatterGen_alex_mp20_source_native_public_hull_rank,0.8566666666666667,3
D5_max_coverage_union,alex_pbe_native,stable_yield@500,MatterGen_alex_mp20_source_native_public_hull_rank,0.852,3
D5_max_coverage_union,alex_pbe_native,stable_yield@1000,MatterGen_alex_mp20_source_native_public_hull_rank,0.855,3
D5_max_coverage_union,alex_pbe_native,stable_yield@5000,MatterGen_alex_mp20_source_native_public_hull_rank,0.8,3
D5_max_coverage_union,alex_pbe_native,stable_yield@10000,MatterGen_alex_mp20_source_native_public_hull_rank,0.8154,3
D5_max_coverage_union,common_pool,f1,MatterGen_alex_mp20_source_native_public_hull_rank,0.8476282906708723,4
D5_max_coverage_union,common_pool,precision,MatterGen_alex_mp20_source_native_public_hull_rank,0.8476282906708723,4
D5_max_coverage_union,common_pool,recall,MatterGen_alex_mp20_source_native_public_hull_rank,0.8476282906708723,4
D5_max_coverage_union,common_pool,balanced_accuracy,MatterGen_alex_mp20_source_native_public_hull_rank,0.8421867975743391,4
D5_max_coverage_union,common_pool,auroc,MatterGen_alex_mp20_source_native_public_hull_rank,0.920335106762807,4
D5_max_coverage_union,common_pool,auprc,MatterGen_alex_mp20_source_native_public_hull_rank,0.9345044502695337,5
D5_max_coverage_union,common_pool,stable_yield@100,MatterGen_alex_mp20_source_native_public_hull_rank,0.98,6
D5_max_coverage_union,common_pool,stable_yield@300,MatterGen_alex_mp20_source_native_public_hull_rank,0.98,6
D5_max_coverage_union,common_pool,stable_yield@500,MatterGen_alex_mp20_source_native_public_hull_rank,0.984,5
D5_max_coverage_union,common_pool,stable_yield@1000,MatterGen_alex_mp20_source_native_public_hull_rank,0.986,6
D5_max_coverage_union,common_pool,stable_yield@5000,MatterGen_alex_mp20_source_native_public_hull_rank,0.9776,6
D5_max_coverage_union,common_pool,stable_yield@10000,MatterGen_alex_mp20_source_native_public_hull_rank,0.9838,5
D5_max_coverage_union,consensus,f1,MatterGen_alex_mp20_source_native_public_hull_rank,1.0,1
D5_max_coverage_union,consensus,precision,MatterGen_alex_mp20_source_native_public_hull_rank,1.0,1
D5_max_coverage_union,consensus,recall,MatterGen_alex_mp20_source_native_public_hull_rank,1.0,1
D5_max_coverage_union,consensus,balanced_accuracy,MatterGen_alex_mp20_source_native_public_hull_rank,1.0,1
D5_max_coverage_union,consensus,auroc,MatterGen_alex_mp20_source_native_public_hull_rank,1.0,1
D5_max_coverage_union,consensus,auprc,MatterGen_alex_mp20_source_native_public_hull_rank,1.0,1
D5_max_coverage_union,consensus,stable_yield@100,MatterGen_alex_mp20_source_native_public_hull_rank,1.0,1
D5_max_coverage_union,consensus,stable_yield@300,MatterGen_alex_mp20_source_native_public_hull_rank,1.0,1
D5_max_coverage_union,consensus,stable_yield@500,MatterGen_alex_mp20_source_native_public_hull_rank,1.0,1
D5_max_coverage_union,consensus,stable_yield@1000,MatterGen_alex_mp20_source_native_public_hull_rank,1.0,1
D5_max_coverage_union,consensus,stable_yield@5000,MatterGen_alex_mp20_source_native_public_hull_rank,1.0,1
D5_max_coverage_union,consensus,stable_yield@10000,MatterGen_alex_mp20_source_native_public_hull_rank,0.9487,1
D5_max_coverage_union,uncertain,f1,MatterGen_alex_mp20_source_native_public_hull_rank,0.2850578485271191,10
D5_max_coverage_union,uncertain,precision,MatterGen_alex_mp20_source_native_public_hull_rank,0.2850578485271191,10
D5_max_coverage_union,uncertain,recall,MatterGen_alex_mp20_source_native_public_hull_rank,0.2850578485271191,10
D5_max_coverage_union,uncertain,balanced_accuracy,MatterGen_alex_mp20_source_native_public_hull_rank,0.4655433463639048,10
D5_max_coverage_union,uncertain,auroc,MatterGen_alex_mp20_source_native_public_hull_rank,0.5702745927223444,4
D5_max_coverage_union,uncertain,auprc,MatterGen_alex_mp20_source_native_public_hull_rank,0.34661297675437513,4
D5_max_coverage_union,uncertain,stable_yield@100,MatterGen_alex_mp20_source_native_public_hull_rank,0.26,9
D5_max_coverage_union,uncertain,stable_yield@300,MatterGen_alex_mp20_source_native_public_hull_rank,0.26666666666666666,10
D5_max_coverage_union,uncertain,stable_yield@500,MatterGen_alex_mp20_source_native_public_hull_rank,0.266,10
D5_max_coverage_union,uncertain,stable_yield@1000,MatterGen_alex_mp20_source_native_public_hull_rank,0.254,10
D5_max_coverage_union,uncertain,stable_yield@5000,MatterGen_alex_mp20_source_native_public_hull_rank,0.3232,7
D5_max_coverage_union,uncertain,stable_yield@10000,MatterGen_alex_mp20_source_native_public_hull_rank,0.2834,10
D5_max_coverage_union,audit_view,f1,MatterGen_alex_mp20_source_native_public_hull_rank,0.7116053546958997,3
D5_max_coverage_union,audit_view,precision,MatterGen_alex_mp20_source_native_public_hull_rank,0.7116053546958997,3
D5_max_coverage_union,audit_view,recall,MatterGen_alex_mp20_source_native_public_hull_rank,0.7116053546958997,3
D5_max_coverage_union,audit_view,balanced_accuracy,MatterGen_alex_mp20_source_native_public_hull_rank,0.8057203050250503,3
D5_max_coverage_union,audit_view,auroc,MatterGen_alex_mp20_source_native_public_hull_rank,0.9302031850631521,3
D5_max_coverage_union,audit_view,auprc,MatterGen_alex_mp20_source_native_public_hull_rank,0.7133082706766918,3
D5_max_coverage_union,audit_view,stable_yield@100,MatterGen_alex_mp20_source_native_public_hull_rank,0.74,3
D5_max_coverage_union,audit_view,stable_yield@300,MatterGen_alex_mp20_source_native_public_hull_rank,0.7333333333333333,3
D5_max_coverage_union,audit_view,stable_yield@500,MatterGen_alex_mp20_source_native_public_hull_rank,0.734,3
D5_max_coverage_union,audit_view,stable_yield@1000,MatterGen_alex_mp20_source_native_public_hull_rank,0.746,3
D5_max_coverage_union,audit_view,stable_yield@5000,MatterGen_alex_mp20_source_native_public_hull_rank,0.6768,3
D5_max_coverage_union,audit_view,stable_yield@10000,MatterGen_alex_mp20_source_native_public_hull_rank,0.7166,3
D5_max_coverage_union,mp_native,f1,consensus_oracle_proxy,0.6310363176799255,6
D5_max_coverage_union,mp_native,precision,consensus_oracle_proxy,0.6310363176799255,6
D5_max_coverage_union,mp_native,recall,consensus_oracle_proxy,0.6310363176799255,6
D5_max_coverage_union,mp_native,balanced_accuracy,consensus_oracle_proxy,0.6881063617065559,6
D5_max_coverage_union,mp_native,auroc,consensus_oracle_proxy,0.6872854061725677,6
D5_max_coverage_union,mp_native,auprc,consensus_oracle_proxy,0.7780683351354545,4
D5_max_coverage_union,mp_native,stable_yield@100,consensus_oracle_proxy,1.0,1
D5_max_coverage_union,mp_native,stable_yield@300,consensus_oracle_proxy,1.0,1
D5_max_coverage_union,mp_native,stable_yield@500,consensus_oracle_proxy,1.0,1
D5_max_coverage_union,mp_native,stable_yield@1000,consensus_oracle_proxy,1.0,1
D5_max_coverage_union,mp_native,stable_yield@5000,consensus_oracle_proxy,1.0,1
D5_max_coverage_union,mp_native,stable_yield@10000,consensus_oracle_proxy,0.9487,2
D5_max_coverage_union,alexmp20_native,f1,consensus_oracle_proxy,0.7133082706766918,4
D5_max_coverage_union,alexmp20_native,precision,consensus_oracle_proxy,0.7133082706766918,4
D5_max_coverage_union,alexmp20_native,recall,consensus_oracle_proxy,0.7133082706766918,4
D5_max_coverage_union,alexmp20_native,balanced_accuracy,consensus_oracle_proxy,0.7755333796579782,4
D5_max_coverage_union,alexmp20_native,auroc,consensus_oracle_proxy,0.7657395627183865,6
D5_max_coverage_union,alexmp20_native,auprc,consensus_oracle_proxy,0.8202960091456131,3
D5_max_coverage_union,alexmp20_native,stable_yield@100,consensus_oracle_proxy,1.0,1
D5_max_coverage_union,alexmp20_native,stable_yield@300,consensus_oracle_proxy,1.0,1
D5_max_coverage_union,alexmp20_native,stable_yield@500,consensus_oracle_proxy,1.0,1
D5_max_coverage_union,alexmp20_native,stable_yield@1000,consensus_oracle_proxy,1.0,1
D5_max_coverage_union,alexmp20_native,stable_yield@5000,consensus_oracle_proxy,1.0,1
D5_max_coverage_union,alexmp20_native,stable_yield@10000,consensus_oracle_proxy,0.9487,2
D5_max_coverage_union,alex_pbe_native,f1,consensus_oracle_proxy,0.7791557161629435,3
D5_max_coverage_union,alex_pbe_native,precision,consensus_oracle_proxy,0.7791557161629435,3
D5_max_coverage_union,alex_pbe_native,recall,consensus_oracle_proxy,0.7791557161629435,3
D5_max_coverage_union,alex_pbe_native,balanced_accuracy,consensus_oracle_proxy,0.8349810904375182,3
D5_max_coverage_union,alex_pbe_native,auroc,consensus_oracle_proxy,0.8227812650177003,5
D5_max_coverage_union,alex_pbe_native,auprc,consensus_oracle_proxy,0.8577310517662011,2
D5_max_coverage_union,alex_pbe_native,stable_yield@100,consensus_oracle_proxy,1.0,1
D5_max_coverage_union,alex_pbe_native,stable_yield@300,consensus_oracle_proxy,1.0,1
D5_max_coverage_union,alex_pbe_native,stable_yield@500,consensus_oracle_proxy,1.0,1
D5_max_coverage_union,alex_pbe_native,stable_yield@1000,consensus_oracle_proxy,1.0,1
D5_max_coverage_union,alex_pbe_native,stable_yield@5000,consensus_oracle_proxy,1.0,1
D5_max_coverage_union,alex_pbe_native,stable_yield@10000,consensus_oracle_proxy,0.9487,2
D5_max_coverage_union,common_pool,f1,consensus_oracle_proxy,0.5754579643333738,6
D5_max_coverage_union,common_pool,precision,consensus_oracle_proxy,0.5754579643333738,6
D5_max_coverage_union,common_pool,recall,consensus_oracle_proxy,0.5754579643333738,6
D5_max_coverage_union,common_pool,balanced_accuracy,consensus_oracle_proxy,0.5602967341651272,6
D5_max_coverage_union,common_pool,auroc,consensus_oracle_proxy,0.5790845725354399,6
D5_max_coverage_union,common_pool,auprc,consensus_oracle_proxy,0.7694875488756167,6
D5_max_coverage_union,common_pool,stable_yield@100,consensus_oracle_proxy,1.0,1
D5_max_coverage_union,common_pool,stable_yield@300,consensus_oracle_proxy,1.0,1
D5_max_coverage_union,common_pool,stable_yield@500,consensus_oracle_proxy,1.0,1
D5_max_coverage_union,common_pool,stable_yield@1000,consensus_oracle_proxy,1.0,1
D5_max_coverage_union,common_pool,stable_yield@5000,consensus_oracle_proxy,1.0,1
D5_max_coverage_union,common_pool,stable_yield@10000,consensus_oracle_proxy,0.9487,6
D5_max_coverage_union,consensus,f1,consensus_oracle_proxy,1.0,1
D5_max_coverage_union,consensus,precision,consensus_oracle_proxy,1.0,1
D5_max_coverage_union,consensus,recall,consensus_oracle_proxy,1.0,1
D5_max_coverage_union,consensus,balanced_accuracy,consensus_oracle_proxy,1.0,1
D5_max_coverage_union,consensus,auroc,consensus_oracle_proxy,1.0,1
D5_max_coverage_union,consensus,auprc,consensus_oracle_proxy,1.0,1
D5_max_coverage_union,consensus,stable_yield@100,consensus_oracle_proxy,1.0,1
D5_max_coverage_union,consensus,stable_yield@300,consensus_oracle_proxy,1.0,1
D5_max_coverage_union,consensus,stable_yield@500,consensus_oracle_proxy,1.0,1
D5_max_coverage_union,consensus,stable_yield@1000,consensus_oracle_proxy,1.0,1
D5_max_coverage_union,consensus,stable_yield@5000,consensus_oracle_proxy,1.0,1
D5_max_coverage_union,consensus,stable_yield@10000,consensus_oracle_proxy,0.9487,1
D5_max_coverage_union,uncertain,f1,consensus_oracle_proxy,0.0,12
D5_max_coverage_union,uncertain,precision,consensus_oracle_proxy,0.0,12
D5_max_coverage_union,uncertain,recall,consensus_oracle_proxy,0.0,12
D5_max_coverage_union,uncertain,balanced_accuracy,consensus_oracle_proxy,0.25244769449522647,12
D5_max_coverage_union,uncertain,auroc,consensus_oracle_proxy,0.0,12
D5_max_coverage_union,uncertain,auprc,consensus_oracle_proxy,0.18766773153113636,12
D5_max_coverage_union,uncertain,stable_yield@100,consensus_oracle_proxy,0.0,12
D5_max_coverage_union,uncertain,stable_yield@300,consensus_oracle_proxy,0.0,12
D5_max_coverage_union,uncertain,stable_yield@500,consensus_oracle_proxy,0.0,12
D5_max_coverage_union,uncertain,stable_yield@1000,consensus_oracle_proxy,0.0,12
D5_max_coverage_union,uncertain,stable_yield@5000,consensus_oracle_proxy,0.0,12
D5_max_coverage_union,uncertain,stable_yield@10000,consensus_oracle_proxy,0.0,12
D5_max_coverage_union,audit_view,f1,consensus_oracle_proxy,1.0,1
D5_max_coverage_union,audit_view,precision,consensus_oracle_proxy,1.0,1
D5_max_coverage_union,audit_view,recall,consensus_oracle_proxy,1.0,1
D5_max_coverage_union,audit_view,balanced_accuracy,consensus_oracle_proxy,1.0,1
D5_max_coverage_union,audit_view,auroc,consensus_oracle_proxy,1.0,1
D5_max_coverage_union,audit_view,auprc,consensus_oracle_proxy,1.0,1
D5_max_coverage_union,audit_view,stable_yield@100,consensus_oracle_proxy,1.0,1
D5_max_coverage_union,audit_view,stable_yield@300,consensus_oracle_proxy,1.0,1
D5_max_coverage_union,audit_view,stable_yield@500,consensus_oracle_proxy,1.0,1
D5_max_coverage_union,audit_view,stable_yield@1000,consensus_oracle_proxy,1.0,1
D5_max_coverage_union,audit_view,stable_yield@5000,consensus_oracle_proxy,1.0,1
D5_max_coverage_union,audit_view,stable_yield@10000,consensus_oracle_proxy,0.9487,1
D5_max_coverage_union,mp_native,f1,official_Alexandria_PBE_common_pool_public_hull_rank,0.718903818012505,5
D5_max_coverage_union,mp_native,precision,official_Alexandria_PBE_common_pool_public_hull_rank,0.718903818012505,5
D5_max_coverage_union,mp_native,recall,official_Alexandria_PBE_common_pool_public_hull_rank,0.718903818012505,5
D5_max_coverage_union,mp_native,balanced_accuracy,official_Alexandria_PBE_common_pool_public_hull_rank,0.7623828167607545,5
D5_max_coverage_union,mp_native,auroc,official_Alexandria_PBE_common_pool_public_hull_rank,0.8544574185686278,5
D5_max_coverage_union,mp_native,auprc,official_Alexandria_PBE_common_pool_public_hull_rank,0.7041102850015072,6
D5_max_coverage_union,mp_native,stable_yield@100,official_Alexandria_PBE_common_pool_public_hull_rank,0.35,12
D5_max_coverage_union,mp_native,stable_yield@300,official_Alexandria_PBE_common_pool_public_hull_rank,0.49333333333333335,9
D5_max_coverage_union,mp_native,stable_yield@500,official_Alexandria_PBE_common_pool_public_hull_rank,0.578,6
D5_max_coverage_union,mp_native,stable_yield@1000,official_Alexandria_PBE_common_pool_public_hull_rank,0.638,6
D5_max_coverage_union,mp_native,stable_yield@5000,official_Alexandria_PBE_common_pool_public_hull_rank,0.7384,6
D5_max_coverage_union,mp_native,stable_yield@10000,official_Alexandria_PBE_common_pool_public_hull_rank,0.6775,6
D5_max_coverage_union,alexmp20_native,f1,official_Alexandria_PBE_common_pool_public_hull_rank,0.6418045112781955,6
D5_max_coverage_union,alexmp20_native,precision,official_Alexandria_PBE_common_pool_public_hull_rank,0.6418045112781955,6
D5_max_coverage_union,alexmp20_native,recall,official_Alexandria_PBE_common_pool_public_hull_rank,0.6418045112781955,6
D5_max_coverage_union,alexmp20_native,balanced_accuracy,official_Alexandria_PBE_common_pool_public_hull_rank,0.7195491793051687,6
D5_max_coverage_union,alexmp20_native,auroc,official_Alexandria_PBE_common_pool_public_hull_rank,0.837569678920303,4
D5_max_coverage_union,alexmp20_native,auprc,official_Alexandria_PBE_common_pool_public_hull_rank,0.6345049914054345,6
D5_max_coverage_union,alexmp20_native,stable_yield@100,official_Alexandria_PBE_common_pool_public_hull_rank,0.33,12
D5_max_coverage_union,alexmp20_native,stable_yield@300,official_Alexandria_PBE_common_pool_public_hull_rank,0.45666666666666667,6
D5_max_coverage_union,alexmp20_native,stable_yield@500,official_Alexandria_PBE_common_pool_public_hull_rank,0.494,6
D5_max_coverage_union,alexmp20_native,stable_yield@1000,official_Alexandria_PBE_common_pool_public_hull_rank,0.553,6
D5_max_coverage_union,alexmp20_native,stable_yield@5000,official_Alexandria_PBE_common_pool_public_hull_rank,0.6714,5
D5_max_coverage_union,alexmp20_native,stable_yield@10000,official_Alexandria_PBE_common_pool_public_hull_rank,0.6055,6
D5_max_coverage_union,alex_pbe_native,f1,official_Alexandria_PBE_common_pool_public_hull_rank,0.5955157687253614,5
D5_max_coverage_union,alex_pbe_native,precision,official_Alexandria_PBE_common_pool_public_hull_rank,0.5955157687253614,5
D5_max_coverage_union,alex_pbe_native,recall,official_Alexandria_PBE_common_pool_public_hull_rank,0.5955157687253614,5
D5_max_coverage_union,alex_pbe_native,balanced_accuracy,official_Alexandria_PBE_common_pool_public_hull_rank,0.6977619451114827,5
D5_max_coverage_union,alex_pbe_native,auroc,official_Alexandria_PBE_common_pool_public_hull_rank,0.8409764962285196,4
D5_max_coverage_union,alex_pbe_native,auprc,official_Alexandria_PBE_common_pool_public_hull_rank,0.6039440342637169,5
D5_max_coverage_union,alex_pbe_native,stable_yield@100,official_Alexandria_PBE_common_pool_public_hull_rank,0.31,10
D5_max_coverage_union,alex_pbe_native,stable_yield@300,official_Alexandria_PBE_common_pool_public_hull_rank,0.47333333333333333,6
D5_max_coverage_union,alex_pbe_native,stable_yield@500,official_Alexandria_PBE_common_pool_public_hull_rank,0.504,6
D5_max_coverage_union,alex_pbe_native,stable_yield@1000,official_Alexandria_PBE_common_pool_public_hull_rank,0.547,6
D5_max_coverage_union,alex_pbe_native,stable_yield@5000,official_Alexandria_PBE_common_pool_public_hull_rank,0.6448,5
D5_max_coverage_union,alex_pbe_native,stable_yield@10000,official_Alexandria_PBE_common_pool_public_hull_rank,0.5702,5
D5_max_coverage_union,common_pool,f1,official_Alexandria_PBE_common_pool_public_hull_rank,1.0,1
D5_max_coverage_union,common_pool,precision,official_Alexandria_PBE_common_pool_public_hull_rank,1.0,1
D5_max_coverage_union,common_pool,recall,official_Alexandria_PBE_common_pool_public_hull_rank,1.0,1
D5_max_coverage_union,common_pool,balanced_accuracy,official_Alexandria_PBE_common_pool_public_hull_rank,1.0,1
D5_max_coverage_union,common_pool,auroc,official_Alexandria_PBE_common_pool_public_hull_rank,1.0,1
D5_max_coverage_union,common_pool,auprc,official_Alexandria_PBE_common_pool_public_hull_rank,1.0,1
D5_max_coverage_union,common_pool,stable_yield@100,official_Alexandria_PBE_common_pool_public_hull_rank,1.0,1
D5_max_coverage_union,common_pool,stable_yield@300,official_Alexandria_PBE_common_pool_public_hull_rank,1.0,1
D5_max_coverage_union,common_pool,stable_yield@500,official_Alexandria_PBE_common_pool_public_hull_rank,1.0,1
D5_max_coverage_union,common_pool,stable_yield@1000,official_Alexandria_PBE_common_pool_public_hull_rank,1.0,1
D5_max_coverage_union,common_pool,stable_yield@5000,official_Alexandria_PBE_common_pool_public_hull_rank,1.0,1
D5_max_coverage_union,common_pool,stable_yield@10000,official_Alexandria_PBE_common_pool_public_hull_rank,1.0,1
D5_max_coverage_union,consensus,f1,official_Alexandria_PBE_common_pool_public_hull_rank,1.0,1
D5_max_coverage_union,consensus,precision,official_Alexandria_PBE_common_pool_public_hull_rank,1.0,1
D5_max_coverage_union,consensus,recall,official_Alexandria_PBE_common_pool_public_hull_rank,1.0,1
D5_max_coverage_union,consensus,balanced_accuracy,official_Alexandria_PBE_common_pool_public_hull_rank,1.0,1
D5_max_coverage_union,consensus,auroc,official_Alexandria_PBE_common_pool_public_hull_rank,1.0,1
D5_max_coverage_union,consensus,auprc,official_Alexandria_PBE_common_pool_public_hull_rank,1.0,1
D5_max_coverage_union,consensus,stable_yield@100,official_Alexandria_PBE_common_pool_public_hull_rank,1.0,1
D5_max_coverage_union,consensus,stable_yield@300,official_Alexandria_PBE_common_pool_public_hull_rank,1.0,1
D5_max_coverage_union,consensus,stable_yield@500,official_Alexandria_PBE_common_pool_public_hull_rank,1.0,1
D5_max_coverage_union,consensus,stable_yield@1000,official_Alexandria_PBE_common_pool_public_hull_rank,1.0,1
D5_max_coverage_union,consensus,stable_yield@5000,official_Alexandria_PBE_common_pool_public_hull_rank,1.0,1
D5_max_coverage_union,consensus,stable_yield@10000,official_Alexandria_PBE_common_pool_public_hull_rank,0.9487,1
D5_max_coverage_union,uncertain,f1,official_Alexandria_PBE_common_pool_public_hull_rank,0.5411504061705096,1
D5_max_coverage_union,uncertain,precision,official_Alexandria_PBE_common_pool_public_hull_rank,0.5411504061705096,1
D5_max_coverage_union,uncertain,recall,official_Alexandria_PBE_common_pool_public_hull_rank,0.5411504061705096,1
D5_max_coverage_union,uncertain,balanced_accuracy,official_Alexandria_PBE_common_pool_public_hull_rank,0.6569859282528355,1
D5_max_coverage_union,uncertain,auroc,official_Alexandria_PBE_common_pool_public_hull_rank,0.7609205928182499,1
D5_max_coverage_union,uncertain,auprc,official_Alexandria_PBE_common_pool_public_hull_rank,0.5257548983003153,1
D5_max_coverage_union,uncertain,stable_yield@100,official_Alexandria_PBE_common_pool_public_hull_rank,0.78,1
D5_max_coverage_union,uncertain,stable_yield@300,official_Alexandria_PBE_common_pool_public_hull_rank,0.6766666666666666,1
D5_max_coverage_union,uncertain,stable_yield@500,official_Alexandria_PBE_common_pool_public_hull_rank,0.64,1
D5_max_coverage_union,uncertain,stable_yield@1000,official_Alexandria_PBE_common_pool_public_hull_rank,0.611,1
D5_max_coverage_union,uncertain,stable_yield@5000,official_Alexandria_PBE_common_pool_public_hull_rank,0.4982,1
D5_max_coverage_union,uncertain,stable_yield@10000,official_Alexandria_PBE_common_pool_public_hull_rank,0.5721,1
D5_max_coverage_union,audit_view,f1,official_Alexandria_PBE_common_pool_public_hull_rank,0.4214187835986086,6
D5_max_coverage_union,audit_view,precision,official_Alexandria_PBE_common_pool_public_hull_rank,0.4214187835986086,6
D5_max_coverage_union,audit_view,recall,official_Alexandria_PBE_common_pool_public_hull_rank,0.4214187835986086,6
D5_max_coverage_union,audit_view,balanced_accuracy,official_Alexandria_PBE_common_pool_public_hull_rank,0.6102334628225516,6
D5_max_coverage_union,audit_view,auroc,official_Alexandria_PBE_common_pool_public_hull_rank,0.806459005792699,6
D5_max_coverage_union,audit_view,auprc,official_Alexandria_PBE_common_pool_public_hull_rank,0.46911891921862753,6
D5_max_coverage_union,audit_view,stable_yield@100,official_Alexandria_PBE_common_pool_public_hull_rank,0.22,12
D5_max_coverage_union,audit_view,stable_yield@300,official_Alexandria_PBE_common_pool_public_hull_rank,0.3233333333333333,6
D5_max_coverage_union,audit_view,stable_yield@500,official_Alexandria_PBE_common_pool_public_hull_rank,0.36,6
D5_max_coverage_union,audit_view,stable_yield@1000,official_Alexandria_PBE_common_pool_public_hull_rank,0.389,6
D5_max_coverage_union,audit_view,stable_yield@5000,official_Alexandria_PBE_common_pool_public_hull_rank,0.5018,6
D5_max_coverage_union,audit_view,stable_yield@10000,official_Alexandria_PBE_common_pool_public_hull_rank,0.4279,6
D5_max_coverage_union,mp_native,f1,official_Alexandria_PBE_source_native_public_hull_rank,0.8131568444858321,3
D5_max_coverage_union,mp_native,precision,official_Alexandria_PBE_source_native_public_hull_rank,0.8131568444858321,3
D5_max_coverage_union,mp_native,recall,official_Alexandria_PBE_source_native_public_hull_rank,0.8131568444858321,3
D5_max_coverage_union,mp_native,balanced_accuracy,official_Alexandria_PBE_source_native_public_hull_rank,0.8420571065501561,3
D5_max_coverage_union,mp_native,auroc,official_Alexandria_PBE_source_native_public_hull_rank,0.9023035214875195,3
D5_max_coverage_union,mp_native,auprc,official_Alexandria_PBE_source_native_public_hull_rank,0.8410505014013133,3
D5_max_coverage_union,mp_native,stable_yield@100,official_Alexandria_PBE_source_native_public_hull_rank,0.94,3
D5_max_coverage_union,mp_native,stable_yield@300,official_Alexandria_PBE_source_native_public_hull_rank,0.9466666666666667,3
D5_max_coverage_union,mp_native,stable_yield@500,official_Alexandria_PBE_source_native_public_hull_rank,0.934,3
D5_max_coverage_union,mp_native,stable_yield@1000,official_Alexandria_PBE_source_native_public_hull_rank,0.915,4
D5_max_coverage_union,mp_native,stable_yield@5000,official_Alexandria_PBE_source_native_public_hull_rank,0.8708,4
D5_max_coverage_union,mp_native,stable_yield@10000,official_Alexandria_PBE_source_native_public_hull_rank,0.8882,4
D5_max_coverage_union,alexmp20_native,f1,official_Alexandria_PBE_source_native_public_hull_rank,0.855187969924812,2
D5_max_coverage_union,alexmp20_native,precision,official_Alexandria_PBE_source_native_public_hull_rank,0.855187969924812,2
D5_max_coverage_union,alexmp20_native,recall,official_Alexandria_PBE_source_native_public_hull_rank,0.855187969924812,2
D5_max_coverage_union,alexmp20_native,balanced_accuracy,official_Alexandria_PBE_source_native_public_hull_rank,0.8866187488122912,2
D5_max_coverage_union,alexmp20_native,auroc,official_Alexandria_PBE_source_native_public_hull_rank,0.9360458060520204,2
D5_max_coverage_union,alexmp20_native,auprc,official_Alexandria_PBE_source_native_public_hull_rank,0.8609631383872791,2
D5_max_coverage_union,alexmp20_native,stable_yield@100,official_Alexandria_PBE_source_native_public_hull_rank,0.98,3
D5_max_coverage_union,alexmp20_native,stable_yield@300,official_Alexandria_PBE_source_native_public_hull_rank,0.9633333333333334,3
D5_max_coverage_union,alexmp20_native,stable_yield@500,official_Alexandria_PBE_source_native_public_hull_rank,0.956,3
D5_max_coverage_union,alexmp20_native,stable_yield@1000,official_Alexandria_PBE_source_native_public_hull_rank,0.934,3
D5_max_coverage_union,alexmp20_native,stable_yield@5000,official_Alexandria_PBE_source_native_public_hull_rank,0.8786,3
D5_max_coverage_union,alexmp20_native,stable_yield@10000,official_Alexandria_PBE_source_native_public_hull_rank,0.8894,3
D5_max_coverage_union,alex_pbe_native,f1,official_Alexandria_PBE_source_native_public_hull_rank,1.0,1
D5_max_coverage_union,alex_pbe_native,precision,official_Alexandria_PBE_source_native_public_hull_rank,1.0,1
D5_max_coverage_union,alex_pbe_native,recall,official_Alexandria_PBE_source_native_public_hull_rank,1.0,1
D5_max_coverage_union,alex_pbe_native,balanced_accuracy,official_Alexandria_PBE_source_native_public_hull_rank,1.0,1
D5_max_coverage_union,alex_pbe_native,auroc,official_Alexandria_PBE_source_native_public_hull_rank,1.0,1
D5_max_coverage_union,alex_pbe_native,auprc,official_Alexandria_PBE_source_native_public_hull_rank,1.0,1
D5_max_coverage_union,alex_pbe_native,stable_yield@100,official_Alexandria_PBE_source_native_public_hull_rank,1.0,1
D5_max_coverage_union,alex_pbe_native,stable_yield@300,official_Alexandria_PBE_source_native_public_hull_rank,1.0,1
D5_max_coverage_union,alex_pbe_native,stable_yield@500,official_Alexandria_PBE_source_native_public_hull_rank,1.0,1
D5_max_coverage_union,alex_pbe_native,stable_yield@1000,official_Alexandria_PBE_source_native_public_hull_rank,1.0,1
D5_max_coverage_union,alex_pbe_native,stable_yield@5000,official_Alexandria_PBE_source_native_public_hull_rank,1.0,1
D5_max_coverage_union,alex_pbe_native,stable_yield@10000,official_Alexandria_PBE_source_native_public_hull_rank,1.0,1
D5_max_coverage_union,common_pool,f1,official_Alexandria_PBE_source_native_public_hull_rank,0.8386509765861944,5
D5_max_coverage_union,common_pool,precision,official_Alexandria_PBE_source_native_public_hull_rank,0.8386509765861944,5
D5_max_coverage_union,common_pool,recall,official_Alexandria_PBE_source_native_public_hull_rank,0.8386509765861944,5
D5_max_coverage_union,common_pool,balanced_accuracy,official_Alexandria_PBE_source_native_public_hull_rank,0.8328888859664578,5
D5_max_coverage_union,common_pool,auroc,official_Alexandria_PBE_source_native_public_hull_rank,0.9143627745584915,5
D5_max_coverage_union,common_pool,auprc,official_Alexandria_PBE_source_native_public_hull_rank,0.937513252072893,4
D5_max_coverage_union,common_pool,stable_yield@100,official_Alexandria_PBE_source_native_public_hull_rank,1.0,1
D5_max_coverage_union,common_pool,stable_yield@300,official_Alexandria_PBE_source_native_public_hull_rank,0.9966666666666667,4
D5_max_coverage_union,common_pool,stable_yield@500,official_Alexandria_PBE_source_native_public_hull_rank,0.998,4
D5_max_coverage_union,common_pool,stable_yield@1000,official_Alexandria_PBE_source_native_public_hull_rank,0.999,4
D5_max_coverage_union,common_pool,stable_yield@5000,official_Alexandria_PBE_source_native_public_hull_rank,0.9994,4
D5_max_coverage_union,common_pool,stable_yield@10000,official_Alexandria_PBE_source_native_public_hull_rank,0.9996,3
D5_max_coverage_union,consensus,f1,official_Alexandria_PBE_source_native_public_hull_rank,1.0,1
D5_max_coverage_union,consensus,precision,official_Alexandria_PBE_source_native_public_hull_rank,1.0,1
D5_max_coverage_union,consensus,recall,official_Alexandria_PBE_source_native_public_hull_rank,1.0,1
D5_max_coverage_union,consensus,balanced_accuracy,official_Alexandria_PBE_source_native_public_hull_rank,1.0,1
D5_max_coverage_union,consensus,auroc,official_Alexandria_PBE_source_native_public_hull_rank,1.0,1
D5_max_coverage_union,consensus,auprc,official_Alexandria_PBE_source_native_public_hull_rank,1.0,1
D5_max_coverage_union,consensus,stable_yield@100,official_Alexandria_PBE_source_native_public_hull_rank,1.0,1
D5_max_coverage_union,consensus,stable_yield@300,official_Alexandria_PBE_source_native_public_hull_rank,1.0,1
D5_max_coverage_union,consensus,stable_yield@500,official_Alexandria_PBE_source_native_public_hull_rank,1.0,1
D5_max_coverage_union,consensus,stable_yield@1000,official_Alexandria_PBE_source_native_public_hull_rank,1.0,1
D5_max_coverage_union,consensus,stable_yield@5000,official_Alexandria_PBE_source_native_public_hull_rank,1.0,1
D5_max_coverage_union,consensus,stable_yield@10000,official_Alexandria_PBE_source_native_public_hull_rank,0.9487,1
D5_max_coverage_union,uncertain,f1,official_Alexandria_PBE_source_native_public_hull_rank,0.22154755066874537,11
D5_max_coverage_union,uncertain,precision,official_Alexandria_PBE_source_native_public_hull_rank,0.22154755066874537,11
D5_max_coverage_union,uncertain,recall,official_Alexandria_PBE_source_native_public_hull_rank,0.22154755066874537,11
D5_max_coverage_union,uncertain,balanced_accuracy,official_Alexandria_PBE_source_native_public_hull_rank,0.4180660767765827,11
D5_max_coverage_union,uncertain,auroc,official_Alexandria_PBE_source_native_public_hull_rank,0.5441734824277795,5
D5_max_coverage_union,uncertain,auprc,official_Alexandria_PBE_source_native_public_hull_rank,0.32538527234070386,7
D5_max_coverage_union,uncertain,stable_yield@100,official_Alexandria_PBE_source_native_public_hull_rank,0.12,11
D5_max_coverage_union,uncertain,stable_yield@300,official_Alexandria_PBE_source_native_public_hull_rank,0.17666666666666667,11
D5_max_coverage_union,uncertain,stable_yield@500,official_Alexandria_PBE_source_native_public_hull_rank,0.17,11
D5_max_coverage_union,uncertain,stable_yield@1000,official_Alexandria_PBE_source_native_public_hull_rank,0.187,11
D5_max_coverage_union,uncertain,stable_yield@5000,official_Alexandria_PBE_source_native_public_hull_rank,0.2544,11
D5_max_coverage_union,uncertain,stable_yield@10000,official_Alexandria_PBE_source_native_public_hull_rank,0.2196,11
D5_max_coverage_union,audit_view,f1,official_Alexandria_PBE_source_native_public_hull_rank,0.7822283124275324,2
D5_max_coverage_union,audit_view,precision,official_Alexandria_PBE_source_native_public_hull_rank,0.7822283124275324,2
D5_max_coverage_union,audit_view,recall,official_Alexandria_PBE_source_native_public_hull_rank,0.7822283124275324,2
D5_max_coverage_union,audit_view,balanced_accuracy,official_Alexandria_PBE_source_native_public_hull_rank,0.8532961075225709,2
D5_max_coverage_union,audit_view,auroc,official_Alexandria_PBE_source_native_public_hull_rank,0.9507779608273842,2
D5_max_coverage_union,audit_view,auprc,official_Alexandria_PBE_source_native_public_hull_rank,0.7791557161629435,2
D5_max_coverage_union,audit_view,stable_yield@100,official_Alexandria_PBE_source_native_public_hull_rank,0.88,2
D5_max_coverage_union,audit_view,stable_yield@300,official_Alexandria_PBE_source_native_public_hull_rank,0.8233333333333334,2
D5_max_coverage_union,audit_view,stable_yield@500,official_Alexandria_PBE_source_native_public_hull_rank,0.83,2
D5_max_coverage_union,audit_view,stable_yield@1000,official_Alexandria_PBE_source_native_public_hull_rank,0.813,2
D5_max_coverage_union,audit_view,stable_yield@5000,official_Alexandria_PBE_source_native_public_hull_rank,0.7456,2
D5_max_coverage_union,audit_view,stable_yield@10000,official_Alexandria_PBE_source_native_public_hull_rank,0.7804,2
D5_max_coverage_union,mp_native,f1,prevalence_dummy,0.3726220566715445,10
D5_max_coverage_union,mp_native,precision,prevalence_dummy,0.3726220566715445,10
D5_max_coverage_union,mp_native,recall,prevalence_dummy,0.3726220566715445,10
D5_max_coverage_union,mp_native,balanced_accuracy,prevalence_dummy,0.46966273726631247,10
D5_max_coverage_union,mp_native,auroc,prevalence_dummy,0.5,7
D5_max_coverage_union,mp_native,auprc,prevalence_dummy,0.4085104070430955,7
D5_max_coverage_union,mp_native,stable_yield@100,prevalence_dummy,0.4,10
D5_max_coverage_union,mp_native,stable_yield@300,prevalence_dummy,0.39666666666666667,11
D5_max_coverage_union,mp_native,stable_yield@500,prevalence_dummy,0.476,10
D5_max_coverage_union,mp_native,stable_yield@1000,prevalence_dummy,0.451,9
D5_max_coverage_union,mp_native,stable_yield@5000,prevalence_dummy,0.4354,7
D5_max_coverage_union,mp_native,stable_yield@10000,prevalence_dummy,0.3788,9
D5_max_coverage_union,alexmp20_native,f1,prevalence_dummy,0.34984962406015035,8
D5_max_coverage_union,alexmp20_native,precision,prevalence_dummy,0.34984962406015035,8
D5_max_coverage_union,alexmp20_native,recall,prevalence_dummy,0.34984962406015035,8
D5_max_coverage_union,alexmp20_native,balanced_accuracy,prevalence_dummy,0.4909617450570516,8
D5_max_coverage_union,alexmp20_native,auroc,prevalence_dummy,0.5,7
D5_max_coverage_union,alexmp20_native,auprc,prevalence_dummy,0.36139340253247104,7
D5_max_coverage_union,alexmp20_native,stable_yield@100,prevalence_dummy,0.38,8
D5_max_coverage_union,alexmp20_native,stable_yield@300,prevalence_dummy,0.36333333333333334,10
D5_max_coverage_union,alexmp20_native,stable_yield@500,prevalence_dummy,0.434,7
D5_max_coverage_union,alexmp20_native,stable_yield@1000,prevalence_dummy,0.421,7
D5_max_coverage_union,alexmp20_native,stable_yield@5000,prevalence_dummy,0.3936,7
D5_max_coverage_union,alexmp20_native,stable_yield@10000,prevalence_dummy,0.3339,9
D5_max_coverage_union,alex_pbe_native,f1,prevalence_dummy,0.3382884362680683,7
D5_max_coverage_union,alex_pbe_native,precision,prevalence_dummy,0.3382884362680683,7
D5_max_coverage_union,alex_pbe_native,recall,prevalence_dummy,0.3382884362680683,7
D5_max_coverage_union,alex_pbe_native,balanced_accuracy,prevalence_dummy,0.5055569526422775,7
D5_max_coverage_union,alex_pbe_native,auroc,prevalence_dummy,0.5,7
D5_max_coverage_union,alex_pbe_native,auprc,prevalence_dummy,0.33085158415303517,7
D5_max_coverage_union,alex_pbe_native,stable_yield@100,prevalence_dummy,0.29,11
D5_max_coverage_union,alex_pbe_native,stable_yield@300,prevalence_dummy,0.31,11
D5_max_coverage_union,alex_pbe_native,stable_yield@500,prevalence_dummy,0.386,7
D5_max_coverage_union,alex_pbe_native,stable_yield@1000,prevalence_dummy,0.378,7
D5_max_coverage_union,alex_pbe_native,stable_yield@5000,prevalence_dummy,0.3658,7
D5_max_coverage_union,alex_pbe_native,stable_yield@10000,prevalence_dummy,0.3085,9
D5_max_coverage_union,common_pool,f1,prevalence_dummy,0.4443163896639573,12
D5_max_coverage_union,common_pool,precision,prevalence_dummy,0.4443163896639573,12
D5_max_coverage_union,common_pool,recall,prevalence_dummy,0.4443163896639573,12
D5_max_coverage_union,common_pool,balanced_accuracy,prevalence_dummy,0.4244718362175639,12
D5_max_coverage_union,common_pool,auroc,prevalence_dummy,0.5,7
D5_max_coverage_union,common_pool,auprc,prevalence_dummy,0.517240297430427,8
D5_max_coverage_union,common_pool,stable_yield@100,prevalence_dummy,0.53,11
D5_max_coverage_union,common_pool,stable_yield@300,prevalence_dummy,0.5033333333333333,10
D5_max_coverage_union,common_pool,stable_yield@500,prevalence_dummy,0.55,10
D5_max_coverage_union,common_pool,stable_yield@1000,prevalence_dummy,0.434,12
D5_max_coverage_union,common_pool,stable_yield@5000,prevalence_dummy,0.5052,9
D5_max_coverage_union,common_pool,stable_yield@10000,prevalence_dummy,0.5112,8
D5_max_coverage_union,consensus,f1,prevalence_dummy,0.3478444186781912,10
D5_max_coverage_union,consensus,precision,prevalence_dummy,0.3478444186781912,10
D5_max_coverage_union,consensus,recall,prevalence_dummy,0.3478444186781912,10
D5_max_coverage_union,consensus,balanced_accuracy,prevalence_dummy,0.4694338433951506,10
D5_max_coverage_union,consensus,auroc,prevalence_dummy,0.5,7
D5_max_coverage_union,consensus,auprc,prevalence_dummy,0.3854153971155799,8
D5_max_coverage_union,consensus,stable_yield@100,prevalence_dummy,0.41,10
D5_max_coverage_union,consensus,stable_yield@300,prevalence_dummy,0.43,9
D5_max_coverage_union,consensus,stable_yield@500,prevalence_dummy,0.396,10
D5_max_coverage_union,consensus,stable_yield@1000,prevalence_dummy,0.311,12
D5_max_coverage_union,consensus,stable_yield@5000,prevalence_dummy,0.3944,7
D5_max_coverage_union,consensus,stable_yield@10000,prevalence_dummy,0.336,11
D5_max_coverage_union,uncertain,f1,prevalence_dummy,0.3381472060392221,4
D5_max_coverage_union,uncertain,precision,prevalence_dummy,0.3381472060392221,4
D5_max_coverage_union,uncertain,recall,prevalence_dummy,0.3381472060392221,4
D5_max_coverage_union,uncertain,balanced_accuracy,prevalence_dummy,0.5052304179698446,4
D5_max_coverage_union,uncertain,auroc,prevalence_dummy,0.5,6
D5_max_coverage_union,uncertain,auprc,prevalence_dummy,0.3311504809521222,5
D5_max_coverage_union,uncertain,stable_yield@100,prevalence_dummy,0.31,8
D5_max_coverage_union,uncertain,stable_yield@300,prevalence_dummy,0.27,9
D5_max_coverage_union,uncertain,stable_yield@500,prevalence_dummy,0.282,9
D5_max_coverage_union,uncertain,stable_yield@1000,prevalence_dummy,0.257,9
D5_max_coverage_union,uncertain,stable_yield@5000,prevalence_dummy,0.272,10
D5_max_coverage_union,uncertain,stable_yield@10000,prevalence_dummy,0.3243,5
D5_max_coverage_union,audit_view,f1,prevalence_dummy,0.22810161273321386,10
D5_max_coverage_union,audit_view,precision,prevalence_dummy,0.22810161273321386,10
D5_max_coverage_union,audit_view,recall,prevalence_dummy,0.22810161273321386,10
D5_max_coverage_union,audit_view,balanced_accuracy,prevalence_dummy,0.48000357956814454,10
D5_max_coverage_union,audit_view,auroc,prevalence_dummy,0.5,8
D5_max_coverage_union,audit_view,auprc,prevalence_dummy,0.2577849029944025,9
D5_max_coverage_union,audit_view,stable_yield@100,prevalence_dummy,0.25,10
D5_max_coverage_union,audit_view,stable_yield@300,prevalence_dummy,0.2733333333333333,10
D5_max_coverage_union,audit_view,stable_yield@500,prevalence_dummy,0.322,7
D5_max_coverage_union,audit_view,stable_yield@1000,prevalence_dummy,0.31,7
D5_max_coverage_union,audit_view,stable_yield@5000,prevalence_dummy,0.2882,7
D5_max_coverage_union,audit_view,stable_yield@10000,prevalence_dummy,0.2356,10
D5_max_coverage_union,mp_native,f1,random_baseline,0.40767593454835704,7
D5_max_coverage_union,mp_native,precision,random_baseline,0.40767593454835704,7
D5_max_coverage_union,mp_native,recall,random_baseline,0.40767593454835704,7
D5_max_coverage_union,mp_native,balanced_accuracy,random_baseline,0.49929460086477023,7
D5_max_coverage_union,mp_native,auroc,random_baseline,0.4978849820842205,8
D5_max_coverage_union,mp_native,auprc,random_baseline,0.40613889545115955,8
D5_max_coverage_union,mp_native,stable_yield@100,random_baseline,0.4,10
D5_max_coverage_union,mp_native,stable_yield@300,random_baseline,0.38,12
D5_max_coverage_union,mp_native,stable_yield@500,random_baseline,0.382,12
D5_max_coverage_union,mp_native,stable_yield@1000,random_baseline,0.385,12
D5_max_coverage_union,mp_native,stable_yield@5000,random_baseline,0.4036,9
D5_max_coverage_union,mp_native,stable_yield@10000,random_baseline,0.4066,7
D5_max_coverage_union,alexmp20_native,f1,random_baseline,0.35909774436090225,7
D5_max_coverage_union,alexmp20_native,precision,random_baseline,0.35909774436090225,7
D5_max_coverage_union,alexmp20_native,recall,random_baseline,0.35909774436090225,7
D5_max_coverage_union,alexmp20_native,balanced_accuracy,random_baseline,0.498202603777762,7
D5_max_coverage_union,alexmp20_native,auroc,random_baseline,0.4990235097572883,8
D5_max_coverage_union,alexmp20_native,auprc,random_baseline,0.36049119243535893,8
D5_max_coverage_union,alexmp20_native,stable_yield@100,random_baseline,0.37,9
D5_max_coverage_union,alexmp20_native,stable_yield@300,random_baseline,0.33666666666666667,11
D5_max_coverage_union,alexmp20_native,stable_yield@500,random_baseline,0.35,11
D5_max_coverage_union,alexmp20_native,stable_yield@1000,random_baseline,0.345,11
D5_max_coverage_union,alexmp20_native,stable_yield@5000,random_baseline,0.3638,8
D5_max_coverage_union,alexmp20_native,stable_yield@10000,random_baseline,0.3607,7
D5_max_coverage_union,alex_pbe_native,f1,random_baseline,0.32826872536136664,8
D5_max_coverage_union,alex_pbe_native,precision,random_baseline,0.32826872536136664,8
D5_max_coverage_union,alex_pbe_native,recall,random_baseline,0.32826872536136664,8
D5_max_coverage_union,alex_pbe_native,balanced_accuracy,random_baseline,0.4980700404196584,8
D5_max_coverage_union,alex_pbe_native,auroc,random_baseline,0.49641968754005383,9
D5_max_coverage_union,alex_pbe_native,auprc,random_baseline,0.32858833501132445,8
D5_max_coverage_union,alex_pbe_native,stable_yield@100,random_baseline,0.36,8
D5_max_coverage_union,alex_pbe_native,stable_yield@300,random_baseline,0.31666666666666665,10
D5_max_coverage_union,alex_pbe_native,stable_yield@500,random_baseline,0.32,11
D5_max_coverage_union,alex_pbe_native,stable_yield@1000,random_baseline,0.314,11
D5_max_coverage_union,alex_pbe_native,stable_yield@5000,random_baseline,0.3268,9
D5_max_coverage_union,alex_pbe_native,stable_yield@10000,random_baseline,0.3293,7
D5_max_coverage_union,common_pool,f1,random_baseline,0.5154676695377897,7
D5_max_coverage_union,common_pool,precision,random_baseline,0.5154676695377897,7
D5_max_coverage_union,common_pool,recall,random_baseline,0.5154676695377897,7
D5_max_coverage_union,common_pool,balanced_accuracy,random_baseline,0.49816406808273117,7
D5_max_coverage_union,common_pool,auroc,random_baseline,0.4964807320084361,8
D5_max_coverage_union,common_pool,auprc,random_baseline,0.5133933595306117,9
D5_max_coverage_union,common_pool,stable_yield@100,random_baseline,0.47,12
D5_max_coverage_union,common_pool,stable_yield@300,random_baseline,0.4866666666666667,11
D5_max_coverage_union,common_pool,stable_yield@500,random_baseline,0.478,12
D5_max_coverage_union,common_pool,stable_yield@1000,random_baseline,0.49,11
D5_max_coverage_union,common_pool,stable_yield@5000,random_baseline,0.5136,8
D5_max_coverage_union,common_pool,stable_yield@10000,random_baseline,0.5136,7
D5_max_coverage_union,consensus,f1,random_baseline,0.3849478233371983,7
D5_max_coverage_union,consensus,precision,random_baseline,0.3849478233371983,7
D5_max_coverage_union,consensus,recall,random_baseline,0.3849478233371983,7
D5_max_coverage_union,consensus,balanced_accuracy,random_baseline,0.4996196017796515,7
D5_max_coverage_union,consensus,auroc,random_baseline,0.4982534687869514,8
D5_max_coverage_union,consensus,auprc,random_baseline,0.38405910074240507,9
D5_max_coverage_union,consensus,stable_yield@100,random_baseline,0.4,11
D5_max_coverage_union,consensus,stable_yield@300,random_baseline,0.37666666666666665,11
D5_max_coverage_union,consensus,stable_yield@500,random_baseline,0.352,11
D5_max_coverage_union,consensus,stable_yield@1000,random_baseline,0.39,9
D5_max_coverage_union,consensus,stable_yield@5000,random_baseline,0.386,8
D5_max_coverage_union,consensus,stable_yield@10000,random_baseline,0.3848,7
D5_max_coverage_union,uncertain,f1,random_baseline,0.3300237958480348,5
D5_max_coverage_union,uncertain,precision,random_baseline,0.3300237958480348,5
D5_max_coverage_union,uncertain,recall,random_baseline,0.3300237958480348,5
D5_max_coverage_union,uncertain,balanced_accuracy,random_baseline,0.4991577439528616,5
D5_max_coverage_union,uncertain,auroc,random_baseline,0.49886389063940473,7
D5_max_coverage_union,uncertain,auprc,random_baseline,0.32881496598353377,6
D5_max_coverage_union,uncertain,stable_yield@100,random_baseline,0.24,10
D5_max_coverage_union,uncertain,stable_yield@300,random_baseline,0.31,8
D5_max_coverage_union,uncertain,stable_yield@500,random_baseline,0.304,8
D5_max_coverage_union,uncertain,stable_yield@1000,random_baseline,0.313,6
D5_max_coverage_union,uncertain,stable_yield@5000,random_baseline,0.3234,6
D5_max_coverage_union,uncertain,stable_yield@10000,random_baseline,0.3276,4
D5_max_coverage_union,audit_view,f1,random_baseline,0.25856435121745547,7
D5_max_coverage_union,audit_view,precision,random_baseline,0.25856435121745547,7
D5_max_coverage_union,audit_view,recall,random_baseline,0.25856435121745547,7
D5_max_coverage_union,audit_view,balanced_accuracy,random_baseline,0.500525082436478,7
D5_max_coverage_union,audit_view,auroc,random_baseline,0.4990621018220044,9
D5_max_coverage_union,audit_view,auprc,random_baseline,0.25786466389851437,8
D5_max_coverage_union,audit_view,stable_yield@100,random_baseline,0.3,9
D5_max_coverage_union,audit_view,stable_yield@300,random_baseline,0.25333333333333335,11
D5_max_coverage_union,audit_view,stable_yield@500,random_baseline,0.262,11
D5_max_coverage_union,audit_view,stable_yield@1000,random_baseline,0.25,11
D5_max_coverage_union,audit_view,stable_yield@5000,random_baseline,0.2598,9
D5_max_coverage_union,audit_view,stable_yield@10000,random_baseline,0.2586,7
