reduced_formula,official_alexandria_formula_prefilter_candidates
Ag,22
Ag(Bi2S3)3,1
Ag(Mo3S4)2,1
Ag(Mo3Se4)2,1
Ag(OsO3)2,1
Ag(TeMo)6,1
Ag11Hg9,1
Ag2BiSbSe4,2
Ag2BiSbTe4,2
Ag2Br3,5
Ag2CO3,7
Ag2F,3
Ag2F3,6
Ag2GeO4,1
Ag2GePbS4,2
Ag2GeS3,2
Ag2GeSe3,2
Ag2H2IOF,1
Ag2H3IO6,1
Ag2Hg,18
Ag2Hg5,1
Ag2HgGeS4,4
Ag2HgI4,6
Ag2HgO2,4
Ag2HgS2,7
Ag2HgSI2,1
Ag2MoO4,2
Ag2O,7
Ag2O3,3
Ag2PbO2,5
Ag2PdCl4,4
Ag2PdO2,2
Ag2S,16
Ag2SO4,3
Ag2Se,37
Ag2SeO4,4
Ag2SnBiS4,2
Ag2SnBiSe4,2
Ag2SnHgS4,3
Ag2SnHgSe4,3
Ag2Te,44
Ag2TeO4,6
Ag2TeS3,3
Ag3(AsO4)2,1
Ag3(PO4)2,1
Ag3As,20
Ag3AsF12,1
Ag3AsO4,5
Ag3AsS3,4
Ag3AsS4,4
Ag3AsSe3,2
Ag3Au,21
Ag3AuS2,4
Ag3BO3,3
Ag3Ge,7
Ag3Hg,18
Ag3O,4
Ag3O4,1
Ag3P11,1
Ag3PO4,4
Ag3PS4,3
Ag3PSe4,2
Ag3Pd,18
Ag3SBr,9
Ag3SI,6
Ag3Sb,18
Ag3SbS3,4
Ag3Se,18
Ag3Sn,14
Ag4Hg4S4BrCl3,1
Ag4Sn2(HgSe3)3,1
Ag5(PbO3)2,1
Ag5Au3S4,2
Ag5P(S2Cl)2,1
Ag5SbS4,2
Ag6HgNO11,1
Ag6Mo2ClO7F3,1
Ag6SbAsS6,1
Ag6SnSb,2
Ag7NO11,2
Ag8GeTe6,6
Ag9Ge2IO8,1
AgAsBr4,2
AgAsF6,7
AgAsO2,9
AgAsO3,9
AgAsS,3
AgAsSe,12
AgAsSe2,24
AgAu,39
AgAu3,29
AgAuCl4,13
AgAuF4,15
AgAuO2,12
AgAuO3,5
AgBF5,3
AgBO3,4
AgBi(PS3)2,1
AgBi(PSe3)2,1
AgBi2F12,1
AgBi2S3Cl,1
AgBi3S5,1
AgBiI4,3
AgBiO2,10
AgBiO3,7
AgBiPbS3,2
AgBiPd2,5
AgBiS2,16
AgBiSCl2,3
AgBiSe2,12
AgBiTe2,11
AgBr,46
AgBrO3,5
AgBrO4,5
AgCO3,6
AgCl,47
AgClO3,8
AgClO4,6
AgF,48
AgF2,8
AgGeBiTe3,2
AgGeO3,6
AgH3BrN,1
AgH4WS4N,1
AgHg,31
AgHgAsO4,2
AgHgAsS3,1
AgHgO2,11
AgHgPd2,7
AgHgSBr,4
AgHgSI,4
AgI,40
AgIO3,8
AgIO4,3
AgMoH4S4N,1
AgNO2,7
AgNO3,8
AgO,14
AgO2F,6
AgP2,26
AgPF6,5
AgPO3,13
AgPPd5,2
AgPPt5,1
AgPS3,5
AgPb2Br5,2
AgPb3,19
AgPb4ClO4,1
AgPbF6,3
AgPbO2,9
AgPd,37
AgPd2Au,21
AgPdAu2,16
AgPdF6,10
AgPdO2,12
AgPt,51
AgPt3,19
AgPt4,9
AgPtF6,7
AgPtO2,12
AgRh(SO4)2,1
AgRhF6,12
AgRhO2,11
AgRuO3,5
AgRuO4,4
AgSO4,4
AgSb(PbS2)2,2
AgSb2F12,1
AgSbO3,8
AgSbPbS3,5
AgSbS2,12
AgSbSe2,21
AgSbTe2,27
AgSbWO7,1
AgSe5,7
AgSnF6,2
AgSnO3,4
AgSnS2,9
AgSnSe2,9
AgSnTe2,9
AgTe3,27
AgTeO3,7
Al,39
Al(Ag3S2)3,1
Al(CoSi)2,6
Al(CrB)2,2
Al(FeB)2,4
Al(FeO2)2,3
Al(HO)3,31
Al(MoS2)4,2
Al(Ni4Pt)3,1
Al(NiO2)2,4
Al(Si2O5)2,1
Al(V4Ge)3,1
Al(V4Si)3,1
Al(V4Sn)3,1
Al11Cr4,1
Al11Re4,1
Al12Fe7,1
Al12Mo,1
Al12Re,1
Al12W,1
Al13Os4,2
Al2(FeSi)3,3
Al2(ZnS2)3,3
Al2Au,21
Al2B2Ru3,1
Al2CO,6
Al2CdO4,4
Al2CdS4,5
Al2CdSe4,5
Al2CdTe4,3
Al2CoIr,17
Al2CoNi,12
Al2CoOs,16
Al2CoRu,11
Al2Cr3CuS8,1
Al2CrB2Mo,1
Al2CrFeCo4,1
Al2CrO5,2
Al2CrS4,4
Al2Cu,17
Al2CuIr,18
Al2CuO4,4
Al2CuPd,6
Al2Fe3Si4,1
Al2FeCo,14
Al2FeIr,13
Al2FeNi,13
Al2FeO4,5
Al2FeRh,13
Al2Ga(PO4)3,1
Al2GaN3,3
Al2HgO4,2
Al2HgS4,3
Al2HgSe4,4
Al2HgTe4,3
Al2InN3,2
Al2IrOs,19
Al2IrRh,13
Al2IrRu,19
Al2Ni3,5
Al2Ni9Pd,1
Al2NiO4,9
Al2NiOs,13
Al2NiPt,12
Al2NiRu,12
Al2O3,53
Al2Os,20
Al2OsRh,21
Al2PbO4,3
Al2PbS4,1
Al2PbSe4,3
Al2Pd,7
Al2PdRu,4
Al2Pt,25
Al2Ru,20
Al2RuPt,12
Al2RuRh,16
Al2S3,15
Al2Se3,14
Al2Si2H4O9,11
Al2Si4Mo3,1
Al2Si4O11,1
Al2SiAg7,1
Al2SiO5,9
Al2Te3,12
Al2Te5,2
Al2VNi9,1
Al2Zn,22
Al2Zn2S5,7
Al2ZnO4,5
Al2ZnS4,14
Al2ZnSe4,6
Al2ZnTe4,3
Al3(BRu2)2,1
Al3Ag,32
Al3BC,3
Al3BC3,2
Al3Bi(BO3)4,1
Al3Co3Si4,1
Al3Cr,20
Al3CrO6,2
Al3Cu,22
Al3Cu2,6
Al3FeSi2,3
Al3Ga,11
Al3Ga3Ni10,1
Al3GaN4,3
Al3Ge,5
Al3GePd4,1
Al3GeW2,1
Al3Ir,22
Al3Mo,21
Al3NO3,2
Al3Ni,24
Al3Ni2,7
Al3Ni2Pt,4
Al3Ni5,8
Al3NiMo12,1
Al3Os2,4
Al3Pd2,4
Al3Pd5,3
Al3Pt2,5
Al3Pt5,4
Al3Ru2,5
Al3SiMo12,1
Al3SiPd4,1
Al3V,8
Al3Zn,23
Al3ZnCr8,1
Al3ZnNi12,1
Al4C3,7
Al4CO4,1
Al4CrNi15,1
Al4Cu15,2
Al4GaSb5,1
Al4Ge2W3,1
Al4InAgS8,1
Al4InAgSe8,1
Al4InAgTe8,1
Al4InCuS8,1
Al4Mo,7
Al4Ni12C,1
Al4Ni15,2
Al4Ni15Ge,1
Al4Ni15Sb,1
Al4Ni15Sn,1
Al4Ni3Pt,1
Al4Si2Mo3,1
Al4SiC4,2
Al4SiPd,1
Al4VNi15,1
Al4W,6
Al5AgS8,1
Al5C3N,2
Al5CuS8,1
Al5CuSe8,2
Al5CuW2,1
Al5Mo,11
Al5S8,1
Al5Se8,1
Al5W,10
Al6C3N2,2
Al6CoCu3,2
Al6Fe,1
Al6GeW,1
Al6Re,1
Al6Ru,1
Al8BC5,1
Al8Cr4Si3,1
Al8Mo3,1
AlAg,66
AlAg(PSe3)2,1
AlAg3,36
AlAg3F6,4
AlAg4,13
AlAgO2,8
AlAgS2,10
AlAgSe2,22
AlAgSnSe4,4
AlAgTe2,23
AlAs,41
AlAsO4,10
AlAsPt5,1
AlAu,42
AlAu2,25
AlAu3,25
AlAu4,10
AlAuO2,6
AlB2,3
AlBMo,5
AlBO3,5
AlBW,2
AlBi,19
AlBiBr6,3
AlBiO3,11
AlBr3,28
AlCdCl4,4
AlCdInS4,4
AlCdSbTe,1
AlCl3,35
AlCo,33
AlCo3C,2
AlCoF5,1
AlCoNi6,3
AlCr2,22
AlCr2C,5
AlCr3B4,1
AlCr3SiMo3,1
AlCr4AgS8,1
AlCr4CuS8,1
AlCr4CuSe8,1
AlCr4GaC2,1
AlCr6Si,1
AlCrCo2,15
AlCrF5,2
AlCrFe2,19
AlCrFeO4,1
AlCrGe,5
AlCrRu2,17
AlCu,40
AlCu(PSe3)2,1
AlCu3,22
AlCu4,11
AlCuAu2,16
AlCuBr4,4
AlCuCl4,6
AlCuF5,1
AlCuGeSe4,4
AlCuNi6,5
AlCuO2,7
AlCuO3,8
AlCuPd2,6
AlCuPt2,18
AlCuRh2,18
AlCuS2,8
AlCuSe2,21
AlCuSnS4,4
AlCuSnSe4,4
AlCuTe2,20
AlF3,16
AlFe,32
AlFe2Ge,5
AlFe2Mo,17
AlFe2Si,15
AlFe2W,13
AlFe3,18
AlFe3C,2
AlFe3H,29
AlFe4,12
AlFeCo2,15
AlFeF5,2
AlFeIr2,18
AlFeO3,9
AlFeRh2,13
AlGa(CuS2)2,3
AlGa(CuSe2)2,3
AlGa(PO4)2,1
AlGa2Bi(BO3)4,1
AlGa3,9
AlGa3N4,4
AlGaAs2,5
AlGaCo2,4
AlGaIr2,5
AlGaN2,7
AlGaNi2,7
AlGaNi6,4
AlGaP2,5
AlGaRu2,6
AlGaSb2,5
AlGe3Mo2,2
AlGeMo,8
AlGeRu2,5
AlH2PbO2F3,1
AlH3,45
AlH6N2F3,1
AlHO2,19
AlHSO5,1
AlHg3(OF3)2,2
AlI3,10
AlICl6,1
AlIn(AgS2)2,3
AlIn(AgSe2)2,3
AlIn(CuS2)2,3
AlIn(CuSe2)2,4
AlIn2N3,1
AlInGaSb3,1
AlInN2,9
AlInO3,8
AlInSb2,20
AlIr,35
AlMo3,17
AlN,27
AlNi,35
AlNi2,24
AlNi3,19
AlNi4As3,1
AlNi4Ge,3
AlNi6Ge,3
AlNi6Pd,1
AlNiF5,2
AlNiGe,3
AlOs,35
AlP,37
AlPNCl5,1
AlPO4,31
AlPPd4,4
AlPPt5,1
AlPS4,7
AlPd,17
AlPd2,6
AlPd3,9
AlPd5I2,1
AlPt,37
AlPt2,21
AlPt3,20
AlRe,32
AlRe2,19
AlReGe,3
AlReSi,11
AlRh,56
AlRh3,20
AlRhO3,3
AlRu,30
AlSCl7,1
AlSb,44
AlSbI6,2
AlSbO3,8
AlSbO4,7
AlSeBr7,1
AlSeCl7,2
AlSi3W2,1
AlSiCN,1
AlSiMo,11
AlSiMo6,1
AlSiNi2,36
AlSiNi6,6
AlSiP3,3
AlSiPt6,1
AlSiRu2,21
AlSiTe3,3
AlSnF5,2
AlTeI7,1
AlTl(MoO4)2,2
AlTl(SO4)2,4
AlTl(SeO4)2,4
AlTl2Cu3Se4,1
AlTl2F5,3
AlTlF4,3
AlTlO2,23
AlTlO3,6
AlTlSe2,22
AlV,17
AlV2,11
AlV2C,6
AlV2O4,6
AlV3,12
AlV4C3,1
AlV6Ga,3
AlV6Ge,2
AlV6Sb,2
AlV6Sn,2
AlVCo2,4
AlVCrC,2
AlVF5,1
AlVFe2,5
AlVFeCo,1
AlVNi2,5
AlVO3,10
AlVOs2,4
AlVRu2,4
AlWO4,3
AlZnCrS4,1
AlZnCu2,15
AlZnGaS4,3
AlZnIr2,18
AlZnRh2,15
As,26
As(BrF2)3,1
As(IF2)3,1
As(IF3)2,3
As2Ir,27
As2O3,31
As2Os,20
As2PbO6,2
As2Pd,6
As2PdO6,2
As2Pt,18
As2Rh,23
As2Ru,20
As2S3,9
As2SO6,2
As2Se3,12
As2W,24
As3(HO2)5,1
As3Ir,21
As3Pd4Pb,1
As3Rh,18
As3W2,5
As4Pd5Pb,1
As4S5,1
As7Rh12,1
AsAuO4,3
AsBr3,28
AsCl3,26
AsCl5,8
AsClF8,1
AsF3,11
AsF5,3
AsHPbO4,1
AsI3,8
AsIrS,19
AsIrSe,9
AsN(OF3)2,2
AsOsS,5
AsOsSe,12
AsP,41
AsPOs,11
AsPPt,7
AsPRh4,2
AsPRu,9
AsPbF7,1
AsPd2,9
AsPd3,9
AsPd3Pb2,1
AsPd5,2
AsPdS,5
AsPdSe,3
AsPtS,4
AsRh,38
AsRh2,17
AsRhO4,4
AsRhS,4
AsRhSe,8
AsRu,33
AsRuS,6
AsRuSe,12
AsS,23
Au,23
Au2O3,3
Au2S,8
AuBr,39
AuBrF6,1
AuCl,42
AuCl2,25
AuCl3,35
AuI,78
AuSe,45
B,56
B12S,2
B13C2,2
B2AsP,3
B2Mo,7
B2Mo2Ir,3
B2Mo2Os,5
B2Mo2Ru,4
B2Mo3,2
B2O3,47
B2Os,4
B2OsW2,4
B2Pd5,1
B2Ru,4
B2S2O9,1
B2W,7
B3Ir2,3
B3Mo,1
B3Os2,1
B3Rh7,1
B3Ru2,2
B3Ru7,1
B4C,49
B4MoIr,1
B4MoRu2,2
B4OsW,1
B4Rh5,2
B5H9,2
B5Ir3W2,1
B6As,1
B6O,1
B6P,1
BAs,14
BAsO4,3
BBr3,23
BCl(OF2)2,2
BCl3,19
BH(PbO2)2,2
BH3,38
BH3NF4,1
BH3OF4,1
BH5NCl,1
BH6CN3F4,1
BH6N,9
BH8N,1
BI3,14
BIr,19
BIrPd,5
BMo,13
BMo2,3
BMo2C,5
BMoW,3
BN,61
BOs,17
BP,25
BPO4,3
BPS4,3
BPd2,5
BPd3,7
BPd6,8
BPt2,11
BRh,19
BRh2,9
BSbO3,5
BSbPbS4,1
BW,14
BW2,4
Ba,25
Ba(AgGe)2,6
Ba(AgO)2,1
Ba(AgS)2,3
Ba(AgSn)2,6
Ba(AgTe)2,6
Ba(AlGa)2,6
Ba(AlGe)2,8
Ba(AlSe2)2,3
Ba(AlSi)2,7
Ba(AlTe2)2,5
Ba(As3Ru)4,1
Ba(AsO3)2,2
Ba(AsPd)2,7
Ba(AsRh)2,6
Ba(AsRu)2,2
Ba(AuO2)2,1
Ba(B2Pt3)2,1
Ba(BIr)2,3
Ba(BRh)2,3
Ba(BS2)2,3
Ba(BSe3)2,1
Ba(BeN)2,1
Ba(BiPd)2,6
Ba(BrO3)2,2
Ba(Cd2Pt)2,2
Ba(CdAs)2,6
Ba(CdGe)2,5
Ba(CdP)2,5
Ba(CdSb)2,7
Ba(CeS2)2,2
Ba(ClO3)2,2
Ba(CoAs)2,6
Ba(CoGe)2,3
Ba(CoN)2,2
Ba(CrAs)2,3
Ba(Cu2As)2,2
Ba(Cu2As)4,1
Ba(Cu2P)4,1
Ba(Cu3As)2,1
Ba(CuAs)2,6
Ba(CuO)2,1
Ba(CuO)4,1
Ba(CuP2)2,2
Ba(CuS)2,5
Ba(CuSb)2,5
Ba(CuSe)2,5
Ba(CuTe)2,4
Ba(FeAs)2,6
Ba(FeN)2,4
Ba(FeO2)2,5
Ba(FeP)2,4
Ba(FeS2)2,3
Ba(FeSb3)4,1
Ba(GaAs)2,6
Ba(GaH)2,1
Ba(GaP)2,4
Ba(GaPt)2,7
Ba(GaSe2)2,2
Ba(GaTe2)2,2
Ba(Ge3Pt)4,1
Ba(GeAs)2,7
Ba(GeAu)2,6
Ba(GeP)2,6
Ba(GeRh)2,6
Ba(GeRu)2,4
Ba(IO3)2,3
Ba(InAu)2,6
Ba(InPt)2,5
Ba(InTe2)2,3
Ba(LaI4)2,1
Ba(LaS2)2,3
Ba(LaSe2)2,3
Ba(MgAs)2,6
Ba(MgBi)2,5
Ba(MgGe)2,4
Ba(MgIn)2,5
Ba(MgP)2,6
Ba(MgPb)2,5
Ba(MgSb)2,6
Ba(MgSi)2,4
Ba(MgSn)2,6
Ba(MnAs)2,3
Ba(MnGe)2,2
Ba(MnP)2,2
Ba(Mo3S4)2,1
Ba(MoSe)3,1
Ba(NdS2)2,3
Ba(NdSe2)2,3
Ba(Ni2B)6,1
Ba(NiAs)2,6
Ba(NiN)2,1
Ba(NiP)2,6
Ba(NiP2)2,1
Ba(P2Au)2,2
Ba(P2Pd)2,1
Ba(PIr)2,6
Ba(POs)2,3
Ba(PPd)2,6
Ba(PRh)2,4
Ba(PRu)2,3
Ba(PdO2)2,1
Ba(PdS2)2,1
Ba(PrS2)2,3
Ba(PrSe2)2,3
Ba(RhPb2)3,1
Ba(Sb3Os)4,1
Ba(Sb3Ru)4,1
Ba(SbAu)2,5
Ba(SbO3)2,2
Ba(SbPd)2,7
Ba(SbRu)2,5
Ba(Si3N4)2,1
Ba(SiIr)2,5
Ba(SiNi)2,6
Ba(SiRh)2,7
Ba(Sn2Ru)3,1
Ba(TeMo)6,1
Ba(TeO3)2,2
Ba(TlHg)2,8
Ba(ZnAs)2,7
Ba(ZnGe)2,5
Ba(ZnP)2,3
Ba(ZnSb)2,8
Ba(ZnSi)2,4
Ba(ZnSn)2,5
Ba10BrN5Cl4,2
Ba10Ge7O3,1
Ba10IBr4N5,2
Ba2(AlAg)5,2
Ba2(CaAl3)3,1
Ba2AgBi,4
Ba2AgIO6,1
Ba2AgSb,9
Ba2AlGa3,5
Ba2AlIn3,1
Ba2As,21
Ba2As6O11,3
Ba2AsAu,11
Ba2B2O5,6
Ba2Bi,4
Ba2Bi2O5,3
Ba2Bi2Se3O2,1
Ba2Bi3,3
Ba2BiAu,5
Ba2BiIrO6,1
Ba2BiSbO6,5
Ba2BrN,7
Ba2Ca(BO3)2,2
Ba2Ca2Cu3HgO8,1
Ba2Ca3Cu4HgO10,1
Ba2CaBiO6,2
Ba2CaCu2HgO6,1
Ba2CaCu2MoO8,1
Ba2CaEr3(NiO5)2,1
Ba2CaI6,12
Ba2CaIrO6,2
Ba2CaMoO6,2
Ba2CaNbO6,1
Ba2CaOsO6,1
Ba2CaReO6,1
Ba2CaSeO6,1
Ba2CaTeO6,1
Ba2CaWO6,2
Ba2Cd,17
Ba2Cd(BO3)2,1
Ba2Cd2As3,3
Ba2Cd2Sb3,2
Ba2Cd3Bi4,1
Ba2CdAs2,4
Ba2CdHg,12
Ba2CdIn,10
Ba2CdMoO6,2
Ba2CdOsO6,2
Ba2CdP3O11,1
Ba2CdPb,15
Ba2CdReO6,1
Ba2CdSn,6
Ba2Ce2O5,4
Ba2CeBiO6,5
Ba2CeCrO6,1
Ba2CeHfO6,3
Ba2CeNbO6,4
Ba2CePbO6,2
Ba2CePtO6,1
Ba2CeSnO6,3
Ba2CeTaO6,3
Ba2CeWO6,2
Ba2CeZrO6,6
Ba2CoF6,5
Ba2CoN2,3
Ba2CoNiS4,1
Ba2CrBiO6,1
Ba2CrF6,5
Ba2CrMoO6,1
Ba2CrSnO6,1
Ba2Cu(PO4)2,1
Ba2Cu(SBr)2,2
Ba2Cu(SCl)2,2
Ba2Cu3(BrO2)2,1
Ba2Cu3(ClO2)2,1
Ba2Cu3BrClO4,1
Ba2Cu3P4,1
Ba2CuAg3(SnS4)2,1
Ba2CuBrO2,1
Ba2CuClO2,1
Ba2CuF6,6
Ba2CuH6,4
Ba2CuHgO4,1
Ba2CuN2,2
Ba2CuO3,2
Ba2CuOsO6,3
Ba2CuTeO6,2
Ba2CuWO6,2
Ba2Dy(CuO2)4,1
Ba2DyBiO6,2
Ba2DyCu3O7,1
Ba2DyGaSe5,2
Ba2DyGaTe5,1
Ba2DyInSe5,1
Ba2DyInTe5,1
Ba2DyMoO6,4
Ba2DyNbO6,2
Ba2DySbO6,1
Ba2DyTaO6,1
Ba2DyWO6,2
Ba2Er(CuO2)4,1
Ba2ErCu3O7,1
Ba2ErCuNi2O7,2
Ba2ErGaSe5,2
Ba2ErGaTe5,1
Ba2ErInSe5,1
Ba2ErInTe5,1
Ba2ErMoO6,4
Ba2ErNbO6,1
Ba2ErReO6,1
Ba2ErRuO6,1
Ba2ErSbO6,2
Ba2ErTaO6,1
Ba2ErZn2CuO7,1
Ba2Eu(CuO2)4,1
Ba2Eu2Ti2Cu2O11,1
Ba2Eu3Si7,1
Ba2EuBiO6,3
Ba2EuCu3O7,1
Ba2EuMoO6,1
Ba2EuNbO6,2
Ba2EuReO6,1
Ba2EuRuO6,1
Ba2EuSbO6,2
Ba2EuTaO6,2
Ba2Fe2O5,4
Ba2Fe2S2OF2,1
Ba2Fe4AsP3,1
Ba2FeBrO3,1
Ba2FeMoO6,2
Ba2FeReO6,3
Ba2FeWO6,4
Ba2Ga7Ag,2
Ba2GaGeN,1
Ba2Gd(CuO2)4,1
Ba2GdBiO6,3
Ba2GdCu3O7,1
Ba2GdGaSe5,2
Ba2GdGaTe5,1
Ba2GdMoO6,2
Ba2GdNbO6,1
Ba2GdReO6,1
Ba2GdRuO6,2
Ba2GdSbO6,2
Ba2GdTaO6,2
Ba2GdWO6,2
Ba2Ge,3
Ba2Ge3,2
Ba2GeAs2,4
Ba2GeP2,2
Ba2GeSe4,2
Ba2H3I,4
Ba2H6Os,2
Ba2H6Pt,3
Ba2H6Ru,3
Ba2HfO4,2
Ba2HfS4,3
Ba2Hg,18
Ba2HgPb,10
Ba2Ho(CuO2)3,1
Ba2Ho(CuO2)4,1
Ba2HoCu3O7,1
Ba2HoMoO6,4
Ba2HoNbO6,1
Ba2HoReO6,1
Ba2HoRuO6,1
Ba2HoSbO6,1
Ba2HoTaO6,1
Ba2I2O,4
Ba2In,16
Ba2In2O5,9
Ba2In3Au,3
Ba2InBiO6,3
Ba2InBiS5,1
Ba2InBiSe5,1
Ba2InBrO3,1
Ba2InClO3,1
Ba2InCuO4,1
Ba2InGaO5,2
Ba2InHg,10
Ba2InO3F,4
Ba2InOsO6,1
Ba2InReO6,1
Ba2InSbO6,1
Ba2InSbSe5,1
Ba2IrO4,2
Ba2La(CuO2)3,1
Ba2La(FeO3)3,1
Ba2La2MgTi3O12,2
Ba2La2Mn4O11,1
Ba2La2Ni(WO6)2,1
Ba2La2Ti2Cu2O11,1
Ba2La2TlCu2O9,1
Ba2La4CuPtO10,1
Ba2LaAg5S6,1
Ba2LaBiO6,3
Ba2LaCu3O7,3
Ba2LaCu3O8,1
Ba2LaI7,4
Ba2LaIrO6,2
Ba2LaMn2O7,1
Ba2LaNbO6,3
Ba2LaReO6,1
Ba2LaRuO6,2
Ba2LaSbO6,2
Ba2LaTa(CuO4)2,1
Ba2LaTaO6,3
Ba2LaTlCu2O7,1
Ba2LaWO6,3
Ba2Li(NiO3)2,4
Ba2Li3NbN4,1
Ba2Li3TaN4,2
Ba2LiFe2N3,1
Ba2LiIO6,1
Ba2LiLaCu3O7,8
Ba2LiMn2O6,3
Ba2LiOsO6,3
Ba2LiReN4,3
Ba2LiReO6,2
Ba2LiTeO6,1
Ba2Lu(CuO2)3,1
Ba2LuBiO6,3
Ba2LuCu3O7,1
Ba2LuIrO6,1
Ba2LuMoO6,1
Ba2LuNbO6,1
Ba2LuReO6,1
Ba2LuRuO6,1
Ba2LuSbO6,2
Ba2LuTaO6,1
Ba2Mg(BO3)2,1
Ba2Mg17,2
Ba2Mg3Si4,1
Ba2MgH6,4
Ba2MgIn,13
Ba2MgMoO6,1
Ba2MgOsO6,2
Ba2MgReO6,2
Ba2MgTl,11
Ba2MgWO6,2
Ba2Mn2As2O,1
Ba2Mn2Bi2O,1
Ba2Mn2O5,2
Ba2Mn2Sb2O,2
Ba2Mn3(AsO)2,1
Ba2Mn3(SbO)2,1
Ba2MnMoO6,4
Ba2MnNbO6,8
Ba2MnO4,3
Ba2MnReO6,3
Ba2MnSnO6,1
Ba2MnWO6,2
Ba2MoO3F4,1
Ba2N,5
Ba2NCl,5
Ba2Na(FeAs)6,1
Ba2Na(SnAs)6,1
Ba2Na2O3,2
Ba2NaIO6,1
Ba2NaIn,7
Ba2NaLaTi4O12,1
Ba2NaO,6
Ba2NaOsO6,2
Ba2NaReO6,1
Ba2Nb5O9,1
Ba2NbBiO6,4
Ba2NbCu2Pb2ClO8,1
Ba2NbFeO6,7
Ba2NbInO6,2
Ba2NbRhO6,1
Ba2NbVO6,2
Ba2Nd(CuO2)3,1
Ba2Nd2Fe4O11,4
Ba2Nd2Ti2Cu2O11,1
Ba2NdAlO5,2
Ba2NdBiO6,3
Ba2NdCu2HgO7,1
Ba2NdCu3O7,1
Ba2NdDyTi2Cu2O11,1
Ba2NdGaS5,2
Ba2NdInTe5,1
Ba2NdIrO6,1
Ba2NdMoO6,2
Ba2NdNb(CuO4)2,3
Ba2NdNbO6,3
Ba2NdReO6,1
Ba2NdRuO6,2
Ba2NdSbO6,3
Ba2NdTaO6,1
Ba2NdTlCu2O7,1
Ba2NdWO6,4
Ba2Ni3N2,1
Ba2Ni5Ge4,1
Ba2NiF6,3
Ba2NiMoO6,1
Ba2NiN2,2
Ba2NiTeO6,3
Ba2NiWO6,3
Ba2OsO4,3
Ba2P7Br,1
Ba2P7Cl,1
Ba2P7I,1
Ba2PCl,12
Ba2Pb,14
Ba2PbO4,1
Ba2Pd,14
Ba2Pd(OF)2,1
Ba2PdF6,3
Ba2PdO3,2
Ba2Pr(CuO2)3,2
Ba2Pr(CuO2)4,1
Ba2PrBiO6,4
Ba2PrCu3O7,1
Ba2PrCu3O8,1
Ba2PrF7,3
Ba2PrGaS5,2
Ba2PrIrO6,1
Ba2PrNbO6,3
Ba2PrPbO6,2
Ba2PrPtO6,1
Ba2PrRuO6,2
Ba2PrSbO6,2
Ba2PrSnO6,2
Ba2PrTaO6,2
Ba2PrWO6,4
Ba2PtAu,12
Ba2ReNiO6,1
Ba2RuN2,3
Ba2RuO4,2
Ba2S3,2
Ba2Sb,23
Ba2SbAu,8
Ba2Sc2O5,5
Ba2ScCuO4,2
Ba2ScIrO6,2
Ba2ScNbO6,4
Ba2ScO3F,2
Ba2ScOsO6,2
Ba2ScReO6,3
Ba2ScTaO6,4
Ba2ScTi2BiO9,1
Ba2Si,13
Ba2Si3Ni,3
Ba2SiSe4,2
Ba2SiTe4,1
Ba2Sm(CuO2)3,1
Ba2Sm(CuO2)4,1
Ba2Sm2Fe4O11,3
Ba2Sm2Ti2Cu2O11,1
Ba2SmBiO6,4
Ba2SmCu3O7,1
Ba2SmFeO6,1
Ba2SmGaSe5,2
Ba2SmGaTe5,2
Ba2SmInSe5,1
Ba2SmMnO6,1
Ba2SmMoO6,3
Ba2SmNbO6,3
Ba2SmOsO6,1
Ba2SmReO6,1
Ba2SmSbO6,1
Ba2SmTaO6,2
Ba2SmVO6,1
Ba2SmWO6,5
Ba2Sn,4
Ba2SnHg,5
Ba2SnO4,2
Ba2Sr(PO4)2,1
Ba2SrFeO6,1
Ba2SrI6,13
Ba2SrIrO6,2
Ba2SrN2,2
Ba2SrSeO6,1
Ba2SrTeO6,2
Ba2SrTi3O9,4
Ba2SrWO6,5
Ba2SrY2Cu2PtO10,1
Ba2TaBiO6,3
Ba2TaCu2Pb2ClO8,1
Ba2TaFeO6,4
Ba2TaInO6,2
Ba2TaMnO6,7
Ba2TaTlO6,1
Ba2Tb2Ti2Cu2O11,1
Ba2TbBiO6,2
Ba2TbCeO6,3
Ba2TbHfO6,2
Ba2TbIrO6,1
Ba2TbMoO6,3
Ba2TbNbO6,2
Ba2TbSbO6,1
Ba2TbSnO6,1
Ba2TbTaO6,1
Ba2TbWO6,2
Ba2TbZrO6,2
Ba2TeO,4
Ba2Ti2O5,2
Ba2TiOF6,1
Ba2TiVS6,2
Ba2Tl2Cu2HgO8,1
Ba2Tl2CuO6,2
Ba2TlCd,9
Ba2TlCu3O7,1
Ba2TlCuHgO5,1
Ba2TlCuO5,2
Ba2TlHg,10
Ba2TlSbO6,2
Ba2TlZn,9
Ba2Tm(CuO2)4,1
Ba2TmCu3O7,1
Ba2TmMoO6,4
Ba2TmNbO6,2
Ba2TmReO6,1
Ba2TmRuO6,1
Ba2TmTaO6,2
Ba2V2CuF12,1
Ba2V2O5,2
Ba2VCu2F12,1
Ba2VMoO6,1
Ba2WO3F4,1
Ba2Y(CuO2)3,3
Ba2Y(CuO2)4,3
Ba2Y2Mn4O11,1
Ba2YAg3O8,1
Ba2YAg5S6,1
Ba2YBiO6,3
Ba2YBr7,6
Ba2YCl7,5
Ba2YCr3O8,1
Ba2YCu3(PbO4)2,2
Ba2YCu3O6F,1
Ba2YCu3O7,2
Ba2YCu3O8,1
Ba2YCu3PbO7,1
Ba2YF7,3
Ba2YFe3O8,1
Ba2YGaSe5,2
Ba2YGaTe5,1
Ba2YInSe5,1
Ba2YInTe5,1
Ba2YIrO6,1
Ba2YMn2TlO7,1
Ba2YMn3O7,1
Ba2YMoO6,3
Ba2YNbO6,3
Ba2YNi3O7,1
Ba2YNi3O8,1
Ba2YOsO6,1
Ba2YReO6,1
Ba2YRuO6,1
Ba2YSbO6,2
Ba2YTaO6,1
Ba2YTi3O7,1
Ba2YTi3O8,1
Ba2YTlCu2O7,1
Ba2YZrO6,1
Ba2YbBiO6,1
Ba2YbMoO6,1
Ba2YbNbO6,1
Ba2YbReO6,1
Ba2YbRuO6,1
Ba2YbSbO6,1
Ba2YbTaO6,1
Ba2Zn,18
Ba2Zn3(AsO)2,1
Ba2ZnAs2,4
Ba2ZnBi2,4
Ba2ZnCd,10
Ba2ZnF6,4
Ba2ZnHg,12
Ba2ZnIn,12
Ba2ZnMoO6,1
Ba2ZnN2,1
Ba2ZnOsO6,2
Ba2ZnReO6,2
Ba2ZnSb2,4
Ba2ZnTeO6,2
Ba2ZnWO6,1
Ba2ZrInO6,2
Ba2ZrO4,1
Ba2ZrS4,3
Ba2ZrSnO6,2
Ba2ZrTiO6,4
Ba2ZrWO6,2
Ba3(AlGe)2,2
Ba3(AlSi)2,2
Ba3(AlSn)2,1
Ba3(AsO4)2,1
Ba3(CdAs2)2,1
Ba3(CdSb2)2,2
Ba3(GeN)2,1
Ba3(H6Ir)2,2
Ba3(InP2)2,3
Ba3(LiAs)4,2
Ba3(LiBi)4,2
Ba3(LiSb)4,2
Ba3(LiSn2)4,1
Ba3(PO4)2,2
Ba3(PS4)2,2
Ba3(SiAs2)2,2
Ba3(TaN2)2,2
Ba3(VN2)2,2
Ba3(ZnAs2)2,2
Ba3Ag2,8
Ba3Al3Ga2,3
Ba3Al5,2
Ba3AlN3,2
Ba3AsN,6
Ba3Au2,9
Ba3BAsO3,1
Ba3BPO3,1
Ba3Bi2F12,1
Ba3BiN,4
Ba3Ca,17
Ba3CaI8,3
Ba3CaIr2O9,2
Ba3CaNb2O9,2
Ba3CaRu2O9,2
Ba3CaTa2O9,2
Ba3Cd(GeO4)2,2
Ba3Cd(SiO4)2,2
Ba3CdHg10,1
Ba3Co(CN)3,1
Ba3CoN3,3
Ba3Cr2O8,2
Ba3CrN3,1
Ba3CrO5,1
Ba3Dy4O9,1
Ba3Er2Cu2PtO10,1
Ba3Er4O9,1
Ba3Eu,5
Ba3Fe2TeO5,1
Ba3FeN3,1
Ba3GaN3,2
Ba3Ge5,5
Ba3GeO,5
Ba3GeO5,4
Ba3Hf2O7,1
Ba3Ho2Cu2PtO10,1
Ba3Ho4O9,1
Ba3In2Br2O5,2
Ba3In2Cl2O5,2
Ba3In2MoO9,2
Ba3In2O5F2,1
Ba3In2O6,1
Ba3In2WO9,2
Ba3InHg10,1
Ba3InS4Cl,1
Ba3Ir(CN)3,1
Ba3IrN3,1
Ba3LaIn(WO6)2,1
Ba3LaNb3O12,2
Ba3LaTa3O12,2
Ba3LaZnReWO12,1
Ba3LiN,4
Ba3Lu2MoO9,1
Ba3Lu4O9,1
Ba3MgNb2O9,1
Ba3MgTa2O9,1
Ba3MgTaNbO9,1
Ba3Mn2IrO9,4
Ba3Mn2RuO9,4
Ba3MnN3,2
Ba3MnO5,1
Ba3MoN3,1
Ba3MoO6,3
Ba3N,3
Ba3Na,6
Ba3NaN,5
Ba3Nb2CdO9,1
Ba3Nb2O8,1
Ba3Nb2ZnO9,1
Ba3NiO4,1
Ba3OsN3,2
Ba3P4,2
Ba3P4O13,4
Ba3Pb5,3
Ba3PbO,3
Ba3PrF9,1
Ba3Re2O9,4
Ba3ReN3,2
Ba3Rh(CN)3,1
Ba3RuN3,2
Ba3SbN,4
Ba3SiO,4
Ba3SiO5,2
Ba3Sn2,2
Ba3Sn4Bi,1
Ba3Sn5,4
Ba3SnO,3
Ba3SnS4,2
Ba3SnS5,1
Ba3Sr,26
Ba3Sr(CuO3)4,1
Ba3Sr(SnO3)4,1
Ba3Sr3(BiN)2,1
Ba3Sr3(SbN)2,1
Ba3Sr4O7,1
Ba3SrAg4,2
Ba3SrCa2(MoO6)2,2
Ba3SrCa2(WO6)2,2
Ba3SrEr2(MoO6)2,1
Ba3SrI8,3
Ba3SrLu2(BiO6)2,1
Ba3SrMg2(TeO6)2,1
Ba3SrNb2O9,2
Ba3SrNd2(IrO6)2,1
Ba3SrO4,2
Ba3SrSn12,1
Ba3SrTa2O9,3
Ba3SrTl2Cu2HgO10,1
Ba3SrY2(SbO6)2,2
Ba3SrZn2(WO6)2,2
Ba3Ta2CdO9,1
Ba3Ta2ZnO9,1
Ba3Ti2O7,1
Ba3Ti3(BO6)2,1
Ba3Ti3O8,1
Ba3TiO5,1
Ba3TiS5,1
Ba3V2O8,2
Ba3VO5,1
Ba3WN3,1
Ba3WO6,5
Ba3Y2Cu2PtO10,1
Ba3Y2O6,2
Ba3Y4O9,1
Ba3Yb,3
Ba3Zr2O7,1
Ba3Zr2S7,3
Ba4(NbSe4)3,2
Ba4Al5,2
Ba4As2O,4
Ba4Bi(PbO4)3,5
Ba4Bi2O,3
Ba4Bi3,1
Ba4Bi3O11,1
Ba4Bi3PbO12,2
Ba4Ca(BiO4)3,1
Ba4CaCu2CO9,1
Ba4Ce2In2O11,1
Ba4CeMn3O12,1
Ba4CoNi3S8,1
Ba4Cr2MoWO12,1
Ba4Cu2IBrO4,1
Ba4Cu3SeO6,1
Ba4Er(RuO4)3,2
Ba4Fe2MoWO12,1
Ba4Fe2S4I5,1
Ba4GaSn3,1
Ba4GeN4,2
Ba4Hf3S10,1
Ba4Ho(RuO4)3,1
Ba4InSbO8,1
Ba4La2SbRuO12,1
Ba4Li(BN2)3,1
Ba4Li(BiO4)3,1
Ba4Li(SbO4)3,1
Ba4LiBi3O11,1
Ba4LiCu(CO5)2,1
Ba4Mg(BiO4)3,1
Ba4MnN4,2
Ba4Na(BN2)3,1
Ba4Na(BiO4)3,1
Ba4Na(IrO4)3,1
Ba4Na(SbO4)3,1
Ba4Na2W2O11,1
Ba4NaCu(CO5)2,1
Ba4Nb2O9,2
Ba4Nb2WO12,1
Ba4Nd(IrO4)3,1
Ba4Nd(RuO4)3,1
Ba4NdMn3O12,1
Ba4P2O,3
Ba4Pb3O10,1
Ba4Pr3BiO12,1
Ba4PrMn3O12,1
Ba4Re2NiO12,2
Ba4Sb2O,3
Ba4Sc2Cu2O9,1
Ba4ScReWO12,1
Ba4Ta2TiZnO12,2
Ba4Tb(RuO4)3,1
Ba4Ti3O10,2
Ba4TiN4,1
Ba4Tl13Hg3,1
Ba4Tl2Cu2HgO10,1
Ba4VN4,1
Ba4YCu(WO6)2,1
Ba4Zr(RuO4)3,1
Ba4Zr3S10,1
Ba4Zr3TiO12,5
Ba4ZrN4,1
Ba5(Ga2Se5)2,1
Ba5Al5Pb,1
Ba5Al5Sn,1
Ba5As3,3
Ba5Bi3,1
Ba5Bi3O11,1
Ba5Cd2(Sb2O)2,1
Ba5Ga5Pb,1
Ba5Ga5Sn,1
Ba5In4Te4S7,1
Ba5P4,3
Ba5Pb3,3
Ba5Sb3,2
Ba5Sb4,3
Ba5Sn3,1
Ba6HfO8,1
Ba6In2NF,1
Ba6Tl2NCl,2
Ba6ZrO8,2
Ba7Al10,1
Ba7Al13,1
Ba8Bi4H2O,1
Ba8Fe3N8,1
Ba8Mn3N8,1
Ba8P5Br,1
Ba8Sb4H2O,1
Ba9In4,1
Ba9In4H,1
BaAg,22
BaAg2,16
BaAg2(HgO2)2,1
BaAg2GeS4,3
BaAg2GeSe4,1
BaAg2SnS4,2
BaAg2SnSe4,2
BaAg5,7
BaAgAs,21
BaAgBi,16
BaAgO2,11
BaAgP,27
BaAgSF,1
BaAgSb,21
BaAgSeF,1
BaAgTeF,1
BaAl,31
BaAl2,19
BaAl2(SiO4)2,4
BaAl2B2O7,1
BaAl2O4,6
BaAl2Sb2O7,1
BaAl4,3
BaAl9Fe2,1
BaAl9Ni2,1
BaAlBO3F2,2
BaAlGaO4,3
BaAlGe,7
BaAlGeF,1
BaAlGeH,3
BaAlSi,10
BaAlSiH,2
BaAlSn,9
BaAs2,22
BaAs2Pd,7
BaAs2Pt,16
BaAs3,20
BaAsAu,22
BaAsPd,7
BaAsPt,10
BaAu,23
BaAu2,12
BaAu5,5
BaAuO2,8
BaB2F8,4
BaB6,1
BaBClF4,2
BaBe2(PO4)2,2
BaBePO4F,2
BaBeSiO4,1
BaBi3,6
BaBiBS4,2
BaBiBrO2,4
BaBiClO2,4
BaBiIO2,4
BaBiNO5,1
BaBiO3,8
BaBr2,26
BaC2(SN)2,1
BaC6,2
BaCN2,7
BaCO3,18
BaCSNCl,1
BaCa,33
BaCa(CO3)2,5
BaCa(FeO2)4,1
BaCa(GaO2)4,1
BaCa2I6,12
BaCa2Mg(SiO4)2,1
BaCa3,22
BaCaCeHfO6,3
BaCaCeSnO6,3
BaCaCeZrO6,3
BaCaDyBiO6,5
BaCaDySbO6,3
BaCaEuBiO6,4
BaCaEuNbO6,5
BaCaEuSbO6,5
BaCaEuWO6,5
BaCaGdBiO6,3
BaCaGdSbO6,3
BaCaGe,7
BaCaHfSnO6,1
BaCaHfZrO6,2
BaCaI4,15
BaCaInBiO6,3
BaCaLaBiO6,7
BaCaLaSbO6,4
BaCaNb4O12,1
BaCaNdBiO6,3
BaCaNdNbO6,3
BaCaNdSbO6,5
BaCaO2,9
BaCaPb,10
BaCaPrBiO6,4
BaCaSi,9
BaCaSmBiO6,3
BaCaSmNbO6,3
BaCaSmSbO6,5
BaCaSn,7
BaCaSnWO6,3
BaCaTbBiO6,3
BaCaYSbO6,1
BaCaYb2,1
BaCaZr2O6,6
BaCaZrSnO6,1
BaCd,26
BaCd2,16
BaCd2Pt,15
BaCd3,17
BaCd3Ga,5
BaCdAsF,1
BaCdBi2,7
BaCdGe,13
BaCdO2,10
BaCdPF,1
BaCdPb,20
BaCdS2,8
BaCdSb2,15
BaCdSn,15
BaCe2CoS5,1
BaCe2EuO6,3
BaCe2FeS5,1
BaCe2MnS5,1
BaCe2ZnS5,1
BaCeEuNbO6,1
BaCeEuWO6,2
BaCeI4,1
BaCeN2,5
BaCeO3,4
BaCl2,17
BaCoF4,2
BaCrF6,9
BaCrN2,7
BaCrS2,4
BaCu,29
BaCu(SeO3)2,4
BaCu(SiO3)2,2
BaCu2(HgO2)2,1
BaCu2SnSe4,3
BaCu3O4,3
BaCu4S3,2
BaCu5AgP2,1
BaCuAs,21
BaCuB2O5,1
BaCuBi,18
BaCuF4,4
BaCuGe,6
BaCuN,17
BaCuO2,13
BaCuO3,4
BaCuP,26
BaCuS2,8
BaCuSF,1
BaCuSb,21
BaCuSn2,6
BaDy2NiO5,2
BaDy2PdO5,2
BaDyCuTe3,2
BaDyFe2O5,3
BaDyFe4O7,2
BaDyFeCuO5,1
BaEr2F8,3
BaEr2NiO5,2
BaErAgS3,3
BaErCuS3,1
BaErFe4O7,1
BaErMn2O5,2
BaErO3,2
BaEu2Mn2O7,2
BaEu2NiO5,1
BaEu2PdO5,1
BaEu2PtO5,1
BaEu3,3
BaEuBiSbO6,2
BaEuDySbO6,1
BaEuDyWO6,2
BaEuFe2O5,1
BaEuFeCuO5,1
BaEuHfNbO6,1
BaEuHfSnO6,1
BaEuHfZrO6,1
BaEuInBiO6,2
BaEuNbBiO6,2
BaEuNbInO6,1
BaEuO2,3
BaEuO3,2
BaEuS2,3
BaEuYBiO6,2
BaEuYSbO6,2
BaEuYWO6,2
BaEuZr2O6,1
BaEuZrNbO6,2
BaEuZrSnO6,1
BaF2,6
BaF3,8
BaFe2(PO4)2,2
BaFe2S2O,1
BaFe2S3,1
BaFe2Se3,2
BaFeAs2Ru,1
BaFeCuF7,3
BaFeCuPb2ClO5,1
BaFeF4,4
BaFeO3,28
BaGa2,8
BaGa2GeS6,2
BaGa2GeSe6,2
BaGa2SiS6,2
BaGa2SiSe6,1
BaGa3Sn,4
BaGa4,2
BaGaBO3F2,2
BaGaCu2,6
BaGaGe,6
BaGaGeH,2
BaGaH5,5
BaGaSi,6
BaGaSiH,1
BaGaSn,10
BaGaSnH,2
BaGd2NiO5,1
BaGd2PdO5,1
BaGd2PtO5,1
BaGdAuSe3,1
BaGdCl5,1
BaGdCuBO5,1
BaGdCuSe3,1
BaGdCuTe3,1
BaGdFe2O5,1
BaGdInWO6,2
BaGe,17
BaGe(AsO4)2,2
BaGe(PO4)2,3
BaGe2,11
BaGe3,3
BaGe3Ir,4
BaGe3Pd,5
BaGe3Pt,5
BaGe3Rh,4
BaGe5,3
BaGe6,2
BaGeAu3,3
BaGeF6,11
BaGeO3,11
BaGePt,6
BaH2,8
BaH2C2O5,1
BaH3IO6,1
BaH4(IO)2,1
BaH4O3,3
BaH5BrO3,1
BaH5ClO3,1
BaHBr,15
BaHBrO,11
BaHCl,5
BaHI,6
BaHIO,5
BaHf(BO3)2,3
BaHf(PO4)2,2
BaHfF6,8
BaHfN2,7
BaHfO3,20
BaHfS3,31
BaHg,26
BaHg2,11
BaHg2Bi,7
BaHg2Pb,11
BaHg3,15
BaHgO2,7
BaHgPb,14
BaHgS2,6
BaHo2NiO5,2
BaHo2PdO5,2
BaHoFe4O7,2
BaI2,20
BaIF,7
BaIn,32
BaIn2,16
BaIn2Ir,16
BaIn2Pd,8
BaIn2Pt,17
BaIn2Rh,17
BaIn3Pt,5
BaIn4,5
BaIn4Ir,4
BaIn9Ir2,2
BaInCuF7,2
BaInGa,10
BaInGe,5
BaInO3,3
BaIrF6,9
BaLa(FeO3)2,2
BaLa2Cl8,3
BaLa2CoS5,1
BaLa2Fe2O7,1
BaLa2FeS5,1
BaLa2MnS5,1
BaLa2O4,6
BaLa2PtO5,2
BaLa2ZnO5,1
BaLa2ZnS5,1
BaLa3(NiO4)2,1
BaLa3Mn4O12,4
BaLaB12,3
BaLaBr5,4
BaLaCl5,10
BaLaCuBO5,1
BaLaCuRuO6,1
BaLaEuSbO6,2
BaLaFeO4,2
BaLaI4,1
BaLaI5,8
BaLaMg6,2
BaLaMgNbO6,1
BaLaMgRuO6,2
BaLaMgTaO6,1
BaLaMn2O6,3
BaLaMnRuO6,2
BaLaMnSbO6,1
BaLaMnSnO6,1
BaLaNiRuO6,1
BaLaSi2,14
BaLaTiFeO6,1
BaLaZnRuO6,1
BaLi2(MgGe)2,2
BaLi2(MgSi)2,2
BaLi2Mg(PO4)2,1
BaLi2MnV2O8,1
BaLi2Si,12
BaLiAs,10
BaLiF3,2
BaLiGe2,5
BaLiH3,2
BaLiLaTeO6,2
BaLiMg2AlSi3(O5F)2,1
BaLiN,8
BaLiP,9
BaLiPrTeO6,1
BaLiSb,7
BaLu2O4,2
BaLuFe4O7,1
BaLuFeCuO5,1
BaMg,27
BaMg(CO3)2,3
BaMg(FeO2)4,2
BaMg2,19
BaMg2FeH8,2
BaMg2N2,3
BaMg3,17
BaMg4Ge3,1
BaMg4Si3,1
BaMgF4,2
BaMgGe,7
BaMgH4,4
BaMgIn3,4
BaMgMnO3,1
BaMgO2,7
BaMgSi,11
BaMn2O3,1
BaMn2P2O9,1
BaMn3O6,1
BaMn4O8,2
BaMnCO3F2,1
BaMnF4,2
BaMnN2,7
BaMnO3,13
BaMnS2,6
BaMnSb2,17
BaMnSbF,1
BaMo(PO4)2,2
BaMoO3,3
BaMoO4,6
BaN2,3
BaN6,1
BaNa(FeAs)4,1
BaNa2,6
BaNa2Fe4F12,1
BaNa2Mg(PO4)2,2
BaNa2O2,2
BaNa2Pb,9
BaNa2Sn,8
BaNa3(PO4)2,1
BaNa4O3,2
BaNaBO3,4
BaNaBi,10
BaNaBiWO6,2
BaNaCeBiO6,2
BaNaCeNbO6,1
BaNaCeSbO6,1
BaNaCeWO6,3
BaNaDyWO6,1
BaNaEuWO6,2
BaNaGdWO6,1
BaNaH3Pd,1
BaNaH6Ir,2
BaNaHfBiO6,1
BaNaHg2,6
BaNaLaWO6,2
BaNaNbBiO6,2
BaNaNdWO6,2
BaNaP,8
BaNaPO4,6
BaNaPrSbO6,2
BaNaPrWO6,3
BaNaSmWO6,1
BaNaTbWO6,1
BaNaTiNbO6,1
BaNaTl2,6
BaNaYWO6,1
BaNaZrBiO6,1
BaNb2Fe2O9,1
BaNb2O6,8
BaNb2V2O11,1
BaNb4O6,1
BaNb5O8,1
BaNb7O9,1
BaNbO3,24
BaNbS3,4
BaNd2CoS5,1
BaNd2CuO5,2
BaNd2FeS5,1
BaNd2Mn2O7,1
BaNd2MnS5,1
BaNd2NiO5,3
BaNd2PdO5,2
BaNd2PtO5,2
BaNd2ZnO5,1
BaNd2ZnS5,1
BaNdCuBO5,1
BaNdEuBiO6,2
BaNdEuNbO6,2
BaNdEuSbO6,2
BaNdEuWO6,2
BaNdFe2O5,1
BaNdMn2O6,1
BaNdNb4O12,1
BaNdNiSbO6,1
BaNi2(PO4)2,2
BaNiF4,2
BaNiF6,10
BaNiIO6,2
BaNiO3,4
BaNiS2,5
BaNiSn3,6
BaO,18
BaO2,15
BaO6,4
BaOsO3,10
BaP2,20
BaP3,20
BaP8,1
BaPAu,19
BaPIr,11
BaPPd,6
BaPPt,10
BaPS3,4
BaPSe3,3
BaPb,34
BaPb2BrF5,1
BaPb2C2(O3F)2,1
BaPb2IF5,1
BaPb3,22
BaPb3O4,1
BaPbF6,5
BaPbO3,6
BaPd,23
BaPd(IO3)4,1
BaPd(SeO3)2,3
BaPd2,2
BaPd5,3
BaPdF4,3
BaPdS2,7
BaPr2CoS5,1
BaPr2CuO5,2
BaPr2FeS5,1
BaPr2MnS5,1
BaPr2NiO5,3
BaPr2PdO5,2
BaPr2ZnS5,1
BaPr3(NiO4)2,1
BaPrCuTe3,2
BaPrEuSbO6,3
BaPrEuWO6,2
BaPrFeCuO5,2
BaPrMn2O5,1
BaPrMn2O6,1
BaPt,27
BaPt2,20
BaPt5,6
BaReH9,5
BaReN3,37
BaRh2,14
BaRhF6,12
BaRhO3,11
BaRuO3,9
BaS,12
BaS2,7
BaS3,8
BaSO3,5
BaSb2,18
BaSb2F12,3
BaSb2Pd,6
BaSb3,14
BaSbAu,22
BaSbClO2,3
BaSbPt,13
BaScCuS3,1
BaScO2F,2
BaScO3,2
BaSe,24
BaSe2,20
BaSe3,17
BaSeO3,8
BaSi,33
BaSi2,20
BaSi3Pd,4
BaSi3Pt,4
BaSiAu,13
BaSiF6,6
BaSiGe,5
BaSiN2,9
BaSiO3,13
BaSiPd,5
BaSiPt,11
BaSm2FeS5,1
BaSm2NiO5,2
BaSm2PdO5,2
BaSm2PtO5,2
BaSmCuBO5,1
BaSmEuBiO6,2
BaSmEuSbO6,2
BaSmEuWO6,3
BaSmFeCuO5,2
BaSn,20
BaSn(PO4)2,2
BaSn2,9
BaSn2(HO2)2,1
BaSn2Bi,7
BaSn3,8
BaSn3Au,4
BaSn3Pd,5
BaSn3Pt,5
BaSn3S4,1
BaSn5,4
BaSnF4,4
BaSnF6,8
BaSnHg,12
BaSnHgS4,1
BaSnO3,25
BaSnS2,8
BaSnS3,7
BaSr,47
BaSr(CuO2)2,2
BaSr(FeO2)4,3
BaSr(MoO3)2,1
BaSr(PbO3)2,1
BaSr(SnO3)2,2
BaSr2(PO4)2,1
BaSr2Ca,32
BaSr2Eu,4
BaSr2I6,13
BaSr2In2O6,1
BaSr2Mg(SiO4)2,1
BaSr2ScInO6,1
BaSr2Y2Cu2PtO10,1
BaSr3,39
BaSr3(SnO3)4,1
BaSr3(ZrSe3)4,1
BaSr3Ag4,3
BaSr3Ca2(MoO6)2,2
BaSr3I8,3
BaSr3Lu2(BiO6)2,1
BaSr3Mn4O12,1
BaSr3O4,2
BaSr3Pd2(OF)4,1
BaSr3Ti4O12,4
BaSr3Zr2Ti2O12,1
BaSr3Zr4O12,2
BaSr4,27
BaSr4(FeO2)5,2
BaSr4Cl10,4
BaSrBi3,3
BaSrBiSbO6,3
BaSrCaFeO6,1
BaSrCaMg(SiO4)2,1
BaSrCaMoO6,2
BaSrCaSeO6,2
BaSrCaWO6,8
BaSrCe2O6,3
BaSrCeBiO6,6
BaSrCeFeO6,1
BaSrCeHfO6,3
BaSrCeNiO6,1
BaSrCeSbO6,4
BaSrCeSnO6,2
BaSrCeTiO6,3
BaSrCeWO6,3
BaSrCeZrO6,4
BaSrCuBiO6,1
BaSrDyBiO6,6
BaSrDyMnO6,1
BaSrDyNbO6,5
BaSrDySbO6,5
BaSrDyWO6,3
BaSrErCu3O7,1
BaSrEu2,3
BaSrEuBiO6,5
BaSrEuCu3O7,1
BaSrEuNbO6,3
BaSrEuSbO6,4
BaSrEuWO6,7
BaSrFeBiO6,2
BaSrGa4,6
BaSrGaBiO6,1
BaSrGdBiO6,3
BaSrGdNbO6,3
BaSrHfNbO6,1
BaSrHfSnO6,1
BaSrHfZrO6,2
BaSrHg2,11
BaSrI4,17
BaSrInBiO6,3
BaSrInSbO6,3
BaSrLaBiO6,9
BaSrLaSbO6,4
BaSrLaWO6,3
BaSrLiNdTlCu2O7,7
BaSrLuBiO6,2
BaSrMgTeO6,1
BaSrMgWO6,1
BaSrMn2O6,1
BaSrMnWO6,3
BaSrN,6
BaSrNb4O12,1
BaSrNbBiO6,2
BaSrNbInO6,1
BaSrNbWO6,1
BaSrNdBiO6,5
BaSrNdCu3O7,1
BaSrNdFeO6,1
BaSrNdNbO6,3
BaSrNdSbO6,5
BaSrNdTlCu2O7,1
BaSrNdWO6,3
BaSrNiWO6,1
BaSrO2,8
BaSrPd(OF)2,1
BaSrPdF6,1
BaSrPrBiO6,3
BaSrPrCu3O7,1
BaSrPrNbO6,3
BaSrPrSbO6,5
BaSrPrSnO6,3
BaSrPrWO6,3
BaSrSi4,5
BaSrSm(CuO2)3,1
BaSrSmBiO6,4
BaSrSmCu3O7,1
BaSrSmFeO6,2
BaSrSmNbO6,3
BaSrSmSbO6,4
BaSrSmWO6,4
BaSrTbBiO6,4
BaSrTbCeO6,3
BaSrTbNbO6,3
BaSrTbSbO6,5
BaSrTbSnO6,2
BaSrTbTiO6,3
BaSrTbWO6,4
BaSrTbZrO6,3
BaSrTl2,13
BaSrY(CuO2)4,1
BaSrYBiO6,5
BaSrYCu3PbO7,1
BaSrYNbO6,3
BaSrYSbO6,4
BaSrYTlCu2O7,1
BaSrYWO6,5
BaSrYb2,1
BaSrYbReO6,1
BaSrZnWO6,1
BaSrZr2O6,6
BaSrZrNbO6,4
BaTa2Bi2O9,4
BaTaO3,2
BaTaS3,7
BaTaSe3,4
BaTb2Mn2O7,2
BaTb2NiO5,2
BaTb2PdO5,2
BaTb2SmO6,3
BaTbAgS3,3
BaTbCuBO5,1
BaTbEuBiO6,3
BaTbEuSbO6,2
BaTbEuWO6,2
BaTbF6,5
BaTbFe2O5,3
BaTbInWO6,2
BaTbMn2O5,1
BaTbMn2O6,2
BaTbO3,3
BaTe,23
BaTe2,16
BaTe3,18
BaTeO3,8
BaTeS3,6
BaTi(AsO4)2,2
BaTi(BO3)2,1
BaTi(PO4)2,2
BaTi2As2O,1
BaTi2Bi2O,1
BaTi2Sb2O,1
BaTiF6,9
BaTiFe3(BiO4)3,1
BaTiO3,29
BaTiS3,7
BaTiSe3,7
BaTl2,16
BaTl2O4,4
BaTl3,16
BaTl3Au,4
BaTl4,6
BaTlHg2,9
BaTlIn3,5
BaTm2F8,3
BaTm2NiO5,2
BaTm2O4,4
BaTmFe4O7,1
BaTmFeCuO5,1
BaTmO3,2
BaV2(NiO4)2,2
BaV2Cu3(HO5)2,1
BaV2Ni3(HO5)2,1
BaVN2,8
BaVS3,4
BaVSe3,4
BaWN3,53
BaWO4,5
BaY2F8,7
BaY2NiO5,2
BaY2PdO5,1
BaYAgSe3,2
BaYAgTe3,2
BaYBr5,5
BaYCl5,3
BaYCrCuO5,1
BaYCu2O5,1
BaYCuBiO5,1
BaYCuNiO5,1
BaYCuS3,2
BaYCuSe3,1
BaYCuTe3,2
BaYF5,8
BaYFe2O5,3
BaYFe4O7,2
BaYFeCuO5,1
BaYI5,5
BaYInWO6,2
BaYMn2O5,1
BaYMn2O6,2
BaYMnCuO5,2
BaYb2F8,3
BaYb2NiO5,2
BaYb3,2
BaYbCuTe3,1
BaZn,30
BaZn2,21
BaZn2Cu2As3,1
BaZn5,8
BaZnAsF,1
BaZnBO3F,2
BaZnBi2,6
BaZnCO3F2,1
BaZnF4,6
BaZnGe,12
BaZnIn3,4
BaZnO2,9
BaZnPb,12
BaZnSO,3
BaZnSb2,16
BaZnSi,11
BaZnSn,7
BaZr(AsO4)2,3
BaZr(BO3)2,2
BaZr(PO4)2,2
BaZrF6,9
BaZrN2,7
BaZrO3,24
BaZrS3,10
BaZrSe3,5
BaZrTiPbO6,1
Be,19
Be(B6C)2,1
Be(BC)2,1
Be(GaO2)2,4
Be(HO)2,5
Be12Co,1
Be12Cr,1
Be12Fe,1
Be12Mo,1
Be12Nb,1
Be12Pd,1
Be12V,1
Be12W,1
Be17Nb2,2
Be2Ag,30
Be2B,10
Be2BH3O5,3
Be2BO3F,1
Be2C,41
Be2CoIr,16
Be2CoNi,13
Be2CoPt,11
Be2Cr,16
Be2Cu,29
Be2CuIr,13
Be2CuPt,12
Be2CuRh,11
Be2CuRu,12
Be2Fe,16
Be2IrPd,4
Be2IrPt,11
Be2IrRu,15
Be2Mo,14
Be2Nb,6
Be2Nb3,1
Be2NiIr,12
Be2NiRh,9
Be2NiRu,12
Be2PdPt,5
Be2PdRh,4
Be2PtRh,10
Be2Re,21
Be2RhAu,11
Be2Ru,20
Be2RuAu,11
Be2RuPt,13
Be2TlF5,1
Be2V,9
Be2W,14
Be3Co,15
Be3Cu,20
Be3Fe,13
Be3Ir,12
Be3N2,6
Be3Nb,4
Be3Ni,12
Be3Pd,7
Be3Rh,15
Be3Ru,15
Be3ZnO4,1
Be3ZnS4,1
Be4AlCr,2
Be4AlCu,1
Be4AlFe,1
Be4AlNi,1
Be4B,2
Be4CrMo,2
Be4FeGe,1
Be4NbMo,2
Be4TeO7,1
Be5Au,5
Be5Co,9
Be5Fe,6
Be5Pd,2
Be5Pt,5
Be8NbCr3,2
Be8Ru,2
BeAlB,7
BeAlH5,4
BeAlIr2,15
BeAlRh2,12
BeAlSiN3,1
BeAsRu2,17
BeAu,35
BeAu2,20
BeBr2,22
BeCN2,23
BeCl2,30
BeCo,28
BeCo2Ge,4
BeCo2Si,13
BeCrFe2,18
BeCrRu2,16
BeCu,35
BeF2,40
BeFe2Si,11
BeFe3,17
BeFeRh2,14
BeGaCo2,4
BeGaIr2,5
BeGaRh2,4
BeGeAs2,4
BeGeN2,5
BeGeP2,3
BeGeRu2,4
BeH2,70
BeI2,11
BeNbRu2,4
BeNi,27
BeNi3,18
BeO,22
BePO4,2
BePd,15
BePd2,7
BePd3,6
BeRh,28
BeRu2W,14
BeS,19
BeSO4,2
BeSe,35
BeSiAs2,19
BeSiIr2,17
BeSiN2,9
BeSiNi2,12
BeSiOs2,16
BeSiP2,17
BeSiRh2,13
BeSiRu2,16
BeSnAs2,4
BeSnP2,3
BeTe,44
BeVCo2,4
BeVFe2,4
BeVOs2,4
BeVRu2,4
BeZn3O4,2
BeZn3S4,3
BeZnO2,5
BeZnS2,29
Bi,22
Bi(BO2)3,4
Bi(Mo3S4)2,1
Bi(PdO2)2,5
Bi(SbTe2)3,3
Bi(TeBr2)2,1
Bi2(CN2)3,3
Bi2BO5,2
Bi2BrClO2,1
Bi2CO5,4
Bi2MoO6,7
Bi2O3,26
Bi2OF4,3
Bi2Pb2Se5,2
Bi2Pb3F12,1
Bi2PbSe4,4
Bi2Pd,9
Bi2Pd3S2,4
Bi2Pd3Se2,4
Bi2Pd5,4
Bi2PdO4,2
Bi2PdPt,8
Bi2Pt,11
Bi2Pt3Se2,1
Bi2Rh3S2,3
Bi2S2O,4
Bi2S3,9
Bi2SO2,5
Bi2Sb2Te3,1
Bi2Se,3
Bi2Se3,22
Bi2SeO2,5
Bi2SeO6,1
Bi2Te3,21
Bi2TeO2,1
Bi2TeO6,7
Bi2TeSe2,6
Bi2WO6,5
Bi3(PO5)2,3
Bi3BrO4,2
Bi3ClO4,3
Bi3O4F,5
Bi3Pb,7
Bi3PbWClO8,2
Bi3Pd12Pb,2
Bi3Pt2Pb,1
Bi3Rh,6
Bi3Sb,7
Bi3Sb(WO6)2,1
Bi3SbPt2,2
Bi3Se4,3
Bi4I,3
Bi4IBr3,1
Bi4O3F7,1
Bi4PPd15,1
Bi4PbS7,3
Bi4RuBr2,1
Bi4RuI2,1
Bi4Se3,1
Bi4Te2Br2O9,2
Bi4Te3,1
Bi6O5F8,2
Bi7I2,1
Bi8Pt5I3,1
Bi8Se9,1
Bi8Te9,1
BiAsO4,6
BiAsPbO5,2
BiAsPd6,3
BiAu2,7
BiAuO2,7
BiBO3,7
BiBPbS4,1
BiBr,20
BiBr3,17
BiBrO,4
BiCO3,4
BiCl3,19
BiClF8,1
BiClO,7
BiF3,28
BiF4,4
BiF5,7
BiH(SeO3)2,1
BiI,21
BiI3,15
BiI4,3
BiIO,3
BiIrS,5
BiIrSe,5
BiO2,22
BiOF,21
BiOF3,3
BiP2O7,7
BiPO4,9
BiPPbO5,2
BiPb,19
BiPb3Au,5
BiPb4,4
BiPbBrO2,5
BiPbClO2,4
BiPbF5,3
BiPbIO2,6
BiPbO2F,4
BiPd,20
BiPd2Au,6
BiPd2Pb,13
BiPd3,9
BiPd6Pb,1
BiPd6Se,1
BiPdSe,6
BiPt,20
BiPt2Pb,8
BiPtPb3,4
BiPtSe,5
BiRh,20
BiRhO3,7
BiRhS,3
BiRhSe,5
BiRu2O7,1
BiS2,5
BiSBr,8
BiSCl,10
BiSI,8
BiSb,14
BiSbO3,5
BiSbO4,6
BiSbPd2,9
BiSbPt,5
BiSbPt2,5
BiSbS3,6
BiSbSe3,6
BiSbTe2,7
BiSbTe3,5
BiSbWO6,1
BiSe2,13
BiTe,19
BiTe2Pb2AuS3,1
BiTe3,3
BiTeIr,6
BiTePd,7
BiTePt,7
BiTeRh,7
Br2O,3
BrCl,30
BrF3,6
BrF5,2
BrNO3,3
BrO2F,5
C,71
CF4,14
CNCl,4
CO2,26
CS14,1
Ca,37
Ca(AgGe)2,4
Ca(AgO2)2,13
Ca(Al2Cu)4,1
Ca(Al2Fe)4,1
Ca(AlGa)2,5
Ca(AlGe)2,6
Ca(AlSe2)2,3
Ca(AlSi)2,7
Ca(AlSn)2,7
Ca(AlZn)2,6
Ca(As2Rh3)2,1
Ca(AsO3)2,1
Ca(AsPd)2,7
Ca(AsRu)2,5
Ca(AuF6)2,1
Ca(AuO2)2,1
Ca(B2Pt3)2,1
Ca(BC)2,4
Ca(BC3)2,1
Ca(BIr)2,3
Ca(BRh)2,4
Ca(BeAs)2,3
Ca(BeGe)2,2
Ca(BeN)2,2
Ca(BeP)2,3
Ca(BiAu3)2,3
Ca(BiO2)2,16
Ca(CdAs)2,5
Ca(CdAu2)2,1
Ca(CdP)2,4
Ca(CdSb)2,6
Ca(CeTe2)2,3
Ca(ClO3)2,4
Ca(CoAs)2,5
Ca(CoGe)2,6
Ca(CoP)2,5
Ca(CoSi)2,6
Ca(CrS2)4,2
Ca(Cu2As)2,2
Ca(Cu2P)2,2
Ca(Cu3O4)2,2
Ca(CuAs)2,6
Ca(CuGe)2,5
Ca(CuO)2,2
Ca(CuO2)2,14
Ca(CuP)2,4
Ca(CuSi)2,5
Ca(CuSn)2,6
Ca(DyS2)2,4
Ca(DyTe2)2,3
Ca(ErS2)2,4
Ca(ErTe2)2,5
Ca(FeAs)2,4
Ca(FeO2)2,13
Ca(FeP)2,4
Ca(FeSb3)4,1
Ca(FeSi)2,6
Ca(GaAs)2,5
Ca(GaP)2,5
Ca(GaS2)2,3
Ca(GdS2)2,1
Ca(GeAu)2,5
Ca(GeIr)2,5
Ca(GePd)2,7
Ca(GePt)2,7
Ca(GeRh)2,6
Ca(GeRu)2,4
Ca(HO)2,13
Ca(HoS2)2,5
Ca(HoSe2)2,3
Ca(HoTe2)2,4
Ca(InCu)6,1
Ca(InN)2,2
Ca(InP)2,5
Ca(InS2)2,5
Ca(InTe2)2,3
Ca(LaS2)2,3
Ca(LaTe2)2,3
Ca(LuTe2)2,1
Ca(MgAs)2,4
Ca(MgBi)2,5
Ca(MgSb)2,5
Ca(MnAl2)4,1
Ca(MnAl3)3,1
Ca(MnAs)2,3
Ca(MnGe)2,3
Ca(MnP)2,2
Ca(MnS2)4,2
Ca(MnSb)2,3
Ca(Mo3S4)2,2
Ca(MoO2)2,10
Ca(NdS2)2,2
Ca(NdTe2)2,2
Ca(Ni2B)6,2
Ca(Ni2Sn)2,2
Ca(NiAs)2,5
Ca(NiGe)2,5
Ca(NiO2)2,12
Ca(NiP)2,4
Ca(PIr)2,6
Ca(PPd)2,5
Ca(PRh)2,4
Ca(PRu)2,3
Ca(PrS2)2,3
Ca(PrTe2)2,2
Ca(PtO2)2,2
Ca(Sb3Os)4,1
Ca(SbO2)2,12
Ca(SbO3)2,2
Ca(SiAu)2,5
Ca(SiNi)2,5
Ca(SiPd)2,6
Ca(SiRh)2,3
Ca(SmS2)2,2
Ca(TbS2)2,3
Ca(TiS2)2,6
Ca(TiS2)4,4
Ca(TmS2)2,4
Ca(TmTe2)2,5
Ca(VS2)4,2
Ca(WO3)2,2
Ca(YTe2)2,3
Ca(ZnAs)2,7
Ca(ZnGe)2,5
Ca(ZnN)2,2
Ca(ZnP)2,4
Ca(ZnSb)2,7
Ca(ZnSi)2,5
Ca10Ge6F,1
Ca10Si6F,1
Ca2(TlPb)3,2
Ca2(ZnAu3)3,3
Ca2Ag7,3
Ca2AgAu,13
Ca2AgBi,4
Ca2AgGe,4
Ca2AgPb,10
Ca2AgPd,7
Ca2AgPd2,6
Ca2AgRh,14
Ca2AgSbO6,1
Ca2AgSn,4
Ca2AgWO6,3
Ca2AlCrO5,1
Ca2AlCuO5,2
Ca2AlFeO5,3
Ca2AlMoO5,1
Ca2AlNiO5,2
Ca2AlP3Pt7,1
Ca2AlPd2,4
Ca2AlPt2,4
Ca2AlZn16,1
Ca2As,21
Ca2As2O7,2
Ca2AsAu,11
Ca2AsI,5
Ca2AuN,7
Ca2B4Rh5,1
Ca2B5ClO10,1
Ca2B5H2ClO10,3
Ca2B5Os3,1
Ca2Bi,5
Ca2Bi3O8,3
Ca2BiAsO6,1
Ca2BiAu,5
Ca2BiWO6,5
Ca2BrN,5
Ca2CdAs2,6
Ca2CdGa,6
Ca2CdHg,15
Ca2CdIn,11
Ca2CdN2,2
Ca2CdP2,6
Ca2CdPb,13
Ca2CdPd2,7
Ca2CdPt2,7
Ca2CdSb2,7
Ca2CdSn,5
Ca2CeO4,2
Ca2CoN2,3
Ca2Cr3O8,2
Ca2CrIrO6,1
Ca2CrN2,1
Ca2CrSbO6,3
Ca2CrWO6,2
Ca2Cu,30
Ca2Cu6P5,1
Ca2CuAg,11
Ca2CuIrO6,4
Ca2CuO3,2
Ca2CuTe4(ClO5)2,1
Ca2Eu2In3Ge4,1
Ca2Fe2O5,6
Ca2Fe3O8,2
Ca2Fe7O11,1
Ca2FeCuSO3,1
Ca2FeH6,4
Ca2FeMoO6,2
Ca2FeN2,3
Ca2FeOsO6,3
Ca2FeP2(H2O5)2,2
Ca2FeSbO6,3
Ca2FeWO6,5
Ca2Ga2O5,2
Ca2Ga7Ag,2
Ca2Ga7Au,2
Ca2GaAg,8
Ca2GaCu2,7
Ca2GaHg,7
Ca2GaPd2,6
Ca2GaPt2,5
Ca2GaSi,7
Ca2GaSn,7
Ca2GdTaO6,3
Ca2Ge,5
Ca2GePd2,5
Ca2GePd3,3
Ca2GePt2,4
Ca2H3Br,1
Ca2H6Os,3
Ca2H6Ru,2
Ca2HN,7
Ca2HfO4,4
Ca2Hg,16
Ca2HgBi,7
Ca2HgGe,6
Ca2HoMn4BiO12,1
Ca2HoTaO6,2
Ca2IN,7
Ca2In,11
Ca2In3Cu,2
Ca2InHg,14
Ca2InN,7
Ca2InOsO6,1
Ca2InPb,11
Ca2InPd2,7
Ca2InPt2,5
Ca2IrPtO6,2
Ca2IrRhO6,4
Ca2La2MgTi3O12,2
Ca2LaF7,1
Ca2LaMn2O7,1
Ca2LaNdMn4O12,1
Ca2LaRuO6,3
Ca2LaSbO6,5
Ca2LaTaO6,4
Ca2Mg,26
Ca2MgAg3,4
Ca2MgAl2(SiO4)3,2
Ca2MgCd,14
Ca2MgIn,12
Ca2MgN2,4
Ca2MgP2(H2O5)2,2
Ca2MgPd2,6
Ca2MgPt2,5
Ca2MgReO6,2
Ca2MgTl,12
Ca2Mn2O5,5
Ca2Mn3O8,2
Ca2MnAlO5,3
Ca2MnGaO5,3
Ca2MnIrO6,3
Ca2MnN2,4
Ca2MnRuO6,3
Ca2MnWO6,5
Ca2MoWO6,2
Ca2N,6
Ca2NCl,6
Ca2NF,5
Ca2NdNbO6,4
Ca2NdRuO6,2
Ca2NdTaO6,4
Ca2Ni10H,4
Ca2Ni2O5,1
Ca2Ni3Ge2,2
Ca2Ni3O8,2
Ca2Ni7,2
Ca2NiIrO6,2
Ca2NiN2,2
Ca2NiOsO6,3
Ca2NiWO6,4
Ca2PI,5
Ca2Pb,16
Ca2PbAu,11
Ca2PbAu2,6
Ca2PbO4,3
Ca2PdAu,8
Ca2PdPt,7
Ca2Pr2MnNiO8,1
Ca2Pt3O8,2
Ca2PtAu,14
Ca2RuO4,3
Ca2Sb,18
Ca2Sb4Pd3,1
Ca2SbAu,8
Ca2SbMoO6,2
Ca2ScNbO6,4
Ca2ScOsO6,3
Ca2ScP3Pt7,1
Ca2ScSbO6,3
Ca2ScTaO6,4
Ca2Si,16
Ca2Si3Ag,2
Ca2Si5Pt3,1
Ca2SiIr2,2
Ca2SiO4,17
Ca2SmYMn4O12,2
Ca2Sn,5
Ca2Sn3O8,2
Ca2Sn3S8,2
Ca2SnGe2,1
Ca2SnHg,5
Ca2SnIrO6,1
Ca2SnN2,3
Ca2SnO4,3
Ca2SnS4,23
Ca2SnSbO6,1
Ca2SnWO6,2
Ca2TaAgO6,1
Ca2TaBiO6,4
Ca2TaCuO6,1
Ca2TaFeO6,3
Ca2TaInO6,3
Ca2TaMoO6,4
Ca2TaNiO6,1
Ca2TaTiO6,4
Ca2TaVO6,3
Ca2TaWO6,3
Ca2Ti2O5,3
Ca2Ti2SiGeO10,1
Ca2Ti3O8,2
Ca2TiAlO5,1
Ca2TiAlSi2O9F,2
Ca2TiIrO6,2
Ca2TiO4,3
Ca2TiRuO6,2
Ca2TiSi2SnO10,1
Ca2TiWO6,3
Ca2Tl2O5,3
Ca2TlCd,12
Ca2TlHg,17
Ca2TlIn,16
Ca2TlPb,12
Ca2TlSn,7
Ca2TlZn,12
Ca2V2PbO8,1
Ca2V3O8,2
Ca2VIrO6,2
Ca2VMoO6,2
Ca2VWO6,2
Ca2YNbO6,5
Ca2Zn2CuP3,1
Ca2Zn3Ag,4
Ca2Zn3Ga,5
Ca2ZnAs2(H2O5)2,3
Ca2ZnCd,13
Ca2ZnGa,8
Ca2ZnGa3,3
Ca2ZnHg,12
Ca2ZnIn,11
Ca2ZnN2,2
Ca2ZnP2(H2O5)2,2
Ca2ZnPb,11
Ca2ZnSn,6
Ca2ZrTi(GeO5)2,1
Ca2ZrTi(SiO5)2,1
Ca3(AlAs2)2,4
Ca3(AlGe)2,2
Ca3(AlN2)2,5
Ca3(AlP2)2,5
Ca3(AlSi)2,2
Ca3(B3Rh4)2,1
Ca3(CdGa2)2,2
Ca3(FeN2)2,1
Ca3(GaN2)2,2
Ca3(GaNi)4,1
Ca3(GaP2)2,2
Ca3(GeIr)4,2
Ca3(InAs2)2,1
Ca3(InGa2)2,2
Ca3(InN2)2,2
Ca3(MnN2)2,3
Ca3(PO4)2,3
Ca3(SiIr)4,2
Ca3Al7Ag2,1
Ca3Al7Cu2,1
Ca3AsBr3,3
Ca3AsCl3,3
Ca3AsN,3
Ca3Au,20
Ca3Au4,7
Ca3AuN,3
Ca3BN3,2
Ca3Bi2(AsO6)2,1
Ca3BiAs,5
Ca3BiAu14,1
Ca3BiN,4
Ca3BiP,29
Ca3C3Cl2,1
Ca3Cd,16
Ca3Cd2,6
Ca3CdO4,5
Ca3CoN3,2
Ca3CrN3,2
Ca3Cu2(BrO2)2,1
Ca3Er2(SnS4)3,1
Ca3Eu,11
Ca3Fe2(MoO6)2,1
Ca3Fe2(ReO6)2,1
Ca3Fe2(WO6)2,2
Ca3FeN3,2
Ca3Ga5,2
Ca3Ga8,1
Ca3GaN3,3
Ca3Ge4Au7,3
Ca3GeN,2
Ca3GeO,4
Ca3Hg,18
Ca3Hg2,6
Ca3HoMn4O12,1
Ca3In,11
Ca3InN3,1
Ca3LaMn2(IrO6)2,1
Ca3LaMn4O12,1
Ca3LaSi8,1
Ca3Mg,18
Ca3Mg2Ni13,1
Ca3MgNi14,1
Ca3Mn2(IrO6)2,1
Ca3Mn2(WO6)2,1
Ca3Mn2O7,3
Ca3Mn4BiO12,1
Ca3MnN3,3
Ca3MnO4,4
Ca3MoN3,1
Ca3N2,9
Ca3NbO6,3
Ca3Nd,6
Ca3NdMn2O8,1
Ca3NdMn4O12,1
Ca3Ni7B2,2
Ca3PCl3,3
Ca3PN,3
Ca3Pb,16
Ca3PbO,2
Ca3PbSe4,5
Ca3Pd,10
Ca3Pd2,3
Ca3Pt2,7
Ca3ReO6,4
Ca3RhN3,1
Ca3SbN,28
Ca3SiBr2,10
Ca3SiO,4
Ca3SiO5,5
Ca3SmMn4O12,1
Ca3Sn,7
Ca3SnH2,1
Ca3SnO,2
Ca3Ta2Mn2O12,1
Ca3TbMn4O12,1
Ca3TeO6,6
Ca3Ti4PbO12,1
Ca3Tl,13
Ca3Tl4O9,2
Ca3Tl5,5
Ca3TlN,3
Ca3TlO5,1
Ca3V2(BiO6)2,1
Ca3V2O8,2
Ca3VN3,2
Ca3WO6,4
Ca3YTi4O12,1
Ca3Zn,19
Ca3Zn2(CuP2)2,1
Ca4(H4Rh)3,1
Ca4As2O,2
Ca4Bi2O,2
Ca4Cd3Au,1
Ca4Cd3Au5,1
Ca4CrN4,3
Ca4ErB3O10,1
Ca4Fe3As8Pt,1
Ca4GaSi3,1
Ca4GaSn3,1
Ca4GdB3O10,1
Ca4Ge3Au5,1
Ca4HfN4,1
Ca4In2N,2
Ca4LaB3O10,1
Ca4MgSn3,1
Ca4Mn3SbO12,2
Ca4MnN4,3
Ca4NdB3O10,1
Ca4Ni3C5,1
Ca4OsN4,2
Ca4P2O,2
Ca4ReN4,2
Ca4RuN4,2
Ca4Sb2O,2
Ca4SmB3O10,1
Ca4Ti3FeO12,1
Ca4TiMn3O12,2
Ca4TiN4,1
Ca4Tl2CO9,1
Ca4Tl3O9,1
Ca4VN4,1
Ca4YB3O10,1
Ca4ZnAg3,1
Ca4Zr3TaO12,2
Ca4ZrN4,1
Ca5(BN2)3,1
Ca5(GePd)6,1
Ca5(MnN3)2,3
Ca5Ag3,4
Ca5As3,2
Ca5Au2,2
Ca5Au3,5
Ca5Au4,2
Ca5B3O9F,1
Ca5CdCu2,1
Ca5CuPb3,1
Ca5Ga3,2
Ca5Ge3,1
Ca5Ge3H,2
Ca5Hg3,4
Ca5Mg,9
Ca5Mn4O9,1
Ca5P3H,2
Ca5P8,1
Ca5Pb3,3
Ca5Pd2,4
Ca5Pt2,2
Ca5Pt3,7
Ca5Sb3,3
Ca5Si3,1
Ca5Sn3,4
Ca5Sn3H,1
Ca5Zn3,7
Ca6Ag3Ge5,1
Ca6Al2NF,1
Ca6Br2N3Cl,2
Ca6Cr2HN6,1
Ca6Ge2O,3
Ca6HfO8,2
Ca6In2NF,1
Ca6Pb2SeN,1
Ca6Sn2NF,1
Ca6Sn2NO,1
Ca7Mg2N6,1
Ca7Tl3N2,1
Ca8Fe3N8,1
Ca8Mn3N8,1
Ca9(FeN4)2,1
Ca9(MnN4)2,1
CaAg,32
CaAg2,20
CaAg2Sn,6
CaAg3,16
CaAgAs,21
CaAgAsO4,2
CaAgBi,19
CaAgF5,4
CaAgGe,8
CaAgHg2,12
CaAgO2,12
CaAgP,22
CaAgPb,13
CaAgSb,18
CaAgSn,11
CaAl2,18
CaAl2F10,1
CaAl2O4,9
CaAl2SiO6,8
CaAl3Au,5
CaAl4,4
CaAl9Co2,2
CaAlAu,14
CaAlF5,3
CaAlGa,15
CaAlPd,7
CaAlPt,10
CaAlSi,16
CaAlSiH,3
CaAlSiO4F,1
CaAlSiO5,1
CaAs,38
CaAs2F12,1
CaAs3,16
CaAsAu,19
CaAsPt,16
CaAu,30
CaAu2,14
CaAu3,18
CaAu5,11
CaB2(H5N)2,1
CaB2Rh3,1
CaB4,2
CaB6,2
CaBHO3,2
CaBPd3,26
CaBe3O4,1
CaBeGe,2
CaBeSi,13
CaBi2,7
CaBi3,6
CaBiAu,20
CaBiAu4,1
CaBiClO2,3
CaBiF5,4
CaBiF6,2
CaBiIO2,6
CaBiNO5,1
CaBiO3,9
CaBiPd,8
CaBiPd2,7
CaBr2,27
CaC2,40
CaCN2,12
CaCO3,23
CaCd,26
CaCd(CO3)2,2
CaCd(WO4)2,2
CaCd2,16
CaCd2Pd,8
CaCd3,14
CaCd3O4,4
CaCdAu,13
CaCdAu2,11
CaCdGe,15
CaCdHg2,11
CaCdO2,29
CaCdPb,22
CaCdPd,13
CaCdPd2,5
CaCdPt,11
CaCdS2,7
CaCdSn,16
CaCeAg2,3
CaCeC4,1
CaCeCd2,4
CaCeHg2,5
CaCeIn2,5
CaCeMg14,2
CaCeMg2,4
CaCeN2,5
CaCeO3,4
CaCePd2,5
CaCeRh2,3
CaCeV2O8,2
CaCeZn2,4
CaCl2,32
CaCoF4,3
CaCoF5,3
CaCoF6,5
CaCoSi,16
CaCr2F10,1
CaCr2F12,2
CaCr2O4,12
CaCr2O7,1
CaCr4(CuO4)3,1
CaCr4O8,2
CaCrF4,3
CaCrF5,3
CaCrF6,6
CaCrN2,8
CaCrO2,10
CaCrO3,6
CaCrO4,4
CaCu,36
CaCu(GeO3)2,3
CaCu(SiO3)2,2
CaCu2(GeO3)4,2
CaCu2F8,2
CaCu2O3,2
CaCu3(BiO3)4,1
CaCu3(GeO3)4,1
CaCu3(IrO3)4,1
CaCu3(MoO3)4,1
CaCu3(NiO3)4,1
CaCu3(PtO3)4,1
CaCu3(RuO3)4,1
CaCu3(SnO3)4,1
CaCu3O4,2
CaCu5,6
CaCuAs,25
CaCuBi,14
CaCuF4,5
CaCuF5,3
CaCuGe,9
CaCuO2,14
CaCuP,26
CaCuSb,18
CaCuSi,15
CaCuSn,9
CaDyAl4,1
CaDyHg2,5
CaDyRh2,3
CaDyZn2,4
CaErAl4,1
CaErRh2,3
CaEu2O3,2
CaEu3,8
CaEu4O5,1
CaEuCd2,3
CaEuGa2,3
CaEuH6Ru,1
CaEuHg2,3
CaEuIn2,3
CaEuMg2,3
CaEuMnWO6,1
CaEuNbFeO6,1
CaEuO2,2
CaEuS2,2
CaEuSi4,2
CaEuTl2,3
CaEuZn2,3
CaEuZr2O6,1
CaF2,9
CaFe2(SiO3)4,1
CaFe3O5,1
CaFe4(CuO4)3,1
CaFe5As3,1
CaFeF4,3
CaFeF5,5
CaFeF6,4
CaFeO2,12
CaFeO3,8
CaFeReO6,1
CaFeSO,1
CaFeSi2Rh,1
CaFeSiO5,1
CaGa,21
CaGa2,8
CaGa2Cu3(RuO6)2,2
CaGa2Ni,9
CaGa3Co2,2
CaGa3Ni2,3
CaGa3Pt,4
CaGa4,2
CaGaAu,8
CaGaCu,11
CaGaGe,10
CaGaGeH,1
CaGaH5,6
CaGaN,4
CaGaPt,5
CaGaSi,9
CaGaSiH,1
CaGaSn,6
CaGaSnH,3
CaGd2O4,3
CaGdAlO4,1
CaGdCd2,3
CaGdHg2,3
CaGdPd2,4
CaGdRh2,3
CaGdS2,2
CaGdZn2,3
CaGe,23
CaGe2,11
CaGe2O5,2
CaGe2Pt,6
CaGe2WO6,2
CaGe3,5
CaGeN2,5
CaGePt,9
CaH2,11
CaH2C2O5,3
CaH2CClO3,2
CaH2F4,3
CaH2Pd,5
CaH3Pd,24
CaHBr,13
CaHCl,8
CaHF,4
CaHI,6
CaHN,12
CaHfMg14,2
CaHfN2,10
CaHfO3,8
CaHfS3,7
CaHfTlF7,1
CaHg,20
CaHg2,13
CaHg3,11
CaHgO2,10
CaHgPb,19
CaHo(BiO3)2,1
CaHo(FeO3)2,1
CaHo(MoO3)2,1
CaHo(NiO3)2,1
CaHoCd2,3
CaHoCr2O6,1
CaHoHg2,5
CaHoMn2O6,2
CaHoPd2,5
CaHoRh2,3
CaHoTi2O6,1
CaHoV2O6,1
CaHoZn2,3
CaI2,19
CaIn,29
CaIn2,17
CaIn2Au,12
CaIn2Cu,13
CaIn2Ni,15
CaIn2O4,2
CaIn2Pd,8
CaIn2Pt,14
CaIn4Ir,4
CaIn4Pd,2
CaIn4Rh,3
CaInAg2,11
CaInAu,11
CaInAu2,11
CaInBr3,5
CaInCu4,1
CaInHg2,12
CaInI3,7
CaInPd,9
CaInPd2,9
CaInPt,10
CaInRh,10
CaIr2,21
CaIrO3,10
CaLa,29
CaLa(FeO3)2,1
CaLa(GeIr)4,2
CaLa2BiO6,2
CaLa2CrO6,1
CaLa2Cu2O7,1
CaLa2FeO6,1
CaLa2Mn2(FeO6)2,1
CaLa2SnO6,1
CaLa2Ti2Cr2O12,1
CaLa2TiO6,2
CaLa2VO6,2
CaLa3(FeO3)4,1
CaLa3Mn4O12,2
CaLa3Si8,1
CaLaAg2,14
CaLaAl4,1
CaLaAu2,14
CaLaCd2,11
CaLaCr2O6,1
CaLaCrFeO6,1
CaLaCrNiO6,1
CaLaCrSbO6,1
CaLaCrWO6,1
CaLaFeCuO6,1
CaLaFeNiO6,1
CaLaFeO4,2
CaLaFeSbO6,1
CaLaFeSnO6,1
CaLaFeWO6,1
CaLaGaCuO5,1
CaLaHg2,11
CaLaI5,5
CaLaMg14,2
CaLaMg2,13
CaLaMgTaO6,2
CaLaMn2O6,3
CaLaMnCrO6,1
CaLaMnFeO6,1
CaLaMnNbO6,2
CaLaMnRuO6,1
CaLaMnSnO6,1
CaLaSi4,3
CaLaVCrO6,1
CaLaVFeO6,3
CaLaZn2,11
CaLuHg2,3
CaLuMn2O6,2
CaLuPd2,4
CaLuRh2,3
CaMg,37
CaMg(CO3)2,2
CaMg(PSe3)2,1
CaMg(SiO3)2,3
CaMg14Al,2
CaMg14Bi,2
CaMg14Cd,2
CaMg14Cu,2
CaMg14Ga,2
CaMg14Ni,2
CaMg14Sb,2
CaMg14Sn,2
CaMg14Zn,2
CaMg14Zr,2
CaMg15,1
CaMg2,30
CaMg2Al4SiO12,1
CaMg2N2,1
CaMg2Ni9,2
CaMg3,18
CaMg3(CO3)4,1
CaMg3(SiO3)4,1
CaMg5,9
CaMg6Cd,2
CaMg6CuO8,2
CaMg6FeO8,2
CaMg6Ga,2
CaMg6MnO8,2
CaMg6NiO8,2
CaMg6VO8,2
CaMg6Zn,2
CaMg6ZnO8,2
CaMg6Zr,2
CaMg7,2
CaMgAsO4F,1
CaMgCd,11
CaMgCd2,12
CaMgGe,10
CaMgHg2,10
CaMgNi4,1
CaMgPO4F,1
CaMgPb,12
CaMgPd,11
CaMgS2,8
CaMgSi,11
CaMgSn,9
CaMgTl2,11
CaMgZn,43
CaMn(GeO3)2,3
CaMn2(SiO3)4,1
CaMn2Cu3(RuO6)2,1
CaMn2F10,2
CaMn2O4,17
CaMn2P2(H2O5)2,1
CaMn2V4CuO12,1
CaMn3Cu3RuO12,1
CaMn3O4,2
CaMn3V4O12,1
CaMn4(CuO4)3,1
CaMn4O8,7
CaMn7O12,1
CaMn7O8,1
CaMnCu3(RuO4)3,1
CaMnF4,5
CaMnF5,3
CaMnF6,14
CaMnFeBiO6,2
CaMnFeGe2,1
CaMnGe,6
CaMnO2,15
CaMnO3,10
CaMnS2,6
CaMnSb2,14
CaMnSe2,16
CaMnSi,10
CaMnV4(CuO6)2,1
CaMoF5,2
CaMoF6,8
CaMoN3,52
CaMoO3,4
CaMoO4,4
CaN2,5
CaN6,2
CaNbO3,6
CaNd2Ti2Mn2O12,1
CaNd3,8
CaNd3Mn4O12,3
CaNdAg2,7
CaNdAlO4,2
CaNdAu2,8
CaNdCd2,4
CaNdCrO4,3
CaNdEuSbO6,2
CaNdFeO4,2
CaNdGaO4,2
CaNdHg2,5
CaNdMn2O6,9
CaNdRh2,3
CaNdTiMnO6,1
CaNdZn2,4
CaNi2,18
CaNi3,20
CaNi4B,1
CaNi5,6
CaNi5H,3
CaNiBN,1
CaNiF4,4
CaNiF5,3
CaNiF6,9
CaNiGe,14
CaNiGe2,6
CaNiGeH,1
CaNiH3,21
CaNiN,8
CaNiO3,7
CaO,12
CaO2,8
CaOsO3,6
CaP,36
CaP3,21
CaPAu,27
CaPPt,16
CaPS3,2
CaPSe3,4
CaPb,31
CaPb3,18
CaPb3Se4,6
CaPbF6,5
CaPbI4,9
CaPbO3,6
CaPbSe2,13
CaPd,19
CaPd2,7
CaPd3O4,1
CaPd5,5
CaPdF4,3
CaPdF6,9
CaPdPb,9
CaPr(AgO3)2,1
CaPr(BiO3)2,1
CaPr(CuO3)2,1
CaPr(MoO3)2,1
CaPr(NiO3)2,1
CaPr3,9
CaPrAg2,6
CaPrCd2,3
CaPrCr2O6,1
CaPrCrO4,1
CaPrHg2,5
CaPrMn2O6,4
CaPrRh2,3
CaPrTi2O6,3
CaPrV2O6,1
CaPrZn2,4
CaPt2,32
CaPt3O4,1
CaPt5,8
CaPtF6,9
CaPtO3,8
CaPtPb,10
CaReN3,47
CaRh2,17
CaRhF6,6
CaRhO3,8
CaRuO3,8
CaS,14
CaSO4,6
CaSb2,20
CaSbAu,20
CaSbF5,3
CaSbF6,2
CaSbPd,11
CaSbPd2,6
CaSbPt,12
CaScAlSiO6,2
CaSe,24
CaSeO3,11
CaSeO4,9
CaSi,36
CaSi2,19
CaSi3Ir,5
CaSi3Pt,4
CaSiAu,16
CaSiN2,10
CaSiNi2,16
CaSiPd,7
CaSiPt,13
CaSiSnO5,1
CaSm2O4,1
CaSm2S3,5
CaSmAg2,5
CaSmAl4,1
CaSmAlO4,2
CaSmB12,3
CaSmCd2,3
CaSmCrO4,1
CaSmHg2,5
CaSmIn2,5
CaSmMg2,4
CaSmMgNbO6,2
CaSmPd2,8
CaSmRh2,3
CaSmZn2,3
CaSn,19
CaSn(BO3)2,1
CaSn(GeO3)2,1
CaSn2F6,4
CaSn2Ir,5
CaSn2O5,2
CaSn2Pd,8
CaSn2Rh,7
CaSn2S5,8
CaSn3,7
CaSnAu,12
CaSnAu2,6
CaSnF4,2
CaSnF6,5
CaSnHg,19
CaSnN2,5
CaSnO3,10
CaSnPd,13
CaSnPt,10
CaSnRh2,5
CaSnS3,42
CaTa2Bi2O9,5
CaTa2O6,6
CaTaAlO5,1
CaTaNO2,5
CaTb2O4,4
CaTb3Mn4O12,1
CaTbEuNbO6,1
CaTbF6,2
CaTbHg2,5
CaTbMn2O6,2
CaTbPd2,5
CaTbRh2,3
CaTe,22
CaTi2F10,1
CaTi2O5,3
CaTi2PbO6,4
CaTi4(CuO4)3,2
CaTi4O8,3
CaTiF5,2
CaTiF6,12
CaTiGeO5,1
CaTiO3,9
CaTiPO5,1
CaTiSiO5,2
CaTl,28
CaTl2Cd,12
CaTl2O4,2
CaTl3,12
CaTlBr3,6
CaTlCl3,9
CaTlF3,5
CaTlI3,6
CaTm2O4,3
CaTmCd2,3
CaTmHg2,5
CaTmIn2,4
CaTmMn2O6,2
CaTmPd2,3
CaTmPt2,4
CaTmRh2,3
CaTmZn2,3
CaV(SiO3)2,1
CaV2O4,12
CaV2O5,2
CaV2O6,4
CaV4(CuO4)3,1
CaV4(NiO6)2,2
CaV4O10,2
CaV4O8,3
CaVF4,2
CaVF5,4
CaVF6,9
CaVO3,8
CaWF5,2
CaWF6,2
CaWN3,61
CaWO3,4
CaWO4,6
CaY2O4,4
CaY3Ti4O12,1
CaYAlO4,1
CaYCd2,13
CaYHg2,13
CaYMg14,2
CaYMg6,2
CaYMn2O6,1
CaYPd2,6
CaYPt2,13
CaYRh2,11
CaYTi2O6,3
CaYZn2,11
CaYb3,6
CaYb3(InGe2)2,1
CaYbAl4,1
CaYbCd2,2
CaYbEu2,1
CaYbGa2,1
CaYbHg2,2
CaYbIn2,2
CaYbPb2,5
CaYbPd2,2
CaYbTl2,2
CaYbZn2,1
CaZn,27
CaZn(CO3)2,1
CaZn(SiO3)2,2
CaZn2,14
CaZn3,18
CaZn3Ni2,5
CaZn3O4,3
CaZn5,7
CaZnAg,11
CaZnF4,7
CaZnGe,12
CaZnPb,16
CaZnPd,12
CaZnSO,2
CaZnSi,14
CaZnSiH2O5,1
CaZnSn,13
CaZrF6,5
CaZrGeO5,1
CaZrN2,7
CaZrS3,5
CaZrSi2O7,1
CaZrTlF7,1
CaZrV2O8,1
Cd,53
Cd(AgI2)2,4
Cd(AgO2)2,2
Cd(AsO3)2,1
Cd(CO2)2,1
Cd(Cu3O4)2,2
Cd(CuO2)2,2
Cd(FeO2)2,3
Cd(Ga3Te5)2,1
Cd(GaO2)2,6
Cd(GaS2)2,3
Cd(GaTe2)2,3
Cd(HO)2,8
Cd(InS2)2,6
Cd(InSe2)2,5
Cd(InTe2)2,3
Cd(Mo3S4)2,1
Cd(Mo3Se4)2,1
Cd(NiO2)2,1
Cd(PtO2)3,1
Cd(RhO2)2,2
Cd(SbO3)2,2
Cd2AgAu,20
Cd2AgPt,16
Cd2AgRh,17
Cd2As2O7,2
Cd2As3Br,1
Cd2As3I,1
Cd2AsCl2,3
Cd2B2O5,2
Cd2BiAsO6,1
Cd2Cu(PO4)2,1
Cd2Ga2Se5,1
Cd2GaAgS4,3
Cd2GaAgSe4,5
Cd2GaCuS4,3
Cd2GaCuSe4,3
Cd2GaCuTe4,3
Cd2Hg,35
Cd2In3Ag3Te8,1
Cd2InAgS4,3
Cd2InAgTe4,1
Cd2InCuSe4,4
Cd2InCuTe4,2
Cd2MoWO8,1
Cd2Os(CN)6,1
Cd2P3Br,1
Cd2P3Cl,1
Cd2P3I,1
Cd2PCl2,4
Cd2PbO4,3
Cd2PdRh,5
Cd2PtRh,16
Cd2RhAu,15
Cd2SiO4,7
Cd2SnGeAs4,2
Cd2SnO4,5
Cd3(CuP5)2,1
Cd3(InSe3)2,1
Cd3Ag,21
Cd3AsI3,2
Cd3Bi,9
Cd3Ga,10
Cd3Hg,28
Cd3In,23
Cd3InAu12,2
Cd3Ni,20
Cd3PCl3,3
Cd3PI3,2
Cd3Pb,22
Cd3Pd,8
Cd3Pt,21
Cd3Si2Pb3O10,1
Cd3SiO5,1
Cd3TeO6,4
Cd4BiB3O10,1
Cd4HgSe5,3
Cd4SF6,2
Cd4TeSe3,5
Cd5(S2Cl)2,2
Cd5Au3,5
Cd5TeS4,3
CdAg,38
CdAg2Au,24
CdAg2GeS4,5
CdAg2Sn3S8,1
CdAg2SnS4,4
CdAg2SnSe4,4
CdAg3,21
CdAgAu2,20
CdAgO2,11
CdAgPd2,6
CdAgSb,9
CdAs,37
CdAs2,25
CdAsP,10
CdAsPd5,3
CdAsPt5,2
CdAu,36
CdAu3,21
CdAuO2,9
CdBiClO2,2
CdBiO3,4
CdBiS2Br,2
CdBiS2Cl,5
CdBr2,37
CdCN2,10
CdCO3,8
CdCl2,33
CdCo3N,25
CdCu2,32
CdCu2GeS4,4
CdCu2GeSe4,4
CdCu2GeTe4,1
CdCu2O3,2
CdCu2SiS4,3
CdCu2SiSe4,3
CdCu2SiTe4,1
CdCu2Sn3S8,1
CdCu2SnS4,4
CdCu2SnSe4,2
CdCu2SnTe4,1
CdCu3,19
CdCuF4,3
CdCuP2O7,2
CdF2,19
CdFe(PS3)2,1
CdFe4NiO8,1
CdFeCu4(SnSe4)2,1
CdFeO3,4
CdGa(AgS2)2,1
CdGa(AgSe2)2,1
CdGa4As4S,1
CdGa4As4Se,1
CdGa4HgTe8,1
CdGaRh2,5
CdGe2O5,1
CdGeAs2,4
CdGeAsP,1
CdGeN2,6
CdGeO3,11
CdGeP2,5
CdH6(NCl)2,1
CdHOF,4
CdHg2,45
CdHg2SO6,1
CdHg2SeO6,2
CdHg3,31
CdHg3Te4,3
CdHg4Se5,4
CdHgAsBr,2
CdHgO2,8
CdHgPd2,11
CdHgSe2,43
CdHgTe2,41
CdI2,81
CdIn,37
CdIn2O4,5
CdIn2SeS3,1
CdIn2SnAu2,1
CdIn3,21
CdIn4As4S,1
CdInAgTe3,1
CdInAsSe,2
CdInBr3,6
CdInGaS4,4
CdInPd2,5
CdInRh2,13
CdMoO4,4
CdNi3C,2
CdNi3N,30
CdO,17
CdO2,7
CdP2,24
CdP4,6
CdPPd5,2
CdPPt5,2
CdPS3,6
CdPSe3,6
CdPb2(ClO)2,2
CdPb3,17
CdPb3Se4,2
CdPbF6,4
CdPbS2,9
CdPd,18
CdPd2Au,10
CdPd3,16
CdPd3O4,1
CdPd5Se,1
CdPdF4,4
CdPdF6,6
CdPt,31
CdPt3,20
CdPtF6,7
CdRh2Pb,13
CdRhF6,3
CdS,24
CdS2,6
CdSO3,6
CdSO4,7
CdSb,39
CdSb6(S2I)4,1
CdSbAu,6
CdSbS2Br,2
CdSbS2Cl,6
CdSe,34
CdSe2,14
CdSe2O5,2
CdSeO3,11
CdSeO4,7
CdSiAs2,20
CdSiN2,6
CdSiP2,19
CdSn,19
CdSn3,9
CdSnAs2,6
CdSnAu,6
CdSnF6,6
CdSnN2,6
CdSnO3,10
CdSnP2,3
CdSnRh2,5
CdSnSb2,7
CdSnTe2,8
CdTe,47
CdTeMoO6,2
CdWO4,4
Ce,7
Ce(AgGe)2,2
Ce(Al2Cr)4,1
Ce(Al2Cu)4,2
Ce(Al2Fe)4,1
Ce(AlAu)2,2
Ce(AlGa)2,2
Ce(AlGe)2,2
Ce(AlPd)2,2
Ce(AlSi)2,2
Ce(AlZn)2,3
Ce(As3Os)4,1
Ce(As3Ru)4,1
Ce(AsPd)2,4
Ce(AsRh)2,2
Ce(BC)2,4
Ce(BIr)2,2
Ce(BIr)4,2
Ce(BO2)3,3
Ce(BOs)2,2
Ce(BOs)4,2
Ce(BRh)4,1
Ce(BRu)2,2
Ce(CdAs)3,1
Ce(Co2B)6,2
Ce(CoAs)2,3
Ce(CoB)4,3
Ce(CoGe)2,3
Ce(CoP)2,4
Ce(CoSi)2,3
Ce(CrB3)2,1
Ce(CuGe)2,1
Ce(CuSi)2,2
Ce(CuSn)2,2
Ce(ErS2)3,1
Ce(FeAs3)4,1
Ce(FeB)4,3
Ce(FeGe)2,1
Ce(FeP)2,2
Ce(FeP3)4,1
Ce(FeSb3)4,1
Ce(FeSi)2,2
Ce(GaPd)2,1
Ce(Ge2Rh3)2,2
Ce(Ge3Pt)4,1
Ce(GeAu)2,2
Ce(GeIr)2,2
Ce(GePd)2,2
Ce(GeRh)2,2
Ce(GeRu)2,2
Ce(HO)3,1
Ce(HoS2)3,1
Ce(LuS2)3,1
Ce(MgSi)2,2
Ce(Mn2Fe)4,1
Ce(MnAl2)4,1
Ce(MnCo2)4,2
Ce(MnGe)2,1
Ce(MnSi)2,2
Ce(Mo3S4)2,1
Ce(Mo3Se4)2,1
Ce(NdS2)2,2
Ce(Ni2Sn)2,1
Ce(NiAs)2,4
Ce(NiSb)2,3
Ce(NiSn)2,2
Ce(P3Os)4,1
Ce(P3Ru)4,1
Ce(PIr)2,2
Ce(PPd)2,4
Ce(PRh)2,3
Ce(PRu)2,3
Ce(PrS2)2,2
Ce(Re2Si)2,2
Ce(Sb3Os)4,1
Ce(Sb3Ru)4,1
Ce(SbPd)2,1
Ce(SiAg)2,2
Ce(SiAu)2,1
Ce(SiAu2)2,2
Ce(SiIr)2,3
Ce(SiOs)2,1
Ce(SiPd)2,2
Ce(SiPt)2,3
Ce(SiRh)2,2
Ce(SiRu)2,1
Ce(SmS2)2,2
Ce(Sn2Pd)2,2
Ce(Sn3Ru2)2,1
Ce(SnIr)2,1
Ce(SnPd)2,2
Ce(SnRh)2,2
Ce(Tl3Te2)3,1
Ce(TmS2)3,1
Ce(YS2)3,1
Ce(ZnAu2)2,1
Ce(ZnP)3,2
Ce10(NiSn)3,1
Ce10Si5Ni,1
Ce2(B2Rh3)3,1
Ce2(CN2)3,2
Ce2(CoCu)5,2
Ce2(CuNi)5,2
Ce2(InSn)3,2
Ce2(MnNi)5,1
Ce2(PdRh)3,2
Ce2(TlSn)3,2
Ce2(Zn2Ge)3,1
Ce2AgHg,4
Ce2AgPb,4
Ce2AgSn,5
Ce2Al11Pd3,1
Ce2Al2Co15,1
Ce2Al2PdPt,1
Ce2Al3GaPd4,1
Ce2Al3Ge4,1
Ce2Al3Ru,2
Ce2Al3Sn,1
Ce2Al6CuAu,2
Ce2AlGaNi2,1
Ce2AlGe6,1
Ce2AlRu2,3
Ce2Au,5
Ce2B2Ir5,2
Ce2B4(IrRh)3,1
Ce2Bi,5
Ce2Bi5Rh3,1
Ce2BiN,4
Ce2BiO2,1
Ce2Br5,3
Ce2C(NO)2,1
Ce2C2Cl,1
Ce2C3,1
Ce2CdCu2,3
Ce2CdHg,9
Ce2CdIn,7
Ce2CdPb,5
Ce2CdPd2,3
Ce2CdSb4,1
Ce2CdSe4,2
Ce2Co3Ge5,1
Ce2Co3Si5,1
Ce2CoGe4Ru3,1
Ce2CoSi3,4
Ce2CrN3,1
Ce2Cu3Sb4,1
Ce2CuGe3,4
Ce2CuGe6,1
Ce2CuSi3,5
Ce2Dy2O7,2
Ce2Fe12Co5,1
Ce2Fe17,1
Ce2Fe17C,1
Ce2Fe3Rh,1
Ce2FeRu3,2
Ce2Ga10Ni,1
Ce2Ga10Pd,1
Ce2Ga2Co15,1
Ce2Ga3Cu,6
Ce2Ga5Cu3,4
Ce2Ga7Pd,2
Ce2Ge2IrRh,1
Ce2Ge3Rh,5
Ce2Ge5Ir3,2
Ce2Ge5Rh3,1
Ce2Ge6Au,1
Ce2Ge6Pd,2
Ce2Ge6Pt,2
Ce2H5,4
Ce2HgPb,4
Ce2In,10
Ce2In2PdRh,1
Ce2In8Co,1
Ce2In8Ir,1
Ce2In8Pd,1
Ce2In8Pt,1
Ce2In8Rh,1
Ce2InAg,7
Ce2InAu2,2
Ce2InCu2,4
Ce2InGe2,1
Ce2InNi2,3
Ce2InPd2,3
Ce2InRh2,3
Ce2Ir7,1
Ce2Mg,20
Ce2MgAl,4
Ce2MgCo9,2
Ce2MgCu2,2
Ce2MgGe2,1
Ce2MgIn,5
Ce2MgNi2,3
Ce2MgS4,5
Ce2MgSe4,5
Ce2MgSi2,1
Ce2MgZn,3
Ce2Mn3Al,1
Ce2Mn3Si4Pd,1
Ce2Mn7Al10,1
Ce2MnN3,1
Ce2MnSi4Pd3,1
Ce2Mo2C3,2
Ce2NCl3,2
Ce2NiGe3,4
Ce2NiGe6,1
Ce2NiRu3,1
Ce2NiSn4,1
Ce2O3,7
Ce2P2AuO,1
Ce2PbS4,3
Ce2PbSe4,2
Ce2Pd2Pb,2
Ce2PrO6,1
Ce2Re2Si2C,1
Ce2ReC2,2
Ce2S2O,5
Ce2S3,6
Ce2SO2,4
Ce2Sb,6
Ce2SbAu3,2
Ce2SbO2,3
Ce2SbTe,10
Ce2ScSi2,2
Ce2SeF4,3
Ce2SeN2,5
Ce2SeO2,6
Ce2Si2NiPt,2
Ce2Si2Sn,2
Ce2Si3,6
Ce2Si3Ni,4
Ce2Si3Rh,3
Ce2Si4OsRu3,1
Ce2Si5Ir3,1
Ce2Si5Ni3,1
Ce2Si5Pd3,1
Ce2Si5Rh3,1
Ce2Si7,1
Ce2SiGe,6
Ce2SmS4,3
Ce2Sn3,4
Ce2Sn5,1
Ce2SnHg,6
Ce2SnPd2,4
Ce2SnS5,2
Ce2Te3,4
Ce2Te5,2
Ce2TeO2,3
Ce2TlAg,9
Ce2VFeO6,1
Ce2WC2,1
Ce2Y(AlPd)3,1
Ce2Y2O7,3
Ce2YSi2,2
Ce2Zn17,2
Ce2Zn2Cu5,1
Ce2Zn2Ni5,1
Ce2Zn2Sn2H3,1
Ce2Zn3Cu7,1
Ce2Zn4Ru,2
Ce2Zn5Sn,1
Ce2ZnBi4,1
Ce2ZnHg,6
Ce2ZnIn,8
Ce2ZnNi2,3
Ce2ZnSb4,1
Ce2ZrO6,4
Ce3(AgGe)4,2
Ce3(AgSn)4,2
Ce3(Al2Si3)2,1
Ce3(AlI)2,1
Ce3(BN2)2,1
Ce3(CuGe)4,3
Ce3(CuSn)4,1
Ce3(GeRh)4,1
Ce3(MgRh2)2,2
Ce3(Si4Ni)2,1
Ce3(SiPd)4,2
Ce3(TaN3)2,1
Ce3Al,10
Ce3Al11,1
Ce3AlC,1
Ce3AlN,2
Ce3AlO,2
Ce3AsS3,3
Ce3Bi4Au3,1
Ce3Bi4Pd3,1
Ce3CI5,1
Ce3Cd,6
Ce3Co11B4,1
Ce3Cu3Sb4,1
Ce3Cu4(P2O)2,1
Ce3Dy,6
Ce3Dy2O9,1
Ce3Er,7
Ce3Ga,8
Ce3Ga10Ni,1
Ce3Ga2,5
Ce3Ga4Cl,1
Ce3GaBr3,2
Ce3Gd,3
Ce3Ge5,3
Ce3GeS2,7
Ce3HfSb5,1
Ce3Hg,8
Ce3Ho,6
Ce3In,13
Ce3In3Ru2,2
Ce3In4Ge,1
Ce3InC,2
Ce3Ir,5
Ce3Mg,8
Ce3Mg2InAu3,1
Ce3NbSb5,1
Ce3Nd2O9,1
Ce3NdC8,2
Ce3Ni2B2N3,1
Ce3Ni2Ge7,1
Ce3Ni2Sn7,1
Ce3Os,7
Ce3Pb,7
Ce3Pd4,1
Ce3Pd5,3
Ce3PrO8,1
Ce3Rh2,2
Ce3Ru,8
Ce3S4,1
Ce3Sb3Au2,1
Ce3SbAs2,6
Ce3Sc,9
Ce3Se4,2
Ce3Si2,3
Ce3SiPd5,1
Ce3SiS2,4
Ce3Sm,6
Ce3Sn,9
Ce3Sn5,5
Ce3Sn6Ru,1
Ce3Sn7,1
Ce3SnN,3
Ce3SnO8,3
Ce3Te4,3
Ce3TiSb5,1
Ce3Tl,8
Ce3Y,7
Ce3Y(InAu2)4,1
Ce3Y4O12,1
Ce3YRh4,1
Ce3Zn,7
Ce3Zn11,1
Ce3ZrO8,2
Ce3ZrSb5,1
Ce4(Si3Rh)3,1
Ce4As3,2
Ce4B2N5,1
Ce4Bi3,2
Ce4Bi8Pd3,1
Ce4C2Br5,2
Ce4Co2Sn5,1
Ce4Cu3(SO)4,1
Ce4Cu5Sb8,1
Ce4DyO9,1
Ce4Ga2S5O4,1
Ce4GdO9,1
Ce4Ge3,1
Ce4Ge7,2
Ce4GeS3,3
Ce4H11,1
Ce4Mg7Ge6,1
Ce4Mn3Sb8,1
Ce4Ni3Bi8,2
Ce4Ni4Bi3Sb5,1
Ce4Ru3,4
Ce4Sb3,3
Ce4SiI5,2
Ce4SiRh12,1
Ce4Sm,2
Ce4SmO10,2
Ce4SmO9,1
Ce4SnO10,2
Ce4Y2O11,1
Ce4YO9,1
Ce4Zn3Sb8,2
Ce4ZrO10,2
Ce5(FeB3)2,1
Ce5AgPb3,1
Ce5AgS8,1
Ce5AgSe8,1
Ce5AgSn3,1
Ce5Al2Ru3,1
Ce5Bi3,2
Ce5BiSb4,5
Ce5CuBi3,1
Ce5CuPb3,1
Ce5CuSe8,1
Ce5CuSn3,1
Ce5Dy2O13,1
Ce5Ga2Ge,1
Ce5Ga3,5
Ce5Gd2O13,1
Ce5Ge2Pd,2
Ce5Ge3,2
Ce5Ge3C,1
Ce5Mg,8
Ce5Nd5Si6,1
Ce5NiPb3,2
Ce5O9,3
Ce5Pb3,2
Ce5Pb3O,2
Ce5Sb3,1
Ce5Si3,2
Ce5Sm2O13,1
Ce5Sn3,5
Ce5Sn3Au,1
Ce5Y2O13,1
Ce6B2(CBr)3,1
Ce7Ir3,1
Ce7O12,1
Ce7Pd3,1
Ce7Rh3,1
Ce7Ru3,1
CeAg,7
CeAg(PSe3)2,1
CeAg2,4
CeAg3,6
CeAgAs2,4
CeAgAu2,5
CeAgGe,8
CeAgHg2,3
CeAgPb,9
CeAgSb2,4
CeAgSn,8
CeAl,9
CeAl(CuNi)2,2
CeAl2,7
CeAl2Ag3,3
CeAl2BRu2,1
CeAl2Cu3,4
CeAl2Ni,3
CeAl2Pd5,2
CeAl2Pt,3
CeAl3,10
CeAl3Ag,4
CeAl3Au,4
CeAl3Cu,3
CeAl3Ni2,4
CeAl3Pd,3
CeAl3Pd2,3
CeAl3Pt,4
CeAl3Pt2,2
CeAl4,3
CeAl4Co,2
CeAl4Cu2Si,1
CeAl4Ge2Au,1
CeAl4Ni,2
CeAl4Pd,2
CeAl4Si2Ir,1
CeAl4Si2Rh,1
CeAl5Ni2,2
CeAl6Pd,1
CeAlAg2,5
CeAlAu,10
CeAlCo,11
CeAlCo4,3
CeAlCu,9
CeAlCu4,3
CeAlGa,15
CeAlGe,8
CeAlIr,6
CeAlNi,7
CeAlNi4,4
CeAlO3,4
CeAlPd,7
CeAlPd2,5
CeAlPt,5
CeAlSi,10
CeAlSi2,8
CeAs,4
CeAs2,7
CeAs2Au,4
CeAs2Pd3,3
CeAs3,5
CeAsPd,11
CeAsRh,8
CeAsRuO,1
CeAsS,4
CeAu,8
CeAu3,9
CeAu6,5
CeB2C,4
CeB2ClO4,1
CeB2Ir2C,1
CeB2Ir2Rh,1
CeB2Ir3,3
CeB2Pd2C,1
CeB2Rh2C,1
CeB2Rh3,1
CeB2Ru,3
CeB2Ru2Rh,1
CeB2Ru3,1
CeB4,2
CeB4(IrOs)2,1
CeB6,2
CeBO3,3
CeBRh3,1
CeBS3,2
CeBeAl3,1
CeBi,4
CeBi2Au,3
CeBi2SeO4,1
CeBi3,5
CeBiAu2,5
CeBiPd,4
CeBiRh,5
CeBiS2O,1
CeBr3,8
CeBrO,5
CeC2,4
CeCO,1
CeCd,5
CeCd2,5
CeCd2Ag,7
CeCd2Cu,4
CeCd3,8
CeCdAg2,5
CeCdAsO,1
CeCdAu,10
CeCdAu2,4
CeCdCu,8
CeCdHg2,4
CeCdIn,11
CeCdNi4,1
CeCdPd,8
CeCl3,10
CeClO,6
CeCo2B2C,1
CeCo2SiB,1
CeCo3,5
CeCo3B2,2
CeCo3Cu2,2
CeCo4B,2
CeCo4Cu,2
CeCo5,3
CeCo5H4,1
CeCoC2,4
CeCoCuSi2,1
CeCoGe,12
CeCoGe2Ru,1
CeCoGe3,5
CeCoGeH,3
CeCoRh,4
CeCoSb2,3
CeCoSi,9
CeCoSi2,5
CeCoSi2Rh,1
CeCoSi3,4
CeCr2Si2C,1
CeCrGe3,2
CeCrO3,2
CeCrS2O,2
CeCrSb3,1
CeCrSe3,4
CeCu,8
CeCu2,5
CeCu2Si,2
CeCu2SiGe,1
CeCu5,4
CeCuGe,7
CeCuGe2,5
CeCuGeH,4
CeCuPb,7
CeCuS2,7
CeCuSO,2
CeCuSb2,4
CeCuSe2,5
CeCuSi,10
CeCuSi2,6
CeCuSi2Ni,1
CeCuSi2Pd,1
CeCuSi2Ru,1
CeCuSn,11
CeDy3,6
CeDy4S7,1
CeDyC4,1
CeDyFe4,1
CeDyMg2,4
CeDyS3,2
CeDyZn2,4
CeEr,5
CeEr3,7
CeEr4S7,1
CeErIn2,9
CeErMg2,3
CeEuAl4,1
CeEuB12,3
CeEuCd2,3
CeEuZn2,4
CeF3,11
CeFe4(CuO4)3,1
CeFe5,4
CeFeCo,5
CeFeGe3,2
CeFeNi4,3
CeFeO3,2
CeFeSb2,2
CeFeSi,8
CeFeSi2,9
CeGa,6
CeGa2,9
CeGa2Cu3,3
CeGa2Ni,6
CeGa3,6
CeGa3Ag,3
CeGa3Cu,4
CeGa3Pd,3
CeGa3Pd2,4
CeGa6,3
CeGa6Ni,1
CeGa6Pd,1
CeGa7Fe5,1
CeGaAg,11
CeGaCo,9
CeGaCu4,3
CeGaGe,5
CeGaIr,9
CeGaNi,9
CeGaNi4,4
CeGaPd,11
CeGaPd2,7
CeGaRh,10
CeGd3,5
CeGdN2,2
CeGe,5
CeGe2,8
CeGe2Pt,4
CeGe3Ir,3
CeGe3Rh,3
CeGe5,3
CeGeAu,10
CeGeBi2,4
CeGeIr,9
CeGePd,13
CeGePd2,6
CeGeRh,11
CeH2,7
CeH3,10
CeHSe,7
CeHfF7,2
CeHfMg14,2
CeHfO4,12
CeHg,4
CeHg2,6
CeHg3,5
CeHgAu2,5
CeHgPd,9
CeHo3,7
CeHo4S7,2
CeHoIn2,9
CeHoMg2,4
CeHoZn2,4
CeI3,11
CeIn2Ir,2
CeIn2Rh,3
CeIn2Ru,2
CeIn3,8
CeIn3(CuSe2)4,1
CeIn4Ni,1
CeIn4Pd,1
CeIn5Co,1
CeIn5Ir,1
CeIn5Rh,1
CeIn7Cu5,1
CeIn7Pt2,2
CeInAg2,5
CeInAu,8
CeInAu2,5
CeInCu,8
CeInCu2,4
CeInCuAg,1
CeInIr,8
CeInNi,8
CeInNi4,1
CeInPd,8
CeInPd2,7
CeInRh,9
CeIr2,5
CeIr3,5
CeIr5,3
CeIrOs,2
CeLu3,6
CeLuAl4,1
CeLuMg2,3
CeLuO3,1
CeLuS3,2
CeMg,20
CeMg(NiH)4,2
CeMg12,1
CeMg14Al,2
CeMg14Bi,2
CeMg14Cd,3
CeMg14Cu,1
CeMg14Ga,2
CeMg14Mn,2
CeMg14Sb,2
CeMg14Ti,2
CeMg14Zn,2
CeMg14Zr,2
CeMg15,1
CeMg2,22
CeMg2Ni9,2
CeMg3,8
CeMg5,9
CeMg7,1
CeMgAg,9
CeMgAg2,3
CeMgAu,8
CeMgAu2,4
CeMgCd2,3
CeMgCu,9
CeMgCu2,4
CeMgGa,10
CeMgHg2,3
CeMgIn3Rh,1
CeMgNi4,1
CeMgPd,9
CeMgPt,11
CeMgRh,11
CeMgSi2,5
CeMgSn,10
CeMgTl,9
CeMgZn2,4
CeMn4(CuO4)3,1
CeMnAsO,1
CeMnCrSi2,1
CeMnGe,8
CeMnNi4,1
CeMnSi,8
CeMnSi2,6
CeMnSi2Pd,1
CeN,5
CeNbO4,6
CeNd3,7
CeNd3C8,2
CeNd3Si8,1
CeNdAl2O6,1
CeNdAl4,2
CeNdC4,1
CeNdHg2,5
CeNdN2,7
CeNdS2,7
CeNdSi2,3
CeNdZn2,4
CeNi,8
CeNi2B2C,1
CeNi5,4
CeNiAs,6
CeNiC2,2
CeNiGe3,5
CeNiO3,2
CeNiP,7
CeNiSb,6
CeNiSb2,5
CeNiSn,8
CeNiSnH,3
CeNiSnH2,1
CeO,2
CeO2,8
CeOF,5
CeOs2,5
CeOsRu,4
CeP,7
CeP2,7
CePIr,7
CePO4,4
CePPd,7
CePRu2C,1
CePRuO,1
CePb3,6
CePbAu,6
CePbAu2,4
CePd,6
CePd3,7
CePd5,6
CePd7,3
CePdRh2,2
CePr3,5
CePr3O8,1
CePr4O10,3
CePrAl4,2
CePrFe4,1
CePrHg2,5
CePrMg2,3
CePrO2,3
CePrO4,3
CeRh,7
CeRh2,6
CeRh3,5
CeRhPb,7
CeRu2,5
CeRu3C,1
CeRuRh,3
CeS,6
CeS2,19
CeSF,7
CeSb,5
CeSb2,8
CeSb2Au,4
CeSb2Pd,6
CeSb3,4
CeSbAu,7
CeSbIr,8
CeSbPd,9
CeSbRh,7
CeSbSe,3
CeSbTe,4
CeSc3(BO3)4,3
CeScAl4,2
CeScGe,7
CeScO3,5
CeScPd6,4
CeScS3,4
CeScSb,6
CeScSi,5
CeSe,5
CeSe2,87
CeSi,6
CeSi2,7
CeSi2Ag,2
CeSi2Ir,4
CeSi2Ir3,3
CeSi2Mo2C,1
CeSi2Ni,4
CeSi2OsRu,1
CeSi2Pt,3
CeSi2Rh,3
CeSi2Rh3,4
CeSi2Ru,3
CeSi2Ru3,2
CeSi2RuRh,2
CeSi3Ir,2
CeSi3Os,2
CeSi3Pt,2
CeSi3Rh,3
CeSi3Ru,2
CeSiAg,7
CeSiBIr3,1
CeSiBRh3,1
CeSiGe,6
CeSiGePd2,1
CeSiGeRh2,2
CeSiHRu,1
CeSiI,3
CeSiIr,7
CeSiIr2,5
CeSiNi,10
CeSiNi4,2
CeSiO4,4
CeSiOs,7
CeSiPd2,6
CeSiPt,9
CeSiRh,8
CeSiRh2,6
CeSiRu,8
CeSm3,6
CeSm3S4,7
CeSmB12,3
CeSmFe4,1
CeSmMg2,4
CeSmO2,3
CeSmTl2,4
CeSmZn2,4
CeSn2Rh,6
CeSn3,5
CeSnAu,6
CeSnAu2,5
CeSnIr,9
CeSnPd,9
CeSnRh,9
CeSnRu,11
CeTe,9
CeTe2,10
CeTe3,3
CeTi2O6,2
CeTiFe11,1
CeTiGe,6
CeTiGe3,2
CeTl,4
CeTl2InSe4,2
CeTl3,5
CeTlAg2,4
CeTlAu2,4
CeTlCd,7
CeTlPd,6
CeTlZn,8
CeTm3,7
CeTm4S7,1
CeTmIn2,6
CeTmMg2,3
CeTmO3,3
CeVO3,4
CeVO4,8
CeY(AlPd)2,1
CeY(GaPd2)2,1
CeY2(AlPd)3,1
CeY3,7
CeY4Mg5,2
CeY4Rh5,1
CeY4S7,1
CeY4Zn5,1
CeYAl4,1
CeYC4,1
CeYCo17,1
CeYCo4,1
CeYCu4,4
CeYFe17,2
CeYFe4,1
CeYIn2,7
CeYIn6,4
CeYMg14,3
CeYMg2,5
CeYMg4,2
CeYNi4,1
CeYPd6,3
CeYRh4,1
CeYTl2,4
CeYZn2,3
CeZn,6
CeZn2,8
CeZn2Ag,6
CeZn2Ni3,4
CeZn3,10
CeZn3Cu2,2
CeZn3Pd2,3
CeZn4Ni,3
CeZn5,2
CeZnAgAs2,1
CeZnAgP2,1
CeZnAu,9
CeZnAu2,8
CeZnCuP2,1
CeZnGa,14
CeZnGa3,3
CeZnGe,9
CeZnIn,11
CeZnNi4,3
CeZnPO,2
CeZnPd,8
CeZnSbO,1
CeZnSi,11
CeZnSn,8
CeZr3Mn8,1
CeZr3O8,3
CeZr4O10,1
CeZrF7,2
CeZrO4,8
Cl2,23
ClF,17
ClF3,8
ClF5,2
ClO3,3
ClOF3,6
Co,31
Co(BMo)2,2
Co(BMo)3,1
Co(BRh2)3,1
Co(BW)2,2
Co(BW)3,1
Co(NiS2)2,7
Co(NiSe2)2,4
Co(PdSe)2,2
Co(RhS2)2,3
Co(RhSe2)2,1
Co(TePd)2,2
Co12Ge4C,1
Co2As,26
Co2B,6
Co2B4Mo,1
Co2CuGe2,4
Co2CuS4,1
Co2Ge,8
Co2N,2
Co2Ni2Te5,1
Co2NiN2,3
Co2NiS4,4
Co2NiSe4,4
Co2P,25
Co2PS3,1
Co2Pd,6
Co2RhS4,2
Co2S3,4
Co2SbTe,11
Co2Si,20
Co2SiGe,6
Co3(Ni3S4)2,1
Co3(SnS)2,1
Co3B,6
Co3Cu(SnS4)2,1
Co3Ge2,4
Co3H,7
Co3Ir,20
Co3Mo,19
Co3N,3
Co3Ni,22
Co3Ni3S8,2
Co3Ni9P4,1
Co3NiSb12,1
Co3P,18
Co3PW2,1
Co3Pt,19
Co3ReB4,1
Co3Rh,21
Co3S4,2
Co3Se4,3
Co3Si,19
Co3SiMo2,2
Co3Sn2,2
Co3SnC,2
Co3W,17
Co4B,2
Co4CuNiS8,2
Co4H,7
Co4N,1
Co4SnSb12,1
Co5B2P,1
Co5CuS8,1
Co5NiS8,2
Co5Te6,1
Co6BP,1
Co7Ge4,3
Co7NiP4,1
Co8RhS8,1
Co8RuS8,1
Co9S8,1
Co9Se8,1
CoAg2Sn3S8,1
CoAs,33
CoAs2,21
CoAs3,19
CoAsRh,9
CoAsS,7
CoAsSe,10
CoB,19
CoBMo,5
CoBW,5
CoBi3,2
CoBiTe,4
CoBr2,29
CoCl2,31
CoCu2GeS4,1
CoCu2GeSe4,3
CoCu2SiS4,1
CoCu2Sn3S8,1
CoCu2SnS4,1
CoCu2SnSe4,2
CoCu3HgSe4,1
CoCuNiS4,1
CoCuS4,2
CoF2,6
CoF3,11
CoF4,4
CoGe,29
CoGe2,8
CoH,11
CoH6(NCl)2,2
CoIr,32
CoMoP,13
CoMoP2,19
CoN,17
CoNi,41
CoNi(AsS)2,1
CoNi(PS3)2,1
CoNi(SbS)2,1
CoNi3,23
CoNi5S8,2
CoNiAs,10
CoNiAs2,13
CoNiAs4,3
CoNiGe,7
CoNiN,2
CoNiP,16
CoNiPt2,17
CoNiS4,2
CoNiSb6,1
CoNiSe2,14
CoNiSe4,5
CoNiTe2,15
CoNiTe4,6
CoO2,25
CoP,44
CoP2,37
CoP3,26
CoPPd,3
CoPS,15
CoPSe,12
CoPW,9
CoPd,17
CoPd3,9
CoPt,30
CoPt3,17
CoPtF6,3
CoRe2(MoS4)2,1
CoRe3,21
CoReB,12
CoRh,49
CoRh3,22
CoRhS4,1
CoRuS4,2
CoS,30
CoS2,18
CoSb,30
CoSb2,18
CoSb3,15
CoSbRh2,14
CoSbS,7
CoSbSe,9
CoSbTe,7
CoSe,34
CoSe2,17
CoSi,36
CoSi2,24
CoSi4Ni,3
CoSi4Ni3,1
CoSiMo,8
CoSiNi,13
CoSiW,8
CoSn,23
CoSn2,7
CoSn3,8
CoSnF6,2
CoTe,31
CoTe2,23
Cr,30
Cr(BMo)2,3
Cr(FeAs3)2,1
Cr(FeSe2)2,4
Cr(GaS2)2,2
Cr(GeO3)2,2
Cr(InS2)2,4
Cr(RhSe2)2,2
Cr(Te2Rh)2,1
Cr(WO4)3,1
Cr12As4C3N,1
Cr12BP3,1
Cr12P7,1
Cr2(NiB2)3,1
Cr2AgBiO8,2
Cr2AgS4,7
Cr2AgTe4,1
Cr2AsSe,13
Cr2B,6
Cr2B2Ir,3
Cr2B3,2
Cr2C,37
Cr2CdO4,1
Cr2CdS4,1
Cr2CdSe4,1
Cr2CdSeS3,1
Cr2CoS4,2
Cr2CoSe4,3
Cr2CoTe4,1
Cr2CuAgS4,1
Cr2CuO4,2
Cr2CuS4,8
Cr2CuSe4,2
Cr2CuTe4,1
Cr2F5,4
Cr2FeO4,6
Cr2FeS4,2
Cr2FeSe4,3
Cr2FeTe4,1
Cr2GaC,5
Cr2GaN,5
Cr2GaS4,1
Cr2GeC,4
Cr2HO4,3
Cr2HgO4,1
Cr2HgS4,9
Cr2HgSe4,1
Cr2Ir2C,1
Cr2N,6
Cr2NiO4,1
Cr2NiS4,4
Cr2NiSe4,1
Cr2O3,9
Cr2O5,4
Cr2OF2,2
Cr2P,17
Cr2PO5,3
Cr2ReO6,1
Cr2Rh2C,3
Cr2S2BrCl,1
Cr2S3,6
Cr2Se3,13
Cr2SiO4,1
Cr2Te3,7
Cr2TeO6,2
Cr2WO6,2
Cr3(OF)2,2
Cr3As,13
Cr3AsC,4
Cr3AsN,3
Cr3AuO8,1
Cr3B4,1
Cr3C,24
Cr3C2,8
Cr3Cu2NiSe8,1
Cr3Cu2SbS8,1
Cr3CuO8,1
Cr3Fe3SiAs2,1
Cr3FeAs4,1
Cr3Ga,7
Cr3GaN,3
Cr3Ge,4
Cr3GeC,4
Cr3GeN,3
Cr3InO8,1
Cr3Ir,22
Cr3IrN,2
Cr3N2,9
Cr3NiB6,1
Cr3NiP4,1
Cr3NiSb4,1
Cr3O4,3
Cr3O8,5
Cr3Os,18
Cr3P,16
Cr3PC,5
Cr3PN,4
Cr3PdN,3
Cr3Pt,21
Cr3PtN,2
Cr3Rh3S8,1
Cr3RhN,2
Cr3Ru,23
Cr3S4,2
Cr3Se4,5
Cr3Si,13
Cr3Si2Mo3,1
Cr3Te4,5
Cr4(CuO4)3,1
Cr4(OF3)3,2
Cr4AgBiO14,1
Cr4As3,3
Cr4CdAgSe8,1
Cr4CdCoS8,1
Cr4CdCuO8,1
Cr4CdFeS8,1
Cr4CoCuS8,1
Cr4CoNiS8,1
Cr4Cu3Se8,1
Cr4Cu3Te8,1
Cr4CuNiSe8,2
Cr4CuO12,1
Cr4FeCoS8,1
Cr4FeCuS8,1
Cr4FeCuSe8,1
Cr4FeNiS8,1
Cr4GaCuS8,1
Cr4GaCuSe8,1
Cr4GaS8,1
Cr4InAgS8,1
Cr4InAgSe8,1
Cr4InCuS8,2
Cr4InCuSe8,1
Cr4Ni,7
Cr4OF11,18
Cr5B2P,1
Cr5B3,1
Cr5InS8,1
Cr5InSe8,1
Cr5NiS8,2
Cr5S8,2
Cr5Se8,4
Cr5Si3,2
Cr5Si3B,1
Cr5Si3C,1
Cr5Te8,2
Cr6BC3,1
Cr6C3N,3
Cr7Se8,1
Cr7Te8,1
Cr9FeB6,1
CrAg(PS3)2,1
CrAg(PSe3)2,1
CrAg(SO4)2,1
CrAg3ClO4,1
CrAg3F6,6
CrAgO2,7
CrAgS2,8
CrAgSe2,21
CrAgSnS4,1
CrAgSnSe4,1
CrAgTe2,21
CrAs,40
CrAs2,25
CrAsPd,5
CrAsRh,10
CrAsRu,11
CrAu4,3
CrAuO2,6
CrAuS2,7
CrB,21
CrB2,8
CrB2Mo,5
CrB2W,5
CrB4,4
CrB4Mo,3
CrBO3,4
CrBiO3,6
CrBiO4,6
CrBr2,17
CrBr3,25
CrC,31
CrCdF6,4
CrCdInS4,1
CrCdO4,2
CrCl2,9
CrCl3,23
CrCo2Ge,4
CrCo2N3,2
CrCo2Si,16
CrCo3,18
CrCoAs,10
CrCoB,5
CrCoGe,4
CrCoP,13
CrCoPt2,15
CrCoSi,9
CrCoSi2,16
CrCu(PSe3)2,1
CrCuO2,6
CrCuO4,3
CrCuRhSe4,1
CrCuS2,9
CrCuS4,1
CrCuSe2,20
CrCuSnS4,1
CrCuSnSe4,1
CrF2,9
CrF3,18
CrF4,8
CrF5,8
CrF6,4
CrFe,32
CrFe(BiO3)2,2
CrFe11Si4,1
CrFe2O5,2
CrFe2Si,19
CrFe3,19
CrFe3As4,1
CrFe3B2,2
CrFe3Sb4,1
CrFe4,4
CrFeAs,8
CrFeAs2,15
CrFeAs4,3
CrFeB2,5
CrFeCoNi,2
CrFeCoSi,1
CrFeGe2,7
CrFeO3,4
CrFeP,10
CrFeRhS4,1
CrFeSb4,2
CrFeSi2,18
CrFeTeO6,1
CrGa4,2
CrGaCo2,4
CrGaFe2,6
CrGaRh2,6
CrGaRu2,6
CrGaSe3,5
CrGe,18
CrGeRu2,5
CrGeTe3,4
CrH,14
CrH12I(N2Cl)2,1
CrH2,11
CrHO2,14
CrHg(PbO3)2,1
CrHgF6,3
CrHgO4,3
CrI2,6
CrInBr3,4
CrInO3,6
CrIr,32
CrIr3,18
CrIrO4,3
CrMoAs2,14
CrMoF6,7
CrMoO4,2
CrN,22
CrNi2,26
CrNi3,20
CrNi3Sb4,1
CrNiAs,9
CrNiF6,6
CrNiO4,2
CrNiP,14
CrNiPO5,1
CrNiSb2,11
CrO,20
CrO2,24
CrO3,9
CrOF,8
CrP,38
CrP2,19
CrP2O7,9
CrP2S7,1
CrP2W,14
CrP4,9
CrP8W3,1
CrPHO5,1
CrPO4F,2
CrPO5,8
CrPS4,3
CrPSe3,5
CrPb2O5,2
CrPd3,11
CrPdO2,23
CrPt,33
CrPt3,17
CrPtO2,5
CrRe13B6,1
CrRe5B2,1
CrReO4,7
CrRh,33
CrSBr,2
CrSb,35
CrSb2,14
CrSbO4,10
CrSbS3,5
CrSbSe3,3
CrSe2,29
CrSi,36
CrSi2,15
CrSiNi,22
CrSiRu2,18
CrSiTe3,3
CrSn4Au,1
CrSnRh2,6
CrSnRu2,5
CrTe2,20
CrWO4,3
Cs,101
Cs(AsIr)2,4
Cs(AsRh)2,4
Cs(AsRu)2,3
Cs(BH)3,1
Cs(CoAs)2,3
Cs(CoS)2,3
Cs(CoSe)2,3
Cs(CrS2)2,4
Cs(FeAs)2,1
Cs(FeP)2,2
Cs(MnP)2,1
Cs(MoS)3,1
Cs(MoSe)3,1
Cs(Nb3S4)2,2
Cs(Nb3Te4)2,2
Cs(NbS2)2,3
Cs(OsO3)2,1
Cs(PIr)2,3
Cs(PRh)2,5
Cs(PRu)2,4
Cs(SbS2)2,3
Cs(SbSe2)2,2
Cs(TeMo)3,1
Cs(TeO3)2,1
Cs(Ti3Se4)2,1
Cs(V3S4)2,1
Cs(WO3)2,1
Cs(WO3)3,2
Cs2AgAsBr6,2
Cs2AgAsCl6,2
Cs2AgAsF6,1
Cs2AgAsS4,2
Cs2AgAuBr6,2
Cs2AgAuCl6,2
Cs2AgAuF6,1
Cs2AgBiBr6,4
Cs2AgBiCl6,3
Cs2AgBiF6,1
Cs2AgBiI6,2
Cs2AgF4,4
Cs2AgF6,5
Cs2AgIrF6,1
Cs2AgMoBr6,2
Cs2AgMoCl6,2
Cs2AgMoF6,1
Cs2AgSbBr6,4
Cs2AgSbCl6,2
Cs2AgSbF6,1
Cs2AgSbI6,2
Cs2AgSbS4,2
Cs2Al(TeO4)3,1
Cs2Al2As2O7,1
Cs2Al2P2O9,1
Cs2Al2Sb2O7,1
Cs2AlAgBr6,2
Cs2AlAgCl6,3
Cs2AlAgF6,2
Cs2AlInBr6,2
Cs2AlInCl6,2
Cs2AlInF6,1
Cs2AlInH6,1
Cs2AlInI6,1
Cs2AlTlBr6,2
Cs2AlTlCl6,2
Cs2AlTlF6,1
Cs2AlTlH6,1
Cs2AlTlI6,2
Cs2As2Pd,4
Cs2As2Pt,5
Cs2As3,3
Cs2AsAuBr6,1
Cs2AsAuCl6,1
Cs2AsAuI6,1
Cs2AsBrCl6,1
Cs2Au2Se3,1
Cs2Ba2O3,4
Cs2BaBr4,5
Cs2BaCl4,4
Cs2BaO2,3
Cs2BeO2,3
Cs2Bi2Pd,4
Cs2BiAuBr6,1
Cs2BiAuCl6,2
Cs2BiAuI6,1
Cs2CN2,8
Cs2CaBr4,4
Cs2CaCl4,3
Cs2CaF4,1
Cs2CaH4,4
Cs2CaO2,1
Cs2CaP2O7,3
Cs2CaSnCl6,2
Cs2Cd3Te4,1
Cs2CdFe(CN)6,1
Cs2CdI4,4
Cs2CeAgBr6,2
Cs2CeAgCl6,2
Cs2CeAgI6,2
Cs2CeCl6,10
Cs2CeCuCl6,2
Cs2CeCuI6,2
Cs2CeO3,3
Cs2CoAgF6,1
Cs2CoCu3F10,2
Cs2CoF6,4
Cs2CoS2,2
Cs2CoSe2,2
Cs2CrCl4,2
Cs2CrF6,5
Cs2CrHgF6,1
Cs2Cu3NiF10,1
Cs2Cu3SnF12,2
Cs2CuAsCl6,2
Cs2CuAuCl6,2
Cs2CuAuF6,1
Cs2CuBiBr6,1
Cs2CuBiCl6,4
Cs2CuBiF6,1
Cs2CuBiI6,1
Cs2CuF4,7
Cs2CuMoBr6,1
Cs2CuMoCl6,1
Cs2CuSbBr6,2
Cs2CuSbCl6,2
Cs2CuSbI6,2
Cs2DyAuCl6,1
Cs2DyCuCl6,2
Cs2ErAuCl6,1
Cs2ErCuCl6,2
Cs2EuAuCl6,1
Cs2FeNi(CN)6,1
Cs2GaAgBr6,1
Cs2GaAgCl6,2
Cs2GaAgF6,1
Cs2GaFeS4,1
Cs2GaHgBr6,1
Cs2GaHgF6,1
Cs2GaHgI6,1
Cs2GdAgCl6,1
Cs2Ge(TeO4)3,1
Cs2GeB4O9,1
Cs2GeCl6,2
Cs2GeF6,8
Cs2GeSe3,3
Cs2GeSe4,1
Cs2H4Pd,4
Cs2H4Pt,4
Cs2H6Pt,3
Cs2Hf(WO4)3,1
Cs2HfBr6,3
Cs2HfCl6,4
Cs2HfF6,9
Cs2HfI6,5
Cs2HfO3,3
Cs2Hg3(GeS4)2,4
Cs2Hg3I8,2
Cs2Hg3S4,2
Cs2Hg3Se4,2
Cs2HgAsBr6,1
Cs2HgAsCl6,1
Cs2HgAsF6,1
Cs2HgAsI6,1
Cs2HgAuBr6,1
Cs2HgAuF6,1
Cs2HgBiBr6,1
Cs2HgBiCl6,1
Cs2HgBiI6,1
Cs2HgBr4,5
Cs2HgF4,7
Cs2HgI4,3
Cs2HgIrF6,1
Cs2HgO2,2
Cs2HgPdCl6,2
Cs2HgPdF6,2
Cs2HgSbBr6,1
Cs2HgSbCl6,1
Cs2HgSbI6,2
Cs2HgTe,6
Cs2In3,3
Cs2InAgBr6,3
Cs2InAgCl6,2
Cs2InAgF6,1
Cs2InAgI6,1
Cs2InAsBr6,1
Cs2InAsI6,1
Cs2InAuBr6,1
Cs2InAuCl6,2
Cs2InAuI6,1
Cs2InBiBr6,2
Cs2InBiCl6,2
Cs2InBiF6,1
Cs2InBiI6,2
Cs2InCuBr6,1
Cs2InCuCl6,2
Cs2InCuF6,1
Cs2InGaBr6,1
Cs2InGaCl6,1
Cs2InGaF6,1
Cs2InGaI6,1
Cs2InHgBr6,1
Cs2InHgCl6,1
Cs2InHgF6,1
Cs2InHgI6,1
Cs2InSbBr6,1
Cs2InSbCl6,1
Cs2InSbF6,1
Cs2InSbI6,1
Cs2IrCl6,7
Cs2IrF6,6
Cs2K4Fe2O5,2
Cs2KAgF6,1
Cs2KAlBr6,2
Cs2KAlCl6,2
Cs2KAlF6,2
Cs2KAlI6,2
Cs2KAsBr6,2
Cs2KAsCl6,1
Cs2KAsF6,1
Cs2KAsI6,2
Cs2KAuF6,1
Cs2KBiBr6,3
Cs2KBiCl6,2
Cs2KBiF6,2
Cs2KBiI6,2
Cs2KCeBr6,2
Cs2KCeCl6,2
Cs2KCeF6,2
Cs2KCeI6,4
Cs2KCoF6,1
Cs2KCrCl6,2
Cs2KCrF6,1
Cs2KCuF6,1
Cs2KDyCl6,3
Cs2KEuCl6,1
Cs2KFeF6,2
Cs2KGaBr6,1
Cs2KGaCl6,2
Cs2KGaF6,1
Cs2KHoCl6,3
Cs2KInBr6,3
Cs2KInCl6,4
Cs2KInF6,3
Cs2KInI6,2
Cs2KLaCl6,2
Cs2KLaF6,3
Cs2KLuCl6,1
Cs2KMnF6,2
Cs2KMoBr6,1
Cs2KMoCl6,2
Cs2KMoF6,1
Cs2KMoI6,2
Cs2KNdBr6,4
Cs2KNdCl6,2
Cs2KNdI6,4
Cs2KPbF6,2
Cs2KPdF6,2
Cs2KPrBr6,3
Cs2KPrCl6,2
Cs2KPrF6,2
Cs2KPrI6,3
Cs2KRb,19
Cs2KRhF6,3
Cs2KRuF6,1
Cs2KSbBr6,3
Cs2KSbCl6,2
Cs2KSbF6,2
Cs2KSbI6,2
Cs2KScBr6,1
Cs2KScCl6,3
Cs2KScF6,1
Cs2KScI6,3
Cs2KSmCl6,2
Cs2KTbCl6,2
Cs2KTiF6,1
Cs2KTiO2F3,1
Cs2KTlBr6,2
Cs2KTlCl6,2
Cs2KTlI6,2
Cs2KVF6,1
Cs2KYBr6,3
Cs2KYCl6,3
Cs2KYF6,2
Cs2KYI6,5
Cs2KZrOF5,1
Cs2LaAgCl6,2
Cs2LaCuCl6,2
Cs2Li2GeO4,1
Cs2Li2SiO4,1
Cs2Li2TiO4,1
Cs2Li3Br5,2
Cs2Li3F5,2
Cs2Li3GaO4,1
Cs2Li3I5,2
Cs2LiAl3F12,1
Cs2LiAlF6,4
Cs2LiAsO4,3
Cs2LiBiBr6,2
Cs2LiBiCl6,2
Cs2LiBiF6,1
Cs2LiBiI6,2
Cs2LiBr3,3
Cs2LiCeBr6,1
Cs2LiCeF6,1
Cs2LiCeI6,1
Cs2LiCl3,2
Cs2LiCo(CN)6,1
Cs2LiCr3F12,1
Cs2LiCrF6,3
Cs2LiDyCl6,4
Cs2LiErCl6,4
Cs2LiEuCl6,1
Cs2LiF3,4
Cs2LiGaF6,4
Cs2LiGdCl6,2
Cs2LiI3,7
Cs2LiInBr6,4
Cs2LiInCl6,4
Cs2LiInF6,3
Cs2LiIr(CN)6,1
Cs2LiLaBr6,3
Cs2LiLaCl6,2
Cs2LiLuCl6,1
Cs2LiMnO4,4
Cs2LiMoBr6,1
Cs2LiMoCl6,2
Cs2LiMoF6,2
Cs2LiMoI6,2
Cs2LiNbS4,3
Cs2LiNdBr6,3
Cs2LiNdCl6,1
Cs2LiNdF6,1
Cs2LiNdI6,2
Cs2LiPrBr6,3
Cs2LiPrCl6,2
Cs2LiPrF6,1
Cs2LiPrI6,2
Cs2LiSbBr6,2
Cs2LiSbCl6,1
Cs2LiSbF6,1
Cs2LiSbI6,2
Cs2LiScCl6,4
Cs2LiScF6,2
Cs2LiSmCl6,4
Cs2LiTbCl6,3
Cs2LiTlBr6,2
Cs2LiTlCl6,2
Cs2LiTlF6,3
Cs2LiTmCl6,4
Cs2LiV3F12,1
Cs2LiVO4,2
Cs2LiVS4,2
Cs2LiYBr6,4
Cs2LiYCl6,4
Cs2LiYF6,1
Cs2LiYI6,5
Cs2LuAgCl6,2
Cs2MgFe(CN)6,1
Cs2MgH4,4
Cs2Mn3S4,2
Cs2Mn3Se4,2
Cs2Mn3Te4,2
Cs2MnCl4,5
Cs2MnCl6,5
Cs2MnF4,2
Cs2MnF5,1
Cs2MnF6,8
Cs2MnFe(CN)6,2
Cs2MnHgF6,1
Cs2MnNiF6,1
Cs2MnO4,2
Cs2MnS2,2
Cs2MnSe2,2
Cs2MnSnTe4,2
Cs2MnTe2,2
Cs2MoBr6,2
Cs2Na2IrO4,1
Cs2NaAl3F12,2
Cs2NaAlCl6,2
Cs2NaAlF6,2
Cs2NaAlH6,2
Cs2NaAsBr6,1
Cs2NaAsCl6,2
Cs2NaAsF6,1
Cs2NaAsO4,3
Cs2NaAuF6,1
Cs2NaBiBr6,2
Cs2NaBiCl6,3
Cs2NaBiF6,1
Cs2NaCaCl6,1
Cs2NaCaF6,1
Cs2NaCeCl6,2
Cs2NaCeF6,1
Cs2NaCeI6,2
Cs2NaCoF6,2
Cs2NaCrCl6,3
Cs2NaCrF6,2
Cs2NaDyCl6,4
Cs2NaErCl6,4
Cs2NaErF6,1
Cs2NaEuCl6,1
Cs2NaFeF6,2
Cs2NaGaBr6,2
Cs2NaGaCl6,2
Cs2NaGaF6,3
Cs2NaGaH6,2
Cs2NaGaP2,1
Cs2NaGdCl6,1
Cs2NaHoCl6,5
Cs2NaInBr6,6
Cs2NaInCl6,4
Cs2NaInH6,1
Cs2NaInI6,1
Cs2NaIrF6,2
Cs2NaLaBr6,1
Cs2NaLaCl6,2
Cs2NaLiF6,1
Cs2NaLuCl6,1
Cs2NaMgF6,1
Cs2NaMnF6,2
Cs2NaMoBr6,2
Cs2NaMoCl6,2
Cs2NaMoF6,2
Cs2NaMoI6,1
Cs2NaNdBr6,4
Cs2NaNdCl6,3
Cs2NaNdF6,1
Cs2NaNiF6,2
Cs2NaPbF6,2
Cs2NaPrBr6,3
Cs2NaPrCl6,3
Cs2NaPrF6,1
Cs2NaPrI6,3
Cs2NaRhF6,2
Cs2NaRuF6,1
Cs2NaSbBr6,3
Cs2NaSbCl6,3
Cs2NaSbF6,1
Cs2NaSbI6,2
Cs2NaScBr6,4
Cs2NaScCl6,4
Cs2NaScF6,1
Cs2NaScI6,4
Cs2NaSmCl6,4
Cs2NaSmF6,1
Cs2NaSrF6,1
Cs2NaTaCl6,1
Cs2NaTbCl6,4
Cs2NaTbF6,1
Cs2NaTlBr6,1
Cs2NaTlCl6,2
Cs2NaTlF6,2
Cs2NaTlI6,1
Cs2NaTmCl6,5
Cs2NaVF6,2
Cs2NaVO4,3
Cs2NaYBr6,4
Cs2NaYCl6,4
Cs2NaYF6,1
Cs2NaYI6,5
Cs2NaYbCl6,1
Cs2NbAgS4,2
Cs2NbAgSe4,2
Cs2NbCuSe4,2
Cs2NbF6,4
Cs2NdAgBr6,1
Cs2NdAgCl6,1
Cs2NdAgF6,1
Cs2NdAgI6,2
Cs2NdCuBr6,1
Cs2NdCuI6,2
Cs2Ni3S4,2
Cs2Ni3Se4,2
Cs2NiAs2,2
Cs2NiF6,6
Cs2NiO2,3
Cs2O,11
Cs2O2,15
Cs2O3,6
Cs2P2Pd,2
Cs2P3,1
Cs2PSe5,2
Cs2Pb(ICl)2,2
Cs2Pb2O3,3
Cs2PbBr6,2
Cs2PbCl6,4
Cs2PbO2,4
Cs2PbO3,2
Cs2Pd(IBr2)2,2
Cs2Pd(ICl2)2,1
Cs2Pd3S4,2
Cs2Pd3Se4,1
Cs2PdBr6,3
Cs2PdC2,1
Cs2PdCl4,3
Cs2PdCl6,2
Cs2PdF6,4
Cs2PdI6,3
Cs2PrAgCl6,1
Cs2PrAgF6,1
Cs2PrAgI6,2
Cs2PrCuBr6,2
Cs2PrCuCl6,1
Cs2PrCuI6,2
Cs2PrF6,4
Cs2Pt,4
Cs2Pt3S4,1
Cs2Pt3Se4,1
Cs2PtBr6,3
Cs2PtC2,1
Cs2PtCl4,3
Cs2PtCl6,2
Cs2PtF6,4
Cs2PtI6,3
Cs2RbAlBr6,2
Cs2RbAlCl6,1
Cs2RbAlF6,1
Cs2RbAlI6,2
Cs2RbAsBr6,2
Cs2RbAsCl6,2
Cs2RbAsF6,1
Cs2RbAsI6,2
Cs2RbAuF6,2
Cs2RbBiBr6,2
Cs2RbBiCl6,3
Cs2RbBiF6,3
Cs2RbBiI6,2
Cs2RbCeCl6,2
Cs2RbCuF6,1
Cs2RbDyCl6,3
Cs2RbErCl6,3
Cs2RbEuCl6,1
Cs2RbFeF6,1
Cs2RbGaBr6,1
Cs2RbGaCl6,2
Cs2RbGaF6,3
Cs2RbGdCl6,2
Cs2RbInBr6,3
Cs2RbInCl6,4
Cs2RbInF6,3
Cs2RbInI6,2
Cs2RbIrF6,2
Cs2RbLaCl6,2
Cs2RbLuCl6,2
Cs2RbNbF6,1
Cs2RbNdCl6,2
Cs2RbPbF6,3
Cs2RbPdF6,2
Cs2RbPrCl6,2
Cs2RbRuF6,2
Cs2RbSbBr6,2
Cs2RbSbCl6,2
Cs2RbSbF6,2
Cs2RbSbI6,2
Cs2RbScBr6,4
Cs2RbScCl6,2
Cs2RbScF6,2
Cs2RbScI6,2
Cs2RbSmCl6,3
Cs2RbTbCl6,4
Cs2RbTlBr6,2
Cs2RbTlCl6,4
Cs2RbTlF6,2
Cs2RbTmCl6,3
Cs2RbYBr6,3
Cs2RbYCl6,3
Cs2RbYF6,2
Cs2RbYI6,3
Cs2RbZrOF5,1
Cs2ReCl6,4
Cs2ReF6,6
Cs2RhF6,6
Cs2S,6
Cs2S3,2
Cs2Sb2Pd,4
Cs2Sb2Pt,4
Cs2SbAuBr6,1
Cs2SbAuCl6,1
Cs2SbAuI6,1
Cs2SbBr6,3
Cs2SbCl6,3
Cs2SbF5,4
Cs2ScAgBr6,2
Cs2ScAgCl6,3
Cs2ScAgF6,1
Cs2ScAgI6,3
Cs2ScCuCl6,2
Cs2ScCuF6,2
Cs2ScHgBr6,1
Cs2ScHgCl6,1
Cs2ScHgI6,1
Cs2ScInBr6,3
Cs2ScInCl6,2
Cs2ScInF6,1
Cs2ScInI6,3
Cs2ScTlBr6,4
Cs2ScTlCl6,4
Cs2ScTlF6,2
Cs2ScTlI6,4
Cs2Se,10
Cs2Se3,5
Cs2SeCl6,1
Cs2Si(HO2)2,1
Cs2SiAs2,4
Cs2SiB4O9,2
Cs2SiF6,3
Cs2SiP2,3
Cs2SiS3,3
Cs2SiSe4,1
Cs2SmCuCl6,1
Cs2Sn(AuS2)2,2
Cs2Sn2Hg3S8,3
Cs2SnAs2,3
Cs2SnBr6,4
Cs2SnCl6,4
Cs2SnF6,10
Cs2SnI6,3
Cs2SnO3,2
Cs2SnSe3,3
Cs2TaAgS4,2
Cs2TaCl6,2
Cs2TbAuCl6,1
Cs2TbCuCl6,2
Cs2TbO3,2
Cs2Te,8
Cs2Te3,7
Cs2Te5,2
Cs2TeBr6,2
Cs2TeCl6,2
Cs2TeI6,3
Cs2TeO3,2
Cs2TeOF4,1
Cs2Ti(AgS2)2,1
Cs2Ti(CuSe2)2,1
Cs2Ti(WO4)3,1
Cs2TiCl6,5
Cs2TiI6,3
Cs2TiO3,3
Cs2TiS3,2
Cs2TlAgBr6,2
Cs2TlAgCl6,2
Cs2TlAgF6,1
Cs2TlAgI6,2
Cs2TlAsBr6,2
Cs2TlAsCl6,2
Cs2TlAsF6,1
Cs2TlAsI6,2
Cs2TlAuBr6,2
Cs2TlAuCl6,1
Cs2TlAuI6,1
Cs2TlBiBr6,3
Cs2TlBiCl6,2
Cs2TlBiF6,2
Cs2TlBiI6,2
Cs2TlCoF6,1
Cs2TlCrF6,1
Cs2TlCuBr6,1
Cs2TlCuCl6,2
Cs2TlCuF6,1
Cs2TlFeF6,1
Cs2TlGaBr6,1
Cs2TlGaCl6,2
Cs2TlGaF6,1
Cs2TlGaI6,1
Cs2TlHgBr6,1
Cs2TlHgCl6,2
Cs2TlHgF6,1
Cs2TlHgI6,2
Cs2TlInBr6,2
Cs2TlInCl6,3
Cs2TlInF6,2
Cs2TlInH6,1
Cs2TlInI6,1
Cs2TlMoF6,1
Cs2TlPdF6,1
Cs2TlRhF6,1
Cs2TlRuF6,1
Cs2TlSbBr6,3
Cs2TlSbCl6,2
Cs2TlSbF6,2
Cs2TlSbI6,2
Cs2TlVF6,1
Cs2TmCuCl6,2
Cs2V5O13,1
Cs2VAgF6,1
Cs2VAgS4,2
Cs2VCl6,2
Cs2VF6,14
Cs2VHO4,2
Cs2W(OF2)2,1
Cs2WBr6,4
Cs2WCl6,1
Cs2WO4,8
Cs2YAgBr6,2
Cs2YAgCl6,3
Cs2YAgF6,1
Cs2YAgI6,1
Cs2YAuBr6,1
Cs2YAuCl6,1
Cs2YAuI6,2
Cs2YCuBr6,1
Cs2YCuCl6,1
Cs2YCuI6,2
Cs2YHgBr6,1
Cs2YHgI6,1
Cs2YInBr6,2
Cs2YInCl6,2
Cs2YInF6,2
Cs2YInI6,2
Cs2YTlBr6,3
Cs2YTlCl6,3
Cs2YTlF6,2
Cs2YTlI6,4
Cs2YbCl4,1
Cs2YbH4,1
Cs2Zn3S4,2
Cs2ZnFe(CN)6,1
Cs2Zr(AgTe2)2,2
Cs2Zr(WO4)3,1
Cs2ZrCl6,3
Cs2ZrCu3F12,2
Cs2ZrF6,9
Cs2ZrI6,4
Cs2ZrO3,2
Cs2ZrSe3,2
Cs2ZrTlOF5,1
Cs3(Cu4Se3)2,1
Cs3(SeO4)2,1
Cs3AlBr6,2
Cs3AlCl6,4
Cs3AlF6,4
Cs3As,16
Cs3As2Cl9,2
Cs3As5O9,1
Cs3AsBr6,2
Cs3AsCl6,3
Cs3AsF6,2
Cs3AsI6,3
Cs3AuF6,3
Cs3AuO,2
Cs3BAs2,1
Cs3BAsP,1
Cs3BP2,2
Cs3Bi,8
Cs3Bi2,2
Cs3Bi2Br9,3
Cs3Bi2Cl9,5
Cs3BiBr6,4
Cs3BiCl6,5
Cs3BiF6,8
Cs3BiI6,3
Cs3BrO,4
Cs3Ca2Cl7,2
Cs3CdBr5,3
Cs3CdH5,1
Cs3CeCl6,5
Cs3CeF6,6
Cs3CoBr5,2
Cs3CoCl5,3
Cs3CoF6,2
Cs3DyO3,3
Cs3ErO3,2
Cs3EuCl6,3
Cs3EuF6,3
Cs3Fe2Cl9,2
Cs3FeBr5,1
Cs3FeF6,5
Cs3GaCl6,3
Cs3GaF6,4
Cs3GaO3,5
Cs3GdCl6,3
Cs3Ge4Au,1
Cs3H(SeO4)2,3
Cs3H5Pd,2
Cs3H5Pt,2
Cs3HoCl6,5
Cs3HoO3,3
Cs3IO,3
Cs3InBr6,4
Cs3InCl6,4
Cs3InF6,8
Cs3InI6,3
Cs3K,18
Cs3LaCl6,5
Cs3LaI6,6
Cs3LaO3,2
Cs3Li2Br5,1
Cs3Li2Cl5,1
Cs3Li2F5,1
Cs3Li2I5,1
Cs3LiBr4,3
Cs3LiCl4,3
Cs3LiF4,3
Cs3LiI4,3
Cs3LiPb4,2
Cs3Mg2Cl7,2
Cs3MgH5,2
Cs3MnBr5,1
Cs3MnCl5,1
Cs3MnH5,1
Cs3MnI5,2
Cs3NaPb4,2
Cs3NiCl5,2
Cs3O,5
Cs3Pb4Au,1
Cs3PdF5,2
Cs3PdF6,3
Cs3PrCl6,4
Cs3PrF6,4
Cs3Rb,24
Cs3Sb,12
Cs3Sb2Br9,4
Cs3Sb2Cl9,4
Cs3Sb2I9,3
Cs3SbBr6,3
Cs3SbCl6,4
Cs3SbF6,5
Cs3SbI6,3
Cs3ScBr6,5
Cs3ScF6,5
Cs3ScI6,2
Cs3ScO3,4
Cs3SmCl6,6
Cs3TaO8,1
Cs3TbCl6,5
Cs3TbF6,3
Cs3TiF6,4
Cs3Tl2Br9,2
Cs3TlBr6,3
Cs3TlCl6,4
Cs3TlF6,7
Cs3TlO3,4
Cs3TmCl6,3
Cs3TmO3,2
Cs3VF6,4
Cs3VSe4,3
Cs3YBr6,5
Cs3YCl6,2
Cs3YF6,7
Cs3YI6,5
Cs3YO3,2
Cs3ZnBr5,3
Cs3ZnCl5,2
Cs3ZnH5,1
Cs4Au6S5,2
Cs4BiSbCl12,2
Cs4CdNi3F12,1
Cs4Cu3F10,1
Cs4CuSi2O7,1
Cs4FeSbCl12,1
Cs4InSbCl12,2
Cs4IrO4,3
Cs4KLiFe2F12,1
Cs4KLiGa2F12,1
Cs4Li(Pb2O3)2,2
Cs4Na2ScGaF12,1
Cs4Sb2O5,1
Cs4Sn2Au7,1
Cs4Sr(SnSe3)3,1
Cs4TlSbCl12,2
Cs5Nb2S4Br9,1
Cs5Nb2S4Cl9,1
Cs5Te3,1
Cs5Tl11Cd2,1
Cs5YO4,3
Cs6Fe2O5,1
Cs6GaSb3,1
Cs6InAs3,1
Cs6Si2NiO8,1
Cs7Au5O2,1
Cs8Tl8O,1
CsAg(NO3)2,4
CsAg3S2,7
CsAg3Se2,4
CsAg3Te2,3
CsAgBr2,12
CsAgBr3,20
CsAgCl2,17
CsAgCl3,5
CsAgF3,5
CsAgO,7
CsAgO2,7
CsAl(MoO4)2,2
CsAlCuF6,4
CsAlF4,8
CsAlNiF6,3
CsAlO2,6
CsAlTe3,4
CsAs(HO2)2,2
CsAs4F13,1
CsAsF4,11
CsAsF6,9
CsAsO3,11
CsAu,21
CsAu(IO3)4,2
CsAu2F7,2
CsAu3S2,3
CsAu3Se2,4
CsAuBr3,8
CsAuCl3,5
CsAuCl4,3
CsAuF4,7
CsAuI3,24
CsAuO,3
CsAuO2,5
CsAuS,10
CsAuSe,10
CsAuSe3,2
CsB3PbF12,1
CsBH4,12
CsBS2,29
CsBSe3,5
CsBa2Co2F9,1
CsBa2Cr2F11,1
CsBa2Nb3O10,3
CsBa2Ni2F9,1
CsBa2Zn2F9,1
CsBaI3,33
CsBaSiHO4,1
CsBe2BO3F2,3
CsBeF3,8
CsBeH3,9
CsBi2,5
CsBi2Br7,2
CsBiF6,10
CsBiO2,9
CsBiS2,9
CsBiSe2,11
CsBr,24
CsBr3,15
CsBrF4,10
CsBrF6,5
CsBrO3,5
CsBrO4,3
CsC2N3,1
CsC8,3
CsCN,4
CsCNO,1
CsCSN,1
CsCa(NO2)3,1
CsCa2Ta3O10,3
CsCaBr3,25
CsCaCl3,27
CsCaF3,17
CsCaH3,2
CsCaI3,30
CsCd(NO2)3,1
CsCd4As3,1
CsCdAuS2,2
CsCdBr3,7
CsCdCl3,7
CsCdF3,16
CsCeCdSe3,2
CsCeCuS3,2
CsCeHgSe3,2
CsCeS2,4
CsCl,19
CsClO3,4
CsClO4,6
CsCoCl3,3
CsCoCuF6,1
CsCoF3,5
CsCoNiF6,1
CsCr5S8,2
CsCr5Se8,1
CsCr5Te8,1
CsCrBr3,3
CsCrCl3,3
CsCrCoF6,3
CsCrCuF6,2
CsCrF4,8
CsCrFeF6,3
CsCrI3,5
CsCrNiF6,3
CsCrO3F,1
CsCrP2S7,1
CsCu(BiS2)2,1
CsCu2Br3,4
CsCu2Cl3,2
CsCu2I3,3
CsCu2ICl2,1
CsCu3O2,2
CsCu3S2,3
CsCu4S3,1
CsCu4Se3,1
CsCu5S3,2
CsCuBr3,11
CsCuCl3,9
CsCuF4,6
CsCuNiF6,1
CsCuO,9
CsCuO2,5
CsCuRhF6,4
CsDyCdSe3,2
CsDyCdTe3,2
CsDyO2,3
CsDyS2,4
CsDyZnSe3,2
CsDyZnTe3,2
CsEr(MoO4)2,6
CsEr6CI12,1
CsErCdTe3,2
CsErO2,4
CsErS2,6
CsErZnSe3,2
CsErZnTe3,2
CsEuBr3,4
CsEuCl3,4
CsEuF3,2
CsEuS2,2
CsF,25
CsFe(MoO4)2,2
CsFe(SeO4)2,4
CsFe2F6,3
CsFe2S3,1
CsFe2Se3,2
CsFeCl3,4
CsFeCoF6,4
CsFeCuF6,2
CsFeCuS2,2
CsFeNiF6,2
CsFeO2,17
CsFeS2,5
CsGa(SO4)2,6
CsGa3,4
CsGa7,2
CsGaCuF6,4
CsGaH4,11
CsGaNiF6,3
CsGaO2,27
CsGaP3HO10,3
CsGaS2,6
CsGaS3,4
CsGaSe3,4
CsGdCdTe3,2
CsGdHgSe3,1
CsGdO2,3
CsGdS2,4
CsGdTe4,1
CsGdZnTe3,1
CsGeBr3,9
CsGeCl3,6
CsGeI3,5
CsH,34
CsH3O2,4
CsHCO2,2
CsHF2,9
CsHIF7,1
CsHO,20
CsHS,14
CsHSO4,5
CsHg,22
CsHg2,10
CsHg2Br5,2
CsHg3,10
CsHg5Cl11,1
CsHgBr3,13
CsHgCl3,13
CsHgF3,24
CsHgSbSe3,2
CsHoCdTe3,2
CsHoCoSe3,1
CsHoMnSe3,2
CsHoO2,4
CsHoS2,4
CsHoZnSe3,2
CsHoZnTe3,2
CsI,20
CsI3,10
CsI4,5
CsICl2,5
CsIO3,8
CsIn(Cu3O4)2,1
CsIn3,4
CsIn5S8,1
CsInAgF6,3
CsInBr3,28
CsInCl3,5
CsInCuF6,4
CsInF3,23
CsInI3,7
CsInO2,26
CsK,49
CsK(ClO4)2,1
CsK(Fe2S3)2,1
CsK2,24
CsK2As,9
CsK2Bi,5
CsK2Ho(PO4)2,1
CsK2PdF5,1
CsK2Rb,21
CsK2Sb,5
CsK2Sc(PO4)2,1
CsK3,23
CsKRb2,15
CsLa2CuSe4,1
CsLa2Ti2NbO10,1
CsLaCdTe3,2
CsLaHgSe3,2
CsLaNb2O7,1
CsLaO2,18
CsLaS2,5
CsLaZnTe3,2
CsLi2(HO)3,2
CsLi2Br3,7
CsLi2Cl3,7
CsLi2F3,4
CsLi2I3,6
CsLi3Br4,2
CsLi3Cl4,1
CsLi3F4,1
CsLi3I4,2
CsLiBr2,13
CsLiCl2,10
CsLiF2,5
CsLiH4SO5,1
CsLiI2,9
CsLiMnP3HO10,1
CsLiMnS2,4
CsLiMoO4,2
CsLiO,5
CsLiWO4,2
CsLiZnS2,4
CsLu(MoO4)2,3
CsLuCdTe3,2
CsLuS2,2
CsMgAlF6,3
CsMgBr3,5
CsMgCl3,9
CsMgCoF6,1
CsMgF3,4
CsMgFeF6,3
CsMgGaF6,3
CsMgH3,5
CsMgI3,7
CsMgInF6,3
CsMgNiF6,2
CsMn(CN)3,1
CsMnAs,2
CsMnBr3,5
CsMnCl3,3
CsMnCrF6,3
CsMnCuF6,4
CsMnFeF6,3
CsMnH5(SO5)2,1
CsMnI3,5
CsMnMo(OF)3,2
CsMnP,1
CsMnP3HO10,2
CsMnTe2,21
CsMnVF6,3
CsMoO2F3,2
CsN3,7
CsNO2,10
CsNO3,12
CsNa2,8
CsNa2BO3,1
CsNa3,9
CsNaF3,13
CsNaS,6
CsNaSe,6
CsNaTe,7
CsNaTiO3,1
CsNb(BO3)2,2
CsNb(PO4)2,3
CsNbCl6,9
CsNbF6,9
CsNbN2,6
CsNbNi(OF2)2,1
CsNbWO6,2
CsNd2CuSe4,1
CsNd2Ti2NbO10,1
CsNd5Se8,2
CsNdCdTe3,2
CsNdHgSe3,2
CsNdO2,6
CsNdS2,4
CsNdTe2,6
CsNi2F6,1
CsNiBr3,4
CsNiCl3,4
CsNiF3,7
CsNiPdF5,2
CsO2,15
CsP(HO2)2,7
CsPF6,6
CsPHO3F,3
CsPO3,11
CsPS3,4
CsPSO2,3
CsPb2Br5,4
CsPb2Cl5,6
CsPb2I5,2
CsPb3,4
CsPbBr3,8
CsPbCl3,8
CsPbF3,7
CsPbI3,6
CsPd2F5,1
CsPdBr3,26
CsPdCl3,5
CsPdF3,4
CsPr2Ti2NbO10,1
CsPrCdSe3,2
CsPrCdTe3,2
CsPrHgSe3,2
CsPrS2,4
CsPrZnTe3,2
CsPt2Se3,2
CsRb,49
CsRb2AlF6,3
CsRb2AsBr6,2
CsRb2AsCl6,2
CsRb2AsF6,2
CsRb2AsI6,1
CsRb2Au7,1
CsRb2Bi,8
CsRb2BiF6,4
CsRb2CoF6,2
CsRb2DyCl6,3
CsRb2ErCl6,3
CsRb2FeF6,4
CsRb2GaF6,4
CsRb2GdCl6,1
CsRb2InBr6,1
CsRb2InCl6,2
CsRb2InF6,4
CsRb2IrF6,2
CsRb2LuCl6,2
CsRb2MoF6,4
CsRb2PdF5,1
CsRb2PdF6,3
CsRb2RhF6,3
CsRb2Sb,6
CsRb2SbCl6,2
CsRb2SbF6,2
CsRb2ScBr6,3
CsRb2ScCl6,3
CsRb2ScF6,4
CsRb2TbCl6,3
CsRb2TiF6,4
CsRb2TlBr6,2
CsRb2TlF6,4
CsRb2TmCl6,3
CsRb2VF6,2
CsRb2YBr6,3
CsRb2YCl6,3
CsRb2YF6,4
CsRb3,32
CsRbAu2,9
CsRbMnF6,6
CsRbO,7
CsRbSO4,3
CsReF6,13
CsReF8,2
CsReO4,12
CsRuF6,11
CsS,18
CsS3,3
CsSO2F,4
CsSO3,5
CsSO4,6
CsSb,25
CsSb(PO4)2,2
CsSb2F7,6
CsSbCl6,7
CsSbF6,9
CsSbO2,7
CsSbS2,8
CsSbSe2,10
CsSbTeO6,3
CsSbWO6,2
CsSc(SO4)2,2
CsSc(WO4)2,1
CsSc3(CuTe3)2,1
CsScAgF6,2
CsScBr3,23
CsScCl3,3
CsScCuF6,1
CsScI3,4
CsScO2,23
CsSeBr3,29
CsSeO4,3
CsSiTe3,6
CsSm2CuSe4,1
CsSm2Ti2NbO10,1
CsSmCdSe3,2
CsSmCdTe3,2
CsSmHgSe3,2
CsSmMnSe3,2
CsSmO2,5
CsSmS2,7
CsSmZnSe3,2
CsSmZnTe3,2
CsSn2Br5,5
CsSn2Cl5,4
CsSn3,5
CsSnBr3,29
CsSnCl3,11
CsSnF3,28
CsSnI3,8
CsSnS3,5
CsSnSe3,5
CsSr2Nb3O10,4
CsSr2Ta3O10,2
CsSrBr3,26
CsSrCl3,28
CsSrF3,27
CsSrI3,37
CsSrSiHO4,1
CsTa(BO3)2,2
CsTa(PO4)2,2
CsTaCl6,8
CsTaGeS5,1
CsTaI6,5
CsTaN2,3
CsTaS3,5
CsTaSe3,5
CsTaTe3,4
CsTaWO6,1
CsTbCdSe3,2
CsTbS2,5
CsTbZnSe3,2
CsTbZnTe3,2
CsTe,23
CsTe4,3
CsTeAu,14
CsTeSe3,5
CsTi2(CuTe4)2,1
CsTi2(OF)3,2
CsTi2Cl7,4
CsTi3AlO8,1
CsTi5Se8,1
CsTiAlO4,3
CsTiBr3,3
CsTiCl3,3
CsTiCu3Se4,2
CsTiCuOF5,1
CsTiI3,3
CsTiMnOF5,2
CsTiNb(O2F)2,2
CsTiZnOF5,2
CsTlAgF6,2
CsTlBr3,22
CsTlCl3,7
CsTlCuF6,1
CsTlF3,22
CsTlI3,5
CsTlO,4
CsTlO2,27
CsTm(WO4)2,3
CsTmCdTe3,2
CsTmCoS3,1
CsTmO2,4
CsTmS2,6
CsTmZnSe3,2
CsTmZnTe3,2
CsV2O5,1
CsV5S8,1
CsV5Se8,1
CsVBr3,4
CsVCl3,3
CsVCuF6,2
CsVFeF6,2
CsVI3,3
CsVN2,4
CsVNiF6,3
CsVO3,9
CsVP2S7,1
CsVTeO6,1
CsVWO6,2
CsVZnF6,4
CsWCl6,5
CsYCdSe3,2
CsYHgSe3,2
CsYMnSe3,2
CsYO2,8
CsYZnSe3,2
CsYZnTe3,2
CsYbBr3,4
CsYbCl3,4
CsYbF3,1
CsYbH3,1
CsYbMnSe3,1
CsZn4As3,1
CsZn4P3,1
CsZnCoF6,3
CsZnFeF6,4
CsZnNiF6,4
CsZrCuSe3,2
Cu,28
Cu(AgO)2,3
Cu(Bi4Ir)3,1
Cu(BiO2)2,4
Cu(HO)2,5
Cu(IO3)2,6
Cu(IrS2)2,2
Cu(Mo3Se4)2,1
Cu(NiO2)2,1
Cu(PO3)2,5
Cu(PtS2)2,2
Cu(RhO2)2,1
Cu(RhS2)2,1
Cu(RhSe2)2,2
Cu(SbO3)2,2
Cu(SnS2)4,1
Cu11Sb3,1
Cu2Ag(SO5)2,1
Cu2Ag(SeO5)2,1
Cu2Ag2O3,1
Cu2AgH(SeO5)2,1
Cu2AgPS4,2
Cu2As,20
Cu2As2O7,3
Cu2B3Ir4,1
Cu2GeO4,1
Cu2GeS3,4
Cu2GeS4,1
Cu2GeSe3,4
Cu2GeSe4,1
Cu2GeTe3,6
Cu2HgGeS4,4
Cu2HgGeSe4,4
Cu2HgI4,6
Cu2Mo3Se4,1
Cu2NO6,2
Cu2NiO4,2
Cu2NiSn3S8,1
Cu2NiSnO4,1
Cu2NiSnS4,3
Cu2NiSnSe4,3
Cu2O,4
Cu2O3,8
Cu2OF2,5
Cu2P2O7,2
Cu2PPd2,3
Cu2PbO2,1
Cu2Pd3Se4,1
Cu2PdAu,10
Cu2S,17
Cu2SO4,3
Cu2SO5,2
Cu2Sb,16
Cu2SiHgS4,2
Cu2SiHgSe4,3
Cu2SiHgTe4,3
Cu2SiS3,6
Cu2SiSe3,3
Cu2SiTe3,5
Cu2SnHgS4,4
Cu2SnHgSe4,4
Cu2SnHgTe4,3
Cu2SnS3,6
Cu2SnSe3,7
Cu2SnSe4,4
Cu2SnTe3,4
Cu2TeO6,3
Cu2WS4,2
Cu2WSe4,3
Cu3(AsO4)2,3
Cu3(GeO3)4,1
Cu3(MoO3)4,1
Cu3(OF)2,3
Cu3(PO4)2,2
Cu3(SbO3)4,1
Cu3(SnO3)4,1
Cu3(TeO5)2,2
Cu3Ag,18
Cu3Ag3(PS4)2,1
Cu3As,22
Cu3As4(OF)6,1
Cu3AsF12,2
Cu3AsO7,2
Cu3AsS4,4
Cu3AsSe4,3
Cu3Au,21
Cu3B5Pt9,1
Cu3Ge,7
Cu3Mo2(HO5)2,3
Cu3Ni,24
Cu3NiHgSe4,1
Cu3OF5,7
Cu3P,22
Cu3PF12,1
Cu3PS4,3
Cu3PSe4,4
Cu3Pd,18
Cu3Pd2,11
Cu3PdAu4,3
Cu3Pt,25
Cu3Rh,21
Cu3Sb,10
Cu3SbF12,2
Cu3SbS4,4
Cu3SbSe4,4
Cu3Se2,8
Cu3Se2(ClO3)2,2
Cu3Si,18
Cu3Sn,9
Cu3Sn4PbO12,1
Cu3Te2,12
Cu3Te2(BrO3)2,1
Cu3TeS3Cl,1
Cu4As,7
Cu4Au,13
Cu4Bi3Pb(SeO)4,1
Cu4NiGe2S7,1
Cu4PtO5,2
Cu4Si(GeO4)3,1
Cu4Si2NiS7,1
Cu4SnP10,2
Cu5(AsO5)2,1
Cu5(AsO6)2,2
Cu5(PO5)2,1
Cu5(PO6)2,4
Cu5As2,2
Cu5Ge2,3
Cu5Sn2Se7,1
Cu5Sn2Te7,1
Cu6BiS6,1
Cu6OF11,7
Cu6PbO8,3
Cu6SnGe,3
Cu6SnO8,2
Cu6SnWS8,1
Cu7Si2,1
Cu8NO11,1
Cu8O7,3
Cu9Se5,3
Cu9Se8,2
CuAg3,17
CuAgF3,24
CuAgGeSe3,1
CuAgO2,12
CuAgS,9
CuAgSe,17
CuAgTe2,22
CuAs,35
CuAs2,24
CuAsF7,1
CuAsO3,6
CuAsPbO4,2
CuAsPtS2,1
CuAsS,7
CuAsSe,14
CuAu,43
CuAu3,22
CuAu4,10
CuAuF5,3
CuAuO2,9
CuAuSe4,3
CuBIr,4
CuBS2,5
CuBSe2,34
CuBi(PSe3)2,2
CuBi(WO4)2,1
CuBi5S8,2
CuBiO2,10
CuBiS2,9
CuBiSCl2,3
CuBiSeO,2
CuBr,42
CuBr2,22
CuBrO2,10
CuCO3,8
CuCl,35
CuCl2,39
CuF2,14
CuGe2N3,2
CuGeO3,8
CuGePSe,1
CuGeRh2,4
CuH,52
CuH2SO5,2
CuH2SeO5,2
CuH4(OF)2,1
CuH4Pb2(ClO2)2,1
CuH6BrN2,2
CuHO2,11
CuHOF,2
CuHgO2,9
CuHgSBr,3
CuHgSCl,4
CuHgSI,2
CuI,30
CuMoF6,6
CuMoO4,8
CuNi,36
CuNi2Sb,11
CuNi2Sn,5
CuNi3,23
CuNi3(SnS4)2,1
CuNi3N,31
CuNi3O4,2
CuNi3S8,1
CuNi4O5,2
CuNi9O10,1
CuNiO2,11
CuNiSb2,14
CuO,25
CuO2F,6
CuP2,21
CuPN2,4
CuPO4,9
CuPS3,6
CuPbF6,4
CuPbO2,11
CuPbSO6,2
CuPd,25
CuPd3,14
CuPdF6,8
CuPdO2,8
CuPt,47
CuPt7,3
CuPtF6,3
CuPtO2,8
CuReO4,7
CuRh,30
CuRh2Pb,11
CuRhO2,7
CuS,35
CuS2,14
CuSbRh2,10
CuSbS2,9
CuSbSe2,25
CuSe,63
CuSe2,40
CuSe2O5,3
CuSeO3,14
CuSeO4,6
CuSiO3,4
CuSiRh2,18
CuSn,19
CuSnAu,7
CuSnF6,4
CuSnPd2,12
CuSnRh2,4
CuTe,50
CuTe2,35
CuTeO3,9
CuTeO4,6
CuTeSBr,2
CuTeSCl,1
CuWO3F2,1
CuWO4,7
Dy,25
Dy(Al2Cr)4,1
Dy(Al2Cu)4,1
Dy(Al2Fe)4,1
Dy(AlC)3,1
Dy(AlCu)6,1
Dy(AlFe)6,1
Dy(AlGe)2,3
Dy(AlSi)2,2
Dy(BC)2,4
Dy(BIr)2,3
Dy(BRh)4,1
Dy(BiO2)3,2
Dy(Co2B)6,1
Dy(CoB)2,3
Dy(CoB)4,3
Dy(CoGe)2,2
Dy(CoGe)6,2
Dy(CoSi)2,1
Dy(CrFe5)2,1
Dy(CrGe)6,1
Dy(CuGe)2,3
Dy(CuS)3,1
Dy(CuSe)3,1
Dy(CuSi)2,1
Dy(CuTe)3,1
Dy(Fe2Ge)2,3
Dy(Fe2Si)2,2
Dy(Fe5Mo)2,1
Dy(Fe5Re)2,1
Dy(Fe5Si)2,2
Dy(FeB)2,2
Dy(FeGe)2,3
Dy(FeSi)2,2
Dy(GaCo)6,1
Dy(GaFe)6,3
Dy(GePd)2,2
Dy(GePt)2,3
Dy(GeRh)2,1
Dy(GeRu)2,1
Dy(HO)3,2
Dy(InCu)6,1
Dy(InPt)4,1
Dy(MnAl)6,1
Dy(MnAl2)4,1
Dy(MnGe)2,1
Dy(MnGe)6,4
Dy(MnSi)2,1
Dy(MnSn)6,5
Dy(Mo3S4)2,1
Dy(Mo3Se4)2,1
Dy(Ni2As)2,1
Dy(Ni2B)6,2
Dy(Ni2P)2,1
Dy(NiB)2,4
Dy(NiGe)2,3
Dy(NiP)2,3
Dy(NiSb)2,2
Dy(PPd)2,1
Dy(PPt4)2,2
Dy(PRu)2,1
Dy(SiAg)2,1
Dy(SiAu)2,1
Dy(SiIr)2,3
Dy(SiNi)2,3
Dy(SiOs)2,2
Dy(SiPd)2,2
Dy(SiPt)2,4
Dy(SiRh)2,1
Dy(SiRu)2,2
Dy(TiGa2)2,1
Dy(VCo5)2,1
Dy(VFe5)2,1
Dy(ZnP)3,1
Dy12Co5Bi,1
Dy12Co5Sn,1
Dy12Ni6Pb,1
Dy2(B2Rh3)3,1
Dy2(InSn)3,1
Dy2(NiB2)3,1
Dy2AgAu,4
Dy2AgIr,6
Dy2AgOs,3
Dy2AgRu,4
Dy2Al,8
Dy2Al3Co,2
Dy2Al3Cu,5
Dy2Al3Fe,2
Dy2Al3Fe14,1
Dy2Al3Ge4,1
Dy2Al3Si2,2
Dy2Al5Fe12,2
Dy2Al6Si4Au,1
Dy2Al6Si4Pt,1
Dy2AlCo2,3
Dy2AlCo3,2
Dy2AlGe2,4
Dy2AlNi2,3
Dy2AlZn,5
Dy2Au,3
Dy2B4C,1
Dy2BiO2,1
Dy2C,9
Dy2C(NO)2,1
Dy2C3,1
Dy2CO5,2
Dy2CdCu2,2
Dy2CdGe2,1
Dy2CdIn,3
Dy2CdPd2,2
Dy2CdS4,2
Dy2CdSe4,1
Dy2CdTe4,2
Dy2Co17,2
Dy2Co2I,2
Dy2Co3Ge5,2
Dy2Co3Si5,1
Dy2Co7,2
Dy2CoGe2,2
Dy2CoGe6,1
Dy2CoSi2,2
Dy2Cr2C3,2
Dy2CrGe4,1
Dy2Cu(GeO3)4,1
Dy2Cu(SiO3)4,1
Dy2CuAg3,2
Dy2CuGe6,1
Dy2CuIr,5
Dy2CuO4,2
Dy2CuOs,3
Dy2CuPt,6
Dy2CuRh,5
Dy2CuRu,3
Dy2Fe15Co2C,1
Dy2Fe17,2
Dy2Fe17C,1
Dy2Fe2Si2C,1
Dy2Fe3Ni,2
Dy2FeC4,1
Dy2FeCo3,3
Dy2FeGe4,1
Dy2FeSi2,2
Dy2Ga3Co,3
Dy2Ga3Cu,5
Dy2Ga3Ni,4
Dy2Ga5Cu12,1
Dy2Ga8Co,1
Dy2Ga8Fe,1
Dy2GaAg,4
Dy2GaCo2,3
Dy2GaCu3,4
Dy2GaNi2,4
Dy2Ge2O7,8
Dy2Ge2Ru,1
Dy2Ge5Ir3,2
Dy2Ge5Rh3,2
Dy2Ge5Ru3,2
Dy2Ge6Pd,2
Dy2Ge6Pt,1
Dy2In,6
Dy2In3Cu,3
Dy2In8Co,1
Dy2InAg,5
Dy2InAu2,1
Dy2InGe2,3
Dy2InHg,4
Dy2InNi2,2
Dy2InPd2,4
Dy2IrAu,6
Dy2IrPd,3
Dy2IrRh,3
Dy2IrRu,5
Dy2Mg,6
Dy2MgAl,4
Dy2MgCd,3
Dy2MgCu2,2
Dy2MgGa,4
Dy2MgGe2,1
Dy2MgIn,3
Dy2MgNi2,3
Dy2MgPd2,2
Dy2MgS4,7
Dy2MgSe4,6
Dy2MgSi2,2
Dy2MgTiO6,3
Dy2MgTl,4
Dy2MnGe4,1
Dy2Mo2C3,2
Dy2Ni2Sn,3
Dy2Ni7,2
Dy2NiAs2,1
Dy2NiIr,4
Dy2NiRu,4
Dy2NiRuO6,2
Dy2NiSn6,1
Dy2O3,9
Dy2OsC2,1
Dy2OsPd,4
Dy2PbS4,3
Dy2Pd2Pb,2
Dy2PdPt,6
Dy2PdRh,4
Dy2PdRu,3
Dy2Pt,4
Dy2Re2Si2C,1
Dy2ReC2,2
Dy2RuRh,4
Dy2S2O,3
Dy2S3,13
Dy2SO2,4
Dy2SbO2,2
Dy2Se3,7
Dy2SeO2,9
Dy2Si3,3
Dy2Si4Mo3,1
Dy2Si5Ni3,1
Dy2Si5Rh3,1
Dy2Sn5,4
Dy2Sn5Rh3,1
Dy2SnAu2,4
Dy2SnS5,2
Dy2Te3,7
Dy2Te5,1
Dy2TeO2,2
Dy2TeO6,4
Dy2Tl,4
Dy2TlAg,4
Dy2TlCd,5
Dy2TlHg,7
Dy2TlIn,6
Dy2TlZn,4
Dy2V2O7,3
Dy2Zn17,2
Dy2ZnAg,3
Dy2ZnCuSi2,2
Dy2ZnGa,4
Dy2ZnHg,3
Dy2ZnIn,5
Dy2ZnIr,6
Dy2ZnOs,4
Dy2ZnPt,6
Dy2ZnRh,6
Dy2ZnRu,7
Dy3(AgSn)4,1
Dy3(Al2Fe)2,1
Dy3(CoGe2)2,2
Dy3(CuGe)4,2
Dy3(CuSi)4,2
Dy3(CuSn)4,2
Dy3(Ga2Cu)2,2
Dy3(In2Co)2,2
Dy3Al,7
Dy3Al2,3
Dy3AlC,1
Dy3AlN,1
Dy3Co,6
Dy3Co11B4,1
Dy3Co2Si3,1
Dy3Co6Sn5,1
Dy3Cu3Sb4,1
Dy3Er,31
Dy3Fe2Si3,1
Dy3Fe2Si7,1
Dy3Ga,6
Dy3Ga8Ag3,1
Dy3Ga8Ir3,1
Dy3Ga8Rh3,2
Dy3Ga9Pd2,1
Dy3Ga9Pt2,1
Dy3GaO6,1
Dy3GaS6,1
Dy3Ge3Ru2,2
Dy3Ge4,1
Dy3Ge5,3
Dy3Hg,5
Dy3Ho,34
Dy3In,7
Dy3In5,3
Dy3InC,1
Dy3InN,2
Dy3Ir,7
Dy3Lu,9
Dy3Mg,7
Dy3Mg2CrS8,1
Dy3Mg2MnS8,1
Dy3Mg2TiS8,1
Dy3Mg2VS8,1
Dy3Ni13B2,1
Dy3Ni2,5
Dy3NiPd2,3
Dy3Os,8
Dy3PbC,1
Dy3Pd2,3
Dy3Pd4,1
Dy3Pt,7
Dy3Pt4,3
Dy3Rh,8
Dy3Ru,7
Dy3Ru2,4
Dy3S4,7
Dy3SOF5,1
Dy3Sb4Au3,1
Dy3SbO3,2
Dy3Sc2S7,2
Dy3Se4,6
Dy3SnC,3
Dy3Tl5,4
Dy3Tm,34
Dy3Y,32
Dy3Zn11,1
Dy3Zr,5
Dy4Al3Fe5,1
Dy4C5,1
Dy4CdS7,1
Dy4CdSe7,1
Dy4CoSn8,1
Dy4CrGa12,1
Dy4CrGe8,1
Dy4CrS7,1
Dy4CrSe7,1
Dy4Cu5P7,1
Dy4FeSn8,1
Dy4Ga12Fe,1
Dy4Ga12Ni,1
Dy4Ga12Pd,1
Dy4Ga12Pt,2
Dy4Ge6Ir7,1
Dy4Ge6Rh7,1
Dy4In(NiGe2)2,1
Dy4Mg3Co2,1
Dy4MgS7,1
Dy4MnS7,1
Dy4MnSe7,1
Dy4NiSn8,1
Dy4Sb3,2
Dy4Te7,1
Dy5(CoB3)2,1
Dy5(GeSb)2,1
Dy5(MoO6)2,1
Dy5(ReO6)2,1
Dy5(SiSb)2,1
Dy5AgS8,2
Dy5BiAu2,2
Dy5BiPd2,1
Dy5BiPt2,1
Dy5Co2Bi,1
Dy5CuPb3,1
Dy5Ga3,4
Dy5Ge3,1
Dy5Ge3C,1
Dy5In3,4
Dy5Ir2,1
Dy5Ir3,3
Dy5Mg,6
Dy5Ni2Bi,1
Dy5Ni2Sb,1
Dy5NiPb3,1
Dy5Pb3,1
Dy5Pt3,3
Dy5Rh3,2
Dy5Ru2,2
Dy5S7,1
Dy5Sb3,1
Dy5SbAu2,2
Dy5SbPd2,1
Dy5SbPt2,1
Dy5Si3,2
Dy5Si3C,1
Dy5Sn11,1
Dy5Sn13,1
Dy5Sn3,3
Dy5Tl3,3
Dy6Co2Sn,1
Dy6CoTe2,1
Dy6FeBi2,2
Dy6FeSb2,1
Dy6FeTe2,1
Dy6GaCo2,1
Dy6GaNi2,1
Dy6InCo2,1
Dy6MnBi2,1
Dy6Ni2Sn,1
Dy7(TeIr)2,1
Dy7(TePd)2,1
Dy7(TePt)2,1
Dy7Rh3,1
DyAg,5
DyAg2,5
DyAg3,6
DyAgGe,9
DyAgHg2,5
DyAgPb,9
DyAgSb2,3
DyAgSe2,11
DyAgSn,13
DyAgSn2,4
DyAgTe2,8
DyAl,5
DyAl2,8
DyAl2Ni,4
DyAl3,11
DyAl3(BO3)4,2
DyAl3Ni2,4
DyAl4Ni,3
DyAl7Fe5,1
DyAlAg2,4
DyAlAu,12
DyAlCo,8
DyAlCo4,3
DyAlCu,8
DyAlCu4,4
DyAlFe,9
DyAlGa,11
DyAlGe,7
DyAlNi,9
DyAlNi4,4
DyAlO3,7
DyAlPd,7
DyAlPt,4
DyAlSi,7
DyAlZn,15
DyAs,4
DyAsO4,4
DyAsPd,10
DyAsPt,7
DyAsS,5
DyAsSe,4
DyAu,6
DyAu2,6
DyAu3,8
DyB12,1
DyB2,3
DyB2Ir3,2
DyB2Os,3
DyB2Rh2C,1
DyB2Rh3,1
DyB2Ru,2
DyB2Ru3,2
DyB3Mo,2
DyB4,2
DyB4(IrRh)2,1
DyB6,2
DyBO3,10
DyBRh3,1
DyBeCu4,2
DyBi,4
DyBi2BrO4,1
DyBi2ClO4,1
DyBi2IO4,1
DyBiPd,5
DyBiPt,4
DyBiRh,6
DyBr3,10
DyC2,2
DyCd,2
DyCd2,5
DyCd3,6
DyCdAg2,4
DyCdAu,8
DyCdAu2,5
DyCdCu,10
DyCdGa,6
DyCdHg2,5
DyCdIn,11
DyCdNi4,1
DyCdPd2,5
DyCdPt2,4
DyCdRh2,4
DyCl3,9
DyClO,6
DyCo2,6
DyCo3,3
DyCo3B2,3
DyCo4B,2
DyCoC,5
DyCoC2,5
DyCoGe,9
DyCoNi,4
DyCoSi,7
DyCoSi2,4
DyCoSi2Rh,1
DyCoSn,9
DyCoSn2,4
DyCr2Si2C,1
DyCrO3,4
DyCrO4,1
DyCrSb3,1
DyCrSe3,2
DyCrTeO6,3
DyCu,4
DyCu(WO4)2,1
DyCu2,4
DyCu4Ag,1
DyCu4Pd,3
DyCu5,4
DyCuAs2,2
DyCuGe,8
DyCuPb,7
DyCuPbS3,3
DyCuS2,8
DyCuSb2,1
DyCuSe2,8
DyCuSeO,1
DyCuSi,9
DyCuSn,8
DyCuTe2,6
DyEr,25
DyEr3,21
DyErAg2,5
DyErAl2,5
DyErAl4,4
DyErC4,1
DyErCd2,3
DyErCu2,6
DyErRh2,4
DyErRu2,3
DyErTe2,9
DyErTl2,6
DyErZn2,4
DyF3,15
DyFe2,9
DyFe2Co2B,1
DyFe2SiC,1
DyFe3,3
DyFe3(BO3)4,4
DyFe4(CuO4)3,1
DyFe5,3
DyFe6(Sn2Ge)2,1
DyFeC2,4
DyFeGe2,3
DyFeNi,3
DyFeNi4,4
DyFeO3,4
DyFeSi,9
DyGa,7
DyGa2,9
DyGa2Co3,3
DyGa2Cu3,5
DyGa2Ni,7
DyGa2Ni3,6
DyGa2Pd,6
DyGa3,11
DyGa3(BO3)4,3
DyGa3Cu,3
DyGa3Ni2,4
DyGa3Ru,2
DyGa4Ni,2
DyGa5Co,1
DyGa6,2
DyGaAg,10
DyGaCo,7
DyGaCo4,4
DyGaCu,9
DyGaFeCo3,1
DyGaNi,8
DyGaO3,7
DyGaPd,10
DyGaPd2,6
DyGaPt,7
DyGaRh2,5
DyGe,6
DyGe2Ir,5
DyGe2Pd,4
DyGe2Pt,3
DyGe3,4
DyGeAu,8
DyGeIr,6
DyGePd,12
DyGePd2,6
DyGePt,9
DyGeRh,11
DyGeRu,10
DyH2,6
DyHO2,7
DyHSe,7
DyHfF7,2
DyHg,3
DyHg2,5
DyHg3,6
DyHo,30
DyHo3,32
DyHoAl4,4
DyHoC4,1
DyHoHg2,6
DyHoIn2,7
DyHoIr2,4
DyHoMg2,3
DyHoRu2,3
DyHoTl2,7
DyHoZn2,4
DyI3,13
DyIn,7
DyIn2Ni,4
DyIn3,7
DyIn5Co,1
DyIn5Rh,1
DyIn7Cu5,1
DyInAg2,4
DyInAu,7
DyInAu2,5
DyInCo2,4
DyInCo4,1
DyInCu,8
DyInCu2,4
DyInCu4,1
DyInIr,8
DyInNi,8
DyInO3,6
DyInPd2,5
DyInPt,7
DyInPt2,8
DyInPt4,1
DyInRh,8
DyInRh2,8
DyIr2,4
DyLu3,8
DyLuAg2,3
DyLuCd2,3
DyLuCu2,4
DyLuHg2,3
DyLuIn2,4
DyLuIr2,3
DyLuMg2,3
DyLuO3,2
DyLuRh2,4
DyLuRu2,3
DyLuTl2,4
DyLuZn2,3
DyMg,2
DyMg2,8
DyMg2Cr3S8,1
DyMg2Mn3S8,1
DyMg2Sc,4
DyMg2Ti3S8,1
DyMg3,7
DyMg5,4
DyMgAg,6
DyMgAg2,3
DyMgAu,7
DyMgAu2,4
DyMgCd2,3
DyMgCrS4,1
DyMgGa,6
DyMgHg2,3
DyMgIn,7
DyMgMnS4,1
DyMgPd,10
DyMgRh2,3
DyMgSn,11
DyMgTiS4,1
DyMgTl,8
DyMgTl2,6
DyMgZn2,4
DyMn12,1
DyMn2(Cr2Ge3)2,1
DyMn2O4,3
DyMn2SiGe,1
DyMn4(CrGe3)2,1
DyMn4(CuO4)3,1
DyMn6(Sn2Ge)2,1
DyMn6GaGe5,2
DyMnAl,6
DyMnFe,3
DyMnGe,6
DyMnSi,3
DyMoC2,3
DyMoClO4,3
DyN,3
DyNbO4,7
DyNbRu2,4
DyNi,9
DyNi2,6
DyNi2B2C,1
DyNi3,6
DyNi4Au,1
DyNi4B,2
DyNi4Sn,2
DyNi5,4
DyNiAs,5
DyNiBi,3
DyNiC2,1
DyNiGe,9
DyNiGe2,4
DyNiGe3,2
DyNiO3,3
DyNiP,7
DyNiSb,6
DyNiSb2,2
DyNiSn,10
DyNiSn4,1
DyOF,12
DyOs2,4
DyP,4
DyP5,1
DyPO4,4
DyPPd,9
DyPPt,6
DyPRu2C,1
DyPb3,7
DyPbAu,5
DyPd,7
DyPd2Pb,4
DyPd3,7
DyPdPb,7
DyPt,7
DyPt2,7
DyPt3,5
DyRe2,4
DyRe2SiC,1
DyRh,6
DyRh2,5
DyRh2Pb,3
DyRh3C,1
DyRh5,3
DyRhO3,4
DyRu2,4
DyRu3C,1
DyS,7
DyS2,10
DySBr,6
DySCl,8
DySI,4
DySb,4
DySbIr,5
DySbPd,6
DySbPt,6
DySbRh,7
DySbRh2,4
DySbTe3,2
DyScO3,6
DyScRu2,4
DyScS3,5
DyScSb,6
DyScZn2,3
DySe,8
DySe2,5
DySi,4
DySi2,6
DySi2Ni,2
DySi2Rh3,5
DySi3Ir,2
DySiAg,8
DySiIr,5
DySiNi,11
DySiNi4,2
DySiPd2,6
DySiPt,8
DySiPt2,6
DySiRh,8
DySiRu,6
DySiRu2C,1
DySn2,7
DySn3,6
DySnAu,6
DySnAu2,4
DySnGe,3
DySnPd,9
DySnPt,8
DySnRh,9
DySnRh2,5
DySnRu2,4
DyTaO4,7
DyTaRu2,3
DyTe,8
DyTe2,6
DyTe3,6
DyTeAs,4
DyTiClO3,1
DyTiCo11,1
DyTiFe11,1
DyTiFe11C,1
DyTiFe5Co6,1
DyTiGe,3
DyTiO3,4
DyTiSi,3
DyTl,4
DyTl(PSe3)2,1
DyTl3,6
DyTlO2,2
DyTlPd,7
DyTlRh2,4
DyTlS2,4
DyTlSe2,4
DyTlTe2,6
DyTlZn,8
DyTm3,28
DyTmAg2,6
DyTmCd2,3
DyTmCu2,5
DyTmHg2,7
DyTmIn2,7
DyTmIr2,4
DyTmMg2,3
DyTmO3,5
DyTmRh2,5
DyTmRu2,3
DyV2(FeCo)5,1
DyVO3,4
DyVO4,4
DyVSb3,1
DyWC2,4
DyWO4,4
DyY(FeO3)2,1
DyY3,37
DyYAg2,4
DyYAl2,4
DyYC4,1
DyYCd2,4
DyYCu2,5
DyYFe4,1
DyYHg2,6
DyYIn2,7
DyYIr2,3
DyYMg2,4
DyYRh2,6
DyYTl2,5
DyYZn2,4
DyZn,3
DyZn12,2
DyZn2,6
DyZn3,7
DyZn5,3
DyZnCuAs2,1
DyZnGa,14
DyZnIn,8
DyZnNi,8
DyZnPO,2
DyZnPd,7
DyZnRh,9
DyZnRh2,3
DyZnSi,12
DyZnSn,9
DyZrF7,3
DyZrRu2,3
DyZrSb,5
Er,19
Er(Al2Cr)4,1
Er(Al2Cu)4,1
Er(Al2Fe)4,1
Er(Al2Mo)2,1
Er(AlC)3,1
Er(AlCr)6,1
Er(AlCu)6,2
Er(AlFe)6,1
Er(AlFe2)4,1
Er(AlGe)2,2
Er(AlSi)2,2
Er(BC)2,4
Er(BIr)4,3
Er(BRh)4,3
Er(BiO2)3,3
Er(Co2B)6,1
Er(Co2Ge)2,1
Er(Co5Mo)2,1
Er(CoB)2,3
Er(CoB)4,3
Er(CoGe)2,2
Er(CoGe)6,2
Er(CoSi)2,1
Er(CrFe5)2,1
Er(CrGe)6,1
Er(CuO2)2,2
Er(CuS)3,2
Er(CuSi)2,1
Er(CuTe)3,2
Er(Fe2Ge)2,3
Er(Fe5Mo)2,1
Er(Fe5Re)2,1
Er(Fe5Si)2,1
Er(FeB)2,2
Er(FeGe)2,1
Er(FeGe)6,3
Er(FeSi)2,2
Er(GaCo)6,1
Er(GaFe)6,2
Er(GeRh)2,2
Er(GeRu)2,2
Er(HO)3,1
Er(MnAl)6,1
Er(MnAl2)4,1
Er(MnGe)2,2
Er(MnGe)6,3
Er(MnSi)2,1
Er(MnSn)6,4
Er(Mo3S4)2,1
Er(Mo3Se4)2,1
Er(Ni2As)2,1
Er(Ni2P)2,1
Er(NiB)2,4
Er(NiGe)2,2
Er(NiP)2,3
Er(PPd)2,2
Er(PRu)2,1
Er(ReO4)2,3
Er(SiAu)2,1
Er(SiIr)2,2
Er(SiNi)2,3
Er(SiOs)2,2
Er(SiPd)2,1
Er(SiPt)2,4
Er(SiRh)2,2
Er(SiRu)2,2
Er(TiGa2)2,1
Er(VFe5)2,1
Er(VGa2)2,1
Er(ZnP)3,1
Er10Ga5Co,1
Er12Co5Bi,1
Er12In3Fe2,1
Er2(B2Rh3)3,1
Er2(NiB2)3,1
Er2AgAu,5
Er2AgHg,4
Er2AgIr,4
Er2AgOs,3
Er2AgPt,6
Er2AgRu,4
Er2Al,8
Er2Al3Co,2
Er2Al3Cu,4
Er2Al3Ga,4
Er2Al3Ge4,1
Er2Al3Si2,2
Er2Al4CoGe2,1
Er2Al4NiGe2,1
Er2AlCd,4
Er2AlCo3,2
Er2AlCu,4
Er2AlFe3,2
Er2AlNi2,3
Er2AlSi,4
Er2AlSi2,4
Er2AlZn,4
Er2Au,4
Er2B4C,1
Er2BPd6,2
Er2BPt6,2
Er2BiO2,1
Er2C,6
Er2C(NO)2,1
Er2C3,1
Er2CdCu2,3
Er2CdGe2,1
Er2CdHg,3
Er2CdIn,3
Er2CdOs,4
Er2CdPd2,3
Er2CdS4,2
Er2Co3Cu,2
Er2Co3Ge5,2
Er2Co3Si5,2
Er2Co7,2
Er2CoGe2,2
Er2CoGe6,1
Er2CoIr,3
Er2CoSi2,2
Er2Cr2C3,2
Er2CrGe4,1
Er2Cu(GeO3)4,1
Er2Cu3Si,3
Er2CuAu,5
Er2CuGe6,1
Er2CuIr,5
Er2CuNi,7
Er2CuO4,2
Er2CuOs,4
Er2CuPd,7
Er2CuPt,6
Er2CuRu,3
Er2CuSi3,4
Er2Fe17C,1
Er2Fe2Si2C,1
Er2Fe3Cu,1
Er2FeC4,1
Er2FeSi2,2
Er2FeSi4,2
Er2Ga3Cu,5
Er2Ga3Ni,4
Er2Ga6Cu11,1
Er2Ga8Co,1
Er2Ga8Fe,1
Er2GaCo2,4
Er2GaCu,4
Er2GaNi2,4
Er2Ge2Ru,1
Er2Ge5,2
Er2Ge5Rh3,2
Er2Ge5Ru3,2
Er2Ge6Pd,1
Er2Ge6Pt,1
Er2GeRh3,2
Er2In,7
Er2In3Cu,3
Er2InAg,5
Er2InAu2,1
Er2InCu2,2
Er2InHg,6
Er2InNi2,3
Er2InPd2,3
Er2IrPd,5
Er2IrRh,4
Er2IrRu,3
Er2Mg,7
Er2Mg2Ru,1
Er2MgAl,4
Er2MgCd,4
Er2MgCu2,3
Er2MgGa,4
Er2MgGe2,1
Er2MgIn,5
Er2MgNi2,3
Er2MgOs,4
Er2MgS4,9
Er2MgSe4,7
Er2MgSi2,1
Er2MgTiO6,3
Er2MgTl,5
Er2MnC4,1
Er2MnGa3,2
Er2MnGe4,1
Er2MnS4,2
Er2Mo2C3,2
Er2Ni2Sn,3
Er2Ni7,3
Er2NiAs2,1
Er2NiGe6,1
Er2NiIr,3
Er2NiOs,4
Er2NiRu,3
Er2NiRuO6,2
Er2NiSn6,1
Er2O3,7
Er2OsC2,1
Er2OsPd,4
Er2Pd2Pb,2
Er2PdAu,7
Er2PdPt,6
Er2PdRh,4
Er2PdRu,3
Er2Pt,7
Er2PtAu,10
Er2Re2Si2C,1
Er2ReC2,1
Er2RuAu,3
Er2RuPt,3
Er2RuRh,4
Er2S2O,4
Er2S3,13
Er2SO2,4
Er2SbO2,1
Er2Se3,10
Er2SeO2,9
Er2Si2O7,4
Er2Si3,2
Er2Si4Mo3,1
Er2Si5Ni3,1
Er2Si5Rh3,1
Er2Si5Ru3,2
Er2SiGe,5
Er2SiRh3,2
Er2Sn5,2
Er2SnAu2,3
Er2Te3,7
Er2TeO2,4
Er2TeO6,5
Er2TeS2,2
Er2TiO5,5
Er2TlAg,3
Er2TlCd,5
Er2TlHg,7
Er2TlIn,7
Er2TlZn,4
Er2VFeO6,1
Er2Zn17,2
Er2ZnAg,3
Er2ZnAu,6
Er2ZnCu,5
Er2ZnGa,4
Er2ZnHg,4
Er2ZnIn,4
Er2ZnIr,5
Er2ZnOs,4
Er2ZnRu,5
Er2Zr2O7,3
Er3(Al2Fe)2,1
Er3(CoGe2)2,1
Er3(CuGe)4,2
Er3(CuSi)4,2
Er3(CuSn)4,1
Er3(FeGe)4,3
Er3(In2Co)2,2
Er3Al2,4
Er3Al3CoGe2,1
Er3Al3NiGe2,1
Er3AlC,2
Er3AlN,1
Er3Co,7
Er3Co11B4,1
Er3Co2Si3,2
Er3Co6Sn5,1
Er3CoSi3,1
Er3Cu3Sb4,1
Er3Fe2Ge3,1
Er3Fe2Si3,1
Er3FeGe3,2
Er3FeSi3,1
Er3Ga,6
Er3Ga2Ge3,2
Er3Ga8Ag3,1
Er3Ga8Au3,2
Er3Ga8Ir3,1
Er3Ga8Ni3,2
Er3Ga8Rh3,2
Er3Ga9Pt2,1
Er3GaO6,1
Er3GaS6,1
Er3Ge3Ru2,3
Er3Ge4,1
Er3In,9
Er3In5,3
Er3InN,2
Er3Ir,6
Er3Lu,8
Er3Mg,8
Er3Ni,7
Er3Ni13B2,1
Er3Ni2,3
Er3Os,7
Er3P4Pd7,1
Er3Pb,4
Er3Pd2,3
Er3Pd4,2
Er3Pt,6
Er3Pt4,2
Er3Rh,7
Er3Ru,7
Er3Ru2,5
Er3RuI3,1
Er3S2OF3,1
Er3S3OF,1
Er3Sb4Au3,1
Er3Sc2S7,2
Er3ScS6,4
Er3Si3Ni,2
Er3Sn,6
Er3Sn7,2
Er3Tl2Cu5S8,1
Er3Tl5,3
Er3Tm,28
Er4CdS7,1
Er4CoSn8,1
Er4CrS7,1
Er4CrSe7,1
Er4Cu5P7,1
Er4CuGe8,1
Er4Ga12Ni,1
Er4Ga12Pd,1
Er4Ga12Pt,1
Er4Ge6Ir7,1
Er4Ge6Os7,1
Er4Ge6Rh7,1
Er4I5,1
Er4In(NiGe2)2,1
Er4MgS7,1
Er4MnGe8,1
Er4MnS7,1
Er4Ni2C5,1
Er4NiSn8,1
Er4OsBr4,1
Er4Sb3,2
Er4SiNi3,1
Er4Zr3O12,2
Er5(CoTe)2,2
Er5(GeSb)2,1
Er5(MoO6)2,1
Er5(NiTe)2,2
Er5(ReO6)2,1
Er5(SiSb)2,1
Er5BiAu2,2
Er5BiPd2,1
Er5BiPt2,1
Er5CuPb3,1
Er5Ga2As,1
Er5Ga3,3
Er5Ge3,2
Er5Ge3C,1
Er5In3,4
Er5InNi2,1
Er5Ir2,1
Er5Ir3,2
Er5Mg,6
Er5Ni2Bi,1
Er5Ni2Sb,1
Er5NiPb3,1
Er5Pb3,2
Er5Pt3,3
Er5Re2C7,1
Er5Rh3,3
Er5Ru2,2
Er5S7,1
Er5Sb3,2
Er5SbAu2,1
Er5SbPd2,1
Er5SbPt2,1
Er5Si3,2
Er5Si3C,1
Er5Sn3,2
Er5Tl3,3
Er6Al2Ge7,1
Er6Co2Sn,1
Er6CoBi2,3
Er6CoBr10,1
Er6CoTe2,1
Er6FeBi2,2
Er6FeSb2,2
Er6GaCo2,1
Er6GaNi2,1
Er6I7,1
Er6InCo2,1
Er6IrI10,1
Er6MnBi2,1
Er6MnSb2,1
Er6MnTe2,1
Er6Ni2Sn,1
Er6NiI10,1
Er6Te2Ru,1
Er7(AgTe)2,2
Er7(NiTe)2,2
Er7(TeIr)2,2
Er7(TePd)2,2
Er7(TePt)2,1
Er7(TeRh)2,2
Er7CoI12,1
Er7FeI12,1
Er7IrI12,1
Er7Rh3,1
ErAg,4
ErAg(PSe3)2,1
ErAg2,4
ErAg3,6
ErAgGe,9
ErAgHg2,5
ErAgPb,9
ErAgS2,9
ErAgSe2,12
ErAgSn,11
ErAgSn2,3
ErAgTe2,6
ErAl,7
ErAl2,8
ErAl2Ni,4
ErAl3,10
ErAl3(BO3)4,2
ErAl3Ni2,5
ErAl4Ge2Au,1
ErAl4Ni,3
ErAl7Fe5,1
ErAlAg2,4
ErAlAu,11
ErAlCo,8
ErAlCu,7
ErAlCu4,3
ErAlFe,10
ErAlGa,7
ErAlGe,7
ErAlNi,10
ErAlNi4,4
ErAlO3,7
ErAlPd,7
ErAlPt,5
ErAlSi,8
ErAlZn,16
ErAs,4
ErAsO4,3
ErAsPd,9
ErAsPt,7
ErAsS,4
ErAsSe,4
ErAu,6
ErAu2,6
ErAu3,8
ErAu4,2
ErB12,1
ErB2,3
ErB2Ir3,2
ErB2Os,3
ErB2Rh2C,1
ErB2Rh3,1
ErB2Ru,2
ErB2Ru3,1
ErB3Mo,2
ErB4,3
ErB4(IrRh)2,1
ErB6,2
ErBO3,8
ErBPd2Rh,1
ErBRh3,1
ErBi,4
ErBi2BrO4,1
ErBi2ClO4,1
ErBi2IO4,1
ErBiO3,6
ErBiPd,7
ErBiPt,3
ErBiRh,8
ErBrO,7
ErC2,2
ErCd,2
ErCd2,6
ErCd3,7
ErCdAg2,4
ErCdAu,7
ErCdAu2,4
ErCdCu4,1
ErCdGa,8
ErCdHg2,4
ErCdIn,12
ErCdNi4,1
ErCdPd2,4
ErCdPt2,4
ErCdRh2,4
ErCl3,8
ErCo2,9
ErCo2(B2Rh)2,1
ErCo3,5
ErCo3B2,3
ErCo3Ge2,3
ErCo3Ni2,2
ErCo3Si2,2
ErCo4B,2
ErCoC,5
ErCoC2,4
ErCoGe,10
ErCoGe2,5
ErCoNi,4
ErCoRu,3
ErCoSi,6
ErCoSi2,4
ErCoSi3,2
ErCoSn,9
ErCoSn2,4
ErCr2Si2C,1
ErCrO3,4
ErCrO4,2
ErCrTeO6,3
ErCu,4
ErCu(WO4)2,2
ErCu2,5
ErCu4Ag,1
ErCu4Au,1
ErCu4Pd,2
ErCu5,4
ErCuAs2,2
ErCuGe,8
ErCuNi,7
ErCuP2,4
ErCuPb,7
ErCuPbS3,3
ErCuS2,7
ErCuSb2,1
ErCuSe2,7
ErCuSi,10
ErCuSn,10
ErCuTe2,8
ErF3,13
ErFe2,6
ErFe2Co2B,1
ErFe2SiC,1
ErFe3,4
ErFe3(BO3)4,3
ErFe4(CuO4)3,1
ErFe4B,1
ErFe6(Sn2Ge)2,1
ErFeC2,4
ErFeCo,4
ErFeGe2,3
ErFeNi,2
ErFeNi4,3
ErFeRu,5
ErGa,7
ErGa2,11
ErGa2Co3,4
ErGa2Cu3,5
ErGa2Ni,6
ErGa2Ni3,7
ErGa2Pd,7
ErGa3,8
ErGa3Os,2
ErGa3Ru,2
ErGa4Ni,2
ErGa5Co,1
ErGa6,3
ErGaAg,11
ErGaAu,11
ErGaCo,7
ErGaIr,6
ErGaNi,9
ErGaO3,8
ErGaPd,9
ErGaPt,7
ErGaRh,4
ErGaRh2,5
ErGe,6
ErGe2Ir,4
ErGe2Pt,4
ErGe3,4
ErGeIr,8
ErGePd,13
ErGePd2,5
ErGePt,10
ErGeRh,9
ErGeRu,10
ErH2,6
ErH2ClO2,1
ErH3,10
ErHCl,7
ErHO2,9
ErHSe,6
ErHfF7,2
ErHfIr2,3
ErHfRu2,3
ErHg,3
ErHg2,6
ErHg3,6
ErI3,11
ErIn,8
ErIn2Sn,3
ErIn3,7
ErIn5Co,1
ErIn5Rh,1
ErInAg2,4
ErInAu,9
ErInAu2,5
ErInCu,8
ErInCu2,5
ErInCu4,1
ErInNi,9
ErInNi4,1
ErInO3,6
ErInPd,8
ErInPd2,5
ErInPt,7
ErInPt2,5
ErInPt4,1
ErInRh,6
ErInRh2,7
ErIr,5
ErIr2,4
ErLu(B2Ru)2,1
ErLu3,7
ErLuCu2,3
ErLuHg2,3
ErLuMg2,3
ErLuO3,2
ErLuPd2,4
ErLuRh2,3
ErLuRu2,3
ErLuZn2,3
ErMg,3
ErMg2,9
ErMg2Sc,4
ErMg3,8
ErMg5,7
ErMgAg,8
ErMgAg2,3
ErMgAu,9
ErMgAu2,3
ErMgCd2,4
ErMgGa,7
ErMgHg2,4
ErMgIn,7
ErMgPd,8
ErMgPd2,3
ErMgRh2,6
ErMgSn,10
ErMgTl,7
ErMgTl2,6
ErMgZn2,4
ErMn12,2
ErMn2,6
ErMn2(Fe2Sn3)2,1
ErMn3(FeSn2)3,1
ErMn4(CuO4)3,1
ErMn4(FeSn3)2,1
ErMn6(Sn2Ge)2,1
ErMnAl,6
ErMnFe,3
ErMnFeO4,1
ErMnGe,7
ErMnNi4,1
ErMnO3,8
ErMnSi,6
ErMoC2,4
ErMoClO4,3
ErN,3
ErNbO4,4
ErNbRu2,3
ErNi,8
ErNi2,7
ErNi2B2C,1
ErNi3,8
ErNi4,4
ErNi4Au,1
ErNi4B,2
ErNi5,4
ErNiAs,7
ErNiBi,3
ErNiC2,1
ErNiGe,9
ErNiGe2,4
ErNiGe3,3
ErNiO3,3
ErNiP,6
ErNiPb,7
ErNiSb,6
ErNiSn,11
ErNiSn4,2
ErOF,11
ErOs2,4
ErP,4
ErPO4,3
ErPPd,9
ErPb3,6
ErPbAu,5
ErPd,6
ErPd2Pb,3
ErPd3,6
ErPd3S4,1
ErPdPb,7
ErPt,6
ErPt2,8
ErPt3,5
ErPt5,5
ErRe2,4
ErRh,5
ErRh2,6
ErRh2Pb,3
ErRh3C,1
ErRh5,3
ErRhO3,3
ErRu2,4
ErRu3C,1
ErS,7
ErS2,9
ErSCl,7
ErSF,6
ErSb,3
ErSbIr,4
ErSbPd,6
ErSbPt,6
ErSbRh,8
ErSbRh2,4
ErSc(BO3)2,1
ErScO3,6
ErScRu2,3
ErScS3,4
ErScZn2,4
ErSe,9
ErSe2,5
ErSi,5
ErSi2,7
ErSi2Ni,3
ErSi2Rh3,4
ErSi3Ni,2
ErSiAg,8
ErSiIr,5
ErSiNi,9
ErSiNi3,3
ErSiOs2C,1
ErSiPd,12
ErSiPd2,6
ErSiPt,8
ErSiRh,8
ErSiRu,7
ErSiRu2C,1
ErSn2,10
ErSn3,6
ErSnAu,6
ErSnGe,3
ErSnIr,9
ErSnPd,10
ErSnPd2,5
ErSnPt,8
ErSnPt2,7
ErSnRh,9
ErSnRh2,4
ErSnRu2,4
ErTaO4,7
ErTaOs2,3
ErTaRu2,3
ErTe,9
ErTe2,7
ErTe3,6
ErTiClO3,1
ErTiCo11,1
ErTiFe11,1
ErTiFe11C,1
ErTiFe8Co3,1
ErTiGe,3
ErTiO3,4
ErTiSi,3
ErTl,4
ErTl(PSe3)2,1
ErTl3,6
ErTlO2,2
ErTlPd,7
ErTlRh2,3
ErTlS2,4
ErTlSe2,6
ErTlTe2,5
ErTlZn,8
ErTm3,30
ErTmAg2,5
ErTmCd2,3
ErTmCu2,7
ErTmHg2,5
ErTmIn2,7
ErTmMg2,3
ErTmPd2,7
ErTmRu2,3
ErTmTl2,6
ErTmZn2,4
ErVO3,3
ErVO4,4
ErWC2,3
ErZn,5
ErZn12,2
ErZn2,6
ErZn3,8
ErZn5,5
ErZnAsO,2
ErZnGa,14
ErZnGe,6
ErZnIn,11
ErZnNi,10
ErZnPd,8
ErZnPd2,6
ErZnPt,8
ErZnRh,8
ErZnRh2,3
ErZnSn,8
ErZr,3
ErZrF7,3
ErZrRu2,3
ErZrSb,7
Eu,12
Eu(Ag2Sb)2,1
Eu(AgGe)2,1
Eu(Al2Cu)4,1
Eu(Al2Fe)4,1
Eu(AlAu)2,2
Eu(AlGa)2,2
Eu(AlGe)2,1
Eu(AlS2)2,1
Eu(AlSe2)2,3
Eu(AlSi)2,3
Eu(AlZn)2,2
Eu(AsPd)2,1
Eu(AsPt)2,2
Eu(AsRu)2,1
Eu(BC)2,3
Eu(BIr)2,2
Eu(BIr)4,1
Eu(BO2)3,1
Eu(BiPd)2,1
Eu(CdAs)2,1
Eu(CdP)2,1
Eu(CdSb)2,1
Eu(CoAs)2,3
Eu(CoGe)2,2
Eu(CoP)2,2
Eu(CoSi)2,3
Eu(CrAs)2,1
Eu(Cu2As)2,2
Eu(CuGe)2,2
Eu(CuO2)2,1
Eu(CuSb)2,2
Eu(CuSi)2,2
Eu(CuSn)2,1
Eu(ErS2)2,2
Eu(FeAs)2,1
Eu(FeP)2,1
Eu(FeP3)4,1
Eu(FeSi)2,2
Eu(GaAs)2,1
Eu(GaGe2)2,3
Eu(GaP)2,1
Eu(GaS2)2,2
Eu(GaSb)2,2
Eu(GaSe2)2,2
Eu(GaTe2)2,1
Eu(GdS2)2,1
Eu(GeAu)2,2
Eu(GeIr)2,2
Eu(GePt)2,3
Eu(GeRh)2,2
Eu(GeRu)2,1
Eu(HO)3,1
Eu(In2Ag)4,1
Eu(InAs)2,3
Eu(InAu)3,1
Eu(InS2)2,1
Eu(InSe2)2,2
Eu(LuS2)2,2
Eu(MgAs)2,2
Eu(MgBi)2,1
Eu(MgGa)2,2
Eu(MgH3)2,3
Eu(MgP)2,2
Eu(MgSb)2,1
Eu(MnAs)2,2
Eu(Mo3S4)2,1
Eu(Mo3Se4)2,1
Eu(Ni3S4)2,1
Eu(NiAs)2,3
Eu(NiGe)2,2
Eu(NiP)2,3
Eu(NiSb)2,2
Eu(P3Ru)4,1
Eu(PIr)2,2
Eu(POs)2,1
Eu(PPd)2,1
Eu(PRh)2,1
Eu(PRu)2,1
Eu(ReO4)2,1
Eu(Sb3Os)4,1
Eu(Sb3Ru)4,1
Eu(SbPd)2,2
Eu(SiAg)2,1
Eu(SiAu)2,2
Eu(SiIr)2,2
Eu(SiNi)2,1
Eu(SiPt)2,3
Eu(SiRh)2,2
Eu(SiRu)2,2
Eu(SnPd)2,2
Eu(YS2)2,1
Eu(ZnAs)2,2
Eu(ZnGa)2,3
Eu(ZnGe)2,2
Eu(ZnP)2,3
Eu(ZnSb)2,3
Eu(ZnSi)2,1
Eu(ZnSn)2,2
Eu2(AlAg)5,1
Eu2(CuNi)5,1
Eu2(ZnNi)5,2
Eu2(ZrSe2)5,1
Eu2AgAu,4
Eu2AgBi,3
Eu2AgGe,4
Eu2AgHg,3
Eu2AgPb,3
Eu2AgPd,3
Eu2AgPt,4
Eu2AgRh,3
Eu2AgSb,3
Eu2AgSn,4
Eu2Al2O5,1
Eu2Al3Ag,1
Eu2Al3Ga,1
Eu2Al6Si3Au2,1
Eu2AlP3Pt7,1
Eu2As3Pt,1
Eu2AsAu,3
Eu2B4Rh5,1
Eu2B5Os3,1
Eu2BBrN2,1
Eu2BPd6,2
Eu2BiAu,3
Eu2BrO2,2
Eu2C(NCl)2,1
Eu2C(NO)2,1
Eu2Cd2As3,2
Eu2CdGa,4
Eu2CdGe,4
Eu2CdHg,3
Eu2CdPb,3
Eu2CdSn,4
Eu2Co4Si3Ge,1
Eu2Co5Ge3,1
Eu2Cr2O5,1
Eu2CrSbO6,2
Eu2CrSnO6,2
Eu2Cu,4
Eu2Cu(GeO3)4,1
Eu2Cu4Si3Ge,1
Eu2Cu6P5,1
Eu2CuIr,3
Eu2CuO4,2
Eu2CuRh,3
Eu2CuSi3,2
Eu2CuTe4,1
Eu2DyTaO6,2
Eu2ErTaO6,2
Eu2Fe2O5,2
Eu2FeH6,1
Eu2FeP3Pt7,1
Eu2FeSnO6,1
Eu2Ga2O5,1
Eu2Ga3Ir,1
Eu2Ga7Ag,1
Eu2GaAg3,1
Eu2GaHg,4
Eu2GdTaO6,1
Eu2Ge,3
Eu2Ge3Au,3
Eu2GeS4,1
Eu2GeSe4,1
Eu2H3Br,1
Eu2H3Cl,1
Eu2H6Ir,1
Eu2H6Ru,1
Eu2HfNbO6,2
Eu2HgBi,3
Eu2HgGe,4
Eu2HgO4,1
Eu2HgSb,3
Eu2HoTaO6,2
Eu2In,5
Eu2InHg,4
Eu2InPd2,4
Eu2InPt2,4
Eu2LuTaO6,1
Eu2Mg,5
Eu2MgCd,3
Eu2MgGa3,1
Eu2MgH6,3
Eu2MgIn,4
Eu2MgIrO6,2
Eu2MgPtO6,2
Eu2MgSn,4
Eu2MgTl,4
Eu2Mn2O5,2
Eu2Mn5Al12,1
Eu2MnP3Pt7,1
Eu2MnRhO6,1
Eu2MnWO6,1
Eu2N,7
Eu2Nb5O9,1
Eu2Ni3Sb4,1
Eu2NiGe3,2
Eu2NiO4,2
Eu2NiPtO6,1
Eu2O3,6
Eu2P3Pt4,1
Eu2PBr,3
Eu2PCl,6
Eu2PI,2
Eu2PdAu,4
Eu2PtAu,4
Eu2S3,3
Eu2SO2,2
Eu2SO6,1
Eu2SbAu,3
Eu2Sc2O5,1
Eu2SeO2,4
Eu2Si,5
Eu2Si3Au,2
Eu2Si3Pd,2
Eu2Si4IrPd3,1
Eu2Si4Pd3Au,1
Eu2Si5Pt3,1
Eu2SiS4,2
Eu2Sn,4
Eu2Sn5Au2,1
Eu2SnHg,4
Eu2SnSe5,1
Eu2TaAlO6,1
Eu2TeO2,3
Eu2Ti2O5,2
Eu2TiCuO6,1
Eu2TiO4,2
Eu2TlCd,4
Eu2TlHg,3
Eu2TlIn,4
Eu2TlSn,4
Eu2TlZn,3
Eu2TmTaO6,2
Eu2V2O5,1
Eu2VO4,1
Eu2VWO6,1
Eu2YSbO6,2
Eu2YTaO6,1
Eu2Zn2As3,1
Eu2Zn2P3,1
Eu2Zn3Ge,3
Eu2ZnAg,3
Eu2ZnCd,4
Eu2ZnGa,4
Eu2ZnGe3,4
Eu2ZnHg,3
Eu2ZnIn,4
Eu2ZnIr,4
Eu2ZnP2,2
Eu2ZnP3Pt7,1
Eu2ZnPtO6,2
Eu2ZnRh,4
Eu2ZnSb2,1
Eu2ZnSn,3
Eu2ZnWO6,2
Eu2ZrCrO6,2
Eu2ZrFeO6,1
Eu2ZrNbO6,1
Eu2ZrO4,1
Eu2ZrSnO6,1
Eu2ZrVO6,1
Eu3(AlAs2)2,1
Eu3(AlP2)2,1
Eu3(AsPd)4,1
Eu3(B3Rh4)2,1
Eu3(GaAs2)2,1
Eu3(GaNi)4,1
Eu3(GaP2)2,1
Eu3(GeIr)4,1
Eu3(InP2)2,1
Eu3(SF2)2,1
Eu3Ag2,1
Eu3Al2O7,1
Eu3AlO5,1
Eu3As4,1
Eu3Au,3
Eu3Au2,1
Eu3AuO6,2
Eu3B2Pt7,1
Eu3Bi,3
Eu3BrO4,1
Eu3Dy,5
Eu3DySb3,1
Eu3Er,4
Eu3FeO6,1
Eu3Ga2,1
Eu3Ga5,1
Eu3Ga8,1
Eu3GaO6,1
Eu3Ge5,1
Eu3Ho,5
Eu3In,6
Eu3InO,1
Eu3Lu,5
Eu3Mg,6
Eu3NbO6,2
Eu3P4,1
Eu3Pd,5
Eu3Pd2,2
Eu3Pt2,1
Eu3Rh,3
Eu3S4,1
Eu3Si4,1
Eu3Sn,4
Eu3Sn5,1
Eu3Ti2O7,1
Eu3Tl,4
Eu3Tm,6
Eu3V2O7,1
Eu3Y,4
Eu3Zn2(CuP2)2,2
Eu4As2O,1
Eu4As3,1
Eu4BPd12,1
Eu4Bi2O,1
Eu4Bi3,1
Eu4Ir,1
Eu4Sb2O,1
Eu4Ti3O10,1
Eu5(MoO6)2,1
Eu5(ZrS4)3,1
Eu5As3,1
Eu5As4,1
Eu5Bi3,1
Eu5CdCu2,1
Eu5Ga3,1
Eu5Ge3,1
Eu5Mg,3
Eu5Pt2,1
Eu5Sb3,1
Eu5Si3,1
Eu5Si3H,1
Eu5Sn3H,1
Eu6WO12,1
Eu7Au3,1
EuAg,4
EuAg2,4
EuAg2Pb,3
EuAg2Sn,2
EuAg3,6
EuAg5,4
EuAgAs,5
EuAgBi,5
EuAgGe,5
EuAgHg2,4
EuAgO2,7
EuAgP,4
EuAgSb,7
EuAgSn,8
EuAl,5
EuAl2,7
EuAl2Ag3,3
EuAl2Ge,3
EuAl3Ag2,1
EuAl3Cu2,1
EuAl3Pd2,2
EuAl3Si,1
EuAl4,1
EuAl8SiAu4,1
EuAl9Co2,1
EuAlAg4,3
EuAlAu,6
EuAlGa,5
EuAlGe,5
EuAlO3,4
EuAlSi,6
EuAs,4
EuAs3,4
EuAsAu,6
EuAsO4,4
EuAsPd,7
EuAsPt,3
EuAu,4
EuAu2,4
EuAu3,4
EuAu5,5
EuB2Rh3,1
EuB6,2
EuBO3,6
EuBPd3,1
EuBPt4,1
EuBRh3,1
EuBi2,6
EuBi2BrO4,1
EuBi2ClO4,1
EuBi2IO4,1
EuBi3,3
EuBiAu,5
EuBiAu2,4
EuBiPd2,3
EuBr2,9
EuBr3,4
EuBrO,6
EuC2,3
EuC6,1
EuCN2,2
EuCO3,5
EuCd,2
EuCd2,6
EuCd2In,3
EuCd3,6
EuCdAg,8
EuCdAg2,4
EuCdAu,7
EuCdAu2,3
EuCdAu5,1
EuCdGe,6
EuCdHg2,3
EuCdPb,5
EuCdPd,5
EuCdPt,5
EuCdSn,8
EuCl2,9
EuClO,5
EuCo2SiGe,1
EuCoGe3,2
EuCrO3,3
EuCrO4,3
EuCrTeO6,2
EuCu,5
EuCu2,4
EuCu2SnS4,1
EuCu3Pd2,1
EuCu4P3,1
EuCu4Pd,2
EuCu5,3
EuCuAs,3
EuCuBi,4
EuCuO2,5
EuCuO3,5
EuCuP,5
EuCuSF,1
EuCuSb,4
EuCuSeO,1
EuCuSn,6
EuCuSn2,4
EuErTl2,4
EuF2,4
EuF3,13
EuFe4(CuO4)3,1
EuFeO3,4
EuGa,4
EuGa2,8
EuGa3(BO3)4,1
EuGa3Ag,1
EuGa3Co2,1
EuGa3Cu,2
EuGa3Ni2,2
EuGa3Pd,2
EuGa4,1
EuGa4Au3,1
EuGaAg,4
EuGaAg4,2
EuGaAu,6
EuGaCu,8
EuGaO3,5
EuGaPt,4
EuGaSi,4
EuGaSn,5
EuGdRh2,3
EuGe,5
EuGe2,9
EuGe2Ir,3
EuGe3,5
EuGe3Ir,1
EuGe3Pd,2
EuGe3Pt,2
EuGe3Rh,2
EuGeAu,7
EuGeO3,2
EuGePd,5
EuGePd2,4
EuGePt,4
EuH2,6
EuH3Pd,2
EuHCl,7
EuHfF7,1
EuHfO3,4
EuHfS3,2
EuHg,3
EuHg2,3
EuHg2Bi,3
EuHg2Pb,3
EuHg3,4
EuHgAu2,3
EuHgPb,5
EuI2,9
EuIO,3
EuIn,5
EuIn2,6
EuIn2(GeIr)4,1
EuIn2Au,5
EuIn2Ni,3
EuIn2Pd,4
EuIn2Rh,3
EuIn3,5
EuIn4,2
EuIn4Au,1
EuIn4Cu,1
EuIn4Ir,2
EuIn4Ni,1
EuIn4Pd,1
EuInAg2,4
EuInAu,6
EuInAu2,4
EuInGe,4
EuInHg2,4
EuInNi5,1
EuInPd,6
EuInPt,5
EuInPt4,1
EuLuCuS3,2
EuMg,2
EuMg2,6
EuMg3,7
EuMg5,5
EuMgAg,5
EuMgCd2,3
EuMgF4,1
EuMgGa,5
EuMgGa3,1
EuMgGe,6
EuMgH4,8
EuMgHg2,3
EuMgPb,6
EuMgPd,6
EuMgSi,6
EuMgSn,6
EuMgSnWO6,1
EuMgTl,7
EuMgTl2,3
EuMgZn2,3
EuMn4(CuO4)3,1
EuMnO3,3
EuMoClO4,1
EuMoO3,3
EuMoO4,2
EuN,2
EuNbO3,2
EuNbO4,2
EuNi2B2C,1
EuNi5,2
EuNi5As3,1
EuNi5P3,1
EuNiGe,8
EuNiGe2,1
EuNiO3,4
EuNiP,4
EuO,4
EuO2,6
EuOF,4
EuP,3
EuP3,2
EuPAu,6
EuPIr,6
EuPPd,5
EuPPt,5
EuPS3,1
EuPSe3,1
EuPb,3
EuPb3,4
EuPbAu2,3
EuPd,6
EuPd2,5
EuPd3,3
EuPd3S4,1
EuPt2,3
EuRh2,4
EuRh3C,1
EuRhO3,1
EuS,2
EuS2,6
EuSb2,8
EuSbAu,4
EuSbPd,5
EuSbPt,4
EuScGe,2
EuScO3,3
EuSe,4
EuSe2,7
EuSeO3,3
EuSeO4,5
EuSi,6
EuSi2,7
EuSi2Ni,3
EuSi2PdAu,1
EuSi2Pt,2
EuSi3Ir,1
EuSi3Ni,3
EuSi3Rh,1
EuSiAg,4
EuSiNi2Ge,1
EuSiPt,5
EuSn,3
EuSn2Ir,2
EuSn3,5
EuSnAu2,4
EuSnF7,2
EuSnHg,4
EuSnO3,4
EuSnP,2
EuSnPd,6
EuSnPt,6
EuSnRh2,4
EuTa2O6,5
EuTaNO2,3
EuTaO4,6
EuTe,4
EuTiClO3,1
EuTiO3,4
EuTl,2
EuTl2,6
EuTl2Cd,3
EuTl2Pd,4
EuTl3,4
EuTlAu2,3
EuTlHg2,3
EuTlO2,1
EuTlS2,3
EuTmB12,1
EuTmCuS3,2
EuV2BiO8,1
EuVO3,2
EuVO4,4
EuY2O4,2
EuY3,5
EuYAl4,1
EuYO2,2
EuZn,5
EuZn2,6
EuZn5,2
EuZnAu,6
EuZnGa,8
EuZnGe,13
EuZnIn,6
EuZnIn3,2
EuZnPb,5
EuZnPd,5
EuZnSi,10
EuZnSn,9
EuZr4O9,1
EuZrF6,4
EuZrF7,1
EuZrO3,5
EuZrS3,2
EuZrSe3,1
F2,21
Fe,27
Fe(B2Mo)2,2
Fe(BMo)2,3
Fe(BRh2)3,1
Fe(BW)2,2
Fe(CoS)8,1
Fe(CoSe2)2,2
Fe(HO)2,1
Fe(Mo3Se4)2,3
Fe(NiO2)2,1
Fe(NiS2)2,3
Fe(NiSe2)2,1
Fe(PdSe)2,2
Fe(RhS2)2,1
Fe(RhSe2)2,2
Fe(SbO3)4,1
Fe(SiP)4,1
Fe11MoC4,2
Fe11Si5,1
Fe12As5,1
Fe12Ge3As2,1
Fe13Co3,5
Fe13Ge3,2
Fe15Co,5
Fe2(PdAu)3,2
Fe2As,25
Fe2As2H2PbO10,1
Fe2AsP,16
Fe2AsS3,1
Fe2B,9
Fe2B2O5,2
Fe2B4Mo,1
Fe2C,36
Fe2CoSe4,3
Fe2CoSi,16
Fe2Cu6SnS8,1
Fe2CuAs2(HO5)2,3
Fe2CuGe2,3
Fe2CuNiPt4,2
Fe2CuO4,4
Fe2CuRh3S8,1
Fe2Ge,9
Fe2GeO4,2
Fe2HgO4,2
Fe2Mo,24
Fe2MoO4,2
Fe2N,8
Fe2Ni,23
Fe2NiB,4
Fe2NiO4,3
Fe2NiP,15
Fe2NiSe4,3
Fe2O3,18
Fe2O3F,23
Fe2OF3,20
Fe2P,27
Fe2PO5,2
Fe2Pb3WO9,1
Fe2PtRh,17
Fe2SbTe3,1
Fe2Si,22
Fe2Si2BiO9,1
Fe2SiNi,12
Fe2SiO4,4
Fe2SiP,16
Fe2TeO6,1
Fe2W,21
Fe3(O2F)2,19
Fe3(OF)2,3
Fe3(OF2)2,16
Fe3(WN2)4,1
Fe3B,7
Fe3BO5,2
Fe3C,26
Fe3Co,35
Fe3Co3B2,1
Fe3Co3Si2,2
Fe3Cu,17
Fe3Ge,7
Fe3Ge2,5
Fe3H4(OF4)2,1
Fe3Mo,19
Fe3Mo5N8,1
Fe3N,4
Fe3Ni,21
Fe3Ni2,5
Fe3Ni3B2,1
Fe3Ni3P2,1
Fe3Ni3Pt2,4
Fe3NiAs4,1
Fe3NiAs8,1
Fe3NiN,3
Fe3NiP2,1
Fe3NiP4,1
Fe3NiSb8,1
Fe3O4,8
Fe3OF5,16
Fe3P,18
Fe3PO7,1
Fe3Pb4BrO8,1
Fe3Pb4ClO8,1
Fe3Pd,8
Fe3PdN,3
Fe3Pt,18
Fe3PtN,2
Fe3Rh,19
Fe3RhN,2
Fe3Sb,10
Fe3Si,14
Fe3Si2Ni3,1
Fe3Si4Ir,1
Fe3SiNi,3
Fe3Sn,6
Fe3Sn2,1
Fe3SnC,3
Fe3W,21
Fe4(CuO4)3,1
Fe4As2O11,1
Fe4CoB2P,1
Fe4CoSiB2,1
Fe4CuNiO8,1
Fe4N,2
Fe4Ni4PdS8,1
Fe4O3F5,22
Fe4O5,2
Fe4O5F3,21
Fe4OF7,20
Fe4S5,1
Fe5B2P,1
Fe5C2,1
Fe5Co3,44
Fe5CuO8,2
Fe5NiO8,1
Fe5OF11,4
Fe5Sb4,3
Fe5Si2B,1
Fe5Si3,5
Fe5SiB2,1
Fe5SnO8,1
Fe6BC,1
Fe6BP,1
Fe6Ge2N,1
Fe6O5F7,17
Fe6O7F5,16
Fe6OF11,6
Fe7(OF3)3,1
Fe7C3,2
Fe7Co,17
Fe7Ge4,2
Fe7Mo6,1
Fe7Ni5P4,1
Fe7SiO10,1
Fe7W6,1
Fe8N,1
Fe8O9,2
Fe9B4Ir3,1
Fe9B4Rh3,1
Fe9Co7,3
Fe9O10,1
Fe9Se8,1
FeAg(SO4)2,2
FeAg2Sn3S8,1
FeAg2SnS4,1
FeAg3F6,6
FeAgO2,11
FeAs,37
FeAs2,25
FeAs2O7,2
FeAsS,4
FeAsSe,11
FeAuO2,7
FeB,18
FeB2,6
FeB4,3
FeBO3,8
FeBW,4
FeBiO3,13
FeBr2,20
FeBr3,29
FeCO3,4
FeCSO7,1
FeCl2,23
FeCl3,28
FeCl4,8
FeCo,74
FeCo(NiS2)4,1
FeCo(RhS2)4,1
FeCo2B,7
FeCo2Ge,5
FeCo2Si,16
FeCo3,30
FeCo3S8,1
FeCoAs4,3
FeCoB,3
FeCoB2,5
FeCoGe,7
FeCoP,11
FeCoPt2,14
FeCoS4,1
FeCoSb4,3
FeCoSi,12
FeCoSi2,16
FeCoSn2,4
FeCoSn4,2
FeCu(RhS2)4,1
FeCu(RhSe2)4,1
FeCu2GeS4,2
FeCu2GeSe4,1
FeCu2SiS4,2
FeCu2SiSe4,1
FeCu2Sn3S8,1
FeCu2SnS4,2
FeCu2SnSe4,2
FeCu3S4,2
FeCu3S8,2
FeCu4,5
FeCu5S4,2
FeCu6GeS8,1
FeCuNi,19
FeCuO2,12
FeCuPt2,16
FeF2,7
FeF3,12
FeF6,4
FeGe,26
FeGe2,9
FeGeO3,8
FeGeRu2,4
FeH,14
FeH4(ClO)2,1
FeHO2,18
FeI2,10
FeIr,32
FeIr3,18
FeMo2,25
FeMo3As4,1
FeMoAs2,16
FeMoP,11
FeN,20
FeNi,35
FeNi2Ge,6
FeNi3,20
FeNiAs4,3
FeNiB,6
FeNiGe,10
FeNiO3,3
FeNiP,18
FeNiP6,1
FeNiPt2,16
FeNiPt6,3
FeNiS4,1
FeNiSb4,3
FeNiSb6,1
FeNiSe4,3
FeNiTe4,3
FeO,22
FeOF,73
FeP,43
FeP2,30
FeP2O7,11
FeP4,11
FePH2O5,1
FePO4,28
FePO4F,3
FePS,4
FePSe,7
FePb2WO6,2
FePd,21
FePd2,14
FePd3,13
FePt,36
FePt3,20
FePtO2,4
FeRe(PbO3)2,1
FeRe2(MoS4)2,1
FeRe3,18
FeReB,5
FeRh,46
FeRh3,21
FeS,31
FeS2,13
FeSO4F,1
FeSb,36
FeSb2,20
FeSb3,18
FeSb6Pd,1
FeSbAs,13
FeSbO4,7
FeSbRh2,11
FeSbS,5
FeSbSe,8
FeSbTe,9
FeSe,45
FeSe2,25
FeSeBr7,1
FeSeCl7,1
FeSi,39
FeSi(AgS2)2,1
FeSi2,27
FeSiMo,9
FeSiNi,10
FeSiRu2,21
FeSiW,8
FeSn,21
FeSn2,6
FeSnF6,2
FeSnO3,7
FeSnRh2,7
FeSnRu2,4
FeTe,35
FeTe2,17
FeTeBr7,1
FeTeCl7,1
FeWN2,7
FeWO4,5
Ga,78
Ga(FeO2)2,1
Ga(MoS2)4,1
Ga(MoSe2)4,2
Ga2Ag2SeS3,1
Ga2Ag2TeSe3,1
Ga2AsP,5
Ga2AsRh5,1
Ga2Au,8
Ga2BiAs,5
Ga2Co6C,2
Ga2CoIr,7
Ga2CoNi,8
Ga2CoRu,6
Ga2CoS4,2
Ga2Cu,8
Ga2CuAgS4,3
Ga2CuAgSe4,3
Ga2CuAgTe4,3
Ga2CuO4,2
Ga2Fe(PO4)3,1
Ga2Fe6C,1
Ga2FeCo,5
Ga2FeNi9,1
Ga2FeS4,3
Ga2FeSe4,3
Ga2Hg5Se8,1
Ga2HgO4,3
Ga2HgS4,3
Ga2HgSe4,4
Ga2HgTe4,4
Ga2Ir,11
Ga2IrRh,5
Ga2IrRu,5
Ga2Ni5Te4,1
Ga2Ni7Ge2,2
Ga2NiO4,5
Ga2NiRu,5
Ga2NiS4,3
Ga2O3,18
Ga2Os,7
Ga2PbO4,3
Ga2PbSe4,2
Ga2PdBr8,2
Ga2PdI8,2
Ga2Pt,6
Ga2Ru,5
Ga2RuPt,6
Ga2RuRh,4
Ga2S3,23
Ga2Se3,11
Ga2Te3,9
Ga2Te4O11,1
Ga2Te5,3
Ga2TeO6,1
Ga2TeS2,1
Ga2TeSe2,2
Ga2WO6,4
Ga3Ag,12
Ga3Bi,8
Ga3Co,6
Ga3Co4Ge,2
Ga3Cu3SiSe8,1
Ga3Fe,4
Ga3Fe4Co8Si,1
Ga3Ge,7
Ga3GePt8,1
Ga3Hg,9
Ga3Ir,7
Ga3NO3,10
Ga3Ni12Sn,1
Ga3Ni2,5
Ga3Ni5,5
Ga3Ni5Ge2,1
Ga3Ni5Sn2,1
Ga3Os,2
Ga3PO7,1
Ga3Pb,8
Ga3Pd5,3
Ga3Pd7,1
Ga3Pt2,5
Ga3Pt5,2
Ga3Re,2
Ga3Rh,7
Ga3Ru,2
Ga3SiNi4,1
Ga3Sn,12
Ga4Bi3As,1
Ga4BiAs3,2
Ga4GeO8,1
Ga4Ni3Pd,1
Ga4Ni3Pt,1
Ga4SiO8,1
Ga5(PS)3,1
Ga5Ag13,1
Ga5CuSe8,1
Ga5CuTe8,1
Ga5Ni,6
Ga5Pd,4
Ga5Pd13,1
Ga5Rh3,2
Ga5W2,1
Ga7Ni3,1
Ga7Pd3,1
Ga7Pt3,1
GaAg,21
GaAg(GeSe3)2,2
GaAg(PSe3)2,2
GaAg(SO4)2,1
GaAg2,14
GaAg3,16
GaAg3F6,7
GaAgO2,8
GaAgS2,9
GaAgSe2,8
GaAgSnSe4,2
GaAgTe2,9
GaAs,24
GaAsO4,8
GaAsPd5,2
GaAsRh4,1
GaAu,27
GaAu2,11
GaAuO2,5
GaBO3,5
GaBi,24
GaBiO3,8
GaBr3,11
GaCl3,12
GaCo,20
GaCo2Ni,7
GaCo3,7
GaCo4Ge3,1
GaCu3,14
GaCu4Ni15,1
GaCuBr4,4
GaCuCl4,4
GaCuGeSe4,3
GaCuI4,4
GaCuNi2,9
GaCuO2,7
GaCuPd2,8
GaCuPt2,9
GaCuRh2,5
GaCuS2,8
GaCuSe2,9
GaCuSnSe4,3
GaCuTe2,10
GaF3,14
GaFe(BiO3)2,2
GaFe2Co,4
GaFe2Co4Si,1
GaFe3,9
GaFe3As,3
GaFe3N,2
GaFe4Co8Si3,1
GaFe7N2,1
GaFeCo2,6
GaFeGe,4
GaFeIr2,5
GaFeNi2,5
GaFeNiO4,1
GaFeRh2,6
GaFeRu2,6
GaGe3Rh4,1
GaGeRu2,5
GaGeTe,2
GaH3NF3,1
GaH4NF4,1
GaH6N2F3,1
GaHCl2,7
GaHO2,13
GaHg3,11
GaHg3AsSCl4,1
GaHgCl4,3
GaI3,8
GaIr,21
GaMo2C,22
GaMo3,1
GaN,19
GaN5O14,1
GaNi,20
GaNi2,15
GaNi2Ge3,1
GaNi2Pt,7
GaNi3,10
GaNi3As,5
GaNi4Ge3,3
GaNi6Ge,5
GaNiRh2,5
GaP,24
GaPO4,8
GaPPd5,2
GaPPt5,1
GaPb3,9
GaPd,21
GaPd2,7
GaPd3,8
GaPt,30
GaPt3,8
GaPtO2,5
GaRh,19
GaRh3,7
GaRu,17
GaS,21
GaSb,16
GaSbO4,5
GaSe,26
GaSeBr7,1
GaSi3C3N,1
GaSiNi6,5
GaSiRu2,6
GaSn3,11
GaTe,24
GaTe4(MoSe)4,1
GaTeCl,7
GaTeI7,1
Gd,9
Gd(Al2Cr)4,1
Gd(Al2Cu)4,1
Gd(AlC)3,1
Gd(AlCu)6,1
Gd(AlSi)2,2
Gd(BC)2,3
Gd(BO2)3,1
Gd(BOs)2,2
Gd(BRh)4,1
Gd(BRu)2,3
Gd(BiO2)4,1
Gd(Co2B)6,1
Gd(CoB)2,2
Gd(CoB)4,3
Gd(CoGe)2,1
Gd(CoSi)2,1
Gd(CuO2)2,1
Gd(CuS)3,1
Gd(CuSi)2,1
Gd(CuSn)2,2
Gd(FeGe)2,1
Gd(FeP3)4,1
Gd(FeSi)2,1
Gd(Ga2Fe)4,1
Gd(Ge2Rh3)2,1
Gd(GePd)2,2
Gd(GeRh)2,1
Gd(HO)3,1
Gd(LuS2)3,1
Gd(MnGe)2,1
Gd(MnSi)2,1
Gd(NiAs)2,1
Gd(NiGe)2,2
Gd(NiP)2,1
Gd(NiSb)2,1
Gd(PRu)2,1
Gd(PdO2)2,1
Gd(Re2Si)2,3
Gd(SiAg)2,1
Gd(SiAu)2,1
Gd(SiIr)2,2
Gd(SiNi)2,2
Gd(SiNi5)2,1
Gd(SiOs)2,1
Gd(SiPd)2,1
Gd(SiPt)2,4
Gd(SiRh)2,1
Gd(SiRu)2,1
Gd(Sn3Ru2)2,1
Gd12Co6Pb,1
Gd2AgAu,3
Gd2AgHg,4
Gd2AgIr,5
Gd2AgRh,4
Gd2AgRu,4
Gd2Al6Si4Au,1
Gd2Al6Si4Pt,1
Gd2AlCd,4
Gd2AlCo2,3
Gd2AlFe3,1
Gd2AlGe6,1
Gd2AlZn,4
Gd2B3C2,1
Gd2BiO2,1
Gd2Br3,1
Gd2C,3
Gd2C(NO)2,1
Gd2C3,2
Gd2CBr,3
Gd2CCl,3
Gd2CCl2,1
Gd2CF2,1
Gd2CI,2
Gd2CdHg,4
Gd2CdIn,5
Gd2CdO4,1
Gd2CdPd2,2
Gd2CdS4,1
Gd2Cl3,1
Gd2Co2I,1
Gd2CoNi3,1
Gd2CoSi2,1
Gd2Cr2C3,1
Gd2Cu(GeO3)4,1
Gd2CuAu,5
Gd2CuO4,3
Gd2CuRu,4
Gd2Fe17,2
Gd2Fe2I,1
Gd2Fe5Si8,1
Gd2Ga8Co,1
Gd2GaAg,4
Gd2GeBr2,2
Gd2GeMoO8,1
Gd2HfO5,3
Gd2HgO4,1
Gd2In,4
Gd2InGe2,1
Gd2InHg,4
Gd2InNi2,3
Gd2InPd2,2
Gd2IrAu,4
Gd2IrPd,4
Gd2IrRh,4
Gd2IrRu,3
Gd2Mg,4
Gd2MgAl,4
Gd2MgCd,4
Gd2MgGe2,1
Gd2MgIn,4
Gd2MgIrO6,2
Gd2MgNi2,2
Gd2MgPtO6,2
Gd2MgRu,3
Gd2MgS4,4
Gd2MgSi2,1
Gd2MgTl,4
Gd2MnGa6,1
Gd2MnNiO6,1
Gd2MnS4,1
Gd2Mo2C3,2
Gd2Ni2Sn,3
Gd2Ni7,1
Gd2NiIr,4
Gd2NiPtO6,1
Gd2NiRu,4
Gd2NiRuO6,1
Gd2O3,7
Gd2PbS4,1
Gd2PdRh,3
Gd2Re2Si2C,1
Gd2ReC2,1
Gd2RuRh,3
Gd2S2O,1
Gd2S3,5
Gd2SCl4,2
Gd2SO2,2
Gd2SbO2,1
Gd2Se3,2
Gd2SeO2,2
Gd2Si3Ni,3
Gd2SnAu2,1
Gd2SnS5,1
Gd2Te3,3
Gd2TeO2,3
Gd2TiCuO6,1
Gd2TiZnO6,2
Gd2Tl,4
Gd2TlAg,3
Gd2TlCd,4
Gd2TlHg,4
Gd2TlZn,4
Gd2VFeO6,1
Gd2Zn17,1
Gd2ZnAg,4
Gd2ZnGa,4
Gd2ZnHg,3
Gd2ZnIn,4
Gd2ZnPtO6,2
Gd2ZnRh,5
Gd3(BiO4)2,1
Gd3(CuGe)4,2
Gd3Al,3
Gd3Al7Ag2,1
Gd3AlC,1
Gd3AuO6,2
Gd3CI3,1
Gd3Cd,5
Gd3Co11B4,1
Gd3Cu3Sb4,1
Gd3Dy,4
Gd3Er,6
Gd3ErNi4,1
Gd3FeO6,1
Gd3Ga,3
Gd3GaC,2
Gd3GaO6,1
Gd3Ho,6
Gd3In,4
Gd3InN,1
Gd3InO6,2
Gd3Lu,6
Gd3NCl6,1
Gd3P4Pd7,1
Gd3Pd2,1
Gd3Sb4Au3,1
Gd3SbO3,1
Gd3Sc2S7,1
Gd3SnC,1
Gd3TlC,1
Gd3Y,5
Gd3YO6,2
Gd3Zn5Ge,1
Gd4B3C4,1
Gd4Sb3,1
Gd5(AsO6)2,1
Gd5AgS8,1
Gd5AgSe8,1
Gd5CuBi3,1
Gd6CoBr10,1
Gd6CoCl10,1
Gd6WO12,1
Gd8Sb3O8,1
GdAg,5
GdAg2,5
GdAg3,4
GdAgSe2,5
GdAgSn2,5
GdAl,4
GdAl2Ni,3
GdAl3(BO3)4,2
GdAl3Ni2,2
GdAl3Pd2,1
GdAlCu4,3
GdAlGa,4
GdAlGe,6
GdAlNi,4
GdAlNi4,3
GdAlO3,4
GdAlRh,4
GdAlSi,7
GdAlZn,7
GdAlZnGe2,1
GdAs2Au,4
GdAs2Pd3,2
GdAsO3,1
GdAsO4,6
GdAsS,4
GdAu,4
GdAu2,4
GdB12,1
GdB2,2
GdB2Rh2C,1
GdB2Rh3,1
GdB2Ru3,1
GdB4,1
GdB6,1
GdBO3,6
GdBRh3,1
GdBi,3
GdBi2BrO4,1
GdBi2ClO4,1
GdBi2IO4,1
GdBi3,4
GdBiPd,4
GdBiPt,4
GdBr,4
GdBrO,4
GdC2,3
GdCBr,2
GdCd,3
GdCd2,4
GdCd3,4
GdCdAg2,4
GdCdAu2,3
GdCdCu,4
GdCdPd,6
GdCdPt2,4
GdCdRh2,3
GdCl3,3
GdCo2,3
GdCo2Ni2B,1
GdCo3B2,1
GdCo4B,1
GdCo4Si,1
GdCoC,3
GdCoC2,4
GdCoSi,6
GdCoSi3,1
GdCrO3,3
GdCrO4,2
GdCu,3
GdCu4Au,1
GdCu4Pd,2
GdCu5,4
GdCuAs2,3
GdCuPb,6
GdCuSb2,2
GdCuSeO,1
GdCuSi,9
GdCuSn,6
GdDy,7
GdDy3Ni4,1
GdDyAl4,1
GdDyC4,1
GdDyIr2,3
GdDyNi2,5
GdDyRh2,3
GdDyZn2,5
GdEr3,7
GdErAl6,3
GdErCo4,1
GdErHg2,3
GdErIn2,4
GdErIr2,3
GdErRu2,3
GdFe2,3
GdFe2SiC,1
GdFe4(BiO4)3,1
GdFe4(CuO4)3,1
GdFe5,2
GdFeAsO,1
GdFeC2,1
GdFeNi4,2
GdFeO3,1
GdGa,4
GdGa2,8
GdGa2Co,2
GdGa3(BO3)4,1
GdGa3Os,1
GdGa3Ru,1
GdGa6,2
GdGaI,1
GdGaO3,3
GdGaRh2,3
GdGeIr,4
GdGePt,6
GdGeRh,5
GdH2,4
GdH2ClO2,1
GdH3,4
GdHO2,5
GdHSe,4
GdHfF7,1
GdHg,3
GdHg3,4
GdHo3,7
GdHoAl6,3
GdHoIr2,3
GdHoTl2,4
GdIn,3
GdIn2Rh,3
GdIn3,6
GdIn5Rh,1
GdInAu,5
GdInAu2,4
GdInCu2,4
GdInCu4,1
GdInIr,5
GdInNi4,1
GdInO3,2
GdInPd,5
GdInPd2,5
GdInPt2,6
GdInPt4,1
GdInRh,5
GdLuAg2,3
GdLuAl4,1
GdLuCd2,3
GdLuCu2,3
GdLuIr2,3
GdLuO3,2
GdLuRh2,3
GdLuRu2,3
GdMg,3
GdMg2,5
GdMg2Ag,5
GdMg2Ni9,1
GdMgAg2,3
GdMgCd2,3
GdMgGa,4
GdMgIn,5
GdMgNi4,1
GdMgPd,5
GdMgPt,5
GdMgRh2,3
GdMgTl,5
GdMgZn2,3
GdMn4(CuO4)3,1
GdMnSi,4
GdMoC2,2
GdMoClO4,1
GdN,2
GdNbO4,3
GdNi2B2C,1
GdNi4Au,1
GdNi4B,1
GdNi5,2
GdNiAs,5
GdNiBi,4
GdNiC2,2
GdNiO3,3
GdNiSb,3
GdOF,8
GdP,2
GdP5,1
GdPO4,2
GdPPd,7
GdPPt,5
GdPb3,5
GdPbAu,5
GdPd,5
GdPd3,3
GdPt,5
GdPt2,5
GdRh,4
GdRh2,2
GdRh5,2
GdRu2,3
GdRuC2,2
GdS,3
GdS2,5
GdSBr,4
GdSF,6
GdSI,4
GdSb,3
GdSbPd,4
GdSbPt,6
GdScGe,4
GdScO3,2
GdScS3,1
GdScSi,3
GdSe,3
GdSe2,5
GdSi,4
GdSi2,5
GdSi2Rh3,2
GdSi3Ir,1
GdSiAg,5
GdSiPd,9
GdSiPt,7
GdSiPt2,4
GdSiRu,5
GdSn2,6
GdSnAu,5
GdSnGe,3
GdSnPd,6
GdSnPd2,5
GdSnPt2,5
GdSnRh2,3
GdTa4O12,1
GdTaO4,4
GdTe,5
GdTe2,3
GdTiClO3,1
GdTiGe,3
GdTiO3,2
GdTl,2
GdTl3,4
GdTlPd,4
GdTlS2,2
GdTlTe2,5
GdTm(FeNi4)2,1
GdTmCd2,3
GdTmIr2,3
GdTmO3,2
GdVO3,2
GdVO4,2
GdWC2,2
GdY(CoB)4,1
GdY(FeO3)2,1
GdY3,7
GdYAl4,1
GdYCo4,1
GdYCu2,4
GdYCu4,3
GdYH4,2
GdYHg2,3
GdYIr2,3
GdYO2,2
GdYRh2,4
GdYRu2,3
GdYV2O8,1
GdZn,2
GdZn2,6
GdZnGe,9
GdZnIn,7
GdZnPO,2
GdZnPd,5
GdZnRh,5
GdZnSi,5
GdZrF7,1
GdZrRu2,3
GdZrSb,3
Ge,28
Ge(BiTe2)2,3
Ge(SbTe)4,1
Ge(SbTe2)2,6
Ge(SeO3)2,3
Ge(TeO3)2,2
Ge2Bi2Te5,3
Ge2BiO6,2
Ge2Mo,5
Ge2MoO6,3
Ge2Os,4
Ge2Pt,7
Ge2Pt3,4
Ge2Sb2Te5,3
Ge2W,6
Ge2WO6,3
Ge3(BiTe3)2,1
Ge3(SbTe3)2,3
Ge3As4,1
Ge3Mo5,2
Ge3Mo5C,1
Ge3N4,6
Ge3Os2,4
Ge3PbSe4,1
Ge3Rh5,1
Ge3Ru2,2
Ge4(Mo3W)3,1
Ge4Ir,4
Ge4PbO9,2
Ge4Rh,5
Ge7Ir3,1
GeAs,21
GeAs3,4
GeAsAu,6
GeAsW,1
GeAu3,14
GeBi2O5,5
GeBi4Te7,1
GeBiPd6,2
GeBr2,12
GeBr4,8
GeCl4,8
GeF2,5
GeF4,4
GeH4,42
GeI2,10
GeIr,20
GeMo3,1
GeMoAs,3
GeO2,27
GeP,20
GeP2O7,2
GeP3,2
GePb3O5,2
GePbS3,6
GePd,16
GePd2,9
GePd5,3
GePdS3,4
GePt,21
GePt2,7
GePt3,7
GePtS,3
GePtSe,4
GeRh,20
GeRh2,7
GeRu,19
GeS,24
GeS2,13
GeSb,17
GeSb4Te7,1
GeSbTe3,4
GeSe,18
GeSe2,11
GeTe,20
GeTe(PbSe)2,1
GeTe4Pb3,4
GeTe5Pb4,3
GeTe7As4,1
GeTePt,6
H11O8,1
H2,84
H2C,46
H2CO3,2
H2O,46
H2O2,20
H2S,28
H2SO4,6
H2SeO3,2
H3BrO,5
H3CBr,5
H3CCl,7
H3CI,5
H3ClO,6
H3F2,1
H3N,48
H3O2,2
H3OF,6
H3Pd4,5
H4BrN,4
H4C,9
H4CN2O,3
H4CSN2,3
H4IN,4
H4NCl,4
H4NF,4
H5CNO2,2
H5PbCN2Cl3,1
H6CIN,2
H6CNF,2
H6PbCNCl3,1
H8Pd(NCl3)2,2
H8Pt(NCl3)2,2
HAuO2,8
HBr,23
HC,22
HCl,24
HF,41
HI,28
HI3,5
HIO3,7
HIO4,4
HPb2IO2,1
HPbBrO,4
HPbIO,2
HPd,20
HRh,18
Hf,25
Hf(Al2Fe)4,1
Hf(AlFe)6,1
Hf(AlNi4)3,1
Hf(CoGe)6,2
Hf(CoSi)2,3
Hf(CuP)2,3
Hf(FeGe)6,3
Hf(FeSi)2,5
Hf(GaFe)6,1
Hf(GaNi4)3,1
Hf(MnGe)6,2
Hf(MnSn)6,1
Hf(Ni2As)2,1
Hf(Ni2P)2,2
Hf(PS3)2,2
Hf(SiNi)2,5
Hf(Te2Cl3)2,2
Hf(Ti2Se5)2,1
Hf(VGa2)2,1
Hf(VH2)2,3
Hf10(AlSi)3,1
Hf10(InSb)3,1
Hf10CuSn7,1
Hf10MnSb5,1
Hf10NiSb5,1
Hf10VSb5,1
Hf2Ag,3
Hf2Ag3F14,1
Hf2Al,9
Hf2Al3,4
Hf2Al3Ag,2
Hf2Al3Au,3
Hf2Al3C4,1
Hf2Al3Co,4
Hf2Al3Cu,2
Hf2Al3Ni,2
Hf2Al3Pd,2
Hf2Al3Zn,5
Hf2Al4C5,1
Hf2AlSi,5
Hf2Au,3
Hf2BIr6,2
Hf2Be17,3
Hf2Bi,5
Hf2CN,7
Hf2CS,6
Hf2Cd,7
Hf2Co7,2
Hf2CoCu,8
Hf2CoCuSn2,1
Hf2CoIr,7
Hf2CoOs,5
Hf2CoP,4
Hf2CoRe,4
Hf2Cr3Si,2
Hf2Cu,4
Hf2CuGe4,1
Hf2CuIr,6
Hf2CuOs,4
Hf2CuRe,4
Hf2CuRh,5
Hf2CuSb3,1
Hf2CuSi4,1
Hf2Fe3Si,2
Hf2FeIr,4
Hf2FeOs,4
Hf2FeRh,5
Hf2Ga,5
Hf2Ga3,4
Hf2Ga3Co,4
Hf2Ga3Cu,3
Hf2Ga3Ni,1
Hf2GaSb3,1
Hf2Ge,9
Hf2H2Pd,2
Hf2Hg,4
Hf2In5,1
Hf2InC,5
Hf2InCu2,5
Hf2InNi2,7
Hf2InPd2,5
Hf2IrPd,6
Hf2IrRh,7
Hf2IrRu,5
Hf2MnCo,5
Hf2MnIr,4
Hf2MnOs,5
Hf2MnRh,4
Hf2MoIr,4
Hf2MoPt,5
Hf2MoRh,4
Hf2N,6
Hf2Ni,7
Hf2Ni2Sn,5
Hf2Ni7,3
Hf2NiIr,8
Hf2NiP,5
Hf2NiS4,2
Hf2OsPd,4
Hf2OsRh,5
Hf2OsRu,5
Hf2PbC,5
Hf2Pd,5
Hf2Pt3,5
Hf2ReIr,4
Hf2ReNi,4
Hf2ReOs,4
Hf2RePd,5
Hf2ReRh,4
Hf2ReRu,5
Hf2RuRh,5
Hf2S,5
Hf2SN2,3
Hf2SbP,5
Hf2Se,6
Hf2Se3,7
Hf2SeN2,5
Hf2Si,8
Hf2Si4Ni3,1
Hf2SiAs3,1
Hf2SiH,5
Hf2SiMo3,1
Hf2SiNi3,2
Hf2SnC,7
Hf2Te,4
Hf2Te3,6
Hf2Tl,7
Hf2TlC,5
Hf2V3Ge,2
Hf2V3Ru,2
Hf2Zn,5
Hf2ZnRe,5
Hf3(Al2C3)2,1
Hf3(Cu2Ge)2,1
Hf3(Cu2Si)2,1
Hf3(CuSi)4,2
Hf3(Ga2Cu)2,2
Hf3(NiGe)4,3
Hf3Al,9
Hf3Al2,4
Hf3AlGe5,1
Hf3AlN,4
Hf3As2,2
Hf3B2Ir5,1
Hf3Co2Si3,1
Hf3CoS6,1
Hf3Fe2Si3,1
Hf3Ga,8
Hf3Ga3Pd2Pt,1
Hf3Ge2,2
Hf3GeO8,2
Hf3Hg,5
Hf3Mg,7
Hf3N2,4
Hf3N2O3,4
Hf3N4,5
Hf3Nb2Ga3,1
Hf3Ni3Sb4,1
Hf3Ni7,1
Hf3P2,3
Hf3Pb,9
Hf3Rh5,4
Hf3Sb,8
Hf3Sc,7
Hf3ScGa12,2
Hf3ScSi4,1
Hf3Si2,2
Hf3Si3Ni2,1
Hf3Sn,6
Hf3SnO8,1
Hf3TaCo8,1
Hf3TaFe8,2
Hf3Te2,1
Hf3Ti2Ga3,2
Hf3TiV8,1
Hf3Tl,6
Hf3Tl2(CuSe4)2,1
Hf3ZnN,4
Hf4(Ru4C)3,1
Hf4AgPd,1
Hf4Al3,2
Hf4AlSi,2
Hf4C3N,3
Hf4CN3,2
Hf4Co7Ge6,1
Hf4CoP,2
Hf4CuP,3
Hf4CuSi3,1
Hf4CuSi4,1
Hf4FeP,3
Hf4FeS8,1
Hf4GeSb7,1
Hf4N3,7
Hf4Ni3As8,1
Hf4NiP,4
Hf5Al3,5
Hf5Al3C,1
Hf5Al3N,1
Hf5CoSn3,1
Hf5CuPb3,1
Hf5CuSb3,1
Hf5CuSn3,1
Hf5FeSb2,2
Hf5Ga3,2
Hf5GaSn3,1
Hf5Ge3,2
Hf5Ir3,3
Hf5MnSb2,1
Hf5NiSb3,1
Hf5NiSn3,1
Hf5Pb,4
Hf5Sc,7
Hf5Sc5Ge6,2
Hf5Sc5Si6,1
Hf5ScSi4,1
Hf5Si3,2
Hf5Si3N,1
Hf5Sn3,2
Hf5Sn4,2
Hf5Te4,1
Hf5ZnSb3,1
Hf5Zr5Ga6,1
Hf6Al2Co,2
Hf6Al2Fe,2
Hf6Al2Ni,2
Hf6Al2Pt,2
Hf6CoBi2,2
Hf6CoSb2,2
Hf6FeSb2,2
Hf6Ga2Co,2
Hf6Ga2Fe,2
Hf6NiBi2,2
Hf6NiSb2,2
Hf9Ni11,1
HfAg,18
HfAl,20
HfAl2,8
HfAl2Zn,6
HfAl3,6
HfAl5Ni2,2
HfAlAu2,6
HfAlCo,8
HfAlCo2,5
HfAlCr,4
HfAlCu,31
HfAlCu2,5
HfAlFe,9
HfAlFe2,6
HfAlIr2,5
HfAlMo,4
HfAlNi,6
HfAlNi2,5
HfAlPd,8
HfAlPd2,5
HfAlPt,7
HfAlPt2,7
HfAlRh,8
HfAlRh2,5
HfAlRu2,6
HfAlZn,11
HfAs,18
HfAs2,6
HfAsPd,17
HfAsRu,5
HfAu,18
HfAu2,3
HfAu3,7
HfAu9,1
HfB12,1
HfB2,3
HfB4Ir3,1
HfBRh3,27
HfBe,14
HfBe2,4
HfBe5,3
HfBeIr2,6
HfBeRh2,4
HfBeSi,3
HfBi,18
HfBrN,4
HfC,11
HfCd,21
HfCdCu2,4
HfCdO3,5
HfCdRh2,4
HfCl4,8
HfCo,19
HfCo2,8
HfCo2Sn,5
HfCo3,8
HfCo3B2,3
HfCoAs,5
HfCoGe,7
HfCoP,9
HfCoSi,16
HfCoSn,9
HfCr2,5
HfCrAgS4,17
HfCrCuS4,19
HfCrCuSe4,1
HfCrP,4
HfCrSi,14
HfCu2Te3,2
HfCu3,10
HfCuGe,11
HfCuGe2,5
HfCuGeAs,1
HfCuSi,8
HfCuSi2,6
HfCuSiAs,1
HfCuSn,7
HfFe2,6
HfFe2Sn,2
HfFeAs,16
HfFeCl6,2
HfFeF6,6
HfFeGe,5
HfFeO3,6
HfFeP,6
HfFeSb,3
HfFeSi,11
HfGa2,7
HfGa2Ag,5
HfGa3,5
HfGa5Co,1
HfGa5Ni,2
HfGaAu,27
HfGaCo,10
HfGaCo2,6
HfGaCu,31
HfGaNi,9
HfGaNi2,6
HfGaPd,8
HfGaPt,9
HfGaRh,6
HfGaRh2,6
HfGaRu2,4
HfGe2,6
HfGeIr,7
HfGeMo,5
HfGeO4,3
HfGeOs,8
HfGePd,7
HfGePt,5
HfGeRh,9
HfGeRu,7
HfGeRu2,4
HfGeS,3
HfGeSe,1
HfGeTe,2
HfGeTe4,2
HfH2,5
HfH3,14
HfI3,7
HfI4,8
HfIN,3
HfInAu2,5
HfInCo2,5
HfInCu2,5
HfInNi2,6
HfInPd2,6
HfInPt2,5
HfInRh2,5
HfIr,22
HfIr3,6
HfMg14Al,2
HfMg14Bi,2
HfMg14Cd,2
HfMg14Cu,2
HfMg14Ga,2
HfMg14Sb,2
HfMg14Sn,2
HfMg14Ti,2
HfMg14Zn,2
HfMg14Zr,2
HfMg15,1
HfMgAu2,5
HfMgIr2,5
HfMgN2,12
HfMgPd2,4
HfMgPt2,6
HfMgRh2,5
HfMn2,6
HfMnAl,6
HfMnF6,5
HfMnGe,7
HfMnIr2,5
HfMnO3,7
HfMnP,4
HfMnRh2,5
HfMnSi,5
HfMo2,6
HfMoP,3
HfN,19
HfNCl,4
HfNb2VC4,4
HfNbB2,4
HfNbB4,3
HfNbC2,5
HfNbCN,2
HfNbN2,10
HfNbP,4
HfNbRu2,6
HfNi,18
HfNi2,7
HfNi2Sb,5
HfNi2Sn,5
HfNi3,8
HfNi5,5
HfNiAs,9
HfNiGe,10
HfNiO3,5
HfNiP,7
HfNiSb,8
HfNiSn,9
HfO2,21
HfOs,13
HfOs2,3
HfP,17
HfP2,5
HfP2O7,4
HfPOs,3
HfPRu,3
HfPbO3,32
HfPbS3,4
HfPd,18
HfPd2,6
HfPd3,7
HfPd5,4
HfPt,19
HfPt3,8
HfPt4,4
HfRe2,5
HfReSi,17
HfRh,18
HfRh3,6
HfRu,16
HfS,18
HfS2,14
HfS3,8
HfSO,7
HfSb,20
HfSb2,8
HfSb4Mo,1
HfSbRu,5
HfSc,19
HfSc3Si8,1
HfScCo2,4
HfScGe4,1
HfScIr2,5
HfScOs2,4
HfScRh2,5
HfScRu2,4
HfScSi2,5
HfSe2,11
HfSe3,7
HfSi,24
HfSi2,7
HfSiMo,5
HfSiNi,6
HfSiO4,3
HfSiOs,3
HfSiPd,9
HfSiPt,15
HfSiRh,4
HfSiRu,11
HfSiRu2,5
HfSiS,1
HfSiSe,2
HfSiTe,2
HfSiW,5
HfSn,16
HfSn2,8
HfSnIr,8
HfSnO3,5
HfSnPd,7
HfSnRh,9
HfSnRh2,7
HfSnRu2,5
HfSnS3,5
HfTa2VC4,2
HfTa5B4,1
HfTaB2,4
HfTaB4,4
HfTaC2,6
HfTaCN,2
HfTaFe4,2
HfTaNO3,2
HfTaRe2,4
HfTaRu2,6
HfTaV4,1
HfTe2,3
HfTe3,6
HfTe5,3
HfTeSe4,2
HfTi,20
HfTi(PbO3)2,3
HfTi3,9
HfTiB4,4
HfTiC2,5
HfTiCN,3
HfTiF6,1
HfTiFe4,2
HfTiMo4,2
HfTiN2,10
HfTiO4,7
HfTiRu2,6
HfTiSe4,3
HfTiZn2,5
HfTl2PbSe4,2
HfTl2Se3,3
HfTlCdF7,2
HfTlCuS3,2
HfTlCuSe3,2
HfV2,5
HfVF6,2
HfVGe,6
HfVP,7
HfVSi,7
HfW2,6
HfZn,15
HfZn2,9
HfZn2Ga,5
HfZn3,7
HfZnAu2,4
HfZnCo2,4
HfZnCu2,5
HfZnIr2,4
HfZnN2,7
HfZnNi2,5
HfZnPd2,6
HfZnPt2,8
HfZnRh2,6
HfZr,21
HfZr3,10
HfZrB4,4
HfZrC2,6
HfZrCN,3
HfZrCo2,8
HfZrFe2,4
HfZrFe4,2
HfZrMo4,1
HfZrN2,9
HfZrNb2,7
HfZrO4,7
HfZrOs2,6
HfZrRu2,5
HfZrS6,1
HfZrV4,1
HfZrW4,1
HfZrZn2,4
Hg,367
Hg(AsO3)2,2
Hg(BiO3)2,3
Hg(BiS2)2,3
Hg(ClO3)2,3
Hg(IO3)2,3
Hg(Mo3S4)2,1
Hg(SbO3)2,3
Hg11I2BrClO4,1
Hg2As3Br,1
Hg2AsCl2,3
Hg2GeO4,6
Hg2GeSe4,3
Hg2IBr3,3
Hg2IO,6
Hg2MoO4,3
Hg2P2S7,2
Hg2P3Cl,1
Hg2PCl2,1
Hg2Pt,17
Hg2Rh,15
Hg2SO4,2
Hg2SeO4,2
Hg2WO4,1
Hg3(SCl)2,8
Hg3(SF)2,2
Hg3(SeCl)2,5
Hg3(TeBr)2,5
Hg3(TeCl)2,4
Hg3AsS4Br,1
Hg3AsS4Cl,1
Hg3Bi2(SCl4)2,2
Hg3Pb,15
Hg4Pt,5
Hg5Pd2,1
HgAs2H2F14,1
HgAsO3,5
HgAsPd5,2
HgAu3,20
HgAu4,6
HgBiO3,6
HgBr,31
HgBr2,59
HgCl,30
HgCl2,86
HgF,18
HgF2,19
HgHOF,2
HgI,21
HgI2,37
HgMoO4,5
HgNO2,5
HgO,21
HgPPd5,1
HgPPt5,2
HgPS3,6
HgPSe3,6
HgPb3,21
HgPb4,7
HgPbF6,7
HgPd,18
HgPd2Au,9
HgPd3,13
HgPd5Se,1
HgPdF4,6
HgPt2Se3,2
HgPt3,16
HgPtO2,5
HgRhF6,7
HgS,23
HgS4,3
HgSO4,9
HgSe,50
HgSeO3,9
HgSeO4,4
HgTe,41
HgTeO3,5
HgWO4,6
Ho,18
Ho(Al2Cr)4,1
Ho(Al2Cu)4,1
Ho(Al2Fe)4,1
Ho(AlC)3,1
Ho(AlCu)6,1
Ho(AlFe)6,1
Ho(AlGe)2,3
Ho(AlSi)2,2
Ho(BC)2,4
Ho(BRh)4,2
Ho(Co2B)6,1
Ho(CoB)2,3
Ho(CoB)4,3
Ho(CoGe)2,2
Ho(CoGe)6,2
Ho(CoSi)2,1
Ho(CrFe5)2,1
Ho(CrGe)6,1
Ho(CuGe)2,2
Ho(CuS)3,2
Ho(CuSi)2,1
Ho(CuTe)3,1
Ho(Fe2Ge)2,3
Ho(Fe5Mo)2,1
Ho(Fe5Re)2,1
Ho(Fe5Si)2,2
Ho(FeB)2,2
Ho(FeGe)2,3
Ho(FeSi)2,2
Ho(GaCo)6,1
Ho(GaFe)6,2
Ho(Ge2Rh3)2,1
Ho(GePd)2,2
Ho(GeRh)2,2
Ho(GeRu)2,2
Ho(HO)3,1
Ho(MnAl)6,1
Ho(MnAl2)4,1
Ho(MnGe)2,2
Ho(MnGe)6,4
Ho(MnSi)2,2
Ho(MnSn)6,5
Ho(Mo3S4)2,1
Ho(Mo3Se4)2,1
Ho(Ni2As)2,1
Ho(Ni2P)2,1
Ho(NiB)2,3
Ho(NiGe)2,2
Ho(NiP)2,3
Ho(PPd)2,1
Ho(PRu)2,1
Ho(SiAu)2,1
Ho(SiIr)2,2
Ho(SiNi)2,4
Ho(SiOs)2,2
Ho(SiPd)2,1
Ho(SiPt)2,3
Ho(SiRh)2,1
Ho(SiRu)2,2
Ho(TiGa2)2,1
Ho(VFe5)2,1
Ho(ZnP)3,1
Ho12Co5Bi,1
Ho12In3Fe2,1
Ho12Ni6Pb,1
Ho2(B2Rh3)3,1
Ho2(CoNi)5,2
Ho2(Fe3Si)3,1
Ho2(NiB2)3,1
Ho2AgAu,6
Ho2AgHg,4
Ho2AgIr,5
Ho2AgOs,3
Ho2AgRu,4
Ho2Al,8
Ho2Al3Fe,2
Ho2Al3Ge4,1
Ho2Al3Si2,2
Ho2AlCd,4
Ho2AlFe3,1
Ho2AlNi2,3
Ho2AlSi2,4
Ho2AlZn,6
Ho2Au,3
Ho2B4C,1
Ho2BiO2,1
Ho2C,6
Ho2C(NO)2,1
Ho2C3,1
Ho2CF2,2
Ho2CdCu2,2
Ho2CdHg,3
Ho2CdIn,4
Ho2CdOs,4
Ho2CdPd2,2
Ho2CdS4,5
Ho2CdSe4,2
Ho2Co17,2
Ho2Co2I,2
Ho2Co3Ge5,2
Ho2Co3Si5,1
Ho2Co7,2
Ho2CoGe2,2
Ho2CoGe6,1
Ho2CoRu,4
Ho2CoSi2,2
Ho2Cr2C3,2
Ho2Cu(GeO3)4,1
Ho2Cu(SiO3)4,1
Ho2CuGe6,1
Ho2CuIr,5
Ho2CuO4,2
Ho2CuOs,3
Ho2CuPd,6
Ho2CuPt,5
Ho2CuRh,5
Ho2CuRu,3
Ho2Fe17C,2
Ho2FeC4,1
Ho2FeSi2,3
Ho2FeSi4,2
Ho2Ga3Cu,5
Ho2Ga3Fe,2
Ho2Ga3Ni,4
Ho2Ga8Co,1
Ho2Ga8Fe,1
Ho2GaAg,4
Ho2GaCo2,3
Ho2GaNi2,4
Ho2GaOs,4
Ho2GaRu,4
Ho2Ge2O7,7
Ho2Ge2Os,2
Ho2Ge2Rh,1
Ho2Ge2Ru,1
Ho2Ge5Rh3,2
Ho2Ge5Ru3,2
Ho2Ge6Pd,1
Ho2Ge6Pt,1
Ho2HgO4,1
Ho2In,7
Ho2In3Cu,3
Ho2In8Co,1
Ho2InAg,4
Ho2InAu2,1
Ho2InGe2,1
Ho2InHg,5
Ho2InNi2,3
Ho2InPd2,4
Ho2IrAu,5
Ho2IrPd,3
Ho2IrRh,3
Ho2IrRu,3
Ho2Mg,6
Ho2MgAl,5
Ho2MgCd,4
Ho2MgCu2,3
Ho2MgGa,4
Ho2MgGe2,1
Ho2MgIn,5
Ho2MgNi2,3
Ho2MgOs,4
Ho2MgPd2,2
Ho2MgRu,4
Ho2MgS4,7
Ho2MgSe4,7
Ho2MgSi2,2
Ho2MgTiO6,3
Ho2MgTl,4
Ho2MnGe4,1
Ho2MnNiO6,2
Ho2Mo2C3,2
Ho2Ni2Pb,3
Ho2Ni2Sn,3
Ho2Ni7,3
Ho2NiAs2,1
Ho2NiGe6,1
Ho2NiIr,5
Ho2NiRu,4
Ho2NiRuO6,2
Ho2NiSb4,1
Ho2O3,8
Ho2OsAu,3
Ho2OsC2,1
Ho2OsPd,4
Ho2Pd2Pb,1
Ho2PdRh,4
Ho2PdRu,5
Ho2Pt,4
Ho2Re2Si2C,1
Ho2ReC2,1
Ho2RuAu,3
Ho2RuPt,3
Ho2RuRh,4
Ho2S3,14
Ho2SO2,5
Ho2SbO2,2
Ho2Se3,10
Ho2SeO2,4
Ho2Si3,2
Ho2Si3Pd,4
Ho2Si4Mo3,1
Ho2Si5Ni3,1
Ho2Si5Rh3,1
Ho2SiGe,5
Ho2Sn5Rh3,1
Ho2SnAu2,4
Ho2Te3,7
Ho2Te5,1
Ho2TeO2,4
Ho2TeO6,4
Ho2TeS2,2
Ho2TiO5,5
Ho2TlAg,4
Ho2TlCd,4
Ho2TlHg,7
Ho2TlIn,6
Ho2TlZn,4
Ho2V2O7,3
Ho2VFeO6,1
Ho2VPO8,1
Ho2Zn17,2
Ho2ZnAg,5
Ho2ZnAu,4
Ho2ZnCu,6
Ho2ZnCuSi2,2
Ho2ZnGa,5
Ho2ZnHg,3
Ho2ZnIn,4
Ho2ZnIr,5
Ho2ZnOs,4
Ho2ZnPd,5
Ho2ZnPt,5
Ho2ZnRh,6
Ho2ZnRu,5
Ho3(AgSn)4,1
Ho3(CoGe2)2,2
Ho3(CuGe)4,2
Ho3(CuSi)4,2
Ho3(CuSn)4,1
Ho3(FeGe)4,1
Ho3(Ga2Cu)2,2
Ho3(GePd)4,2
Ho3(NiRu2)2,1
Ho3Al2,4
Ho3AlC,1
Ho3AlN,1
Ho3Co,7
Ho3Co11B4,1
Ho3Co2Si3,1
Ho3Co2Si7,1
Ho3Co6Sn5,1
Ho3Cu3Sb4,1
Ho3Er,29
Ho3Er3MnBi2,2
Ho3Er9(MnBi2)2,2
Ho3Fe2Si3,1
Ho3Ga,7
Ho3Ga8Ir3,1
Ho3Ga8Rh3,2
Ho3Ga9Pd2,1
Ho3Ga9Pt2,1
Ho3GaO6,1
Ho3GaS6,1
Ho3Ge3Ir2,2
Ho3Ge3Ru2,2
Ho3Ge4,2
Ho3Ge5,2
Ho3In,9
Ho3In5,5
Ho3InN,2
Ho3Ir,6
Ho3Lu,8
Ho3Mg,7
Ho3Ni,7
Ho3Ni13B2,1
Ho3Ni2,5
Ho3Os,8
Ho3Pb,6
Ho3PbC,1
Ho3Pd2,3
Ho3Pd4,2
Ho3Pt,6
Ho3Pt4,2
Ho3Ru,7
Ho3Ru2,4
Ho3SOF5,1
Ho3Sb4Au3,1
Ho3SbO3,2
Ho3Sc,10
Ho3Sc2S7,1
Ho3ScO6,2
Ho3Si2(SnRh3)3,1
Ho3Sn7,2
Ho3Tl5,4
Ho3Tm,34
Ho3TmMn8,1
Ho3Zr,5
Ho4(NiGe4)3,1
Ho4C5,1
Ho4CdS7,1
Ho4CdSe7,1
Ho4CoSn8,2
Ho4CrS7,1
Ho4CrSe7,1
Ho4Cu5P7,1
Ho4FeSn8,1
Ho4Ga12Fe,1
Ho4Ga12Ni,1
Ho4Ga12Pd,1
Ho4Ga12Pt,1
Ho4Ge6Ir7,1
Ho4Ge8Pd,1
Ho4Ge8Rh,1
Ho4Ge8Ru,1
Ho4HfAl15,1
Ho4In(NiGe2)2,1
Ho4MgS7,1
Ho4MnGe8,1
Ho4MnS7,1
Ho4NiSn8,2
Ho4ReGe8,1
Ho4Sb3,2
Ho4Si3Ge,1
Ho4SiGe3,1
Ho4Zr3O12,4
Ho4ZrAl15,1
Ho5(GeSb)2,1
Ho5(MoO6)2,1
Ho5(ReO6)2,1
Ho5(SiSb)2,1
Ho5BiAu2,1
Ho5BiPd2,1
Ho5BiPt2,1
Ho5Co2Bi,1
Ho5CuPb3,1
Ho5Ga3,4
Ho5Ge3,2
Ho5Ge3C,1
Ho5In3,4
Ho5Ir2,1
Ho5Ir3,2
Ho5Mg,5
Ho5Ni2Bi,1
Ho5Ni2Sb,1
Ho5NiPb3,1
Ho5Pb3,1
Ho5Pt3,2
Ho5Rh3,2
Ho5Ru2,2
Ho5S7,1
Ho5Sb3,1
Ho5SbAu2,1
Ho5SbPd2,1
Ho5SbPt2,1
Ho5Si3,2
Ho5Si3C,1
Ho5Sn3,3
Ho5Tl3,3
Ho6Co2Sn,1
Ho6CoBi2,2
Ho6CoTe2,1
Ho6FeBi2,2
Ho6FeSb2,1
Ho6GaCo2,1
Ho6GaNi2,1
Ho6InCo2,1
Ho6MnBi2,1
Ho6MnTe2,1
Ho6Ni2Sn,1
Ho6ReO12,1
Ho6WO12,1
Ho7FeI12,1
Ho7PtI12,1
Ho7Rh3,2
Ho8(AlGe3)3,1
Ho8Sb3O8,1
Ho9Er3(MnBi2)2,2
HoAg,4
HoAg2,4
HoAgHg2,5
HoAgPb,6
HoAgSe2,10
HoAgSn,11
HoAgSn2,3
HoAgTe2,6
HoAl,6
HoAl2,6
HoAl2Ni,4
HoAl3,11
HoAl3(BO3)4,3
HoAl3Cu,2
HoAl3Ni2,4
HoAl4Ni,3
HoAl7Fe5,1
HoAlAg2,4
HoAlAu,12
HoAlAu2,5
HoAlCo,8
HoAlCu,7
HoAlCu4,3
HoAlFe,10
HoAlGa,10
HoAlGe,6
HoAlNi,9
HoAlNi4,4
HoAlO3,6
HoAlPd,7
HoAlPt,6
HoAlRh,6
HoAlSi,7
HoAs,4
HoAsO4,4
HoAsPd,9
HoAsPt,8
HoAsS,4
HoAsSe,5
HoAu,7
HoAu2,5
HoAu3,8
HoAu4,2
HoB12,1
HoB2,3
HoB2Ir3,2
HoB2Os,3
HoB2Rh2C,1
HoB2Rh3,1
HoB2Ru,2
HoB2Ru3,1
HoB3Mo,2
HoB4,2
HoB6,2
HoBO3,8
HoBRh3,1
HoBeCu4,2
HoBi,6
HoBi2BrO4,1
HoBi2ClO4,1
HoBi2IO4,1
HoBi3,4
HoBiO3,5
HoBiPd,5
HoBiPt,3
HoBiRh,7
HoBiTe3,3
HoBr3,10
HoBrO,5
HoC2,2
HoCd,3
HoCd2,5
HoCd3,5
HoCdAg2,4
HoCdAu,9
HoCdAu2,6
HoCdCu4,1
HoCdHg2,5
HoCdIn,11
HoCdNi4,1
HoCdPd2,5
HoCdPt2,4
HoCdRh2,4
HoCl3,10
HoCo2,6
HoCo3,3
HoCo3B2,3
HoCo3Cu2,2
HoCo3Ni2,2
HoCo4B,2
HoCo4Cu,2
HoCo4Ni,2
HoCo5,4
HoCoC,5
HoCoC2,4
HoCoGe,7
HoCoGe2,5
HoCoNi,4
HoCoRu,3
HoCoSi,7
HoCoSi2,4
HoCoSn,11
HoCr2Si2C,1
HoCrO3,3
HoCrO4,2
HoCrTeO6,3
HoCu,5
HoCu2,6
HoCu4Ag,1
HoCu4Au,1
HoCu4Ni,5
HoCu4Pd,2
HoCu5,4
HoCuAs2,3
HoCuGe,7
HoCuO2,4
HoCuP2,2
HoCuPb,6
HoCuPbS3,3
HoCuS2,8
HoCuSb2,1
HoCuSe2,6
HoCuSi,9
HoCuSn,9
HoCuTe2,7
HoEr,30
HoEr3,24
HoErAg2,4
HoErAl2,5
HoErCd2,3
HoErCu2,7
HoErHg2,6
HoErIn2,7
HoErIr2,3
HoErMg2,3
HoErPd2,9
HoErRh2,4
HoErRu2,3
HoErTl2,6
HoErZn2,5
HoF3,12
HoFe11Re,1
HoFe2,7
HoFe2SiC,1
HoFe3,3
HoFe3(BO3)4,4
HoFe4(CuO4)3,1
HoFe5,4
HoFe6(Sn2Ge)2,1
HoFeC2,3
HoFeCo,3
HoFeGe2,3
HoFeNi,2
HoFeNi4,3
HoFeO3,3
HoFeRu,5
HoFeSi,7
HoGa,7
HoGa2,8
HoGa2Co3,3
HoGa2Ni,7
HoGa2Ni3,6
HoGa2Pd,6
HoGa3,8
HoGa3Os,2
HoGa3Ru,2
HoGa4Ni,2
HoGa5Co,1
HoGa6,2
HoGaAg,11
HoGaAu,11
HoGaCo,8
HoGaNi,8
HoGaO3,6
HoGaPd,9
HoGaPt,8
HoGaRh2,5
HoGe,7
HoGe2Ir,4
HoGe2Pd,6
HoGe2Pt,3
HoGe3,6
HoGeAu,8
HoGeIr,8
HoGePd,12
HoGePd2,5
HoGePt,11
HoGeRh,9
HoGeRu,8
HoH2,5
HoH2ClO2,1
HoHO2,7
HoHSe,3
HoHfF7,2
HoHfRu2,3
HoHg,3
HoHg2,7
HoHg3,6
HoI3,9
HoIO,5
HoIn,7
HoIn3,8
HoIn5Co,1
HoIn5Rh,1
HoIn7Cu5,1
HoInAg2,4
HoInAu,8
HoInAu2,4
HoInCo2,4
HoInCo4,1
HoInCu,8
HoInCu2,4
HoInIr,8
HoInNi,9
HoInNi4,1
HoInO3,5
HoInPd,9
HoInPd2,5
HoInPt,7
HoInPt2,8
HoInPt4,1
HoInRh,7
HoInRh2,7
HoIr,5
HoIr2,4
HoLu3,7
HoLuAg2,3
HoLuAl2,3
HoLuCd2,3
HoLuCu2,3
HoLuHg2,3
HoLuIn2,4
HoLuIr2,3
HoLuMg2,3
HoLuO3,2
HoLuPd2,4
HoLuRh2,3
HoLuRu2,3
HoLuTl2,4
HoLuZn2,3
HoMg,2
HoMg(FeO3)2,1
HoMg(MoO3)2,1
HoMg(NiO3)2,1
HoMg2,10
HoMg2Sc,5
HoMg3,7
HoMg5,4
HoMgAg,6
HoMgAg2,3
HoMgAu2,3
HoMgCd2,3
HoMgCr2O6,1
HoMgGa,7
HoMgHg2,4
HoMgIn,7
HoMgMn2O6,1
HoMgPd,10
HoMgRh2,5
HoMgSn,10
HoMgTi2O6,1
HoMgTl,6
HoMgTl2,4
HoMgV2O6,1
HoMgZn2,4
HoMn12,2
HoMn2,4
HoMn4(CuO4)3,1
HoMn6(Sn2Ge)2,1
HoMnAl,7
HoMnFe,3
HoMnGe,8
HoMnNi2,5
HoMnO3,7
HoMnSi,4
HoMoC2,3
HoMoClO4,3
HoN,3
HoNO4,2
HoNbO4,5
HoNbRu2,3
HoNi,7
HoNi2,6
HoNi2B2C,1
HoNi3,6
HoNi4Au,1
HoNi4B,2
HoNi5,4
HoNiAs,7
HoNiBi,4
HoNiC2,2
HoNiGe,11
HoNiGe2,5
HoNiGe3,2
HoNiO3,3
HoNiPb,9
HoNiSb,6
HoNiSb2,2
HoNiSn,12
HoNiSn4,1
HoOF,12
HoOs2,4
HoP,4
HoP5,1
HoPO4,2
HoPPd,9
HoPb3,6
HoPbAu,5
HoPd,6
HoPd2Pb,3
HoPd3,8
HoPd3S4,1
HoPt,7
HoPt2,6
HoPt3,5
HoRe2,4
HoRe2SiC,1
HoRh,5
HoRh2,5
HoRh2Pb,3
HoRh3C,1
HoRhO3,4
HoRu2,4
HoRu3C,1
HoS,7
HoS2,8
HoSF,5
HoSI,4
HoSO,5
HoSb,4
HoSbIr,5
HoSbPd2,3
HoSbPt,6
HoSbRh,8
HoSbRh2,4
HoSc(BO3)2,1
HoSc(BRh)8,1
HoScAl2,3
HoScO3,6
HoScRu2,4
HoScS3,4
HoScZn2,4
HoSe,6
HoSe2,5
HoSi,4
HoSi2,7
HoSi2Ni,4
HoSi2Rh3,5
HoSi3Ir,2
HoSiIr,5
HoSiNi,11
HoSiNi4,2
HoSiPt,7
HoSiPt2,5
HoSiRh,8
HoSiRu,6
HoSiRu2C,1
HoSn2,7
HoSn3,6
HoSnAu,7
HoSnAu2,4
HoSnGe,3
HoSnIr,9
HoSnPd,9
HoSnPd2,5
HoSnPt,9
HoSnRh,9
HoSnRh2,4
HoSnRu2,4
HoTaO4,9
HoTaOs2,3
HoTaRu2,3
HoTe,6
HoTe2,8
HoTe3,6
HoTiClO3,1
HoTiCo11,1
HoTiFe11,1
HoTiFe11C,1
HoTiFe8Co3,1
HoTiGe,3
HoTiO3,4
HoTiSi,3
HoTl,4
HoTl3,5
HoTlO2,3
HoTlPd,7
HoTlRh2,3
HoTlS2,5
HoTlSe2,5
HoTlTe2,5
HoTm3,27
HoTmAg2,4
HoTmAl2,4
HoTmCd2,3
HoTmCu2,7
HoTmHg2,5
HoTmIn2,7
HoTmMg2,4
HoTmO3,5
HoTmPd2,7
HoTmRh2,5
HoTmRu2,3
HoTmTl2,8
HoTmZn2,3
HoV2ZnO6,1
HoVO3,4
HoVO4,4
HoWC2,4
HoZn,2
HoZn(BiO3)2,1
HoZn(FeO3)2,1
HoZn(MoO3)2,1
HoZn12,2
HoZn2,6
HoZn3,7
HoZnGe,8
HoZnIn,9
HoZnPd,8
HoZnPd2,6
HoZnRh,9
HoZnRh2,3
HoZnSi,10
HoZnSn,7
HoZnSn2,5
HoZr,3
HoZrCo4,1
HoZrF7,3
HoZrRu2,3
HoZrSb,6
I,32
IBr,14
ICl,31
IF3,7
IF7,4
IN4,3
INO3,5
IO2F,8
IO3,2
IOF3,5
In,58
In(BO2)5,1
In(BiSe2)3,3
In(Cu3O4)2,2
In(FeO2)2,2
In(GaAu)2,7
In(Mo3S4)2,1
In(Mo3Se4)2,1
In(MoSe)3,1
In(TeMo)3,1
In2Ag,25
In2Ag3SbSe6,1
In2AgS3Br,2
In2AgS3Cl,2
In2AgSe4,2
In2AsP,18
In2AsPt8,1
In2Au,16
In2Au3,9
In2Bi,13
In2Co,22
In2Co3S2,2
In2CuAg(SnS4)2,1
In2CuAgS4,3
In2CuAgSe4,2
In2CuAgTe4,3
In2CuAsSe2,1
In2CuS4,3
In2CuSe4,3
In2FeS4,4
In2GaAs3,1
In2GaBiS6,2
In2Ge2O7,2
In2Hg5Te8,1
In2HgO4,1
In2HgS4,4
In2HgSe4,3
In2HgTe4,4
In2Ir,23
In2Ni3S2,3
In2Ni3Se2,1
In2Ni6C,2
In2NiS4,6
In2O3,13
In2PO5,2
In2Pd8Se,2
In2Pt,23
In2Pt3,3
In2Rh3S2,1
In2S3,18
In2Sb,23
In2SbAs,16
In2Se3,12
In2Si2O7,2
In2SnPb,14
In2Te3,16
In2Te5,4
In3Ag,20
In3Ag3(HgTe4)2,1
In3AsSe3,3
In3Bi,10
In3Co,20
In3Cu(AsSe)2,1
In3Cu3SiSe8,1
In3CuSe5,1
In3Ga,15
In3GaN4,3
In3GaTe4,2
In3Hg,36
In3Ir,27
In3NO3,2
In3Ni2,4
In3Pb,27
In3Pd2,6
In3Pd5,2
In3Pt2,6
In3Rh,22
In3Ru,17
In3S4,6
In3Sb,14
In3SbTe2,3
In3Sn,17
In3Sn3Au4,1
In3SnAu12,1
In3SnAu4,3
In3Te4,5
In4(SnO4)3,3
In4As3P,3
In4As3Se,1
In4AsP3,1
In4Bi,6
In4Bi3Pb,2
In4Cu3AgTe8,1
In4CuAg3Te8,1
In4GeSb2Te,1
In4Pb,9
In4SbTe3,2
In4SnS8,1
In5AgS8,1
In5AgSe8,4
In5AgTe8,3
In5B4Ir9,1
In5Bi3,3
In5CuS8,1
In5CuSe8,2
In5CuTe8,1
In5Pt11,1
In5S8,1
In5SnSb3Te,1
In6Ga2PtO8,1
In6Ge2IrO8,1
In6Ge2PtO9,1
In6ReO12,1
In6TeO12,1
In6WO12,1
In7GeIrO8,1
In7Ni3,1
In7Pd3,1
In7Pt3,2
In9Cu11,1
InAg,34
InAg(PS3)2,1
InAg(PSe3)2,1
InAg2BiSe4,2
InAg2SbSe4,2
InAg3,22
InAg3(PO4)2,1
InAg3F6,7
InAgAu2,16
InAgGeSe4,3
InAgO2,10
InAgS2,14
InAgSe2,27
InAgSnS4,4
InAgSnSe4,4
InAgTe2,26
InAs,37
InAsH2O5,1
InAsPd5,1
InAsPt5,1
InAu3,19
InAuO2,7
InBO3,6
InBi,19
InBi2S4Br,1
InBi2S4Cl,1
InBi3,7
InBiO3,7
InBiS3,6
InBiSe3,5
InBr,47
InBr3,27
InCl,36
InCo3N,25
InCo3SnS2,2
InCu,39
InCu(PSe3)2,1
InCu3,17
InCu6ClO8,1
InCuGeS4,2
InCuGeSe4,3
InCuO2,8
InCuO3,4
InCuPd2,6
InCuPt2,12
InCuS2,14
InCuSe2,26
InCuSnS4,3
InCuSnSe4,4
InCuTe2,21
InF3,20
InFe(CuSe2)2,1
InFe(CuTe2)2,1
InFeO3,6
InFeRh2,14
InGa(AgS2)2,3
InGa(AgSe2)2,3
InGa(AgTe2)2,3
InGa(CuSe2)2,3
InGa(CuTe2)2,3
InGa2N3,2
InGa3,12
InGa3N4,2
InGa4Sb5,1
InGa5As4,1
InGaAs2,5
InGaCuAgSe4,2
InGaCuAgTe4,3
InGaCuO4,2
InGaN2,7
InGaO3,5
InGaP2,5
InGaS3,8
InGaSb2,6
InGaSe2,10
InGaTe2,6
InGe2SbTe5,1
InGeCl3,37
InGeTe2,7
InH4NCl4,2
InHO2,13
InHg,49
InHg3,39
InI,35
InI3,21
InMoS2,5
InN,14
InNi,36
InNi2Au,9
InNi2SbO6,1
InNi2Sn,7
InNi3,13
InNi3N,26
InNi3Sb,3
InOF,9
InP,36
InP3,20
InPH2O5,1
InPO4,9
InPPd5,2
InPPt5,1
InPS4,5
InPb,39
InPb2I5,2
InPbCl3,11
InPd,20
InPd2,10
InPd2Au,10
InPd3,9
InPd5Se,2
InPt,30
InPt3,17
InRh,31
InRh3,14
InRh3PbS2,2
InRhO3,6
InS,23
InSb,39
InSb2S4Br,2
InSb2S4Cl,2
InSbS3,4
InSbSe3,4
InSe,42
InSiPt5,2
InSn2Br5,4
InSn2I5,2
InSn2Te3,5
InSn3,7
InSn3Se4,2
InSn4,4
InSnBr3,15
InSnCl3,38
InSnTe2,7
InTe,40
InTe5Pb4,3
Ir,27
Ir2S3,2
Ir3Os,22
Ir3Rh,22
Ir3Ru,20
Ir3S8,2
Ir3Se8,1
Ir3W,19
Ir4Os,9
IrBr3,19
IrCl3,20
IrF3,6
IrF4,4
IrI3,6
IrN3,1
IrO2,7
IrO3,6
IrOs,32
IrOsRu,9
IrPt,33
IrPt3,19
IrRh,39
IrRh3,27
IrRu,33
IrRu3,20
IrW,37
IrWO6,1
K,226
K(AsIr)2,5
K(AsRh)2,5
K(AsRu)2,2
K(AuO2)2,3
K(BH)3,1
K(CoAs)2,4
K(CoP)2,4
K(CoS)2,1
K(CoSe)2,3
K(CrS2)2,11
K(Cu2As)2,2
K(Cu2Sb)2,1
K(CuS)2,5
K(CuSe)2,7
K(FeAs)2,4
K(FeP)2,4
K(FeS)2,4
K(FeSb3)4,1
K(FeSe)2,1
K(In3Au2)2,2
K(InAu2)2,2
K(InGa)2,4
K(IrO2)4,2
K(Mo3S4)2,1
K(MoS)3,2
K(MoSe)3,1
K(Nb3S4)2,2
K(Nb3Se4)2,1
K(NiS)2,4
K(NiSe)2,3
K(OsO3)2,2
K(PIr)2,3
K(PRh)2,4
K(PRu)2,2
K(RuO2)4,1
K(SbSe2)2,4
K(SiPd)4,2
K(SiPt)4,2
K(SnAu)3,4
K(SnAu2)2,3
K(SnSe2)2,4
K(TeMo)3,1
K(Ti3Se4)2,2
K(VS2)2,3
K(WO3)3,4
K2Ag2GeS4,1
K2Ag2GeSe4,1
K2Ag2SnSe4,1
K2Ag4S3,1
K2Ag4Se3,1
K2AgAs,15
K2AgAsBr6,1
K2AgAsCl6,2
K2AgAsF6,1
K2AgAuBr6,3
K2AgAuCl6,5
K2AgAuF6,1
K2AgBi,3
K2AgBiBr6,3
K2AgBiCl6,3
K2AgBiF6,2
K2AgBiI6,1
K2AgF4,8
K2AgIrF6,2
K2AgMoBr6,2
K2AgMoCl6,2
K2AgP,15
K2AgPdF6,2
K2AgRhF6,2
K2AgSb,15
K2AgSbBr6,4
K2AgSbCl6,4
K2AgSbI6,2
K2Al2O3F2,1
K2Al2Sb2O7,1
K2AlAgBr6,2
K2AlAgCl6,2
K2AlAgF6,1
K2AlCuF6,1
K2AlF5,5
K2AlInCl6,2
K2AlInF6,1
K2AlTlCl6,1
K2AlTlF6,2
K2As2Pd,4
K2As2Pt,4
K2AsAuBr6,2
K2AsAuCl6,2
K2AsAuI6,2
K2AsAuS4,2
K2Au3,3
K2Ba(BiO3)3,1
K2Ba(FeAs)6,1
K2BaAs5,1
K2BaCdSb2,1
K2BaSnTe4,2
K2Be2O3,4
K2Be2PbF8,1
K2BeO2,4
K2Bi2O5,2
K2BiAu,3
K2CN2,2
K2CO3,14
K2Ca(CO3)2,1
K2CaPrO4,1
K2Cd2O3,4
K2Cd3SnAs4,1
K2CdAu,17
K2CdN12,2
K2CdO2,8
K2CdPb,15
K2CdSn,6
K2CdSnSe4,2
K2Ce(CuS2)2,1
K2Ce2Fe4O11,1
K2CeAgBr6,2
K2CeAgCl6,2
K2CeAgI6,2
K2CeF6,12
K2CoF6,8
K2CoI4,3
K2CoS2,2
K2CoSe2,2
K2CrAgF6,2
K2CrCuF6,1
K2CrF6,10
K2CrOF5,2
K2Cu2Te5,1
K2CuAs,16
K2CuAuCl6,3
K2CuAuF6,1
K2CuBiBr6,2
K2CuBiCl6,2
K2CuF4,10
K2CuH4,5
K2CuMoCl6,2
K2CuP,16
K2CuSb,14
K2CuSbBr6,2
K2CuSbCl6,5
K2CuSbI6,1
K2Dy4Cu4S9,1
K2Dy4Cu4Se9,1
K2DyAgCl6,2
K2DyCuCl6,2
K2ErAgCl6,2
K2ErCuCl6,2
K2Eu2O3,1
K2EuAgCl6,1
K2EuAuCl6,1
K2EuCuCl6,1
K2Fe4O7,1
K2FeAgF6,2
K2FeF5,11
K2Ga3,2
K2GaAgCl6,2
K2GaAgF6,2
K2GaCuF6,1
K2GdCuCl6,1
K2Ge2O3,2
K2Ge2Pb2O7,1
K2GeAs2,3
K2GeF6,10
K2GeSe3,3
K2H4Pd,8
K2H4Pt,8
K2H6PbO6,1
K2H6Pt,5
K2HfF6,14
K2Hg3(GeS4)2,4
K2Hg7,2
K2HgAsBr6,1
K2HgAsCl6,1
K2HgAsI6,1
K2HgAu,17
K2HgAuBr6,2
K2HgBiBr6,1
K2HgBiI6,1
K2HgO2,2
K2HgPdF6,2
K2HgS2,10
K2HgSbBr6,1
K2HgSbI6,1
K2Ho4Cu4S9,1
K2InAgBr6,2
K2InAgCl6,3
K2InAgF6,3
K2InAgI6,1
K2InCuBr6,1
K2InCuCl6,2
K2InCuF6,1
K2InGaBr6,1
K2InGaCl6,1
K2InGaF6,1
K2InHgBr6,1
K2InHgI6,1
K2InSbBr6,1
K2InSbI6,1
K2IrF6,10
K2La2Ti3O10,1
K2LaAgCl6,2
K2LiAlF6,5
K2LiAlH6,5
K2LiAlP2,1
K2LiAsF6,1
K2LiBO3,2
K2LiBiBr6,2
K2LiBiCl6,2
K2LiBiF6,2
K2LiBiI6,2
K2LiCeBr6,2
K2LiCeCl6,2
K2LiCeF6,2
K2LiCeI6,2
K2LiCoF6,1
K2LiCrF6,2
K2LiCuF6,2
K2LiDyCl6,2
K2LiErCl6,2
K2LiEuCl6,2
K2LiFeF6,2
K2LiGaF6,4
K2LiGdCl6,1
K2LiInCl6,2
K2LiInF6,2
K2LiIrF6,1
K2LiLaCl6,2
K2LiLuCl6,2
K2LiMn2O4,2
K2LiMnF6,1
K2LiMoBr6,2
K2LiMoCl6,2
K2LiMoF6,1
K2LiNbF6,1
K2LiNdBr6,2
K2LiNdCl6,2
K2LiNdF6,2
K2LiNdI6,2
K2LiNiF6,3
K2LiPdF6,1
K2LiPrBr6,2
K2LiPrCl6,2
K2LiPrI6,2
K2LiRhF6,2
K2LiRuF6,1
K2LiSbBr6,2
K2LiSbCl6,1
K2LiSbF6,1
K2LiSbI6,2
K2LiScCl6,2
K2LiScF6,1
K2LiSmCl6,2
K2LiTbCl6,2
K2LiTiF6,1
K2LiTlBr6,2
K2LiTlCl6,2
K2LiTlF6,2
K2LiTmCl6,2
K2LiVF6,1
K2LiVO4,2
K2LiYBr6,2
K2LiYCl6,2
K2LiYF6,2
K2LiYI6,2
K2LuAgCl6,1
K2LuCuCl6,1
K2Mg(CO3)2,1
K2Mg2O3,3
K2Mg2Si2O7,1
K2Mg5Sn3,1
K2MgCl4,5
K2MgCuF6,3
K2MgF4,1
K2MgH4,4
K2MgMo2(H2O5)2,3
K2MgO2,4
K2Mn2O3,4
K2Mn3S4,2
K2MnAgF6,2
K2MnCl6,4
K2MnF4,2
K2MnF6,16
K2MnHgF6,2
K2MnI4,2
K2MnN2,2
K2MnS2,1
K2MnSe2,3
K2MnTe2,4
K2MnTlF6,2
K2MoCl6,4
K2MoO4,11
K2MoSO3,1
K2Na2Mo(WO4)3,1
K2Na2Nb(WO4)3,1
K2NaAlAs2,1
K2NaAlCl6,2
K2NaAlF6,1
K2NaAlH6,1
K2NaAlP2,1
K2NaAs,5
K2NaAsBr6,1
K2NaAsCl6,1
K2NaAsF6,2
K2NaAuF6,2
K2NaBP2,1
K2NaBiBr6,3
K2NaBiCl6,5
K2NaBiF6,2
K2NaBiI6,2
K2NaCeBr6,2
K2NaCeCl6,2
K2NaCeF6,2
K2NaCeI6,3
K2NaCl3,5
K2NaCoF6,1
K2NaCrCl6,2
K2NaCrF6,2
K2NaCuF6,2
K2NaDyCl6,2
K2NaErCl6,4
K2NaEuCl6,1
K2NaFeF6,2
K2NaGaAs2,1
K2NaGaCl6,2
K2NaGaF6,2
K2NaGaP2,1
K2NaGdCl6,2
K2NaInAs2,1
K2NaInBr6,2
K2NaInCl6,2
K2NaInF6,2
K2NaInI6,1
K2NaInP2,1
K2NaIrF6,1
K2NaLaCl6,2
K2NaLuCl6,2
K2NaMnF6,2
K2NaMo(OF)3,2
K2NaMoBr6,2
K2NaMoCl6,2
K2NaMoF6,2
K2NaNb(OF2)2,2
K2NaNbF6,1
K2NaNdBr6,2
K2NaNdCl6,2
K2NaNdF6,2
K2NaNdI6,2
K2NaPdF6,2
K2NaPrBr6,2
K2NaPrCl6,2
K2NaPrF6,2
K2NaPrI6,2
K2NaRhF6,3
K2NaRuF6,2
K2NaSbBr6,3
K2NaSbCl6,2
K2NaSbF6,3
K2NaSbI6,1
K2NaScBr6,2
K2NaScCl6,2
K2NaScF6,2
K2NaScI6,2
K2NaSmCl6,2
K2NaTbCl6,2
K2NaTiF6,2
K2NaTiOF5,1
K2NaTlBr6,2
K2NaTlCl6,2
K2NaTlF6,2
K2NaTmCl6,3
K2NaVF6,3
K2NaYBr6,3
K2NaYCl6,4
K2NaYF6,2
K2NaYI6,3
K2NbAgS4,2
K2NbCl6,5
K2NbCuS4,2
K2NbCuSe4,2
K2NbO3F,1
K2Nd2Ti3O10,1
K2NdAgBr6,2
K2NdAgCl6,2
K2NdAgI6,2
K2Ni3S4,2
K2Ni3Se4,2
K2NiAs2,2
K2NiF4,2
K2NiF6,8
K2NiHgF6,2
K2NiO2,4
K2NiP2,3
K2O,22
K2O2,20
K2OsBr6,2
K2OsCl6,7
K2P2Pd,2
K2P3,2
K2PAu,19
K2PAuS4,2
K2Pb2O3,3
K2PbCl6,4
K2PbO2,5
K2PbO3,6
K2Pd3S4,2
K2Pd3Se4,2
K2PdBr4,4
K2PdBr6,4
K2PdBrCl3,1
K2PdC2,1
K2PdCl4,3
K2PdCl6,4
K2PdF4,5
K2PdF6,6
K2PdO2,2
K2PdS2,6
K2PdSe2,6
K2PrAgBr6,2
K2PrAgCl6,2
K2PrAgI6,2
K2Pt,18
K2PtBr4,3
K2PtBr6,4
K2PtC2,1
K2PtCl4,2
K2PtCl6,3
K2PtF6,5
K2PtI5,2
K2PtI6,2
K2PtO6,2
K2PtS2,6
K2PtSe2,6
K2RbAlF6,2
K2RbAsBr6,2
K2RbAsCl6,1
K2RbAsF6,2
K2RbBi,7
K2RbCO3F,1
K2RbCoF6,2
K2RbCrF6,3
K2RbDyV2O8,2
K2RbErV2O8,2
K2RbEuV2O8,1
K2RbGaF6,3
K2RbGdCl6,2
K2RbGdV2O8,1
K2RbHoV2O8,2
K2RbInCl6,4
K2RbInF6,4
K2RbIrF6,2
K2RbLaV2O8,2
K2RbLuCl6,1
K2RbLuV2O8,1
K2RbMn2F7,1
K2RbMoCl6,2
K2RbMoF6,2
K2RbNdV2O8,3
K2RbPdF5,1
K2RbPrV2O8,2
K2RbRhF6,3
K2RbRuF6,2
K2RbSb,6
K2RbScBr6,2
K2RbScCl6,2
K2RbScF6,4
K2RbScV2O8,1
K2RbSmV2O8,1
K2RbTbV2O8,2
K2RbTiF6,3
K2RbTmCl6,3
K2RbTmV2O8,2
K2RbYV2O8,2
K2ReBr6,3
K2ReCl6,8
K2ReF6,6
K2ReI6,1
K2RhF6,8
K2RuCl6,6
K2S,5
K2S2O5,2
K2S3,4
K2SO3,3
K2SO4,8
K2SbAu,14
K2SbAuBr6,2
K2SbAuI6,1
K2SbF5,5
K2ScAgBr6,2
K2ScAgCl6,3
K2ScAgF6,2
K2ScAgI6,2
K2ScCuCl6,2
K2ScCuF6,1
K2ScInBr6,2
K2ScInCl6,3
K2ScInF6,1
K2ScInI6,2
K2ScTlBr6,2
K2ScTlCl6,3
K2ScTlF6,3
K2Se,14
K2Se3,5
K2SeBr6,2
K2SiAs2,4
K2SiF6,8
K2SiP2,3
K2SmAgCl6,2
K2SmCuCl6,2
K2Sn(AsS3)2,1
K2Sn(AuS2)2,1
K2Sn(HO)6,1
K2Sn2O3,2
K2Sn2S5,3
K2Sn2Se5,3
K2SnBi,5
K2SnBr6,3
K2SnCl6,5
K2SnF6,9
K2SnHgSe4,3
K2SnHgTe4,2
K2SnO2,2
K2SnS3,4
K2SnSe3,3
K2SnTe5,2
K2Sr(PO3)4,1
K2Sr2O3,2
K2SrBe2F8,1
K2SrCdSb2,1
K2SrCl4,10
K2SrIn7,1
K2SrTa2O7,1
K2TaAgS4,2
K2TaCl6,4
K2TaCuSe4,2
K2TaNbO6,4
K2TbAgCl6,2
K2TbCuCl6,2
K2TbF6,6
K2Te,12
K2Te2Pd,6
K2Te2Pt,4
K2Te3,5
K2TeBr6,4
K2TeCl6,6
K2TeI6,4
K2TeO3,5
K2TeOF4,1
K2Ti(CuS2)2,2
K2Ti(TeO4)3,1
K2Ti2O5,2
K2TiCl6,4
K2TiF6,10
K2TiO3,5
K2TiS3,4
K2TlAgBr6,2
K2TlAgCl6,3
K2TlAgF6,2
K2TlAgI6,2
K2TlAsBr6,1
K2TlAsCl6,2
K2TlAsF6,2
K2TlAsI6,1
K2TlAuBr6,1
K2TlAuCl6,1
K2TlAuI6,1
K2TlCoF6,1
K2TlCrF6,1
K2TlCuBr6,2
K2TlCuCl6,2
K2TlCuF6,2
K2TlFeF6,2
K2TlGaF6,3
K2TlHgBr6,1
K2TlHgCl6,1
K2TlHgF6,1
K2TlInBr6,2
K2TlInCl6,3
K2TlInF6,3
K2TlInI6,1
K2TlIrF6,1
K2TlMoF6,2
K2TlNiF6,1
K2TlPdF6,1
K2TlRhF6,3
K2TlRuF6,2
K2TlSbBr6,3
K2TlSbCl6,4
K2TmAgCl6,3
K2TmCuCl6,2
K2VAgS4,2
K2VAgSe4,2
K2VCl6,4
K2VCuS4,2
K2VCuSe4,2
K2WCl6,4
K2WO4,9
K2Y4Cu4Se9,1
K2YAgBr6,2
K2YAgCl6,2
K2YAgF6,2
K2YAgI6,2
K2YCuBr6,2
K2YCuCl6,2
K2YInCl6,3
K2YTlBr6,3
K2Zn2O3,4
K2Zn3GeAs4,1
K2Zn3O4,1
K2Zn3S4,3
K2Zn3Se4,2
K2Zn3SiAs4,1
K2ZnBr4,6
K2ZnF4,4
K2ZnI4,4
K2ZnO2,4
K2ZnS2,3
K2ZnSe2,3
K2ZnSi3O8,1
K2ZnTe2,5
K2Zr(BO3)2,1
K2Zr(PO4)2,1
K2ZrF6,9
K3(Cu4S3)2,1
K3(Cu4Se3)2,1
K3(CuO2)2,2
K3(FeO2)2,2
K3(FeSe)8,1
K3(NiO2)2,2
K3(PbCl4)2,2
K3(PdO2)2,2
K3(PtO2)2,2
K3(SeO4)2,3
K3(VS2)5,1
K3Ag3As2,1
K3Al2As3,2
K3AlCl6,4
K3AlF6,5
K3AlH6,6
K3AlO3,3
K3As,15
K3AsBr6,3
K3AsCl6,4
K3AsF6,4
K3AuO,3
K3AuSe2,2
K3B6BrO10,1
K3B6ClO10,1
K3BAs2,2
K3BP2,3
K3BeF5,1
K3Bi,11
K3Bi2,3
K3BiBr6,8
K3BiCl6,7
K3BiF6,4
K3BiO4,6
K3BrCl2,12
K3BrO,4
K3CO3F,2
K3Ca(PO4)2,1
K3CaP2HO8,1
K3Cd,12
K3CeBr6,5
K3CeCl6,4
K3CeI6,5
K3Co2F7,2
K3CoF6,1
K3CrF6,6
K3CrO4,3
K3Cu2F7,2
K3Cu2H7,2
K3Cu3As2,1
K3Cu3P2,1
K3DyCl6,6
K3DyF6,7
K3ErCl6,7
K3ErF6,6
K3EuCl6,4
K3EuF6,4
K3FeF6,5
K3FeO3,6
K3GaF6,3
K3GaO3,5
K3GdCl6,3
K3GdF6,4
K3Ge4Au,1
K3GeH2NO3,1
K3GeS3,3
K3GeSe3,3
K3H(SO4)2,3
K3H5Pd,2
K3H5Pt,2
K3Hg,24
K3Hg11,2
K3HoCl6,6
K3HoF6,6
K3IO,3
K3IO5,2
K3InAu5,1
K3InBr6,3
K3InCl6,8
K3InF6,6
K3InP2,1
K3IrF6,5
K3LiIrO4,1
K3LiPb4,2
K3LuCl6,5
K3LuF6,4
K3Mg2Cl7,2
K3MgCu2F9,2
K3Mn2Cl7,1
K3Mn2F7,3
K3Mn2O8,1
K3MnCrO8,1
K3MnF6,3
K3MnH5,2
K3MoBr6,3
K3MoCl6,4
K3MoF6,5
K3NO3,2
K3Na,17
K3Na(RuO4)2,2
K3Na(SO4)2,2
K3Na(SeO4)2,2
K3NaBe2F8,1
K3NaCr2O8,2
K3NaFeCl6,3
K3NaH4,3
K3NaP2(O3F)2,1
K3NaS2,3
K3Nb3(BO6)2,3
K3NbO8,1
K3NdBr6,4
K3NdCl6,6
K3NdI6,5
K3Ni2F7,2
K3NiF6,5
K3NiO2,3
K3P,30
K3PO3F2,1
K3PbAu5,1
K3PdF6,2
K3Rb,41
K3RbMn2F12,2
K3ReMoO8,1
K3RhF6,5
K3RuF6,3
K3SO4F,2
K3Sb,14
K3Sb2Au3,1
K3Sb2N2O6F7,2
K3SbBr6,4
K3SbCl6,4
K3SbF6,3
K3SbO4,5
K3SbS4,3
K3SbSe4,3
K3ScBr6,3
K3ScCl6,8
K3ScF6,7
K3ScI6,3
K3ScV2O8,1
K3SeO4F,2
K3SiTe3,2
K3SmCl6,6
K3SmF6,7
K3Sn4Au,1
K3SnSb3,3
K3Ta3(BO6)2,1
K3TaO8,1
K3TbCl6,7
K3TbF6,5
K3TiF6,3
K3Tl,19
K3TlAu5,1
K3TlBr6,2
K3TlCl6,4
K3TlF6,6
K3TmCl6,7
K3TmF6,7
K3VO4,7
K3VSO3,1
K3VSe4,5
K3WF6,3
K3YBr6,8
K3YF6,5
K3YI6,5
K3YV2O8,3
K3Zn2F7,1
K3ZnH5,1
K4(NiO2)3,1
K4BeAs2,1
K4BeP2,1
K4Ca(WO4)3,1
K4CdAs2,2
K4CdP2,2
K4CrO4,2
K4Ge2Au7,1
K4GeO4,4
K4HfO4,2
K4HgAs2,2
K4HgP2,1
K4I2O,4
K4IrO4,3
K4LiMn4O8,2
K4MgCu3F12,3
K4MnCl6,3
K4MnO4,3
K4MoWO8,1
K4N2O5,4
K4NaCl5,5
K4P2PdS8,2
K4P3,3
K4PbO4,4
K4SnO4,4
K4Ta3NbO12,3
K4TiO4,6
K4V2O7,1
K4ZnAs2,1
K4ZnBi2,3
K4ZnP2,3
K4ZrO4,2
K5(CN2)3,1
K5(DyI4)3,1
K5(TmI4)3,1
K5As2Au,1
K5As4,3
K5Au(IO)2,1
K5Bi4,2
K5BrCl4,5
K5CuSb2,1
K5InPb8,1
K5P2Au,2
K5Sb4,4
K5Se3,1
K5Te3,1
K6Cu(SiO4)2,1
K6InP3,1
K8SrTe6,1
KAg2,18
KAg2AsO4,1
KAg2PS4,1
KAg2SbS4,2
KAg3Se2,5
KAg3Te2,5
KAgBr3,32
KAgCl3,33
KAgF3,28
KAgF4,12
KAgO,5
KAgO2,10
KAgSe,13
KAl(MoO4)2,1
KAl(SO4)2,4
KAlF4,9
KAlH2CO5,2
KAlH4,13
KAlNiF6,3
KAlO2,10
KAlSiO4,11
KAlTe2,21
KAs,33
KAs(HO2)2,4
KAs4(HO4)3,1
KAs4BrO6,2
KAs4ClO6,1
KAs4IO6,2
KAsF6,13
KAsO2,8
KAsSe2,32
KAu(IO3)4,3
KAu2,19
KAu5,8
KAuBr3,9
KAuCl3,7
KAuF4,9
KAuF6,4
KAuI3,35
KAuO2,13
KAuS,8
KAuSe,12
KAuSe2,23
KB2SbO6,2
KB6,2
KBF4,10
KBH4,14
KBa(AgTe2)2,1
KBa(FeAs)4,2
KBa2(BiO3)3,1
KBa2(FeAs)6,1
KBa2Bi2O7,1
KBa2IO6,2
KBa2Nb3O9,1
KBa2Ni2F9,1
KBa3,16
KBa3(BiO3)4,1
KBa3(FeAs)8,1
KBa4Bi3O,1
KBa4Sb3O,1
KBaBiTeO6,2
KBaBiWO6,2
KBaCeBiO6,2
KBaCeWO6,2
KBaEuWO6,2
KBaGdWO6,2
KBaLaWO6,3
KBaLiZnF6,1
KBaNdWO6,3
KBaPrBiO6,2
KBaPrWO6,3
KBaSiHO4,1
KBaTbBiO6,2
KBaY(BO3)2,2
KBe2BO3F2,2
KBeF3,6
KBi(PS3)2,1
KBi(PSe3)2,2
KBi2,5
KBi2F7,4
KBiF6,10
KBiO2,11
KBiPb,8
KBiS2,26
KBr,29
KC8,3
KCO2,9
KCO3,7
KCSN,4
KCa2Ta3O10,3
KCaBi,8
KCaBr3,7
KCaCO3F,2
KCaCl3,10
KCaEr2CuS5,1
KCaF3,6
KCaH3,5
KCaHfSbO6,1
KCaI3,5
KCaSiHO4,1
KCaZrNbO6,3
KCd(NO2)3,1
KCd4As3,2
KCd4P3,2
KCdAs,9
KCdCl3,7
KCdF3,9
KCdGeAs2,1
KCdSb,14
KCe(MoO4)2,2
KCe5S8,1
KCeAgTe4,1
KCeCuTe4,1
KCeF4,4
KCeGeSe4,2
KCeNb2O6,1
KCeNb4O12,1
KCeS2,5
KCeSe4,1
KCeSiS4,2
KCl,37
KClO3,10
KClO4,7
KCoN,5
KCr3S5,2
KCr4O8,1
KCr5S8,1
KCr5Se8,1
KCr5Te8,1
KCrCl3,6
KCrF3,5
KCrF6,7
KCrNiF6,3
KCrO2,7
KCrO3F,1
KCrP2S7,1
KCrS2,9
KCrSnS4,1
KCu(BiS2)2,1
KCu2(SO5)2,1
KCu2GeS4,1
KCu2H2(SO5)2,1
KCu2H3(SO5)2,1
KCu2P2H3(O4F)2,1
KCu3(AsO5)2,1
KCu3S2,5
KCu3Te2,3
KCu4AsS4,1
KCu4S3,1
KCu4Se3,1
KCu7S4,1
KCuCO3F,1
KCuCl3,13
KCuF3,4
KCuH3,15
KCuIO6,1
KCuO,6
KCuO2,11
KCuPdSe5,1
KCuS,7
KCuSe,15
KCuTe,10
KCuTeO6,1
KDy(CO3)2,1
KDyO2,6
KDyS2,3
KEr(CO3)2,2
KEr2CuSe4,1
KErBeF6,1
KErO2,4
KErS2,4
KErTe2,7
KEu(CuTe2)2,1
KEu(SnO3)2,1
KEu(WO3)2,1
KEu(WO3)4,1
KEuAsS4,1
KEuDyWO6,1
KEuGeS4,1
KEuHf2O6,1
KEuNb2O6,1
KEuNb4O12,1
KEuO2,5
KEuPSe4,2
KEuPdO3,1
KEuS2,3
KEuSiS4,1
KEuYWO6,1
KF,20
KF2,11
KFe2Se3,2
KFe4(SiO4)3,1
KFeBr3,6
KFeCl3,9
KFeCuS2,1
KFeCuSe2,1
KFeF4,7
KFeN,7
KFeO2,14
KFeS2,9
KFeSe2,20
KFeSn3O8,1
KGa,17
KGa3,5
KGaTe2,7
KGd(CO3)2,2
KGd2CuS4,1
KGd2CuSe4,1
KGdGeS4,1
KGdNb4O12,1
KGdO2,2
KGdPdO3,1
KGdS2,2
KGdTe4,1
KGdV4O12,1
KGe2N3,2
KGeBr3,35
KGeCl3,39
KGeNO,1
KH,42
KH2N,6
KH3F4,1
KH4F5,1
KH4O2F,1
KH8W(NF3)2,2
KHCO2,2
KHCO3,7
KHF2,9
KHO,20
KHS,17
KHSeO3,1
KHfCuS3,2
KHfO3,28
KHg,38
KHg2,15
KHg3,13
KHg5Br11,1
KHg5Cl11,1
KHgF3,36
KHgI3,7
KHo(CO3)2,1
KHo2CuS4,1
KHo2CuSe4,1
KHoBeF6,1
KHoO2,5
KHoS2,3
KI,20
KIO3,10
KIO4,3
KIn(MoSe)6,1
KIn(TeMo)6,1
KIn4,4
KIn5S8,1
KIn9Co2,1
KIn9Ni2,1
KInBr3,7
KInCl3,10
KInF3,6
KInI3,6
KInO2,26
KInP2S7,1
KInSe2,22
KInTe2,21
KLa(CuO2)2,1
KLa(WO4)2,5
KLa2Ag3Te8,1
KLa2NbO6,2
KLaCO4,2
KLaCuTe4,1
KLaF4,5
KLaGeS4,2
KLaHf2O6,3
KLaHfTiO6,2
KLaMgWO6,2
KLaMnWO6,2
KLaNb2O7,2
KLaNb4O12,1
KLaNbCrO6,1
KLaNbFeO6,1
KLaO2,8
KLaPdO3,1
KLaS2,9
KLaSiS4,2
KLaSiSe4,2
KLaTa2O7,2
KLaTe2,15
KLaTiO4,3
KLi(WO3)4,1
KLi2(HO)3,4
KLi2As,15
KLi2FeO3,1
KLi2Mn2O4,1
KLi3PbO4,1
KLi6BiO6,2
KLi6IrO6,1
KLi6TaO6,1
KLiBeF4,3
KLiMn2(SiO3)4,1
KLiMnO2,3
KLiMnS2,4
KLiNiO2,3
KLiO,8
KLiS,5
KLiSO4,7
KLiSe,8
KLiSi2O5,1
KLiSnO2,1
KLiTe,10
KLiZn3O4,1
KLiZnO2,2
KLiZnS2,4
KLu(CO3)2,2
KLu(MoO4)2,3
KLuBeF6,1
KLuO2,3
KLuS2,2
KMg3(SiO3)4,3
KMg3Al(SiO4)3,1
KMg3AlGe3(O5F)2,1
KMg3AlSi3(O5F)2,1
KMgAs,9
KMgBi,6
KMgCl3,7
KMgF3,23
KMgH3,5
KMgH5(SeO5)2,1
KMgMn2AlGe3(O5F)2,1
KMgNiIO6,2
KMgP,7
KMgSb,11
KMn2(MoO5)2,1
KMn2Cr2O10,1
KMn2O4,5
KMn4O8,5
KMnAs,8
KMnBr3,6
KMnCl3,34
KMnF3,9
KMnIO6,2
KMnO2,17
KMnP,7
KMnSe2,22
KMnSn3O8,2
KMnTe2,20
KMoH8(NF3)2,3
KMoPClO5,1
KN2,5
KN3,8
KNO2,11
KNO3,19
KNOF2,5
KNa(BH4)2,7
KNa(WO3)2,1
KNa(WO3)4,1
KNa2,6
KNa2AlH6,4
KNa2AuO2,2
KNa2BN2,1
KNa2BO3,2
KNa2Bi,7
KNa2CuO2,2
KNa2Sb,4
KNa3H4,2
KNa3Mg4F12,2
KNa3WO5,1
KNa4Cl5,4
KNaCl2,10
KNaEuNbO5,1
KNaEuTaO5,1
KNaGdNbO5,1
KNaGdTaO5,1
KNaH2,11
KNaLaNbO5,1
KNaLaTaO5,1
KNaMg2F6,2
KNaMg2Si4(O5F)2,1
KNaMo(OF2)2,1
KNaNb2O6,3
KNaNbOF5,3
KNaNdNbO5,1
KNaNdTaO5,1
KNaO,6
KNaPrNbO5,1
KNaPrTaO5,1
KNaS,5
KNaSO4,8
KNaSe,5
KNaSmNbO5,1
KNaSmTaO5,1
KNaTe,8
KNaTi4(BiO6)2,2
KNaTiO3,2
KNaW(OF2)2,1
KNaZnO2,3
KNb(AgSe2)2,2
KNb(BO3)2,3
KNb(CuS2)2,2
KNb(CuSe2)2,2
KNb4O5F,1
KNbCl6,10
KNbF6,9
KNbO3,23
KNbS2,7
KNbSe2,8
KNbWO6,3
KNd2CuS4,1
KNd2NbO6,1
KNdEuWO6,1
KNdGeS4,2
KNdMnWO6,1
KNdNb4O12,1
KNdO2,6
KNdPdO3,1
KNdS2,3
KNdTe2,7
KNdTe4,1
KNiF3,25
KNiIO6,1
KNiSbO4,1
KO2,20
KO3,4
KOsF6,8
KOsNO3,1
KOsNOF5,1
KOsO3,7
KP,35
KP(HO)2,2
KP(HO2)2,16
KPAuSe3,1
KPF6,13
KPH2SO3,1
KPO3,17
KPS3,5
KPb2,16
KPb3,18
KPbI3,9
KPbO2,10
KPd2O3,4
KPdF3,3
KPrEuWO6,2
KPrGeSe4,2
KPrHf2O6,3
KPrMgWO6,2
KPrNb4O12,1
KPrO2,4
KPrPdO3,1
KPrS2,4
KPrSiSe4,2
KPrTe2,6
KPrTe4,1
KPt2S3,2
KPt2Se3,3
KPt3O4,1
KPtN,2
KRb(Fe2S3)2,1
KRb(InAu2)4,1
KRb2AlBr6,2
KRb2AlCl6,2
KRb2AlF6,2
KRb2AsBr6,2
KRb2AsCl6,2
KRb2AsF6,2
KRb2AsI6,1
KRb2AuF6,2
KRb2BiF6,3
KRb2CO3F,2
KRb2CoF6,1
KRb2CrF6,3
KRb2CuF6,2
KRb2DyCl6,3
KRb2ErCl6,2
KRb2EuCl6,2
KRb2GaCl6,2
KRb2GaF6,3
KRb2GdCl6,2
KRb2InBr6,2
KRb2InCl6,4
KRb2InF6,3
KRb2InI6,1
KRb2IrF6,2
KRb2LaCl6,2
KRb2LuCl6,2
KRb2MnF6,2
KRb2Mo(OF)3,2
KRb2MoF6,3
KRb2NbF6,2
KRb2NiF6,2
KRb2PdF6,2
KRb2RhF6,3
KRb2RuF6,3
KRb2ScBr6,2
KRb2ScCl6,3
KRb2ScF6,4
KRb2ScI6,3
KRb2SmCl6,2
KRb2TbCl6,2
KRb2TiF6,1
KRb2TlBr6,2
KRb2TlCl6,2
KRb2TlF6,4
KRb2TmCl6,4
KRb2VF6,3
KRb2W(OF)3,1
KRb2YF6,5
KRb2ZrOF5,1
KRb3,37
KRbAu2,9
KRbCl2,13
KRbMnF6,8
KRbO,14
KRbS,5
KReO3,3
KReO4,8
KRhF6,9
KRuF6,8
KRuO4,7
KS,19
KSO2F,5
KSb,33
KSb(PO4)2,2
KSb(PS3)2,1
KSb(PSe3)2,1
KSb2,13
KSb4F13,3
KSbCl6,5
KSbF6,12
KSbO2,7
KSbO3,9
KSbS2,11
KSbSe2,22
KSbWO6,2
KSc(MoO4)2,1
KSc(SO4)2,2
KSc(WO4)2,3
KSc2F7,1
KScO2,10
KScTl2F6,2
KSe,35
KSe3,23
KSeO2F,3
KSi2N3,1
KSiH3,9
KSm(MoO4)2,5
KSm2CuS4,1
KSmEuWO6,3
KSmGeSe4,2
KSmO2,5
KSmPdO3,1
KSmS2,3
KSmSe2,5
KSmTe2,5
KSmV4O12,1
KSn2,8
KSn2Br5,6
KSn2Cl5,4
KSn2I5,1
KSn3,8
KSnAs,12
KSnBr3,15
KSnI3,10
KSnO2,8
KSnSO4F,1
KSnSb,11
KSnSe2,9
KSr(BiO3)2,1
KSr2(BiO3)3,1
KSr3,16
KSrBiWO6,1
KSrCO3F,1
KSrCeBiO6,3
KSrCeFeO6,1
KSrCeNbO6,3
KSrCeSbO6,2
KSrEuWO6,2
KSrGdWO6,2
KSrHfBiO6,1
KSrI3,9
KSrLaWO6,3
KSrNbBiO6,3
KSrNdWO6,3
KSrPrSbO6,2
KSrPrWO6,3
KSrSmWO6,2
KSrTbSbO6,2
KSrTbWO6,2
KSrYWO6,1
KSrZrBiO6,2
KTa(AgSe2)2,2
KTa(BO3)2,2
KTa(CuSe2)2,2
KTa(PO4)2,3
KTa2O6,2
KTaCl6,10
KTaF6,7
KTaO3,23
KTaWO6,1
KTb2CuS4,1
KTb3F12,1
KTbGeS4,2
KTbS2,4
KTe,37
KTeAu,13
KTeHOF4,2
KTeO3,3
KTeO4,3
KTeP2,18
KTi2F7,1
KTi3AlO8,1
KTi3FeO8,1
KTi5Se8,1
KTiCu3Se4,2
KTiF4,4
KTiO3,7
KTiPS5,1
KTiPSe5,1
KTiS2,8
KTl,39
KTl(CoSe)4,1
KTl(SO4)2,6
KTl2Bi,8
KTl2CrF6,3
KTl2GaF6,3
KTl2MoF6,2
KTl3,18
KTlBr3,6
KTlCl2,18
KTlCl3,6
KTlCl4,6
KTlF3,10
KTlO,6
KTlO2,18
KTlSe2,19
KTm(CO3)2,2
KTmBeF6,1
KTmO2,5
KV(CuS2)2,2
KV(CuSe2)2,3
KV2AgO6,2
KV4O8,1
KV5Se8,1
KVCl3,5
KVF3,25
KVO2,24
KVO3,10
KVP2S7,1
KWCl6,7
KWO3,23
KY(CO3)2,2
KY(CuO2)2,1
KY2CuS4,1
KY2Ti2S2O5,1
KYBeF6,1
KYGeS4,2
KYMnWO6,1
KYO2,9
KYS2,23
KYSiS4,2
KYTe2,14
KYbI3,2
KZn4(SbO4)3,2
KZn4P3,2
KZnAs,9
KZnCuTe2,1
KZnF3,22
KZnH5(SO5)2,1
KZnP,12
KZnSb,16
KZrCuS3,2
KZrCuSe3,2
KZrO3,2
KZrS2,11
KZrTl2OF5,1
La,36
La(AgGe)2,4
La(Al2Cr)4,1
La(Al2Fe)4,1
La(Al5Cu)2,1
La(AlGa)2,5
La(AlGe)2,7
La(AlPd)2,5
La(AlSi)2,6
La(AlZn)2,7
La(As3Os)4,1
La(AsIr)2,3
La(AsPd)2,5
La(AsRh)2,4
La(AsRu)2,226
La(BC)2,7
La(BIr)4,2
La(BO2)3,2
La(BOs)2,3
La(BOs)4,1
La(BRu)4,3
La(CdAs)3,2
La(Co2B)6,2
La(CoAs)2,5
La(CoB)2,2
La(CoB)4,3
La(CoGe)2,4
La(CoP)2,6
La(CoSi)2,5
La(CuGe)2,5
La(CuO2)2,3
La(CuSi)2,5
La(CuSn)2,5
La(ErS2)3,1
La(ErSe2)2,3
La(Fe2B)6,1
La(FeAs3)4,1
La(FeGe)2,4
La(FeP)2,5
La(FeP3)4,1
La(FeSb3)4,1
La(FeSi)2,4
La(GaPd)2,5
La(Ge2Rh3)2,1
La(Ge3Pt)4,1
La(GeIr)2,5
La(GePd)2,5
La(GePt)2,7
La(GeRh)2,5
La(GeRu)2,5
La(HO)3,4
La(Ho2C5)2,1
La(HoS2)3,1
La(In2Ni)3,2
La(LuS2)3,1
La(Mg2Al)4,1
La(MgSi)2,6
La(MnAl2)4,1
La(MnGe)2,3
La(MnSi)2,3
La(Mo3S4)2,1
La(Mo3Se4)2,1
La(NiAs)2,5
La(NiGe)2,5
La(NiP)2,6
La(NiSn)2,4
La(P3Os)4,1
La(P3Ru)4,1
La(PPd)2,3
La(PRh)2,7
La(PRu)2,2
La(PdO2)2,1
La(ReSi)2,3
La(Sb3Os)4,1
La(Sb3Ru)4,1
La(SbPd)2,4
La(SiAg)2,3
La(SiAu)2,4
La(SiIr)2,5
La(SiNi)2,6
La(SiOs)2,4
La(SiPd)2,5
La(SiPt)2,4
La(SiRh)2,6
La(SiRu)2,5
La(Sn3Ru2)2,1
La(Tl3Te2)3,1
La(TmS2)3,1
La(YC3)2,1
La(YS2)3,1
La(ZnP)3,3
La12Co6Pb,1
La12InCo6,1
La12Ni6Pb,1
La2(B2Rh3)3,1
La2(CoNi)5,1
La2(CuNi)5,2
La2(ErGe)3,1
La2(GaNi)5,1
La2(InSn)3,2
La2(MgAg3)3,1
La2(SnPb)3,2
La2(TlPb)3,2
La2(TlSn)3,2
La2(Zn2Ge)3,1
La2AgHg,11
La2AgIr,16
La2AgRu,15
La2AgSn,6
La2Al2Ge,4
La2Al2I,3
La2Al3Cu7,1
La2Al3GaPd4,1
La2Al3Ge,4
La2Al3Ge4,1
La2Al3Sn,3
La2Al6CuAu,1
La2Al7Cu,2
La2AlGe,7
La2AlGe3,2
La2AlNi9,2
La2AlNi9H,1
La2AlNi9H2,1
La2AlZn,12
La2AsI2,3
La2Au,22
La2AuO4,2
La2B4Rh5,2
La2Be2O5,1
La2Bi,4
La2Bi2S4OF,1
La2Bi4O9,2
La2BiN,6
La2BiO2,2
La2BiO5,2
La2Br5,3
La2BrClO2,1
La2C2Cl,1
La2C2N4O,1
La2C3,1
La2CCl,5
La2CN3Cl,1
La2CO5,2
La2Cd(SeO)2,1
La2CdAu2,5
La2CdHg,11
La2CdIn,10
La2CdNi2,6
La2CdPd2,6
La2CdRh2,6
La2CdS4,1
La2CdSe4,1
La2CeS4,3
La2CeTe4,3
La2Co2I,3
La2Co3,5
La2Co7,1
La2CoSb4,1
La2CoSn4,1
La2CrFeO6,1
La2CrO6,2
La2Cu2I,5
La2Cu2O5,5
La2Cu2SeSO2,1
La2CuGe6,1
La2CuIr,14
La2CuIrO6,2
La2CuO4,3
La2CuRhO6,2
La2CuRu,12
La2CuSbS5,2
La2CuSi3,5
La2CuSn4,2
La2CuTe4,2
La2EuO4,1
La2EuS4,1
La2Fe2I,2
La2Fe2O5,2
La2Fe2S2O3,1
La2Fe2Se2O3,1
La2Fe2Si2C,1
La2FeNiO6,2
La2FeSn4,1
La2Ga10Ni,1
La2Ga5Cu3,4
La2Ga7Au,2
La2Ga7Co,1
La2GaAg,5
La2GaNiO6,2
La2Ge3,5
La2Ge4IrPd3,2
La2Ge4IrRh3,3
La2Ge4Pd3Pt,3
La2Ge5Ir3,1
La2Ge5Rh3,1
La2Ge5Ru3,2
La2GeI2,3
La2H5,3
La2HfO5,4
La2HgO4,1
La2I5,2
La2In,18
La2InAg,10
La2InCu2,6
La2InGe2,5
La2InNi2,7
La2InPd2,7
La2InRh2,5
La2InSi2,7
La2Ir7,2
La2IrPd,9
La2Mg,28
La2MgAl,11
La2MgAl3,2
La2MgCd,12
La2MgCrO6,1
La2MgCu2,6
La2MgFe2(TeO6)2,2
La2MgFeO6,1
La2MgGeO6,2
La2MgIrO6,2
La2MgNbO6,2
La2MgNi2,6
La2MgNiO6,1
La2MgO4,2
La2MgRhO6,2
La2MgS4,8
La2MgSe4,8
La2MgSi2,1
La2MgSnO6,3
La2MgTiO6,3
La2MgTl,14
La2MgVO6,2
La2Mn2O5,1
La2Mn3CuGe4,1
La2Mn3FeSi4,1
La2MnCrO6,1
La2MnGaO6,1
La2MnNiO6,2
La2MnRuO6,2
La2MnSb4,2
La2MnVO6,1
La2NCl3,5
La2Nd(MnSi)6,1
La2Ni2I,5
La2Ni2O5,2
La2Ni3,6
La2Ni4Ge3P,2
La2Ni4GeP3,2
La2Ni5B4,2
La2Ni5C3,1
La2NiO4,4
La2NiPt,11
La2NiRuO6,2
La2NiSn4,2
La2O3,8
La2Os2I,2
La2P2AuO,1
La2PBr2,3
La2PI2,3
La2PbS4,3
La2PbSe4,2
La2Pd2O5,1
La2Pd2Pb,5
La2PdO4,2
La2PdRu,5
La2Re2Si2C,1
La2ReO5,1
La2Rh2I,4
La2Rh7,2
La2Ru2I,1
La2RuAu,14
La2S2O,4
La2S3,7
La2SO2,4
La2SO6,3
La2SbAu3,2
La2SbI2,2
La2SbO2,2
La2Sc2O5,1
La2ScSi2,4
La2SeO2,7
La2Si3,4
La2Si3Rh,3
La2Si5Rh3,1
La2SmS4,3
La2Sn3,4
La2Sn4Ir,2
La2Sn4Ru,2
La2Sn5,2
La2Sn5Rh3,2
La2SnHg,5
La2SnS5,2
La2Te5,1
La2TeI2,3
La2TeO2,5
La2TeO6,4
La2Ti2ZnO8,1
La2Ti3(AgO5)2,1
La2Ti3(BiO6)2,2
La2Ti3CuO10,1
La2Ti3ZnO10,1
La2TiCo16,1
La2TiCrO6,4
La2TiCuO6,1
La2TiZnO6,2
La2TlAg,12
La2TlCd,10
La2TlHg,10
La2TlIn,14
La2TlZn,10
La2VCo16,1
La2VFeO6,1
La2VZnO6,2
La2YC6,1
La2Zn17,2
La2Zn5Pb,1
La2Zn5Sn,1
La2ZnAg,10
La2ZnAs4,2
La2ZnBi4,2
La2ZnCrO6,1
La2ZnFeO6,1
La2ZnGa,6
La2ZnHg,11
La2ZnIr,11
La2ZnIrO6,2
La2ZnNi2,5
La2ZnNiO6,1
La2ZnRhO6,2
La2ZnRu,14
La2ZnSb4,1
La2ZnSnO6,1
La3(AgSn)4,1
La3(Al2Si3)2,1
La3(AlI)2,1
La3(B3Ru4)2,1
La3(BN2)2,2
La3(CrN3)2,1
La3(GaNi2)2,1
La3(GePd)4,2
La3(GeRh)4,2
La3(NbN3)2,1
La3(OsO5)2,1
La3(ReO5)2,1
La3(SiNi)4,1
La3(SiPd)4,1
La3(TaN3)2,1
La3(VN3)2,1
La3(ZnPd)4,2
La3(ZnPt)4,2
La3Al,19
La3Al11,1
La3AlC,2
La3AlN,2
La3AlO,32
La3AlO6,1
La3BCCl3,1
La3Bi4Au3,1
La3Bi4Pt3,1
La3CI5,1
La3Cd,18
La3Cd(FeO3)4,1
La3Ce,7
La3Ce4O12,1
La3Co,23
La3Co2Sn7,1
La3Cu3Bi4,1
La3Cu3Sb4,1
La3Cu4(P2O)2,1
La3Dy,21
La3DyC8,2
La3Er,21
La3Eu,7
La3Fe4AgO12,1
La3FeO6,1
La3Ga,7
La3Ga4Cl,1
La3GaBr3,2
La3GaO6,1
La3Gd(BrO)4,1
La3Gd(ClO)4,1
La3Ge3Br2,1
La3Ge3Cl2,1
La3Ge5,2
La3HfSb5,1
La3Hg,16
La3Ho,19
La3In,19
La3In4Ge,1
La3InC,2
La3InN,2
La3InPb4,1
La3Ir,22
La3Ir2,7
La3Lu,6
La3Mg,21
La3MgBi5,1
La3Mn4AgO12,1
La3MnBi5,1
La3NbSb5,1
La3Nd,52
La3Nd(CuO4)2,2
La3Nd(GaO3)4,2
La3NdCr4O12,1
La3NdMn4O12,1
La3Ni,21
La3Ni2B2N3,1
La3Ni2Sn7,2
La3Ni3Bi4,1
La3Os,20
La3Pb,19
La3PbC,2
La3Pd4,3
La3Pr(CoP)8,1
La3PrMn4O12,1
La3Pt2,7
La3Pt4,4
La3Rh2,8
La3Ru,22
La3RuI3,3
La3S4,2
La3Sb4Au3,1
La3SbO3,2
La3Sc,16
La3ScAl8,2
La3ScBi5,1
La3ScO6,2
La3Se4,5
La3Si2,2
La3Si3Cl2,1
La3Si3Ni,2
La3Si7Ni3,1
La3SiPd5,1
La3Sm,24
La3Sm(FeO3)4,1
La3SmCr4O12,1
La3Sn,8
La3Sn4,1
La3Sn5,1
La3Sn7,2
La3SnC,24
La3SnN,22
La3TaO7,4
La3Tb,18
La3Te4,4
La3Ti4O12,1
La3TiSb5,1
La3Tl,20
La3Tl5,5
La3TlC,2
La3Tm,17
La3Y(MnSi)4,1
La3YSb3,2
La3YSc4O12,1
La3Yb,1
La3Zn,18
La3ZnCuRh2PbO12,1
La3ZnNi3,2
La3ZrSb5,1
La4As2S5O4,1
La4As3,2
La4B2N5,1
La4B4Cl5,1
La4B4I5,1
La4Bi2O9,1
La4Bi2Pb,2
La4Bi3,3
La4Bi4S8O3F,1
La4BiPb2,2
La4Br3ClO4,1
La4BrCl3O4,2
La4C2Br5,2
La4C2Cl5,1
La4C2I5,2
La4CePd15,1
La4CeZn5,1
La4Co2Sn5,1
La4Cu3Sb8,2
La4Cu4Se3SO4,1
La4Cu4SeS3O4,1
La4Cu5As8,2
La4Cu5Sb8,1
La4CuNiO8,1
La4CuO8,1
La4DyC10,1
La4Fe(NiO4)3,2
La4Fe(NiO5)2,1
La4Fe3NiO12,1
La4GaSi3,1
La4H9,1
La4HoC10,1
La4Mg,8
La4MgTi3O12,1
La4Mn(NiO4)3,1
La4Mn3NiO12,1
La4Mn3Sb8,2
La4Nd4S4O7,1
La4Ni3O10,2
La4Ni3Sn8,1
La4Pb3,2
La4PdO7,1
La4Rh3,5
La4S3N2,2
La4S7,1
La4Sb2Pb,1
La4Sb3,2
La4SbTe7,1
La4Se3N2,3
La4Se3O4,2
La4SiI5,2
La4SnBi2,2
La4SnSb2,2
La4Ti3O12,2
La4YC10,1
La4ZnCu(RhO6)2,1
La5(BN3)2,1
La5AgPb3,1
La5AgS8,1
La5AgSe8,1
La5Al2Ru3,1
La5Al3Ni2,1
La5AsPb3,1
La5Bi3,1
La5Bi3Br,1
La5CoGe3,1
La5CoPb3,1
La5Cu4As4(ClO2)2,1
La5Cu4P4(ClO2)2,1
La5CuBi3,1
La5CuGe3,1
La5CuPb3,1
La5Er5Ge6,1
La5FePb3,1
La5Ge3,2
La5Ge3O,2
La5In3Br,1
La5Ir2,2
La5Mg,10
La5NiGe3,1
La5NiPb3,1
La5PPb3,1
La5Pb3,5
La5Pb3C,2
La5Pb3Cl,1
La5Pb3I,1
La5Pb3O,1
La5Pb3S,1
La5Pb3Se,1
La5Ru2,2
La5RuPb3,1
La5S8,2
La5Sb3,2
La5Sb3Br,1
La5SbPb3,1
La5Si3,4
La5SmS8,1
La5Sn3,3
La5Sn3Br,1
La5Sn3C,1
La5Sn3Cl,1
La5Sn3I,1
La5Tl3,4
La5TlS8,1
La5TlSe8,2
La5TlTe8,1
La5ZnPb3,1
La6Al3Ni4SnRu,1
La6OsI10,1
La6WO12,1
La7CoI12,1
La7Ir3,2
La7Ni3,1
La7Os4C9,1
La7Pd3,1
La7Pt3,1
La7Rh3,2
La7ZnNi2,1
La8(BiPb)3,1
La8(BiSb)3,1
La8Ni4Br7,1
La8Te3SeO8,1
LaAg,28
LaAg2,21
LaAg2Hg,11
LaAg2Sn,5
LaAg3,16
LaAgAu2,7
LaAgGe,24
LaAgHg2,10
LaAgO2,8
LaAgPb,22
LaAgSO,1
LaAgSb2,15
LaAl,36
LaAl2,22
LaAl2Ag3,4
LaAl2BRu2,1
LaAl2Cu3,3
LaAl2Pt3,6
LaAl3,23
LaAl3Au,5
LaAl3Cu,5
LaAl3Ni2,3
LaAl3O6,1
LaAl3Pd2,4
LaAl4,4
LaAl4Co,3
LaAl4Cu2Si,1
LaAl5Ni2,1
LaAlAg2,13
LaAlAu,11
LaAlCo4,2
LaAlCu4,3
LaAlCuNi3,3
LaAlGe,10
LaAlH6,17
LaAlNi4,4
LaAlO3,32
LaAlPt,10
LaAlSi,18
LaAlSi2,17
LaAlZn,36
LaAs,20
LaAs2,15
LaAs2Au,16
LaAsIr,13
LaAsO3,6
LaAsO4,4
LaAsPd,7
LaAsRh,11
LaAsS,5
LaAu,24
LaAu2,20
LaAu3,18
LaAuO2,7
LaAuO3,7
LaB2ClO4,1
LaB2Ir2C,1
LaB2Ir3,2
LaB2Pd2C,1
LaB2Pt2C,1
LaB2Rh2C,1
LaB2Rh3,3
LaB2Ru3,1
LaB4,2
LaB4(IrOs)2,1
LaB6,1
LaBO3,10
LaBPt2,4
LaBPt4,3
LaBRh3,2
LaBWO6,1
LaBi,8
LaBi2Au,6
LaBi2ClO4,1
LaBi2IO4,1
LaBi3,5
LaBi5O9,1
LaBiAu2,5
LaBiO3,7
LaBiPd,5
LaBiPt,4
LaBiS2O,2
LaBr,26
LaBr2,16
LaBr3,31
LaBrO,4
LaC2,4
LaCBr,3
LaCI,3
LaCN2Cl,1
LaCN2F,4
LaCO,2
LaCO3F,1
LaCd,32
LaCd2,18
LaCd2Cu,10
LaCd2Pd,7
LaCd3,15
LaCdAg2,10
LaCdAu,12
LaCdAu2,8
LaCdHg2,9
LaCdPd,9
LaCe,5
LaCe(B2Rh3)2,1
LaCe(CoNi)5,1
LaCe(CuSi)4,1
LaCe(MnSi)4,1
LaCe(SiPd)4,1
LaCe(SnRu)2,1
LaCe3,7
LaCe4,3
LaCeAl2O6,2
LaCeAl4,2
LaCeB12,3
LaCeC4,2
LaCeCo10,1
LaCeF6,5
LaCeHg2,3
LaCeIn6,3
LaCeMg14,2
LaCeMg2,4
LaCeMn2O6,1
LaCeN2,5
LaCeNi10,1
LaCeOs4,1
LaCePd6,3
LaCeRh4,1
LaCeRu4,1
LaCeSi2,4
LaCeSn6,2
LaCeZn2,4
LaCl3,30
LaClO,5
LaCo2AsN,1
LaCo2Ni3,2
LaCo3Ni2,2
LaCo4B,1
LaCo5,8
LaCo5P3,1
LaCoC2,6
LaCoGe,8
LaCoGe2,8
LaCoGe3,6
LaCoN3,50
LaCoNi4,2
LaCoSb2,16
LaCoSi,13
LaCoSi2,14
LaCoSi3,6
LaCr2Si2C,1
LaCrAgO6,1
LaCrAsO,1
LaCrCuO6,1
LaCrGe3,4
LaCrN3,48
LaCrO3,22
LaCrS2O,1
LaCrS3,3
LaCrSb3,3
LaCrSe3,3
LaCrTeO6,4
LaCrWO6,1
LaCu,29
LaCu2,18
LaCu2Ni3,5
LaCu3(RuO3)4,1
LaCu3Ni2,3
LaCu4P3,2
LaCu5,7
LaCuGe,15
LaCuGe2,3
LaCuNi4,4
LaCuO2,6
LaCuO3,24
LaCuPb,23
LaCuPd,8
LaCuS2,8
LaCuSO,2
LaCuSb2,15
LaCuSe2,20
LaCuSeO,2
LaCuSi,25
LaCuSi2Ni,1
LaCuSn,24
LaCuTeO,1
LaCuTeS,2
LaDy,18
LaDyMg2,4
LaDyO3,5
LaDyTl2,4
LaEr3,15
LaEr4Ge3,1
LaEr4Se7,1
LaErAl4,2
LaErIn2,5
LaErMg2,4
LaErO3,4
LaErSe2,4
LaErTl2,4
LaEu3(NiO3)4,1
LaEuAg2,3
LaEuB12,3
LaEuCd2,3
LaEuHg2,3
LaEuPd2,4
LaEuPd6,1
LaEuS2,2
LaEuZn2,3
LaF3,18
LaFe2AsN,1
LaFe2PbO6,1
LaFe3(BO3)4,3
LaFe4(BiO4)3,1
LaFe4(CuO4)3,1
LaFe5H12,1
LaFe6(CoB)6,1
LaFeCuNi3,1
LaFeGe3,5
LaFeNi4,2
LaFeO3,8
LaFeSi,12
LaFeSi2,21
LaFeSi2Rh,1
LaFeWO6,1
LaGa,19
LaGa2,9
LaGa2Co3,3
LaGa2Ni,6
LaGa2Ni3,5
LaGa2Pt3,6
LaGa2Rh3,2
LaGa3Cu,6
LaGa3Ni,6
LaGa3Pd,6
LaGa3Pd2,4
LaGa3Pt,6
LaGa6Pd,1
LaGaNi,7
LaGaNi4,5
LaGaO3,11
LaGaPd2,5
LaGaPt,8
LaGaS2O,1
LaGaSb2,6
LaGaSi,9
LaGd(BrO)2,1
LaGd(CuSn)4,1
LaGd3,6
LaGd3(BrO)4,1
LaGdAl4,1
LaGdB12,2
LaGdC4,1
LaGdN2,2
LaGdTl2,3
LaGe,21
LaGe2,7
LaGe2Ir3,2
LaGe2IrRu,1
LaGe2PdRh,3
LaGe2Rh,7
LaGe2RuRh,1
LaGe3Ir,5
LaGe3Os,4
LaGe3Rh,5
LaGe3Ru,4
LaGe5,3
LaGeAu,26
LaGeI,3
LaGeIr,8
LaGePd,12
LaGePt,9
LaGeRu,13
LaH2,8
LaH3,10
LaH3(CO2)3,1
LaHBr2,6
LaHO2,11
LaHfF7,2
LaHg,27
LaHg2,17
LaHg3,13
LaHgAu2,9
LaHgPd,9
LaHoIn2,6
LaHoMg2,4
LaHoO3,5
LaHoTl2,3
LaI,17
LaI2,11
LaI3,14
LaIO,3
LaIO3,3
LaIn,30
LaIn2,17
LaIn2Ir,14
LaIn2Pd,6
LaIn2Rh,15
LaIn3,17
LaIn4Ni,2
LaIn5Co,1
LaIn5Ir,1
LaIn5Rh,1
LaInAg2,14
LaInAu,11
LaInAu2,10
LaInCu2,10
LaInHg2,9
LaInNi,11
LaInNi2,12
LaInO3,10
LaInPd2,8
LaInPt,12
LaInPt4,1
LaInRh,11
LaIr2,26
LaIr3,22
LaIr5,6
LaLuAl4,1
LaLuIn2,4
LaLuMg2,3
LaLuO3,2
LaLuS3,2
LaLuTl2,3
LaMg,32
LaMg(FeO3)2,1
LaMg11Al,1
LaMg12,1
LaMg14Al,2
LaMg14Bi,2
LaMg14Cd,2
LaMg14Cu,2
LaMg14Ga,2
LaMg14Ni,2
LaMg14Sn,2
LaMg14Zn,2
LaMg14Zr,2
LaMg15,1
LaMg2,27
LaMg2Ni,16
LaMg2Ni9,2
LaMg2Pd,7
LaMg3,15
LaMg4Cu,3
LaMg7,2
LaMgAg,9
LaMgAg2,12
LaMgAu,7
LaMgAu2,12
LaMgCd2,10
LaMgCu,10
LaMgCu2,11
LaMgFeNiO6,1
LaMgGa,28
LaMgHg2,9
LaMgI5,6
LaMgMnFeO6,1
LaMgPd,8
LaMgSi2,12
LaMgTaFeO6,1
LaMgTl,31
LaMgTl2,13
LaMgZn2,11
LaMn2BiO6,1
LaMn2CdO6,2
LaMn2Ni3,2
LaMn3Cr4O12,1
LaMn3V4O12,2
LaMn4(BiO4)3,1
LaMn4(CuO4)3,1
LaMn7O12,1
LaMnAlNi3,1
LaMnCuGe2,2
LaMnFe3(BiO4)3,1
LaMnFeGe2,2
LaMnFeSi2,1
LaMnN3,37
LaMnNi4,2
LaMnO3,23
LaMnSbO,1
LaMnSi,11
LaMnSi2,16
LaMnZnFeO6,1
LaMoN3,56
LaN,15
LaNO4,2
LaNb2AgO7,1
LaNb2CuBrO7,3
LaNbO4,7
LaNd3,25
LaNd3(GaO3)4,1
LaNd3Cr4O12,1
LaNd3Mn4O12,1
LaNdAl4,5
LaNdAl6,1
LaNdC4,2
LaNdCo10,1
LaNdCuO4,3
LaNdHg2,5
LaNdMg2,4
LaNdMn2O6,1
LaNdN2,5
LaNdNi10,1
LaNdTl2,4
LaNi,30
LaNi2,23
LaNi2AsN,2
LaNi2B2C,1
LaNi2GeP,1
LaNi2Rh3,2
LaNi3,20
LaNi3B,5
LaNi3Rh2,3
LaNi4(BiO4)3,1
LaNi4B,2
LaNi4Pt,2
LaNi4Rh,3
LaNi5,6
LaNi5H6,2
LaNi5P3,1
LaNiAs,10
LaNiBN,1
LaNiC2,4
LaNiGe2,6
LaNiGe3,5
LaNiO3,25
LaNiP,16
LaNiSb,8
LaNiSb2,14
LaNiSn,9
LaNiSn2,8
LaNiSnH,4
LaNiSnH2,1
LaO,15
LaOF,5
LaOs2,22
LaOsN3,59
LaP,21
LaPIr,12
LaPO4,4
LaPPd,6
LaPPt,14
LaPRh,14
LaPb3,16
LaPbAu,19
LaPbAu2,9
LaPbNO5,1
LaPd,15
LaPd3,7
LaPd3S4,1
LaPd5,5
LaPdO3,6
LaPdPb,6
LaPr(CoP)4,1
LaPr(MnSi)4,1
LaPr3,30
LaPr3(CoP)8,1
LaPr3(GaO3)4,1
LaPr3Al4O12,2
LaPr3Mn4O12,1
LaPrAl4,5
LaPrAl6,1
LaPrC4,2
LaPrCr2O6,2
LaPrHg2,5
LaPrIn2,6
LaPrMg2,5
LaPrMn2O6,1
LaPrNi10,1
LaPrTl2,5
LaPrZn2,4
LaPt,24
LaPt2,20
LaPt3,19
LaPt5,6
LaReN3,58
LaRh,26
LaRh2,22
LaRh3,22
LaRh3C,2
LaRhC2,4
LaRhO3,8
LaRu2,24
LaRuO3,3
LaS,11
LaS2,10
LaSF,8
LaSO,5
LaSb,17
LaSb2,17
LaSb2Au,15
LaSb2Pd,4
LaSb5O12,1
LaSbIr,10
LaSbPd,8
LaSbRh,9
LaSbSe,19
LaSbSe3,5
LaSbTe,9
LaSc3(BO3)4,4
LaScGe,4
LaScO3,7
LaScS3,5
LaScSb,8
LaScSi,9
LaSe,24
LaSe2,20
LaSi,37
LaSi2,13
LaSi2Ag,18
LaSi2Ni,15
LaSi2Pt,16
LaSi2Rh3,4
LaSi2Ru,15
LaSi2Ru3,2
LaSi3Ir,5
LaSi3Os,4
LaSi3Rh,5
LaSi3Ru,4
LaSiAg,25
LaSiI,3
LaSiIr,12
LaSiNi,14
LaSiNi4,2
LaSiOs2C,1
LaSiPt,12
LaSiPt3,5
LaSiRh,12
LaSiRu,11
LaSm3,27
LaSm3(FeO3)4,1
LaSm3Cr4O12,1
LaSmB12,3
LaSmCr2O6,3
LaSmMg2,4
LaSmO3,4
LaSmS2,7
LaSmTl2,4
LaSmZn2,3
LaSn2,8
LaSn2Pd,6
LaSn2Rh,7
LaSn3,5
LaSnAu,22
LaSnAu2,5
LaSnIr,7
LaSnPd,9
LaSnPt,10
LaSnRh,10
LaTa2AgO7,1
LaTa2CuBrO7,1
LaTaN3,47
LaTaO4,8
LaTaTiO6,4
LaTb3,22
LaTbC4,1
LaTe,24
LaTe2,24
LaTe3,13
LaTeAs,10
LaTi2O6,4
LaTiAgO4,1
LaTiAlPbO6,2
LaTiGe,2
LaTiGe3,3
LaTiNbO6,4
LaTiO3,5
LaTiS3,5
LaTiSbO6,2
LaTiTeO6,2
LaTl,26
LaTl3,12
LaTlAg2,10
LaTlAu2,8
LaTlCd,27
LaTlHg2,8
LaTlPd,8
LaTlZn,25
LaTm(Ge2Ir)2,1
LaTmB12,2
LaTmMg2,4
LaTmO2,2
LaTmO3,5
LaTmS2,2
LaTmTl2,3
LaV2BiO8,2
LaVGe3,3
LaVN3,49
LaVO3,4
LaVO4,7
LaVS3,2
LaVSb3,3
LaWN3,44
LaY,46
LaY(B2Rh3)2,1
LaY(Co4B)2,1
LaY(MnSi)2,1
LaY(MnSi)4,1
LaY3,29
LaY3(MnSi)4,1
LaY3Sc4O12,1
LaY3Ti4O12,1
LaYAl4,2
LaYC3,3
LaYIn6,3
LaYMg14,2
LaYMg2,13
LaYMg4,3
LaYMg6,3
LaYNi10,1
LaYO3,8
LaYTi2O6,1
LaYZn2,10
LaYb3,2
LaYbAg2,2
LaYbAl4,1
LaYbAu2,3
LaYbCd2,2
LaYbCu2,2
LaYbHg2,2
LaYbMg2,1
LaYbPd2,3
LaYbPt2,2
LaYbRh2,1
LaYbTl2,1
LaYbZn2,2
LaZn,32
LaZn2,19
LaZn2Ag,12
LaZn2Co,15
LaZn2Ni3,5
LaZn3,17
LaZn3Ni2,4
LaZn4,5
LaZn4Ni,4
LaZn5,6
LaZnAgAs2,1
LaZnAgP2,1
LaZnAsO,2
LaZnAu2,14
LaZnGa,31
LaZnIn,29
LaZnNi,9
LaZnNi4,4
LaZnPO,2
LaZnPd,8
LaZnSbO,1
LaZnSn,12
LaZrF7,2
Li,31
Li(BiO2)3,3
Li(Co3P2)2,1
Li(CoGe)6,3
Li(CoS2)2,3
Li(CrS2)2,11
Li(CuO)2,4
Li(CuO)3,4
Li(CuO2)2,2
Li(CuP)2,5
Li(Fe3Ge2)2,1
Li(Fe3P2)2,1
Li(FeO2)2,8
Li(FeP)2,3
Li(Mg2Si)2,1
Li(Mg2Si)4,1
Li(MnS2)2,7
Li(Mo3S4)2,2
Li(Mo3Se4)2,1
Li(MoO2)2,2
Li(MoSe)3,1
Li(NdSi)2,3
Li(NiO2)2,5
Li(NiO2)3,1
Li(NiO2)4,1
Li(NiP)2,5
Li(NiS)2,5
Li(NiS2)2,2
Li(PrGe3)2,1
Li(ReO3)4,1
Li(SiRh)2,4
Li(Sn3Pd)2,1
Li(TaS2)2,3
Li(TiS2)2,6
Li(TiS2)3,3
Li(TiSe2)3,2
Li(TiTe2)2,4
Li(TiTe2)5,1
Li(TmGe2)2,1
Li(WO3)2,4
Li(YSi)2,4
Li(ZrS2)2,6
Li10BrN3,1
Li11TiAs5,2
Li11TiP5,1
Li11TiSb5,1
Li13Sn5,1
Li2(LuGe)3,1
Li2(NiO2)3,5
Li2(TmGe)3,1
Li2Ag3F6,1
Li2AgAu,14
Li2AgBi,6
Li2AgF3,10
Li2AgF4,8
Li2AgF5,5
Li2AgF6,6
Li2AgGe,8
Li2AgHg,10
Li2AgPb,10
Li2AgPd,11
Li2AgSb,13
Li2AgSn,7
Li2AgSn2,6
Li2Al,18
Li2Al2P2O9F,1
Li2Al2SiO6,1
Li2AlAg,18
Li2AlFeO4,12
Li2AlGa,7
Li2AlNiO4,6
Li2AlPd,5
Li2AlPt,15
Li2AlRh,14
Li2AlSi,16
Li2AlVO4,8
Li2B2Rh3,1
Li2B2S5,1
Li2B2Se5,2
Li2BF5,3
Li2BeSiO4,4
Li2BiAu,8
Li2BiBO5,1
Li2BiF5,1
Li2BiO2,2
Li2BiO3,8
Li2BiS2,3
Li2BiS3,2
Li2CN2,3
Li2CO3,4
Li2Ca,14
Li2Ca2Ta3O10,1
Li2CaAl,9
Li2CaGe,3
Li2CaGeO4,1
Li2CaHfF8,2
Li2CaIn,9
Li2CaPb,12
Li2CaSi,12
Li2CaSiO4,1
Li2CaSn,3
Li2CaTa2O7,3
Li2CaTl,10
Li2CdAg,14
Li2CdAu,12
Li2CdBi,7
Li2CdCl4,4
Li2CdGe,7
Li2CdGeO4,4
Li2CdGeS4,4
Li2CdHg,12
Li2CdIn,10
Li2CdPb,12
Li2CdPd,10
Li2CdPt,19
Li2CdSb,13
Li2CdSn,9
Li2CdSnS4,4
Li2Ce2Ge3,1
Li2Ce2Si3,1
Li2CeAl,1
Li2CeAs2,3
Li2CeGa,1
Li2CeIn,3
Li2CeN2,1
Li2CeO3,6
Li2CeP2,4
Li2CePb,2
Li2CeSn,3
Li2CeTl,3
Li2CoCl4,6
Li2Cr(PO4)2,5
Li2Cr3CuO8,4
Li2Cr3FeO8,8
Li2Cr3NiO8,4
Li2Cr3SbO8,3
Li2Cr3SnO8,6
Li2Cr3TeO8,2
Li2CrCl4,5
Li2CrCuO4,3
Li2CrF6,3
Li2CrFeO4,13
Li2CrNiO4,4
Li2CrO2,3
Li2CrO3,11
Li2CrO4,6
Li2CrPO4F,5
Li2CrS3,2
Li2CrS4,1
Li2CrSiO4,10
Li2CrTeO6,2
Li2CrWO6,2
Li2Cu(PO3)4,7
Li2Cu(WO4)2,1
Li2Cu2F5,5
Li2Cu2F7,8
Li2Cu2TeO6,2
Li2Cu3F8,5
Li2Cu3Ge,1
Li2Cu4S3,4
Li2CuAs,13
Li2CuAsO4,3
Li2CuBiO4,2
Li2CuF4,14
Li2CuF5,9
Li2CuF6,8
Li2CuGe,5
Li2CuN,6
Li2CuNiO4,3
Li2CuO2,6
Li2CuP,15
Li2CuPO4,16
Li2CuS2,4
Li2CuSb,12
Li2CuSbO5,1
Li2CuSiO4,14
Li2CuSn,8
Li2CuSn2,5
Li2CuSnO4,3
Li2DyIn,3
Li2DyTl,4
Li2ErIn,3
Li2ErTl,4
Li2Eu5O8,1
Li2EuGe,2
Li2EuGeS4,1
Li2EuIn,3
Li2EuSn,3
Li2Fe(BO3)2,4
Li2Fe(PO4)2,10
Li2Fe(PS3)2,1
Li2Fe(WO4)2,2
Li2Fe2OF4,1
Li2Fe2P2O9F,1
Li2Fe3CuO8,6
Li2Fe3F8,11
Li2Fe3NiO8,7
Li2Fe3SbO8,3
Li2Fe3SnO8,6
Li2Fe3TeO8,5
Li2Fe3WO8,3
Li2Fe4O3F8,1
Li2FeBO4,13
Li2FeBr4,4
Li2FeCl4,3
Li2FeCuO4,3
Li2FeF4,23
Li2FeF5,8
Li2FeF6,4
Li2FeGeS4,1
Li2FeNi3O8,5
Li2FeNiO4,5
Li2FeO2,3
Li2FeO2F,10
Li2FeO3,4
Li2FeOF3,5
Li2FePHO5,2
Li2FePO4F,4
Li2FePO5,4
Li2FeSi3O8,4
Li2FeSiO4,18
Li2FeSnO4,2
Li2FeSnS4,1
Li2FeTeO6,1
Li2FeWO6,1
Li2Ga7,2
Li2GaAg,8
Li2GaAu,6
Li2GaCu3,5
Li2GaIr,6
Li2GaPd,6
Li2GaPt,6
Li2GaRh,5
Li2GaSb,4
Li2Ge2O5,2
Li2GeAu,8
Li2GeF6,6
Li2GeN2,2
Li2GeO3,3
Li2GePbS4,1
Li2GePd,6
Li2GeSb2Te5,1
Li2GeTeO6,2
Li2H2Pd,8
Li2H2Pt,3
Li2H2SO5,2
Li2H2SeO5,3
Li2H6Pt,7
Li2H6PtO6,2
Li2HIO,3
Li2HN,11
Li2Hf2O5,2
Li2HfN2,1
Li2HfO3,6
Li2HgAu,11
Li2HgBi,8
Li2HgGe,7
Li2HgO2,8
Li2HgPd,9
Li2HoIn,3
Li2HoTl,4
Li2In,17
Li2InAg,11
Li2InAu,10
Li2InBi,6
Li2InHg,11
Li2InIr,17
Li2InPb,14
Li2InPd,5
Li2InPt,11
Li2InRh,10
Li2InSn,6
Li2La2Si3,1
Li2La2Ti3O10,1
Li2La3Nd(SbO6)2,1
Li2LaIn,11
Li2LaPb,14
Li2LaSn,2
Li2LaTa2O7,1
Li2LaTl,11
Li2LuIn,3
Li2LuSiO5,1
Li2Mg,36
Li2Mg3Si2,2
Li2MgAg,14
Li2MgAu,15
Li2MgBr4,8
Li2MgCd,15
Li2MgCdP2,4
Li2MgCl4,5
Li2MgGa,8
Li2MgGe,9
Li2MgGeO4,4
Li2MgH4,14
Li2MgHg,11
Li2MgIn,12
Li2MgIr,20
Li2MgMn3O8,2
Li2MgNi3O8,1
Li2MgPb,13
Li2MgSi,18
Li2MgSn,6
Li2MgTi3O8,6
Li2MgTl,9
Li2MgZn,17
Li2MgZrO4,2
Li2Mn(NiO3)2,2
Li2Mn(PO3)4,6
Li2Mn(PO4)2,9
Li2Mn2O3,3
Li2Mn3(FeO4)3,1
Li2Mn3CrO8,4
Li2Mn3CuO8,5
Li2Mn3F8,15
Li2Mn3FeO8,4
Li2Mn3GaO8,3
Li2Mn3NiO8,6
Li2Mn3O6,6
Li2Mn3SbO8,6
Li2Mn3SnO8,6
Li2Mn3TeO8,3
Li2Mn3VO8,3
Li2Mn3WO8,4
Li2Mn4N3,1
Li2Mn4O5F3,2
Li2Mn5O10,1
Li2MnBr4,8
Li2MnCl4,8
Li2MnCr3O8,6
Li2MnCrO4,6
Li2MnCu3O8,2
Li2MnCuO4,3
Li2MnF4,29
Li2MnF5,10
Li2MnF6,21
Li2MnFe3O8,4
Li2MnFeO4,7
Li2MnN2,4
Li2MnNi3O8,4
Li2MnNiO4,3
Li2MnO2,4
Li2MnO2F,16
Li2MnO3,7
Li2MnOF2,1
Li2MnOF3,7
Li2MnPHO5,3
Li2MnPO4F,4
Li2MnPO5,2
Li2MnSi3O8,4
Li2MnSiO4,14
Li2MnSiO5,1
Li2MnSnO4,3
Li2MnSnS4,5
Li2MnV3O8,10
Li2MnV4CuO12,1
Li2MnV4FeO12,1
Li2MnVO4,3
Li2MnVP2(HO5)2,20
Li2MnWO6,1
Li2Mo(PO4)2,4
Li2Mo3S4,1
Li2MoF6,4
Li2MoO3,4
Li2Nb2Fe3O10,1
Li2Nb4O11,2
Li2Nb4ZnO12,3
Li2NbCr3O8,3
Li2NbF6,3
Li2NbOF5,3
Li2NbS3,2
Li2NbV3O8,4
Li2Nd2Ge3,1
Li2Nd2Si3,1
Li2NdAl,1
Li2NdGa,1
Li2NdPb,3
Li2NdTl,4
Li2Ni(PO3)4,8
Li2Ni(WO4)2,1
Li2Ni3BiO8,2
Li2Ni3O3F2,1
Li2Ni3SbO8,4
Li2Ni3SnO8,5
Li2Ni3TeO8,4
Li2Ni3WO8,3
Li2Ni5O7,1
Li2NiBiO4,3
Li2NiF4,5
Li2NiN,5
Li2NiO2,6
Li2NiO2F,4
Li2NiO3,5
Li2NiOF2,1
Li2NiPO4F,2
Li2NiSnO4,3
Li2O,6
Li2P2WO8,3
Li2PNO2,1
Li2PbAu,10
Li2PbO3,4
Li2Pd,10
Li2PdAu,9
Li2PdF6,8
Li2PdO2,4
Li2PdO3,4
Li2PdPb,5
Li2Pr2Ge3,1
Li2Pr2Si3,1
Li2PrAl,1
Li2PrGa,1
Li2PrIn,3
Li2PrPb,3
Li2PrTl,4
Li2Pt,21
Li2PtF6,5
Li2PtO2,1
Li2RhF6,8
Li2RhO3,3
Li2RuF6,8
Li2RuO3,4
Li2S,5
Li2SO4,6
Li2Sb,16
Li2SbAu,14
Li2SbPd,4
Li2SbPt,11
Li2ScFe(SiO3)4,1
Li2ScIn,10
Li2Se,12
Li2Si,16
Li2Si2O5,4
Li2SiAu,13
Li2SiNiO4,13
Li2SiO3,3
Li2SiS3,1
Li2SiSnS4,2
Li2Sm2Ge3,1
Li2Sm2Si3,1
Li2SmAl,1
Li2SmIn,3
Li2SmTl,4
Li2Sn2Au,5
Li2Sn5,1
Li2SnAu,7
Li2SnF6,6
Li2SnHg,5
Li2SnIr,5
Li2SnN2,1
Li2SnO4,1
Li2SnPb,8
Li2SnPd,6
Li2SnPt,6
Li2SnSe3,3
Li2SnTeO6,3
Li2Ta3N5,1
Li2Te,12
Li2TeO3,5
Li2Ti(TeO4)3,2
Li2Ti2Fe3O10,1
Li2Ti2Mn3O10,2
Li2Ti2MnNiO8,1
Li2Ti2O5,4
Li2Ti2S5,1
Li2Ti2Sb2O,1
Li2Ti2V3O10,4
Li2Ti3CrO8,3
Li2Ti3FeO8,5
Li2Ti3MnO8,6
Li2Ti3NbO8,3
Li2Ti3NiO8,5
Li2Ti3O6,2
Li2Ti3V3O12,2
Li2Ti3VO8,4
Li2Ti3ZnO8,4
Li2TiCr3O8,6
Li2TiCrO4,6
Li2TiCuO4,4
Li2TiF6,9
Li2TiFe2O5,5
Li2TiFe3O8,4
Li2TiFeO4,11
Li2TiGeO5,1
Li2TiMn2NiO8,1
Li2TiMn2O5,2
Li2TiMn3O8,3
Li2TiMnO4,3
Li2TiN2,2
Li2TiNi2O5,4
Li2TiNiO4,2
Li2TiO3,10
Li2TiSiO5,1
Li2TiTeO6,3
Li2TiV3O8,11
Li2TiV5O12,1
Li2TiVO4,4
Li2TiVO5,1
Li2Tl,16
Li2TlAg,9
Li2TlAu,9
Li2TlBi,5
Li2TlCd,10
Li2TlHg,14
Li2TlIn,13
Li2TlPb,10
Li2TlPd,8
Li2TlPt,11
Li2TlSb,15
Li2TlSn,6
Li2TmIn,3
Li2TmTl,4
Li2V(OF)2,8
Li2V2OF5,2
Li2V2SiGeO10,3
Li2V3(OF)4,1
Li2V3CrO8,7
Li2V3CuO8,5
Li2V3F8,2
Li2V3FeO8,6
Li2V3NiO8,2
Li2V3O3F5,1
Li2V3O6,4
Li2V3SbO8,3
Li2V3SnO8,9
Li2V3TeO8,3
Li2V3WO8,3
Li2V4CrCuO12,1
Li2V4CuNiO12,1
Li2V4O3F8,1
Li2V4O5F8,1
Li2V4OF12,1
Li2V5CuO12,1
Li2V5NiO12,1
Li2V5O10,5
Li2VBO4,7
Li2VCl4,3
Li2VCr3O8,5
Li2VCrO4,13
Li2VCrP2(HO5)2,10
Li2VCrS4,1
Li2VF4,13
Li2VF5,12
Li2VF6,20
Li2VFe3O8,3
Li2VFeO4,4
Li2VFeO5,1
Li2VFeP2(O4F)2,9
Li2VFeS4,1
Li2VGa3O8,3
Li2VNiO4,3
Li2VO2F,36
Li2VO3,5
Li2VOF3,5
Li2VOF4,7
Li2VOF5,4
Li2VPHO5,1
Li2VPO4F,3
Li2VPO5,4
Li2VSiO4,6
Li2VSiO5,3
Li2WO4,5
Li2WS4,4
Li2YAl,13
Li2YIn,12
Li2YTl,10
Li2YbGe,2
Li2YbIn,1
Li2YbPb,1
Li2YbSi,2
Li2YbSn,1
Li2YbTl,1
Li2ZnAu,12
Li2ZnCdP2,3
Li2ZnCl4,6
Li2ZnCu3,4
Li2ZnGe,8
Li2ZnGe3,1
Li2ZnGeO4,5
Li2ZnGeS4,4
Li2ZnPb,13
Li2ZnSi,15
Li2ZnSn,8
Li2ZnSnS4,4
Li2Zr2O5,3
Li2ZrCuO4,1
Li2ZrF6,8
Li2ZrN2,1
Li2ZrO3,6
Li2ZrTeO6,1
Li3(CoS2)4,1
Li3(CrS2)4,1
Li3(CuO)4,1
Li3(CuO2)2,4
Li3(FeO2)4,3
Li3(FeO2)5,1
Li3(FeO3)2,3
Li3(NiO2)4,4
Li3(NiO2)5,3
Li3(VS2)4,1
Li3(ZnSn2)2,1
Li3Ag,16
Li3Ag2,5
Li3Ag3Ge2,4
Li3Ag3Sn2,3
Li3Al,21
Li3Al2,5
Li3Al2CrO6,1
Li3Al2VO6,3
Li3AlH6,6
Li3As,15
Li3AsO4,3
Li3Au,16
Li3AuS2,1
Li3BN2,4
Li3Bi,5
Li3Bi(PO4)2,7
Li3BiO4,6
Li3BiS3,7
Li3Ca,14
Li3CaMnN3,1
Li3Cd,25
Li3CeBi2,2
Li3CeGa8,2
Li3CeSb2,2
Li3Cr(FeO2)4,1
Li3Cr(FeO3)2,2
Li3Cr(NiO2)4,1
Li3Cr(NiO3)2,1
Li3Cr2(FeO4)2,1
Li3Cr2(NiO4)2,1
Li3Cr2CuO6,1
Li3Cr2Fe3O10,1
Li3Cr2FeO6,4
Li3Cr2NiO6,2
Li3Cr3CuO8,2
Li3Cr3FeO8,4
Li3Cr3NiO8,2
Li3Cr4O8,3
Li3Cr5O10,1
Li3CrClO4,1
Li3CrF6,10
Li3CrFe3O8,3
Li3CrNi3O8,1
Li3CrO4,8
Li3CrS4,1
Li3Cu,14
Li3Cu(NiO2)4,1
Li3Cu(NiO3)2,1
Li3Cu2F8,3
Li3Cu3(PO4)2,9
Li3Cu3TeO8,1
Li3Cu4F9,1
Li3Cu4NiO8,1
Li3Cu4SbO8,1
Li3Cu4SnO8,1
Li3Cu5O8,1
Li3CuF4,3
Li3CuF5,1
Li3CuF6,10
Li3CuNi3O8,1
Li3CuOF3,1
Li3CuS2,7
Li3CuSbO5,1
Li3DySb2,2
Li3ErBr6,6
Li3Eu,7
Li3Fe(CuO2)4,1
Li3Fe(CuO3)2,1
Li3Fe(NiO2)4,2
Li3Fe(NiO3)2,1
Li3Fe(PO4)2,14
Li3Fe2(CuO4)2,1
Li3Fe2(NiO4)2,1
Li3Fe2(OF)3,1
Li3Fe2(SiO4)2,15
Li3Fe2CuO6,1
Li3Fe2Ni3O10,1
Li3Fe2NiO6,3
Li3Fe2P2(O4F)2,1
Li3Fe2SbO6,1
Li3Fe2SnO6,1
Li3Fe3(OF)4,1
Li3Fe3(SnO5)2,1
Li3Fe3CuO8,1
Li3Fe3NiO8,2
Li3Fe3O8,4
Li3Fe3SbO8,1
Li3Fe3SiO8,1
Li3Fe3TeO8,1
Li3Fe3WO8,1
Li3Fe4(OF3)3,3
Li3Fe4CuO8,1
Li3Fe4NiO8,2
Li3Fe4SbO8,1
Li3Fe4SnO8,1
Li3Fe4WO8,1
Li3Fe5OF11,3
Li3FeF6,13
Li3FeIrO5,1
Li3FeN2,2
Li3FeNi3O8,3
Li3FeO4,4
Li3FeOF4,1
Li3FeP2HO8,1
Li3FeSiO5,3
Li3Ga,7
Li3Ga14,1
Li3Ga2,4
Li3Ga7,2
Li3GdBi2,1
Li3Ge,6
Li3GeO4,2
Li3H3N2,2
Li3H4Rh,4
Li3Hg,15
Li3HoSb2,2
Li3In,13
Li3In2,5
Li3InBr6,5
Li3LaAs2,3
Li3LaBi2,2
Li3LaP2,2
Li3LaSb2,3
Li3Mg,30
Li3Mg(NiO2)4,2
Li3Mg5,11
Li3Mg5Bi3Pb,1
Li3MgNi3O8,1
Li3Mn(CuO3)2,1
Li3Mn(FeO2)4,2
Li3Mn(FeO3)2,3
Li3Mn(NiO3)2,3
Li3Mn(OF)2,3
Li3Mn(PO4)2,10
Li3Mn(SbO3)4,1
Li3Mn2(SiO4)2,10
Li3Mn2CuO6,2
Li3Mn2FeO6,2
Li3Mn2NiO6,2
Li3Mn2O5,11
Li3Mn2P2O8F3,4
Li3Mn2SnO6,3
Li3Mn2VO6,1
Li3Mn3(FeO5)2,1
Li3Mn3(OF)4,1
Li3Mn3FeO8,2
Li3Mn3NiO8,3
Li3Mn3O3F5,1
Li3Mn3O5F3,2
Li3Mn3O8,4
Li3Mn3OF7,1
Li3Mn3SbO8,1
Li3Mn3TeO8,4
Li3Mn3WO8,1
Li3Mn4CuO8,1
Li3Mn4NiO8,1
Li3Mn4O8,9
Li3Mn4SbO8,1
Li3Mn4SnO8,3
Li3Mn4VO8,1
Li3Mn5O10,1
Li3Mn5O8,1
Li3Mn5OF11,6
Li3MnAs2,4
Li3MnCr3O8,2
Li3MnCu3O8,1
Li3MnF5,5
Li3MnF6,10
Li3MnF7,2
Li3MnFe2(BO3)3,8
Li3MnFe3O8,4
Li3MnNb4O12,1
Li3MnNi3O8,2
Li3MnO4,3
Li3MnOF4,1
Li3MnP2HO8,2
Li3MnV2O6,1
Li3MnV3O8,3
Li3MnV4O12,2
Li3MnV4O8,1
Li3Mo(PO4)2,3
Li3N,8
Li3Nb(FeO2)4,1
Li3Nb(NiO2)4,1
Li3Nb2CrO6,1
Li3Nb2Fe3O10,1
Li3Nb2VO6,1
Li3Nb3TeO12,2
Li3Nb4CuO12,1
Li3Nb4FeO12,1
Li3Nb4NiO12,1
Li3Nb4O12,1
Li3Nb4SnO12,1
Li3Nb4VO12,1
Li3Nb4ZnO12,1
Li3Nb6O11,1
Li3NbO4,6
Li3NbS4,6
Li3NbV3O8,2
Li3NdAs2,2
Li3NdGa8,1
Li3NdSb2,3
Li3Ni(PO4)2,3
Li3Ni(SbO3)4,1
Li3Ni2O2F3,1
Li3Ni2SbO6,2
Li3Ni2SnO6,2
Li3Ni3O3F5,1
Li3Ni3OF7,1
Li3Ni3SbO8,1
Li3Ni3TeO8,2
Li3Ni4O4F3,1
Li3Ni4SbO8,1
Li3Ni5O8,3
Li3Ni5OF11,5
Li3NiOF3,2
Li3P,13
Li3P2WO8,2
Li3PO4,5
Li3PS4,6
Li3Pb,16
Li3Pd,11
Li3PrBi2,3
Li3PrSb2,4
Li3Pt,19
Li3Rh,16
Li3RuO4,2
Li3SNO3,1
Li3Sb,9
Li3Sb(PO4)2,5
Li3SbO4,4
Li3SbS3,7
Li3SbS4,6
Li3Si2(NiO4)2,3
Li3SiNi3O8,1
Li3SiNiO5,3
Li3SiO4,2
Li3SmBi2,2
Li3SmSb2,4
Li3Sn,5
Li3Sn11Pd4,1
Li3TaO4,5
Li3Te,11
Li3TeHO4,1
Li3Ti(CuO2)4,1
Li3Ti(FeO2)4,1
Li3Ti(FeO3)2,1
Li3Ti(NiO2)4,1
Li3Ti(NiO3)2,1
Li3Ti(PO4)2,4
Li3Ti2(FeO4)2,2
Li3Ti2(NiO4)2,2
Li3Ti2CrO6,1
Li3Ti2Fe3O10,1
Li3Ti2Mn3O10,1
Li3Ti2MnO6,1
Li3Ti2NbO6,1
Li3Ti2V2O8,1
Li3Ti2V3O10,1
Li3Ti2VO6,1
Li3Ti3CrO8,1
Li3Ti3VO8,2
Li3Ti4O8,6
Li3Ti4VO8,1
Li3TiCr2O6,1
Li3TiCr3O8,2
Li3TiFe3O8,3
Li3TiMn2O6,2
Li3TiMn3O8,3
Li3TiMn4O8,4
Li3TiNi3O8,3
Li3TiS3,1
Li3TiV3O8,3
Li3TiV4O8,1
Li3Tl,12
Li3Tl2Cd,6
Li3V(FeO2)4,1
Li3V(OF)2,2
Li3V(PO4)2,5
Li3V(TeO3)4,1
Li3V2(FeO4)2,1
Li3V2(NiO4)2,1
Li3V2(OF)3,1
Li3V2(OF)4,2
Li3V2Cr2O8,1
Li3V2F9,2
Li3V2Fe3O10,1
Li3V2NiO6,1
Li3V2O6,1
Li3V2OF7,1
Li3V3Cr2O10,1
Li3V3FeO8,1
Li3V3O3F5,2
Li3V3O5F3,4
Li3V3O8,1
Li3V3SbO8,1
Li3V4(OF3)3,13
Li3V4CrO8,1
Li3V4CuO12,1
Li3V4FeO12,3
Li3V4FeO8,1
Li3V4NiO12,3
Li3V4O11F,3
Li3V4O7F5,5
Li3V4O8,3
Li3V4SnO12,1
Li3V5O10,2
Li3V5O12,4
Li3V5O8,1
Li3VCr3O8,4
Li3VCr4O8,1
Li3VCrP2(O4F)2,1
Li3VF6,13
Li3VF7,2
Li3VF8,2
Li3VFe3O8,3
Li3VO3F2,4
Li3VO4,3
Li3VOF5,4
Li3VP2HO8,2
Li3VS4,5
Li3Y(NiO3)2,2
Li3Y3ZrO8,1
Li3YBi2,3
Li3YBr6,5
Li3YSb2,3
Li3Yb,3
Li3Zn,21
Li3Zn2SbO6,1
Li3ZrNb(TeO6)2,1
Li4(CdSb)5,1
Li4(CuO2)3,3
Li4(FeO2)5,1
Li4(NiO2)5,3
Li4AlCr3O8,9
Li4AlNi3O8,1
Li4CO4,14
Li4Ca2Mg(SiN3)2,1
Li4Ca3(SiN3)2,1
Li4Ce3Ge4,1
Li4Cr(PO4)2,2
Li4Cr(TeO4)3,1
Li4Cr(WO4)3,2
Li4Cr2Fe3O10,1
Li4Cr2TeWO12,1
Li4Cr3CuO8,1
Li4Cr3FeO8,17
Li4Cr3GaO8,10
Li4Cr3NiO8,10
Li4Cr3O8,1
Li4CrBi(TeO6)2,1
Li4CrCu3O8,1
Li4CrFe(WO6)2,1
Li4CrFe3O8,12
Li4CrGa3O8,1
Li4CrNi3O8,3
Li4CrO4,3
Li4CrO5,5
Li4CrSb(TeO6)2,1
Li4CrSb(WO6)2,1
Li4CrTe(WO6)2,4
Li4Cu(PO4)2,4
Li4Cu3F10,1
Li4Cu3SbO8,1
Li4CuF7,2
Li4CuNi3O8,3
Li4CuSi2O7,2
Li4Fe(OF)2,1
Li4Fe(PO4)2,2
Li4Fe(TeO4)3,2
Li4Fe(WO4)3,2
Li4Fe2Ni3O10,2
Li4Fe2SiO7,1
Li4Fe2TeWO12,1
Li4Fe3(NiO5)2,1
Li4Fe3CuO8,1
Li4Fe3NiO8,15
Li4Fe3O8,2
Li4Fe3OF11,1
Li4Fe3OF8,2
Li4Fe3SbO8,1
Li4Fe3TeO8,2
Li4Fe3WO8,1
Li4FeBi(TeO6)2,1
Li4FeCu3O8,1
Li4FeO3,1
Li4FeO3F,7
Li4FeSb(TeO6)2,1
Li4FeSb(WO6)2,1
Li4FeSi2O7,2
Li4FeTe(WO6)2,5
Li4FeTe2WO12,1
Li4GeO4,3
Li4H4Rh,2
Li4H5Rh,4
Li4HN,2
Li4HfO4,2
Li4Mg,10
Li4Mg(HN)3,1
Li4MgNi3O8,3
Li4Mn(OF)2,2
Li4Mn(PO4)2,2
Li4Mn(TeO4)3,2
Li4Mn(WO4)3,2
Li4Mn2Cu3O10,1
Li4Mn2Ni3O10,1
Li4Mn2OF7,1
Li4Mn2TeWO12,1
Li4Mn3(FeO5)2,1
Li4Mn3(OF3)3,1
Li4Mn3CrO8,1
Li4Mn3CuO8,1
Li4Mn3F10,3
Li4Mn3FeO8,14
Li4Mn3NbO8,4
Li4Mn3NiO8,2
Li4Mn3O6F,1
Li4Mn3O8,2
Li4Mn3OF11,4
Li4Mn3OF8,3
Li4Mn3SbO8,3
Li4Mn3SnO8,1
Li4Mn3WO8,1
Li4Mn5O10,2
Li4Mn5O9F,2
Li4MnCr3O8,1
Li4MnCrO6,6
Li4MnCu3O8,1
Li4MnF7,3
Li4MnF8,3
Li4MnFe3O8,9
Li4MnNb(WO6)2,1
Li4MnNb2WO12,1
Li4MnNi3O8,3
Li4MnO2F3,4
Li4MnO3F,1
Li4MnOF4,1
Li4MnOF5,2
Li4MnSb(WO6)2,1
Li4MnSb2WO12,1
Li4MnSi2O7,2
Li4MnSn(WO6)2,1
Li4MnV(WO6)2,1
Li4MnV2WO12,1
Li4MnV3O12,1
Li4MnV3O8,2
Li4Mo3O8,3
Li4MoO5,4
Li4NCl,3
Li4Nb(TeO4)3,2
Li4Nb2Fe3O10,1
Li4Nb3TeO12,1
Li4NbCr(WO6)2,1
Li4NbFe(TeO6)2,1
Li4NbFe(WO6)2,1
Li4NbFe3O8,2
Li4NbNi3O8,1
Li4NbO4,3
Li4NbTe2WO12,1
Li4NbV3O8,1
Li4Nd3Ge4,1
Li4Ni2OF7,1
Li4Ni3(OF3)2,1
Li4Ni3BiO8,3
Li4Ni3O3F4,1
Li4Ni3O6F,1
Li4Ni3SbO8,3
Li4Ni3SnO8,1
Li4Ni3TeO8,1
Li4Ni3WO8,1
Li4NiOF4,1
Li4PbO4,1
Li4Pr3Ge4,1
Li4Sb(TeO4)3,2
Li4SbS4,2
Li4SbTe2WO12,1
Li4SeO5,1
Li4SiGe3O10,1
Li4SiO4,6
Li4SiPt3,1
Li4Sm3Ge4,1
Li4Ti(TeO4)3,1
Li4Ti2Mn3O10,2
Li4Ti3MnO8,1
Li4Ti3NbO8,1
Li4Ti3O8,2
Li4Ti3VO8,2
Li4TiCr3O8,1
Li4TiCrO6,7
Li4TiFe3O8,3
Li4TiMn(WO6)2,1
Li4TiNi3O8,3
Li4TiO4,5
Li4TiS4,5
Li4TiV3O10,1
Li4TiV3O8,1
Li4V(PO4)2,2
Li4V(TeO4)3,2
Li4V2OF7,1
Li4V3(FeO5)2,2
Li4V3(OF2)4,1
Li4V3Cr2O10,1
Li4V3CrO8,10
Li4V3FeO10,1
Li4V3FeO8,1
Li4V3NiO8,1
Li4V3O8,5
Li4V3OF11,5
Li4V3SiO10,1
Li4V4(OF3)3,3
Li4V5O10,1
Li4V5O9F,4
Li4VCr(TeO6)2,1
Li4VCr(WO6)2,1
Li4VCr3O8,11
Li4VF7,2
Li4VF8,3
Li4VFe(TeO6)2,1
Li4VFe(WO6)2,1
Li4VFe3O8,3
Li4VNi3O8,2
Li4VO3F2,4
Li4VO4F,2
Li4VTe(WO6)2,1
Li4WO5,4
Li4Y3CrO8,1
Li4Y3FeO8,1
Li4Y3MnO8,1
Li4Y3VO8,1
Li4Y3ZrO8,1
Li4Zn(PS4)2,15
Li4ZnCd3,2
Li4Zr3O8,2
Li4ZrNb(TeO6)2,1
Li4ZrO4,3
Li5(Cu2P3)2,1
Li5(CuGe)2,1
Li5(CuO2)3,1
Li5(FeO2)4,3
Li5(NiN)3,1
Li5(YSb2)2,1
Li5AgF8,2
Li5Al(SiO4)2,2
Li5AlO4,4
Li5AuO4,5
Li5BO4,4
Li5BiO5,1
Li5BiS4,6
Li5Cr2Fe3O10,1
Li5Cr2Ni3O10,1
Li5Cr2O8,1
Li5CrCl8,1
Li5CrO5,1
Li5CrS4,1
Li5Cu(PO4)2,9
Li5Cu2Ni3O10,3
Li5Cu3(NiO5)2,1
Li5Cu3(SbO5)2,1
Li5CuF6,2
Li5CuF8,4
Li5CuSO2,1
Li5Fe(Ni2O5)2,3
Li5Fe(SiO4)2,2
Li5Fe2(IrO5)2,1
Li5Fe2Cu3O10,1
Li5Fe2Ni3O10,1
Li5Fe3(NiO5)2,3
Li5Fe3(OF5)2,2
Li5Fe3(SbO5)2,8
Li5Fe3(SnO5)2,1
Li5FeF8,1
Li5FeO3F,2
Li5FeO3F2,1
Li5FeS4,4
Li5Ga4,3
Li5GeAs3,1
Li5GeP3,1
Li5In4,4
Li5InO4,3
Li5Mg,17
Li5Mn(Ni2O5)2,3
Li5Mn(SiO4)2,1
Li5Mn2Cu3O10,1
Li5Mn2Fe3O10,5
Li5Mn2Ni3O10,2
Li5Mn2NiO8,1
Li5Mn2V3O10,1
Li5Mn3(FeO5)2,3
Li5Mn3(NiO5)2,3
Li5Mn3(SbO5)2,3
Li5Mn3O5F3,1
Li5Mn3O8,16
Li5Mn4O8,5
Li5Mn5O9F,1
Li5MnF8,3
Li5MnO3F,5
Li5MnO3F2,1
Li5MnO4,7
Li5MnO5,1
Li5NCl2,4
Li5Nb2Cu3O10,1
Li5Nb2Fe3O10,1
Li5NbO5,2
Li5Ni2O2F5,1
Li5Ni3(SnO5)2,2
Li5Ni5O9F,1
Li5NiO3F,1
Li5NiO4,6
Li5NiOF5,3
Li5OsN4,2
Li5OsO6,2
Li5P(S2Cl)2,1
Li5ReN4,2
Li5ReO6,2
Li5SbO5,1
Li5SbS,7
Li5SbS4,7
Li5Si2BiO8,1
Li5Si2NiO8,1
Li5SiAs3,1
Li5SiP3,1
Li5Sn2,3
Li5SnP3,1
Li5TaO5,2
Li5Ti(SiO4)2,1
Li5Ti2Cu3O10,1
Li5Ti2Fe3O10,1
Li5Ti2Mn3O10,2
Li5Ti2Ni3O10,2
Li5Ti3O8,1
Li5TiAs3,2
Li5TiP3,1
Li5TiV3O8,2
Li5Tl2,2
Li5TlIn,3
Li5V(SiO4)2,1
Li5V2Fe3O10,1
Li5V2Ni3O10,1
Li5V3(FeO5)2,2
Li5V4O8,1
Li5V5O9F,1
Li5VF8,3
Li5VO3F2,2
Li5VO4F,3
Li6AsS5I,2
Li6CoCl8,1
Li6CuF8,2
Li6CuS4,2
Li6Fe(SiO4)2,1
Li6FeCl8,1
Li6FeO5F,2
Li6MgBr8,1
Li6Mn2OF11,3
Li6MnF8,2
Li6NCl3,6
Li6Ni2N3,1
Li6NiCl8,2
Li6NiOF6,2
Li6PBrO5,1
Li6PClO5,1
Li6PS5Br,1
Li6PS5Cl,1
Li6PS5I,2
Li6SbS2,3
Li6TeO6,2
Li6Ti2O7,4
Li6V2OF11,3
Li6VCl8,1
Li6VF8,2
Li6WO6,2
Li7(Eu2Bi3)2,1
Li7BiO6,2
Li7Cr2O8,1
Li7Cu2N3,1
Li7Fe3O10,1
Li7FeO5F,2
Li7FeO6,1
Li7Ge2,2
Li7IN2,3
Li7NbO6,1
Li7NiOF7,1
Li7OsO6,1
Li7Pb2,1
Li7RuO6,2
Li7SbO6,2
Li7Sn2,3
Li7Sn3,2
Li7TaO6,1
Li7VO5F,6
Li7ZrO6,1
Li8BiO6,2
Li8BiS6,2
Li8CeO6,1
Li8CrO6,2
Li8FeO5F,2
Li8HfO6,2
Li8IrO6,2
Li8Mn(O2F)2,3
Li8MnO5F,2
Li8MnO6,2
Li8NbO6,1
Li8Ni(O2F)2,3
Li8NiO5F,2
Li8Pb3,1
Li8PbO6,1
Li8PrO6,1
Li8PtO6,1
Li8SbS6,2
Li8SnO6,1
Li8TbO6,1
Li8TeO6,1
Li8TiS6,4
Li8VO5F,2
Li8VO6,3
Li8WO6,1
Li8ZrO6,2
Li9(FeO4)2,3
Li9Al4,1
Li9S3N,1
LiAg,34
LiAg2F4,14
LiAg2F6,6
LiAg2Ge,5
LiAg2Pb,11
LiAg2Pd,8
LiAg2Sb,14
LiAg2Sn,7
LiAg3,17
LiAg3(IrO3)2,1
LiAg3O2,2
LiAgF2,20
LiAgF3,11
LiAgF4,18
LiAgO,6
LiAgO2,13
LiAl,32
LiAl(PS3)2,1
LiAl(SiO3)2,4
LiAl2Au,14
LiAl2Cu,17
LiAl2Ir,12
LiAl2Ni,11
LiAl2Os,13
LiAl2Pd,4
LiAl2Pt,11
LiAl2Rh,9
LiAl3,15
LiAlAg2,14
LiAlAs2O7,1
LiAlAu2,12
LiAlCu2,15
LiAlFeO3,1
LiAlGe,38
LiAlH4,21
LiAlNi2,14
LiAlNi3O5,1
LiAlNiO3,1
LiAlO2,12
LiAlPHO5,2
LiAlPO4F,1
LiAlPd2,7
LiAlPdF6,2
LiAlPt2,14
LiAlRh2,16
LiAlS2,30
LiAlSe2,23
LiAlSi,39
LiAlTe2,24
LiAlVO4,7
LiAlZn2,15
LiAsF6,4
LiAsO3,9
LiAsPd2,7
LiAsRh2,17
LiAsSe2,22
LiAu,33
LiAu3,18
LiAuF4,9
LiAuF6,3
LiAuI4,1
LiAuO2,12
LiAuS,5
LiB,21
LiB3,4
LiB6C,1
LiBC,38
LiBC2(O2F)2,1
LiBF4,10
LiBH4,27
LiBIr,7
LiBO2,9
LiBPt3,6
LiBSbO3,1
LiBe2Ir,10
LiBe2Pt,12
LiBeAs,9
LiBeAu2,11
LiBeB,12
LiBeBO3,1
LiBeH3,29
LiBeN,9
LiBeP,12
LiBePd2,6
LiBePt2,13
LiBeSb,8
LiBi(BO3)2,2
LiBi(PdO2)2,1
LiBi3(BrO2)2,2
LiBi3(ClO2)2,2
LiBi3(IO2)2,2
LiBi3(PO5)2,1
LiBiF4,3
LiBiF5,2
LiBiF6,5
LiBiO2,12
LiBiP2O7,14
LiBiPd2,6
LiBiRh2,4
LiBiS2,12
LiBiTe2,7
LiBr,34
LiC,20
LiC12,2
LiC6,2
LiCO2,7
LiCSN,1
LiCa2Al,10
LiCa2Cd,12
LiCa2CuN2,2
LiCa2FeN2,1
LiCa2Ga,6
LiCa2Ge,5
LiCa2HC3,1
LiCa2Hg,14
LiCa2In,11
LiCa2Ir,11
LiCa2Mg,11
LiCa2NiN2,2
LiCa2Pb,13
LiCa2ReO6,2
LiCa2Rh,13
LiCa2Ta3O10,2
LiCa2TeO6,2
LiCa2Tl,12
LiCa3,15
LiCa4(BN2)3,1
LiCaAlF6,2
LiCaAlN2,1
LiCaAs,11
LiCaBi,9
LiCaCoF6,2
LiCaCrF6,3
LiCaFeF6,2
LiCaGaF6,4
LiCaGaN2,2
LiCaGe2,8
LiCaH3,12
LiCaMg14,2
LiCaMg6,3
LiCaMgSiN3,1
LiCaN,7
LiCaP,13
LiCaPb,9
LiCaPrTeO6,1
LiCaSb,11
LiCaSi2,17
LiCaSn,7
LiCaVF6,3
LiCd,32
LiCd2Ag,13
LiCd2Au,13
LiCd2Cu,11
LiCd2Ni,13
LiCd2Pd,5
LiCd2Pt,14
LiCd2Rh,14
LiCd3,15
LiCdAg2,20
LiCdAs,12
LiCdAu2,15
LiCdBO3,3
LiCdCoF6,2
LiCdFeF6,4
LiCdHg2,14
LiCdPd2,7
LiCe(CuP)2,1
LiCe(MoO4)2,1
LiCe10(Pb3O)2,2
LiCe2HO3,1
LiCe2Os,4
LiCeGe2,6
LiCeHg2,4
LiCeMg14,3
LiCeO2,5
LiCeSi2,5
LiCeSn2,5
LiCeTl2,4
LiCeZn2,4
LiCl,36
LiCo2Ge,3
LiCo2Si,11
LiCoAs,9
LiCoCuF6,2
LiCoF3,6
LiCoF4,5
LiCoN,9
LiCoNiF6,1
LiCoS2,9
LiCr(CO3)2,3
LiCr(FeO2)4,1
LiCr2O3,3
LiCr2O4,13
LiCr3(FeO4)2,1
LiCr3O8,4
LiCr4GaS8,1
LiCr4InS8,2
LiCrBO3,2
LiCrCdF6,3
LiCrFeO4,2
LiCrN2,6
LiCrO2,18
LiCrP2O7,18
LiCrP2S7,1
LiCrPHO5,1
LiCrPO4,29
LiCrPO4F,5
LiCrRh2,18
LiCrS2,8
LiCrSiO4,6
LiCrSnO4,2
LiCu(PO3)2,4
LiCu(PO3)4,3
LiCu2(CO3)2,2
LiCu2(RhO2)4,3
LiCu2BiO4,1
LiCu2F4,4
LiCu2F5,4
LiCu2F6,8
LiCu2F7,2
LiCu2Ge,4
LiCu2P,18
LiCu2PO4,13
LiCu2Si,17
LiCu2Sn,4
LiCu3,19
LiCu3(SiO3)2,1
LiCu3O4,3
LiCu5F12,2
LiCu6OF11,10
LiCuAu2,16
LiCuBO3,5
LiCuCO3,9
LiCuF2,11
LiCuF3,10
LiCuF4,17
LiCuHSO5,1
LiCuO,10
LiCuO2,22
LiCuPO4,44
LiCuPO4F,2
LiCuPd2,8
LiCuRu2(RhO4)2,1
LiCuS,13
LiCuS2,9
LiCuSbO4,3
LiCuSi2O5,1
LiDy2Al,4
LiDy2Ga,4
LiDy2In,4
LiDy2Ir,4
LiDy2Os,4
LiDy2Pt,4
LiDy2Rh,5
LiDy2Ru,4
LiDy2Tl,3
LiDyAu2,4
LiDyGe,7
LiDyHg2,4
LiDyIn2,4
LiDyO2,5
LiDyS2,8
LiDySe2,7
LiDyTl2,4
LiEr2Al,4
LiEr2Au,3
LiEr2Ga,4
LiEr2In,3
LiEr2Ir,4
LiEr2Os,4
LiEr2Rh,3
LiEr2Ru,3
LiEr2Tl,3
LiErAu2,4
LiErGe,8
LiErHg2,4
LiErIn2,4
LiErO2,4
LiErS2,7
LiErSe2,7
LiErTl2,5
LiEu(WO4)2,2
LiEu2Cd,3
LiEu2Cr2O8,2
LiEu2Ga7,1
LiEu2Hg,3
LiEu2Ir,4
LiEu2IrO6,1
LiEu2RuO6,2
LiEu2Si3,1
LiEu2Tl,4
LiEu4(BN2)3,1
LiEuAs,7
LiEuBi,7
LiEuGe2,4
LiEuH3,1
LiEuO2,3
LiEuP,6
LiEuPSe4,2
LiEuSb,6
LiEuTl2,3
LiF,19
LiFe(CO3)2,4
LiFe(GeO3)2,3
LiFe(PO3)3,9
LiFe(SiO3)2,11
LiFe2(CO3)4,2
LiFe2(PO4)2,13
LiFe2F5,10
LiFe2F6,3
LiFe2F7,4
LiFe2O2F3,6
LiFe2O3,7
LiFe2OF3,10
LiFe2OF5,10
LiFe2Rh3O8,1
LiFe3O4,4
LiFe3OF5,1
LiFe5(OF2)4,2
LiFe5O3F5,1
LiFe5O5F,1
LiFe6O7F5,1
LiFe7(OF3)3,2
LiFe7O7F,1
LiFeAs,17
LiFeAs2O7,5
LiFeBO3,9
LiFeCuO4,1
LiFeF3,36
LiFeF4,43
LiFeF5,7
LiFeF6,4
LiFeMoClO4,1
LiFeN,12
LiFeNiO4,2
LiFeO2,27
LiFeOF,2
LiFeOF2,8
LiFeP,17
LiFeP2O7,25
LiFePH2O5,6
LiFePHO5,1
LiFePO4,53
LiFePO4F,1
LiFePd2,6
LiFeRh2,16
LiFeSO4F,2
LiFeSbO4,2
LiFeSiO4,60
LiFeSnO4,4
LiGa,17
LiGa(GeSe3)2,2
LiGa(SiO3)2,4
LiGa2Co,6
LiGa2Ir,6
LiGa2Ni,6
LiGa2Pd,6
LiGa2Pt,10
LiGa2Rh,5
LiGa2Ru,4
LiGa3,8
LiGa4(WO6)2,2
LiGaAg2,5
LiGaAs2O7,2
LiGaAu2,6
LiGaBr3,5
LiGaCu2,6
LiGaGe,39
LiGaH4,17
LiGaI3,4
LiGaIr,7
LiGaNi2,6
LiGaO2,16
LiGaPO4F,1
LiGaPd2,5
LiGaPdF6,2
LiGaPt,7
LiGaPt2,6
LiGaRh2,4
LiGaS2,27
LiGaSe2,28
LiGaSi,36
LiGaTe2,7
LiGd(WO4)2,2
LiGd2Al,4
LiGd2Ga,4
LiGd2In,4
LiGd2Os,4
LiGd2Rh,4
LiGd2Ru,4
LiGd2RuO6,1
LiGd2Tl,4
LiGdCl4,1
LiGdGe,6
LiGdHg2,3
LiGdIn2,3
LiGdO2,5
LiGdS2,4
LiGdSe2,6
LiGdTl2,3
LiGe,18
LiGe2Ir,8
LiGe2N3,4
LiGe3SbTe5,1
LiGeAu2,5
LiGeBO4,2
LiGeIr2,4
LiGeN,5
LiGePd2,5
LiGePt2,7
LiGeRh2,4
LiGeRhO4,2
LiGeSbTe3,1
LiH,32
LiH2IO,2
LiH2N,15
LiH3C2O5,1
LiH3IN,2
LiH3O2,2
LiHF2,9
LiHO,14
LiHPd,12
LiHS,7
LiHf2Ir,3
LiHf2N3,6
LiHf2Os,4
LiHf2Re,4
LiHfAu2,5
LiHfIr2,4
LiHfMg14,2
LiHfPd2,5
LiHfPt2,5
LiHfRh2,4
LiHfS2,10
LiHfSe2,10
LiHg,25
LiHg2Pd,5
LiHg3,18
LiHgPd2,8
LiHo2Al,4
LiHo2Cu(SiO3)4,3
LiHo2Ga,3
LiHo2In,4
LiHo2Ir,4
LiHo2Os,4
LiHo2Pt,4
LiHo2Rh,5
LiHo2Ru,4
LiHoAu2,4
LiHoGe,7
LiHoHg2,4
LiHoIn2,3
LiHoO2,5
LiHoPd2,3
LiHoS2,7
LiHoSe2,7
LiHoTl2,4
LiI,23
LiIO3,10
LiIn,30
LiIn(IO3)4,1
LiIn(MoSe)6,1
LiIn(SiO3)2,2
LiIn2Ag,14
LiIn2CuSe4,2
LiIn2CuTe4,1
LiIn2Ir,10
LiIn2Ni,9
LiIn2Pd,5
LiIn2Pt,9
LiIn2Rh,10
LiIn2Ru,9
LiIn3,16
LiInAg2,12
LiInAu2,12
LiInGe,39
LiInHg2,16
LiInO2,10
LiInPd2,8
LiInPt,9
LiInPt2,16
LiInRh,11
LiInRh2,13
LiInS2,30
LiInSe2,25
LiInSn,43
LiInTe2,22
LiIr,31
LiIr3,14
LiIrF6,6
LiLa(CN2)2,1
LiLa(CO3)2,2
LiLa(WO4)2,2
LiLa2Al,12
LiLa2Fe2(TeO6)2,2
LiLa2FeO6,1
LiLa2Ir,11
LiLa2IrO6,1
LiLa2Os,11
LiLa2OsO6,2
LiLa2ReO6,1
LiLa2Ru,11
LiLa2RuO6,2
LiLa2SbO6,2
LiLa2TiO6,1
LiLa3Ti3CrO12,1
LiLa3Ti4O12,2
LiLa4AlO8,1
LiLa4AuO8,1
LiLa4CuO8,2
LiLa4MnO8,2
LiLa4NiO8,1
LiLa4Ti3O12,1
LiLaAu2,11
LiLaBi2,6
LiLaGe2,5
LiLaHg2,7
LiLaMg14,2
LiLaNb2O7,1
LiLaNb4O12,3
LiLaNdSbO6,1
LiLaO2,8
LiLaSO,1
LiLaSn2,8
LiLaTa2O7,1
LiLaTi2O6,3
LiLaTiO4,1
LiLaTl2,13
LiLu2Al,4
LiLu2Au,3
LiLu2Co,4
LiLu2Ga,3
LiLu2In,4
LiLu2Ir,3
LiLu2Os,3
LiLu2Pd,4
LiLu2Pt,3
LiLu2Rh,3
LiLu2Ru,3
LiLuAu2,3
LiLuF4,2
LiLuGe,5
LiLuHg2,3
LiLuIn2,3
LiLuO2,3
LiLuPd2,3
LiLuPt2,3
LiLuRh2,3
LiLuTl2,3
LiLuZnFeO4,1
LiMg,55
LiMg14Al,3
LiMg14Bi,2
LiMg14Cd,3
LiMg14Co,3
LiMg14Cr,2
LiMg14Cu,2
LiMg14Ga,2
LiMg14Mn,2
LiMg14Nb,2
LiMg14Ni,3
LiMg14Sb,2
LiMg14Si,2
LiMg14Sn,2
LiMg14Ti,2
LiMg14Zn,3
LiMg14Zr,2
LiMg15,1
LiMg2,37
LiMg2Ag,12
LiMg2Au,11
LiMg2Cd,14
LiMg2Ga,5
LiMg2Hg,10
LiMg2In,17
LiMg2Ir,14
LiMg2Mn3O8,1
LiMg2Ni,13
LiMg2Pb,16
LiMg2Pd,5
LiMg2Pt,11
LiMg2Rh,10
LiMg2Tl,19
LiMg2Zn,13
LiMg3,23
LiMg3O4,1
LiMg5,15
LiMg6Al,3
LiMg6AlO8,2
LiMg6Bi,2
LiMg6Cd,4
LiMg6CrO8,2
LiMg6Cu,3
LiMg6FeO8,2
LiMg6Ga,4
LiMg6GaO8,2
LiMg6MnO8,2
LiMg6Sn,4
LiMg6TiO8,2
LiMg6WO8,2
LiMg6Zn,4
LiMg7,2
LiMgAg2,13
LiMgAs,11
LiMgAu2,11
LiMgBN2,2
LiMgBi,5
LiMgCd2,12
LiMgCoF6,1
LiMgH3,19
LiMgHg2,12
LiMgIn2,18
LiMgN,10
LiMgP,13
LiMgPb2,13
LiMgPd2,4
LiMgSO4F,3
LiMgSb,10
LiMgSbPd,1
LiMgSnAu,1
LiMgSnPd,1
LiMgSnPt,1
LiMgTl2,11
LiMgVO4,2
LiMn(CO3)2,5
LiMn(PO3)3,14
LiMn(PO3)4,16
LiMn(SiO3)2,3
LiMn2(CO3)4,3
LiMn2(PO4)2,17
LiMn2(SO5)2,1
LiMn2Cu(RuO4)2,1
LiMn2F5,11
LiMn2F6,4
LiMn2F7,8
LiMn2Fe3O8,1
LiMn2N3,3
LiMn2NiO6,2
LiMn2O2F3,5
LiMn2O3F,8
LiMn2O4,10
LiMn2OF3,10
LiMn2P2(H2O5)2,1
LiMn2TeO6,2
LiMn3(NiO4)2,1
LiMn3(O2F)2,4
LiMn3(OF3)2,3
LiMn3CrO8,2
LiMn3NiO8,1
LiMn3O4,3
LiMn3O5F,2
LiMn3O6,7
LiMn3OF5,2
LiMn4O8,8
LiMn5(CuO6)2,1
LiMn5O3F5,2
LiMn5O5F,1
LiMn5O7F,1
LiMn6O5F7,5
LiMn7(O3F)3,1
LiMn7(OF3)3,1
LiMn7O12,3
LiMn7O7F,1
LiMn9Se10,1
LiMnAlO3,1
LiMnBO3,9
LiMnCrO4,1
LiMnCuO4,1
LiMnF3,47
LiMnF4,41
LiMnF5,16
LiMnF6,8
LiMnFeO4,2
LiMnIr2,19
LiMnN2,7
LiMnNiO4,1
LiMnO2,28
LiMnOF2,15
LiMnP,13
LiMnP2O7,28
LiMnPH2O5,6
LiMnPHO5,3
LiMnPO4,64
LiMnPO5,6
LiMnPd2,4
LiMnPt2,14
LiMnRhO4,1
LiMnSO4F,2
LiMnSbO4,3
LiMnSiO4,13
LiMnSnO4,2
LiMnVF6,4
LiMnVO4,5
LiMnVP2(HO5)2,8
LiMnVP2(O4F)2,16
LiMo(PO4)2,10
LiMoIO6,2
LiMoN2,9
LiMoO2,9
LiMoP2O7,8
LiMoP2WO11,1
LiMoS2,5
LiN3,3
LiNO3,5
LiNb(TeO4)3,4
LiNb2(PO5)2,3
LiNb2O4,3
LiNb3O7F,1
LiNbCrO4,2
LiNbF6,7
LiNbFeO4,5
LiNbIr2,4
LiNbN2,7
LiNbNiO4,2
LiNbO2,10
LiNbO3,12
LiNbRh2,4
LiNbRu2,5
LiNbS2,10
LiNbSe2,11
LiNbTe2WO12,2
LiNbVO4,5
LiNbWO6,4
LiNd(MoO4)2,3
LiNd(WO4)2,2
LiNd2Al,4
LiNd2Ga,4
LiNd2HO3,1
LiNd2Ir,4
LiNd2IrO6,1
LiNd2Os,3
LiNd2OsO6,1
LiNd2Rh,5
LiNd2Ru,4
LiNd2RuO6,1
LiNdAu2,7
LiNdGe,8
LiNdGe2,4
LiNdHg2,5
LiNdIn2,4
LiNdO2,5
LiNdS2,8
LiNdSe2,6
LiNdSn2,5
LiNdTi2O6,2
LiNdTiO4,1
LiNdTl2,4
LiNdZn2,3
LiNi(CO3)2,1
LiNi(PO3)3,12
LiNi(PS3)2,1
LiNi(WO4)2,1
LiNi2Ge,4
LiNi2O2F,1
LiNi2OF3,5
LiNi2Sb,10
LiNi2Sn,5
LiNi3,16
LiNi3O3F,1
LiNi3O4,3
LiNi4O4F,1
LiNi4O5,2
LiNi5O5F,1
LiNi6O6F,1
LiNi7O7F,1
LiNi9O10,1
LiNiAsO4,4
LiNiBO3,7
LiNiF3,5
LiNiH2,8
LiNiO2,29
LiNiOF,2
LiNiP,13
LiNiP2O7,16
LiNiPHO5,1
LiNiPO4,42
LiNiRhF6,1
LiNiS2,9
LiNiSO4F,2
LiNiSbO4,4
LiNiSnO4,3
LiO2,6
LiO8,6
LiOsF6,4
LiOsO3,7
LiP,36
LiP(HO)2,2
LiP2WO7,6
LiP2WO8,6
LiPF6,4
LiPN2,6
LiPWO4F,1
LiPb,29
LiPb3,18
LiPd,24
LiPd2Au,10
LiPd2Pb,8
LiPd3,7
LiPd7,1
LiPdAu2,10
LiPr2Al,3
LiPr2Ga,3
LiPr2Ir,5
LiPr2IrO6,2
LiPr2Os,4
LiPr2OsO6,1
LiPr2Rh,5
LiPr2Ru,5
LiPr2RuO6,1
LiPrAu2,7
LiPrGe,10
LiPrGe2,3
LiPrHg2,5
LiPrO2,4
LiPrS2,6
LiPrSn2,6
LiPrTl2,3
LiPrZn2,3
LiPt,36
LiPt2,21
LiPt3,18
LiPt3O4,1
LiPt7,1
LiPtF6,5
LiRe(OF2)2,1
LiReN2,9
LiReO3,4
LiRh,31
LiRh2Pb,12
LiRh3,14
LiRhF6,10
LiRhO2,14
LiRu2W,16
LiRuF6,9
LiRuN,4
LiRuRhO4,1
LiS4,3
LiSO3F,1
LiSO4,3
LiSb(TeO4)3,4
LiSb3,14
LiSb3(PO5)2,1
LiSbF6,6
LiSbO2,9
LiSbO3,10
LiSbPHO5,1
LiSbPd2,4
LiSbRh2,12
LiSbS,1
LiSbS2,10
LiSbSe2,20
LiSbTe2,20
LiSbTe2WO12,1
LiSbWO6,4
LiSc(SiO3)2,2
LiSc(TlCl3)2,2
LiSc2Au,11
LiSc2Ga,4
LiSc2Ir,14
LiSc2Os,15
LiSc2Pd,7
LiSc2Pt,9
LiSc2Rh,13
LiSc2Ru,15
LiScAs2O7,2
LiScAu2,8
LiScF4,4
LiScHg2,10
LiScI3,4
LiScIn2,12
LiScO2,8
LiScPd2,4
LiScPt2,10
LiScRh2,13
LiScS2,14
LiScTl2,13
LiScVO4,2
LiSi,35
LiSi2BiO6,2
LiSi2N3,3
LiSiAg2,15
LiSiB,38
LiSiBO4,1
LiSiBiO4,21
LiSiIr2,17
LiSiNO,2
LiSiNi2,12
LiSiNiO4,1
LiSiPd2,5
LiSiPt2,16
LiSiRh2,14
LiSiRu2,18
LiSm(CuP)2,1
LiSm(WO4)2,3
LiSm2Al,3
LiSm2Cr2O8,2
LiSm2Ga,4
LiSm2Ir,4
LiSm2IrO6,1
LiSm2Os,4
LiSm2OsO6,1
LiSm2Ru,4
LiSm2RuO6,1
LiSmAu2,5
LiSmGe,9
LiSmGe2,5
LiSmHg2,5
LiSmIn2,4
LiSmO2,4
LiSmS2,7
LiSmSe2,6
LiSmSn2,5
LiSmTl2,4
LiSn,21
LiSn2N3,2
LiSn3,8
LiSn4Au3,1
LiSn4Ir,1
LiSn4Rh,1
LiSn4Ru,1
LiSnAu,6
LiSnAu2,6
LiSnCl3,6
LiSnIr2,3
LiSnN,5
LiSnPHO5,3
LiSnPO4,15
LiSnPd2,5
LiSnPt2,7
LiSnRh2,4
LiSnS2,10
LiTa2CuO6,1
LiTa2O6,2
LiTaF6,4
LiTaGeO5,4
LiTaIr2,16
LiTaO3,14
LiTaRh2,13
LiTaRu2,17
LiTaS2,10
LiTaWO6,4
LiTb(CuP)2,1
LiTb(WO4)2,2
LiTb2Ir,4
LiTb2RuO6,1
LiTb5Sn3,1
LiTbAu2,4
LiTbGe,9
LiTbHg2,4
LiTbIn2,5
LiTbO2,5
LiTbS2,8
LiTbSe2,7
LiTbTl2,4
LiTeHO4,2
LiTeO3,5
LiTePd2,3
LiTi(SiO3)2,3
LiTi2BiO6,1
LiTi2Ir,4
LiTi2Mn3O10,1
LiTi2N3,3
LiTi2O4,15
LiTi2VO6,3
LiTi3Nb(CuO4)3,1
LiTi3O4,2
LiTi3O6,4
LiTi3VO8,1
LiTi4O6,2
LiTi4O8,6
LiTiAlO4,1
LiTiCrO4,3
LiTiFe2O5,1
LiTiFeO4,8
LiTiH6(OF3)2,4
LiTiIr2,4
LiTiMnO4,2
LiTiNiO4,1
LiTiO2,17
LiTiP2O7,10
LiTiPO4F,1
LiTiPd2,8
LiTiPt2,8
LiTiRh2,4
LiTiRhO4,1
LiTiS2,12
LiTiSe2,10
LiTiSiO4,5
LiTiTe2,6
LiTiV2O6,2
LiTiV3O10,1
LiTiVO5,2
LiTl,31
LiTl2GaF6,2
LiTl2InCl6,2
LiTl2InF6,1
LiTl2Pd,6
LiTl2Rh,12
LiTl3,17
LiTl6C2(O3F)2,2
LiTlO2,24
LiTlPHO3,1
LiTlPd2,9
LiTm2Al,4
LiTm2Au,3
LiTm2Co,4
LiTm2Ga,4
LiTm2In,3
LiTm2Ir,3
LiTm2Pt,3
LiTm2Rh,4
LiTm2Ru,4
LiTmAu2,3
LiTmGe,8
LiTmHg2,4
LiTmIn2,5
LiTmO2,3
LiTmPd2,3
LiTmPt2,5
LiTmRh2,3
LiTmTl2,5
LiV(CO3)2,9
LiV(FeO2)4,1
LiV(OF)2,8
LiV(PO3)3,9
LiV(PO4)2,9
LiV(SiO3)2,4
LiV(TeO4)3,4
LiV2(CO3)4,7
LiV2(SiO4)2,4
LiV2CrO6,3
LiV2F5,2
LiV2F6,1
LiV2F7,10
LiV2H4(OF5)2,1
LiV2N3,3
LiV2NiO6,3
LiV2O2F3,5
LiV2O3F,5
LiV2O4,10
LiV2O5,6
LiV2OF5,22
LiV2OF7,2
LiV2Zn2(SiO5)2,5
LiV3(O2F)2,3
LiV3(OF2)4,1
LiV3(OF3)2,3
LiV3O4,2
LiV3O5F,3
LiV3O8,6
LiV3OF11,9
LiV3Zn2O8,4
LiV4CuO12,2
LiV4O10,3
LiV4O5F7,12
LiV4O8,4
LiV4OF11,13
LiV5O10,2
LiV5O7F,1
LiV6O11F,5
LiV6O7F5,12
LiVBO3,2
LiVBO4,7
LiVCdF6,1
LiVCrO4,4
LiVCrP2(O4F)2,10
LiVCuO4,6
LiVF3,15
LiVF4,29
LiVF5,21
LiVF6,11
LiVFeO4,5
LiVFeP2(O4F)2,3
LiVGaO4,1
LiVGeO5,2
LiVH2OF5,1
LiVIr2,4
LiVMoO6,1
LiVN2,8
LiVNiO4,3
LiVO2,18
LiVO2F,3
LiVO3,14
LiVOF2,7
LiVOF3,19
LiVOF4,3
LiVP3HO10,5
LiVPHO5,2
LiVPO4,10
LiVPO5,18
LiVRh2,6
LiVS2,12
LiVSe2,9
LiVSiO4,27
LiVSiO5,3
LiVSnO4,2
LiVTe(WO6)2,1
LiVTe2WO12,1
LiVWO6,3
LiY(CuP)2,1
LiY(MoO4)2,3
LiY2Al,10
LiY2Ga,6
LiY2Hg,12
LiY2Ir,11
LiY2Os,11
LiY2Pt,10
LiY2Rh,11
LiY2Ru,11
LiY2Ti2S2O5,1
LiY2Tl,14
LiY3WO8,2
LiY5(MoO6)2,3
LiYAu2,9
LiYF4,3
LiYGa4,3
LiYGe,28
LiYHg2,10
LiYMg14,3
LiYMg6,3
LiYMg6O8,2
LiYMo3O8,1
LiYO2,7
LiYPd2,5
LiYS2,13
LiYSe2,20
LiYSi,29
LiYTl2,11
LiYb(CuP)2,1
LiYb2Al,1
LiYb2Cd,1
LiYb2Cl5,1
LiYb2Ga,1
LiYb2In,2
LiYb2Ir,1
LiYb2Pd,1
LiYb2Rh,1
LiYb2Tl,1
LiYb3,3
LiYbAu2,2
LiYbGe,3
LiYbGe2,1
LiYbPb,3
LiYbPb2,2
LiYbPd2,2
LiYbTl2,2
LiZn,37
LiZn(FeO2)4,1
LiZn2Ag,20
LiZn2AgWO6,3
LiZn2Au,18
LiZn2Ir,16
LiZn2Ni,15
LiZn2Pd,7
LiZn2Pt,9
LiZn2Rh,12
LiZn3,16
LiZnAg2,16
LiZnAs,9
LiZnAu2,13
LiZnBO3,4
LiZnCd2,13
LiZnCu2,18
LiZnFeO3,1
LiZnGe,6
LiZnIO4,2
LiZnN,5
LiZnNi2,18
LiZnO2,8
LiZnP,11
LiZnPS4,1
LiZnPd2,6
LiZnPt2,19
LiZnRhF6,2
LiZnSb,11
LiZr2Ir,11
LiZr2N3,4
LiZr2Os,10
LiZr2Re,13
LiZrAu2,10
LiZrIr2,16
LiZrO2,10
LiZrPd2,5
LiZrPt2,14
LiZrRh2,8
LiZrS2,11
LiZrSe2,18
Lu,9
Lu(Al2Cr)4,1
Lu(Al2Cu)4,1
Lu(Al2Fe)4,1
Lu(AlC)3,1
Lu(AlCr)6,1
Lu(AlCu)6,1
Lu(AlGe)2,3
Lu(BC)2,3
Lu(BRh)4,3
Lu(BiO2)3,1
Lu(Co2Ge)2,1
Lu(CoB)4,3
Lu(CoGe)2,2
Lu(CoGe)6,1
Lu(CrFe5)2,1
Lu(CuO2)2,1
Lu(CuS)3,2
Lu(CuSi)2,2
Lu(Fe2Ge)2,1
Lu(Fe5Mo)2,1
Lu(Fe5Si)2,2
Lu(FeB)2,1
Lu(FeGe)6,2
Lu(FeO2)2,1
Lu(FeSi)2,2
Lu(FeSn)6,1
Lu(GaFe)6,1
Lu(HO)3,5
Lu(MnAl)6,1
Lu(MnAl2)4,1
Lu(MnGe)2,2
Lu(MnGe)6,2
Lu(MnSi)2,1
Lu(MnSn)6,1
Lu(Mo3S4)2,1
Lu(Mo3Se4)2,1
Lu(Ni2As)2,1
Lu(Ni2P)2,1
Lu(NiGe)2,2
Lu(P2Rh3)2,1
Lu(SiNi)2,2
Lu(SiOs)2,1
Lu(SiPd)2,2
Lu(SiPt)2,4
Lu(SiRh)2,2
Lu(SiRu)2,1
Lu(TiGa2)2,1
Lu(VFe5)2,1
Lu12Fe2Pb3,1
Lu12In2Fe3,1
Lu2(B2Rh3)3,1
Lu2(CN2)3,2
Lu2(NiB2)3,1
Lu2AgAu,3
Lu2AgHg,4
Lu2AgIr,3
Lu2AgOs,3
Lu2AgPt,3
Lu2AgRu,3
Lu2Al3Co,1
Lu2Al3Fe,2
Lu2AlCo3,1
Lu2AlNi2,3
Lu2AlSi2,3
Lu2AlZn,4
Lu2Au,3
Lu2C,5
Lu2C3,1
Lu2CCl2,2
Lu2CdAg,4
Lu2CdHg,3
Lu2CdIn,4
Lu2CdPd2,2
Lu2CdS4,1
Lu2CdSe4,1
Lu2Co3Si5,1
Lu2Co7,1
Lu2CoCu,4
Lu2CoGe2,1
Lu2CoGe6,1
Lu2CoIr,3
Lu2CoOs,3
Lu2CoRh,3
Lu2CoRu,3
Lu2Cr2C3,1
Lu2Cu(GeO3)4,1
Lu2CuAu,3
Lu2CuIr,5
Lu2CuOs,3
Lu2CuPd,3
Lu2CuPt,4
Lu2CuRh,3
Lu2CuRu,3
Lu2FeC4,1
Lu2Ga3Cu,3
Lu2Ga3Ni,3
Lu2Ga8Co,1
Lu2Ga8Fe,1
Lu2GaAg,4
Lu2GaCu,3
Lu2GaNi2,4
Lu2GaOs,4
Lu2GaRu,3
Lu2HgAu,3
Lu2In,4
Lu2InAg,4
Lu2InAu2,2
Lu2InCu2,2
Lu2InHg,4
Lu2InNi2,2
Lu2InPd2,3
Lu2IrPd,3
Lu2IrRh,3
Lu2IrRu,3
Lu2MgAl,4
Lu2MgCd,3
Lu2MgGe2,1
Lu2MgHg,3
Lu2MgIn,3
Lu2MgOs,3
Lu2MgRu,4
Lu2MgS4,7
Lu2MgSe4,6
Lu2MnS4,1
Lu2MnSe4,1
Lu2Mo2C3,1
Lu2NiGe6,1
Lu2NiIr,3
Lu2NiOs,3
Lu2NiRu,3
Lu2NiSn6,1
Lu2O3,5
Lu2OsPd,3
Lu2Pd2Pb,1
Lu2PdAu,3
Lu2PdO4,1
Lu2PdPt,3
Lu2PdRh,4
Lu2PdRu,3
Lu2Pt,4
Lu2ReC2,1
Lu2RuAu,3
Lu2RuPt,3
Lu2RuRh,3
Lu2S3,10
Lu2SO2,3
Lu2Se3,6
Lu2SeO2,3
Lu2Si2O7,2
Lu2Si3Pd,1
Lu2Si5Ir3,1
Lu2Si5Ni3,1
Lu2Te3,21
Lu2TeO6,4
Lu2TiO5,4
Lu2TlAg,3
Lu2TlCd,4
Lu2TlHg,4
Lu2TlIn,4
Lu2TlZn,4
Lu2Zn17,1
Lu2ZnAg,4
Lu2ZnAu,3
Lu2ZnCu,4
Lu2ZnGa,3
Lu2ZnHg,4
Lu2ZnIn,4
Lu2ZnIr,3
Lu2ZnOs,4
Lu2ZnPd,4
Lu2ZnPt,3
Lu2ZnRu,3
Lu3(CuGe)4,2
Lu3(CuSi)4,2
Lu3(CuSn)4,1
Lu3Al,6
Lu3Al2,1
Lu3AlC,1
Lu3AlN,1
Lu3AlO6,2
Lu3BC3,1
Lu3Cd,5
Lu3Co,4
Lu3Co11B4,1
Lu3Co2Si3,1
Lu3Fe2Si3,1
Lu3Ga10Ni,1
Lu3Ga5Co,2
Lu3Ga5Ni,1
Lu3Ga8Cu3,1
Lu3Ga8Ir3,1
Lu3Ga8Rh3,1
Lu3Ga9Pd2,1
Lu3GaC,1
Lu3Ge3Ir2,1
Lu3Ge3Ru2,1
Lu3Ge4,1
Lu3Hg,5
Lu3In,8
Lu3InC,1
Lu3InN,2
Lu3Ir,4
Lu3Mg,6
Lu3Mg2CrS8,1
Lu3Mg2MnS8,1
Lu3Mg2TiS8,1
Lu3Mg2VS8,1
Lu3Mn3Ga2Si,1
Lu3MnFe3O10,1
Lu3Ni2Ge3,1
Lu3Os,3
Lu3PbC,1
Lu3Pd4,1
Lu3Pt,4
Lu3Pt4,1
Lu3Ru,5
Lu3S4,2
Lu3Sb4Au3,1
Lu3Sc,7
Lu3ScV4O12,1
Lu3Sn,5
Lu3SnC,1
Lu3Tl,7
Lu3Tl2Cu5Se8,1
Lu3Tl5,1
Lu3TlC,1
Lu4B3C4,1
Lu4CoSn8,1
Lu4CuGe8,1
Lu4FeGe8,1
Lu4Ga12Ni,1
Lu4Ga12Pd,1
Lu4Ge6Os7,1
Lu4Ge6Rh7,1
Lu4Ge6Ru7,1
Lu4Ge8Pd,1
Lu4Ge8Rh,1
Lu4Ge8Ru,1
Lu4MnGe8,1
Lu4MnS7,1
Lu4Ni2C5,1
Lu4Zr3O12,2
Lu5(ReO6)2,1
Lu5(TeAu)2,1
Lu5BiPd2,1
Lu5CuPb3,1
Lu5Ga3,1
Lu5Ge3,1
Lu5Ge3C,1
Lu5In4,1
Lu5Ir2,1
Lu5Ir3,1
Lu5Ni2Bi,1
Lu5Ni2Sb,1
Lu5NiPb3,1
Lu5Pb3,1
Lu5Pt3,2
Lu5Re2C7,1
Lu5Rh3,2
Lu5SbPd2,1
Lu5SbPt2,1
Lu5Si3,1
Lu5Si3C,1
Lu5Sn3,1
Lu5Tl3,1
Lu6Co2Sn,1
Lu6FeBi2,1
Lu6FeSb2,1
Lu6GaNi2,1
Lu6InCo2,1
Lu6MnBi2,1
Lu6MnSb2,1
Lu6Ni2Sn,1
Lu6Sb2Mo,1
Lu6TeO12,1
Lu6WO12,1
Lu7(NiTe)2,1
Lu7(TePd)2,1
Lu7(TeRh)2,1
Lu7(TeRu)2,1
Lu7Te,1
Lu8Te,1
LuAg2,4
LuAg3,3
LuAg4,1
LuAgGe,6
LuAgHg2,4
LuAgO2,3
LuAgPb,6
LuAgS2,5
LuAgSe2,5
LuAgSn,7
LuAgTe2,6
LuAl,4
LuAl2,5
LuAl2Ni,4
LuAl2Pd5,1
LuAl3,8
LuAl3Ni2,2
LuAl4Ni,2
LuAl7Fe5,1
LuAlAg2,3
LuAlAu,6
LuAlB4,2
LuAlCo,5
LuAlCu,7
LuAlCu2,4
LuAlFe,6
LuAlGe,4
LuAlNi,5
LuAlO3,4
LuAlPd,6
LuAlPt,3
LuAlSi,5
LuAs,4
LuAsO4,2
LuAsPt,7
LuAsSe,2
LuAu,5
LuAu2,4
LuAu3,6
LuAu4,1
LuB12,1
LuB2,2
LuB2C,5
LuB2Ir3,1
LuB2Os,2
LuB2Os3,1
LuB2Rh3,1
LuB2Ru,2
LuB2Ru3,1
LuB4,1
LuBO3,6
LuBPt2,1
LuBRh3,1
LuBi,3
LuBi2BrO4,1
LuBi2ClO4,1
LuBi2IO4,1
LuBiO3,4
LuBiPd,4
LuBiPd2,3
LuBiPt,2
LuBiTe3,1
LuBr3,6
LuCd,2
LuCd2,4
LuCd3,5
LuCdAg2,3
LuCdHg2,3
LuCdNi4,1
LuCdPd2,3
LuCdPt2,3
LuCdRh2,3
LuCl3,4
LuCo2,4
LuCo2Sn,5
LuCo3,3
LuCo3B2,1
LuCo4B,1
LuCoC,3
LuCoC2,3
LuCoGe,5
LuCoGe2,3
LuCoSi,5
LuCoSn,8
LuCrO3,2
LuCrO4,1
LuCu2,4
LuCu5,4
LuCuAs2,1
LuCuGe,6
LuCuPb,5
LuCuPbS3,1
LuCuPbSe3,3
LuCuS2,3
LuCuSb2,1
LuCuSe2,5
LuCuSi,8
LuCuSn,8
LuCuTe2,5
LuF3,9
LuFe2,5
LuFe2Co2B,1
LuFe4(CuO4)3,1
LuFe4B,1
LuFeC2,4
LuGa,6
LuGa2,7
LuGa2Ni,3
LuGa2Ni3,2
LuGa2Pd,5
LuGa3,5
LuGa4Ni,1
LuGa5Co,1
LuGaAg,7
LuGaAu,9
LuGaCu2,5
LuGaCuO4,1
LuGaNi,6
LuGaO3,6
LuGaPd,6
LuGaPd2,5
LuGaPt,5
LuGaRh2,6
LuGe2,5
LuGeAu,6
LuGeIr,3
LuGePd,7
LuGePd2,4
LuGePt,5
LuGeRh,5
LuGeRu,6
LuH2,4
LuH2ClO2,2
LuH3,5
LuHCl,4
LuHO2,9
LuHSe,3
LuHfCo2,3
LuHfF7,1
LuHfIr2,3
LuHfRh2,4
LuHfRu2,3
LuHg,3
LuI3,6
LuIO,3
LuIn,3
LuIn2,5
LuIn3,5
LuInAg2,4
LuInAu,5
LuInAu2,4
LuInCo4,1
LuInCu2,5
LuInNi,5
LuInNi2,5
LuInNi4,1
LuInPd,6
LuInPd2,5
LuInPt,4
LuInPt2,5
LuInRh,5
LuInRh2,5
LuIr,4
LuIr2,3
LuMg,2
LuMg2Cr3S8,1
LuMg2Mn3S8,1
LuMg2Sc,3
LuMg2Ti3S8,1
LuMg3,5
LuMgAg2,3
LuMgAu2,4
LuMgCd2,4
LuMgCrS4,1
LuMgHg2,3
LuMgIn,5
LuMgMnS4,1
LuMgPd2,3
LuMgRh2,3
LuMgTiS4,1
LuMgTl,5
LuMgTl2,3
LuMgVS4,1
LuMgZn2,3
LuMn2,3
LuMn4(CuO4)3,1
LuMn6(Sn2Ge)2,1
LuMn6GaGe5,1
LuMnO3,4
LuMnRh2,3
LuMnSi,3
LuN,2
LuNbO4,4
LuNbRu2,3
LuNi,4
LuNi2,6
LuNi2B2C,1
LuNi2Sn,4
LuNi3,5
LuNi4Au,1
LuNi4B,1
LuNi4Sn,1
LuNi5,4
LuNiBC,1
LuNiBi,1
LuNiC2,1
LuNiGe,7
LuNiGe2,3
LuNiGe3,2
LuNiO3,2
LuNiP,7
LuNiPb,4
LuNiSb,5
LuNiSn,5
LuNiSn4,1
LuOF,5
LuOs2,3
LuP,3
LuP5,1
LuPO4,2
LuPPd,7
LuPPt,5
LuPb3,5
LuPd,6
LuPd2Pb,3
LuPd3,5
LuPt,7
LuPt3,4
LuRe2,3
LuRh,4
LuRh2,3
LuRh2Pb,3
LuRh3,5
LuRh3C,1
LuRhO3,3
LuRu,3
LuRu2,3
LuRu3C,1
LuS,3
LuS2,6
LuSBr,2
LuSF,6
LuSb,3
LuSbPd2,3
LuSbPt,4
LuSbRh2,3
LuSbRu2,2
LuSc(BO3)2,1
LuSc3(MnSi)4,1
LuScCo2,3
LuScCu2,3
LuScHg2,3
LuScIr2,3
LuScO3,3
LuScPd2,4
LuScRh2,3
LuScRu2,3
LuScZn2,3
LuSe,3
LuSe2,6
LuSeO3F,2
LuSi,3
LuSi2Ni,2
LuSiAg,4
LuSiAu,5
LuSiIr,3
LuSiPd2,3
LuSiPt,4
LuSiPt2,5
LuSiRh,3
LuSiRu,5
LuSn2,6
LuSnAu,6
LuSnIr,4
LuSnPd,5
LuSnPd2,4
LuSnPt,5
LuSnRh,5
LuSnRh2,4
LuSnRu2,4
LuTaO4,3
LuTaOs2,3
LuTaRu2,3
LuTe,5
LuTe2,4
LuTe3,6
LuTiClO3,1
LuTiFe11C,1
LuTiGe,3
LuTiO3,2
LuTiSi,2
LuTl,2
LuTl3,3
LuTlO3,1
LuTlRh2,4
LuTlS2,2
LuTlSe2,4
LuTlTe2,2
LuVO3,2
LuVO4,2
LuWO4,2
LuZn,2
LuZn12,1
LuZn2,6
LuZn3,6
LuZnCuAs2,1
LuZnFeO4,1
LuZnPd,4
LuZnPd2,4
LuZnPt,4
LuZnRh,3
LuZnRh2,3
LuZnSn,6
LuZnSn2,4
LuZr,2
LuZrCo2,3
LuZrF7,1
LuZrRu2,3
LuZrSb,3
Mg,34
Mg(Ag3O4)2,1
Mg(AlC)2,1
Mg(AlGe)2,5
Mg(AlH4)2,9
Mg(AlS2)2,6
Mg(AlSe2)2,5
Mg(AlSi)2,6
Mg(As2Rh3)2,1
Mg(AuF6)2,2
Mg(BC)2,3
Mg(BH4)2,12
Mg(BeAs)2,2
Mg(BeN)2,1
Mg(BeP)2,2
Mg(BiO2)2,13
Mg(BiO2)4,3
Mg(BiO3)2,5
Mg(BrO3)2,6
Mg(CO2)2,1
Mg(Co2Ge3)2,1
Mg(Co3P2)2,2
Mg(CoGe)6,2
Mg(CoS2)2,4
Mg(CrS2)2,2
Mg(CrS2)4,3
Mg(CrSe2)2,2
Mg(CuO2)2,15
Mg(FeGe)6,2
Mg(FeO2)2,15
Mg(GaO2)2,8
Mg(HO)2,10
Mg(IO3)2,8
Mg(InN)2,3
Mg(InS2)2,17
Mg(InSe2)2,12
Mg(InTe2)2,3
Mg(Mn5N4)2,1
Mg(MnGe)6,2
Mg(MnS2)2,3
Mg(MnS2)4,3
Mg(MnSn)6,1
Mg(Mo3Se4)2,3
Mg(MoO2)2,12
Mg(NiGe)6,2
Mg(NiO2)2,13
Mg(NiO2)4,2
Mg(P2Rh3)2,1
Mg(PtO2)3,1
Mg(ReO4)2,4
Mg(RhO2)2,3
Mg(SbO3)2,3
Mg(ScGa)2,3
Mg(ScS2)2,10
Mg(ScSe2)2,8
Mg(SiNi)6,2
Mg(TiS2)2,6
Mg(TiS2)3,2
Mg(TiS2)4,4
Mg(VS2)4,5
Mg(ZnN)2,1
Mg(ZnSb)2,5
Mg14AlBi,2
Mg14AlCd,3
Mg14AlCu,2
Mg14AlGa,2
Mg14AlSb,2
Mg14AlSi,2
Mg14AlSn,2
Mg14AlZn,2
Mg14BiSb,2
Mg14CdBi,3
Mg14CdCo,2
Mg14CdCu,2
Mg14CdGa,3
Mg14CdNi,2
Mg14CdSb,2
Mg14CdSi,2
Mg14CdSn,3
Mg14CoSn,2
Mg14CrBi,2
Mg14CrCd,2
Mg14CrGa,2
Mg14CrSn,2
Mg14CuBi,2
Mg14CuNi,2
Mg14CuSb,2
Mg14CuSi,2
Mg14CuSn,2
Mg14GaBi,2
Mg14GaCu,2
Mg14GaNi,2
Mg14GaSb,2
Mg14GaSi,2
Mg14GaSn,3
Mg14MnBi,2
Mg14MnCd,2
Mg14MnCu,2
Mg14MnGa,2
Mg14MnSb,2
Mg14MnSn,2
Mg14MnZn,2
Mg14NbBi,2
Mg14NbCd,2
Mg14NbSn,2
Mg14NbZn,2
Mg14NiBi,2
Mg14NiSb,2
Mg14NiSn,2
Mg14SiBi,2
Mg14SiSb,2
Mg14SiSn,2
Mg14SnBi,2
Mg14SnSb,2
Mg14TiBi,2
Mg14TiCd,2
Mg14TiCu,2
Mg14TiGa,2
Mg14TiSb,2
Mg14TiSn,2
Mg14TiZn,2
Mg14VCd,2
Mg14VSn,2
Mg14ZnBi,2
Mg14ZnCd,3
Mg14ZnCu,2
Mg14ZnGa,2
Mg14ZnNi,2
Mg14ZnSb,2
Mg14ZnSi,2
Mg14ZnSn,3
Mg14ZrAl,2
Mg14ZrBi,2
Mg14ZrCd,2
Mg14ZrCu,2
Mg14ZrGa,2
Mg14ZrNb,2
Mg14ZrSb,2
Mg14ZrSn,2
Mg14ZrTi,2
Mg14ZrZn,2
Mg15Al,1
Mg15Bi,1
Mg15Cd,1
Mg15Co,1
Mg15Cr,1
Mg15Cu,1
Mg15Fe,1
Mg15Ga,1
Mg15Mn,1
Mg15Nb,1
Mg15Ni,1
Mg15Sb,1
Mg15Si,1
Mg15Sn,1
Mg15Ti,1
Mg15V,1
Mg15Zn,1
Mg15Zr,1
Mg2Ag,22
Mg2AgAu,13
Mg2AgHg,14
Mg2AgIr,12
Mg2AgPd,7
Mg2AgPt,11
Mg2AgRh,11
Mg2AgWO6,2
Mg2Al2Se5,1
Mg2Al3CrS8,1
Mg2Al3MoS8,1
Mg2Al3VS8,1
Mg2AlB2Ir5,1
Mg2AlCr3S8,1
Mg2AlV3S8,1
Mg2As2O7,3
Mg2Au,24
Mg2B2AsIr5,1
Mg2B2O5,4
Mg2BeB2Ir5,1
Mg2Bi3,2
Mg2BiAsO6,2
Mg2BiPO6,2
Mg2Cd,36
Mg2CdAg,15
Mg2CdHg,15
Mg2CdIr,13
Mg2CdPd,6
Mg2CdRh,11
Mg2CoB2Ir5,1
Mg2CoH5,4
Mg2CoN2,1
Mg2Cr3CoS8,1
Mg2Cr3FeS8,1
Mg2Cr3GaS8,1
Mg2Cr3InS8,1
Mg2Cr3NiS8,1
Mg2CrB2Ir5,1
Mg2CrCo3S8,1
Mg2CrGa3S8,1
Mg2CrIn3S8,1
Mg2CrIrO6,1
Mg2CrN3,6
Mg2CrSbO6,2
Mg2CrWO6,2
Mg2Cu,29
Mg2Cu3Ge,3
Mg2Cu3Si,2
Mg2CuIrO6,2
Mg2CuWO6,2
Mg2FeB2Ir5,1
Mg2FeH6,6
Mg2FeIrO6,2
Mg2FeN2,3
Mg2FeO4,3
Mg2FeSbO6,2
Mg2FeWO6,2
Mg2Ga,24
Mg2Ga2S5,1
Mg2Ga5,3
Mg2GaB2Ir5,1
Mg2GaPd,9
Mg2Ge,9
Mg2GeB2Ir5,1
Mg2GeB2Rh5,1
Mg2GeO4,4
Mg2H2O3,1
Mg2H4Ru,6
Mg2H6Os,4
Mg2H6Ru,6
Mg2HgAu,12
Mg2In,31
Mg2IrAu,13
Mg2IrPd,7
Mg2IrPt,12
Mg2IrRh,17
Mg2Mn3AlS8,1
Mg2Mn3CrS8,1
Mg2Mn3GaS8,1
Mg2Mn3InS8,1
Mg2Mn3O8,5
Mg2Mn3VS8,1
Mg2MnAl3S8,1
Mg2MnB2Ir5,1
Mg2MnCo3S8,1
Mg2MnCr3S8,1
Mg2MnGa3,1
Mg2MnIn3S8,1
Mg2MnN2,1
Mg2MnN3,1
Mg2MnV3S8,1
Mg2MnWO6,3
Mg2MoWO6,2
Mg2NF,6
Mg2NbN3,5
Mg2Ni,20
Mg2Ni3O8,2
Mg2Ni3P,1
Mg2NiB2Ir5,1
Mg2NiH4,12
Mg2NiIr,10
Mg2NiIrO6,2
Mg2NiN2,1
Mg2NiRh,11
Mg2NiWO6,2
Mg2OsN3,1
Mg2P2O7,3
Mg2PN3,1
Mg2Pb,23
Mg2PbO4,4
Mg2Pd,11
Mg2PdAu,5
Mg2PdPt,4
Mg2PdRh,7
Mg2Pt,20
Mg2PtO4,3
Mg2PtRh,14
Mg2Rh,22
Mg2RhAu,9
Mg2RuN3,2
Mg2Sb3,3
Mg2SbMoO6,2
Mg2SbN3,1
Mg2Sc,28
Mg2Sc3CrS8,1
Mg2Sc3MnS8,1
Mg2Sc3TiS8,1
Mg2Sc3VS8,1
Mg2ScCr3S8,1
Mg2ScMn3S8,1
Mg2ScTi3S8,1
Mg2Si,36
Mg2SiB2Ir5,1
Mg2SiNi3,2
Mg2SiO4,15
Mg2SiPt,15
Mg2Sn,23
Mg2Sn3O8,3
Mg2SnO4,4
Mg2Ta3N5,1
Mg2TaFeO6,2
Mg2TaMoO6,2
Mg2TaN3,6
Mg2TaVO6,2
Mg2Ti3AlS8,1
Mg2Ti3CrS8,1
Mg2Ti3GaS8,1
Mg2Ti3InS8,1
Mg2Ti3MnS8,1
Mg2Ti3O8,3
Mg2Ti3VS8,1
Mg2TiAl3S8,1
Mg2TiB2Ir5,1
Mg2TiCr3S8,1
Mg2TiGa3S8,2
Mg2TiIn3S8,1
Mg2TiMn3S8,1
Mg2TiO4,7
Mg2Tl,30
Mg2TlPb,17
Mg2V3CrS8,1
Mg2VB2Ir5,1
Mg2VBiO6,2
Mg2VCr3S8,1
Mg2VIn3S8,1
Mg2VN3,1
Mg2VO4,2
Mg2VSbO6,2
Mg2VWO6,2
Mg2Zn,26
Mg2ZnAs2,5
Mg2ZnB2Ir5,1
Mg2ZnO3,4
Mg2ZnP2,3
Mg2ZnPd,6
Mg2ZnPt,11
Mg2ZnRh,18
Mg2ZnSb2,5
Mg3(AlCu2)2,3
Mg3(AlN2)2,1
Mg3(HO2)2,1
Mg3Ag,18
Mg3Al,10
Mg3Al9FeSi5,1
Mg3As2,5
Mg3AsN,30
Mg3Au,21
Mg3Au13,1
Mg3B(OF)3,1
Mg3B2Rh5,1
Mg3BN3,3
Mg3Bi,6
Mg3Bi2,3
Mg3BiSb,6
Mg3Cd,23
Mg3CrN3,1
Mg3Cu,20
Mg3Cu(SnS4)2,1
Mg3CuO4,3
Mg3Fe2O5,1
Mg3Fe3O8,1
Mg3Fe4O7,1
Mg3FeN3,1
Mg3FeO4,5
Mg3Ga,10
Mg3H2(SO5)2,2
Mg3H4O5,1
Mg3Hg,26
Mg3HgAu2,4
Mg3In,26
Mg3InAg4,3
Mg3Ir,16
Mg3Mn4O7,1
Mg3MnNi3O8,2
Mg3MnO4,4
Mg3MnTe4,2
Mg3MoN4,5
Mg3NF3,1
Mg3Nb6O11,1
Mg3NiO4,3
Mg3Pb,20
Mg3Pd,14
Mg3Pd5,4
Mg3Pt,21
Mg3Ru2,4
Mg3Sb,16
Mg3Sb2,5
Mg3SbN,27
Mg3Sc,22
Mg3ScZn8,2
Mg3Si2H4O9,2
Mg3Sn,7
Mg3TeO6,3
Mg3TiH8,2
Mg3Tl,23
Mg3V2O8,3
Mg3VO4,2
Mg3WO6,4
Mg3Zn,22
Mg3ZnO4,6
Mg3Zr,20
Mg4AlB10,1
Mg4As6Ir7,1
Mg4As6Rh7,1
Mg4B3Ir2,1
Mg4CdAg5,1
Mg4CuNi,5
Mg4CuO5,2
Mg4FeO5,6
Mg4H2O5,1
Mg4HgAu,4
Mg4MnN4,1
Mg4P6Rh7,1
Mg4Sc,9
Mg4SiGe,3
Mg4SiSn,4
Mg4Sn6Pt5,1
Mg4SnN4,1
Mg4TiN4,2
Mg4VN4,2
Mg4ZrN4,1
Mg5(HO3)2,1
Mg5Ag,12
Mg5Au,10
Mg5Bi,7
Mg5Cd,15
Mg5Cu,8
Mg5Ga,10
Mg5Ga2,3
Mg5Hg,9
Mg5Hg3,8
Mg5In,13
Mg5In2,8
Mg5MnSb4,1
Mg5Pb,10
Mg5Pd,6
Mg5Pt,9
Mg5Sb,8
Mg5Sc,12
Mg5Sn,9
Mg5Tl2,5
Mg5Zn,12
Mg5ZnN4,1
Mg6AlBi,2
Mg6AlCd,4
Mg6AlGa,4
Mg6AlSn,3
Mg6AlZn,4
Mg6Bi2PN,1
Mg6CdBi,3
Mg6CdCu,3
Mg6CdCuO8,2
Mg6CdFeO8,2
Mg6CdGa,4
Mg6CdIn,2
Mg6CdNiO8,2
Mg6CdSb,2
Mg6CdSn,3
Mg6CrCuO8,2
Mg6CuNiO8,2
Mg6FeCuO8,2
Mg6FeNiO8,2
Mg6GaBi,2
Mg6GaCu,3
Mg6GaSn,4
Mg6MnCdO8,2
Mg6MnCrO8,2
Mg6MnCuO8,2
Mg6MnFeO8,2
Mg6MnNiO8,2
Mg6MnVO8,2
Mg6MnZnO8,2
Mg6SiGe2,1
Mg6SiSn2,1
Mg6Sn2Ge,3
Mg6SnBi,3
Mg6VCrO8,2
Mg6VFeO8,2
Mg6VNiO8,2
Mg6VZnO8,2
Mg6ZnBi,2
Mg6ZnCd,4
Mg6ZnCdO8,2
Mg6ZnCrO8,2
Mg6ZnCuO8,2
Mg6ZnFeO8,2
Mg6ZnGa,4
Mg6ZnNiO8,2
Mg6ZnSn,3
Mg6ZrCd,3
Mg7Al,3
Mg7Bi,2
Mg7Cd,3
Mg7Cu,2
Mg7Cu2O9,1
Mg7Ga,3
Mg7GaAg12,1
Mg7Sb,2
Mg7Sc,3
Mg7Sn,3
Mg7Zn,3
Mg7Zr,3
MgAg,29
MgAg2,28
MgAg3,21
MgAg4,10
MgAg5,12
MgAgAu2,14
MgAgF3,6
MgAgF5,3
MgAgSb,21
MgAl,25
MgAl2,8
MgAl2Cu,22
MgAl2O4,17
MgAl3,8
MgAlAg,13
MgAlAg2,13
MgAlAu2,15
MgAlB4,2
MgAlCr3FeO8,1
MgAlCrS4,2
MgAlCu,16
MgAlH5,5
MgAlIr2,17
MgAlNi2,13
MgAlPd2,5
MgAlRh2,12
MgAlSi,16
MgAlVS4,1
MgAs4,5
MgAsPt5,1
MgAu,31
MgAu2,23
MgAu3,17
MgAu5,12
MgAuO2,7
MgB2,8
MgB4,3
MgB4Os3,1
MgBIr,8
MgBe4Cu,1
MgBi,32
MgBi2,10
MgBi2O5,4
MgBiF6,2
MgBr2,25
MgCN2,6
MgCO3,7
MgCd,47
MgCd(CO3)2,1
MgCd2,39
MgCd3,21
MgCd3(CO3)4,1
MgCd5,17
MgCdAg2,13
MgCdAu2,13
MgCdPd2,7
MgCdS2,33
MgCdTe2,37
MgCl2,25
MgCo2,20
MgCo2Si,14
MgCo3C,2
MgCoF5,3
MgCoF6,2
MgCoGe,13
MgCoNi,8
MgCr(GeO3)2,1
MgCr(SiO3)2,2
MgCr2(PO5)2,1
MgCr2F12,2
MgCr2O4,12
MgCr2O7,1
MgCr3(FeO4)2,1
MgCr4(CuO4)3,1
MgCr4FeO8,1
MgCrCoS4,1
MgCrF4,3
MgCrF5,2
MgCrF6,5
MgCrFeO4,1
MgCrGaS4,1
MgCrInS4,2
MgCrN2,9
MgCrO4,5
MgCrP2O7,4
MgCu,37
MgCu(GeO3)2,2
MgCu(SiO3)2,2
MgCu2,29
MgCu2(PO4)2,1
MgCu2(SiO3)4,1
MgCu2GeS4,3
MgCu2O3,3
MgCu2SiS4,3
MgCu2SiSe4,2
MgCu3,19
MgCu3(NiO3)4,1
MgCu4Sn,1
MgCu5,8
MgCuAs,21
MgCuBi,18
MgCuF4,2
MgCuF5,3
MgCuO2,14
MgCuP,20
MgCuPb,7
MgCuSb,19
MgCuSn,5
MgF2,10
MgFe(CO3)2,1
MgFe2O3,4
MgFe4(CuO4)3,1
MgFe4CuO8,1
MgFe4NiO8,2
MgFeAs2O7,6
MgFeF5,3
MgFeF6,2
MgFeO3,5
MgFeRh2,16
MgGa,36
MgGa2,24
MgGa3,11
MgGa5,9
MgGaAg2,6
MgGaAu,8
MgGaAu2,9
MgGaCu,9
MgGaIr2,5
MgGaNi2,4
MgGaPd2,6
MgGaPt2,7
MgGaRh2,5
MgGeAs2,3
MgGeIr2,5
MgGeN2,8
MgGeO3,8
MgGeP2,4
MgGePd2,7
MgGeRh2,4
MgH2,96
MgH2SO5,1
MgH2SeO5,1
MgH4(ClO5)2,1
MgH6(NCl)2,2
MgHOF,3
MgHg,34
MgHg2,30
MgHg3,24
MgHg4Te5,3
MgHg5,14
MgHgPd2,6
MgI2,24
MgIn,43
MgIn2,45
MgIn2Ga2CuO8,1
MgIn2O4,2
MgIn3,23
MgIn5,18
MgInAg2,10
MgInBr3,6
MgInCu4,1
MgInIr2,16
MgInNi2,10
MgInPd2,6
MgInRh2,14
MgIr,37
MgIr2,21
MgMn(CO3)2,1
MgMn(GeO3)2,4
MgMn(SiO3)2,3
MgMn2(BO3)2,1
MgMn2(PO4)2,2
MgMn2O3,5
MgMn2O4,19
MgMn2P2(H2O5)2,2
MgMn2Tl2O6,1
MgMn3(CuO4)2,1
MgMn3O6,6
MgMn3Te4,1
MgMn4(CuO4)3,1
MgMn4O6,2
MgMn4O8,8
MgMn4ZnO8,1
MgMn5O8,1
MgMnAlS4,1
MgMnCrS4,1
MgMnF4,5
MgMnF5,4
MgMnF6,9
MgMnGe,3
MgMnInS4,1
MgMnIr2,20
MgMnN2,10
MgMnO2,13
MgMnO3,5
MgMnP2O7,4
MgMnPO5,1
MgMnPd2,4
MgMnPt2,15
MgMnRh2,13
MgMnSiO5,1
MgMnTe2,17
MgMnTe4,1
MgMnV2O6,1
MgMnV4O12,1
MgMnVP2(HO5)2,1
MgMnVS4,1
MgMo2(PO5)2,1
MgMo3S4,1
MgMoF5,3
MgMoF6,3
MgMoH2O5,1
MgMoN2,9
MgMoO3,4
MgNb2(PbO3)3,2
MgNbOs2,5
MgNbRh2,4
MgNbRu2,4
MgNi,35
MgNi2,21
MgNi2P,17
MgNi2Sb,11
MgNi2Sn,5
MgNi3,22
MgNi3B,4
MgNi3B2,3
MgNi3C,2
MgNi5,9
MgNiBi,2
MgNiF5,3
MgNiGe,12
MgNiH,9
MgNiH2,7
MgNiH3,8
MgNiO2,14
MgNiP2O7,4
MgNiSb,10
MgO,26
MgO2,6
MgP4,6
MgPPd5,3
MgPPt5,1
MgPS3,6
MgPSe3,4
MgPb,32
MgPb2,25
MgPb2WO6,3
MgPb3,21
MgPb5,13
MgPbF6,4
MgPd,15
MgPd2,6
MgPd2Au,8
MgPd3,9
MgPd5,11
MgPdAu2,7
MgPdF6,5
MgPt2,27
MgPt3,22
MgPt5,12
MgPt7,1
MgRe(PbO3)2,2
MgRh,33
MgRh2Pb,13
MgRh3,21
MgRh5,8
MgRhF6,6
MgRu2W,16
MgS,24
MgS2,7
MgS2O7,1
MgSO3,6
MgSO4,6
MgSb,42
MgSb2(PO5)2,1
MgSb2F12,1
MgSbF6,3
MgSbPd,5
MgSbPd2,5
MgSbPt,8
MgSbRh2,12
MgSbRu2,15
MgSc,32
MgSc2,24
MgSc2Al,16
MgSc2Cd,15
MgSc2Ga,7
MgSc2Hg,16
MgSc2In,17
MgSc2Ir,10
MgSc2Os,10
MgSc2Ru,12
MgSc2Tl,15
MgSc3,20
MgSc3Ru2,1
MgSc5,8
MgSc5Al4,1
MgScAg2,12
MgScAlO4,2
MgScAu2,11
MgScCd2,13
MgScCrS4,1
MgScCu3Se4,1
MgScHg2,12
MgScIr2,13
MgScMnS4,1
MgScPd2,4
MgScPt2,10
MgScRh2,13
MgScTiS4,1
MgScVS4,1
MgScZn2,11
MgSe,39
MgSe2,33
MgSeO3,6
MgSeO4,4
MgSi,59
MgSi2SnO6,2
MgSiAs2,15
MgSiIr2,18
MgSiN2,10
MgSiO3,28
MgSiP2,17
MgSiRh2,12
MgSiSb2,15
MgSn,32
MgSn(BO3)2,1
MgSn(GeO3)2,1
MgSn2,17
MgSn3,12
MgSn4Ru,1
MgSn5,9
MgSnAs2,4
MgSnAu,6
MgSnF4,4
MgSnF6,4
MgSnIr2,4
MgSnN2,8
MgSnO3,9
MgSnP2,3
MgSnPd2,6
MgSnRh2,5
MgSnRu2,5
MgTa2O6,4
MgTaIr2,14
MgTaN2,9
MgTaOs2,17
MgTaRh2,12
MgTaRu2,14
MgTe,46
MgTe(PbO3)2,2
MgTe2,31
MgTeMoO6,2
MgTeO4,4
MgTeWO6,1
MgTi,40
MgTi(BiO3)2,4
MgTi2,15
MgTi2MnO6,2
MgTi2O4,13
MgTi2O5,5
MgTi2Pb4WO12,1
MgTi2ZnO6,5
MgTi3,9
MgTi3H8,1
MgTi3O6,2
MgTi3Zn2O8,1
MgTi4O8,2
MgTi5,5
MgTiAlS4,1
MgTiCo2,5
MgTiCrS4,1
MgTiF5,2
MgTiF6,5
MgTiH4,3
MgTiInS4,1
MgTiIr2,5
MgTiMnO4,1
MgTiMnS4,1
MgTiN2,6
MgTiNb2(PbO3)4,2
MgTiO3,8
MgTiRh2,6
MgTiSiO5,2
MgTl,35
MgTl3,19
MgTlCl3,5
MgTlF3,22
MgTlRh2,11
MgV(CO3)2,1
MgV(GeO3)2,2
MgV(SiO3)2,2
MgV2(CrS4)2,1
MgV2(CuO4)2,1
MgV2(PO5)2,2
MgV2CdO6,1
MgV2NiO6,1
MgV2O4,14
MgV2O5,2
MgV2O6,6
MgV2Zn2(SiO5)2,1
MgV2ZnO6,1
MgV3CrS8,1
MgV3O6,2
MgV3Zn2O8,2
MgV4(NiO6)2,3
MgV4O10,2
MgV4O8,2
MgVCr3S8,1
MgVCrO4,1
MgVCrS4,1
MgVCuO4,1
MgVF4,2
MgVF5,3
MgVF6,6
MgVInS4,1
MgVO3,7
MgVP2O7,3
MgVRh2,5
MgVRu2,5
MgVSiO5,1
MgWF6,3
MgWO3,4
MgWO4,9
MgZn,42
MgZn(FeO2)4,1
MgZn2,35
MgZn2Ir,13
MgZn2O3,4
MgZn2Pt,14
MgZn2Rh,11
MgZn3,25
MgZn3O4,2
MgZn3S4,5
MgZn4Ag5,1
MgZn4O5,2
MgZn5,13
MgZn5N4,1
MgZn7O8,1
MgZnAg2,14
MgZnAu2,10
MgZnCo,10
MgZnCu,34
MgZnNi2,13
MgZnO2,10
MgZnPd2,7
MgZnRh2,18
MgZnS2,24
MgZr,33
MgZr2,23
MgZr3,23
MgZrAu2,10
MgZrF6,3
MgZrIr2,11
MgZrN2,8
MgZrNi2,11
MgZrPd2,4
MgZrPt2,14
MgZrRh2,9
MgZrZn2,16
Mn,34
Mn(AlS2)2,7
Mn(AlTe2)2,3
Mn(BMo)2,2
Mn(BW)2,3
Mn(BiSe2)2,4
Mn(BiTe2)2,1
Mn(CO3)2,6
Mn(CrS2)2,4
Mn(CrSe2)2,3
Mn(CuCl2)2,2
Mn(CuTe)2,1
Mn(FeO2)2,3
Mn(GaS2)2,6
Mn(GaSe2)2,3
Mn(HO)2,7
Mn(InS2)2,7
Mn(InSe2)2,4
Mn(InTe2)2,4
Mn(Mo3Se4)2,1
Mn(NbS2)3,2
Mn(NbSe2)3,2
Mn(Ni3O4)2,1
Mn(PtO2)3,1
Mn(RhO2)2,1
Mn(SbO3)4,1
Mn(SbS2)2,5
Mn(SbSe2)2,4
Mn(VSi3)2,1
Mn10(SiGe)3,1
Mn10CuGe5,1
Mn10CuN8,1
Mn10NiN8,1
Mn11Al4V,1
Mn12Ge4N3,1
Mn12Pt4N,1
Mn12Rh4N,1
Mn12SiP3,1
Mn12Zn4CN3,1
Mn2Al3,7
Mn2AlB2,3
Mn2AlCo,16
Mn2AlCr,16
Mn2AlRe,16
Mn2AlS4,2
Mn2AlV,6
Mn2AlW,14
Mn2As,22
Mn2As2O7,7
Mn2AsP,15
Mn2Au5,4
Mn2B,6
Mn2B4Mo,1
Mn2B4W,1
Mn2Cd3O5,1
Mn2CdO3,4
Mn2CdO4,2
Mn2CdTeO6,2
Mn2Co2SiGe,1
Mn2CoAs2Rh,1
Mn2CoGe,3
Mn2CoN2,5
Mn2CoSi,17
Mn2Cr3FeO8,2
Mn2Cr3GaS8,1
Mn2CrCo,23
Mn2CrI6,3
Mn2CrN3,7
Mn2CrO4,2
Mn2CrO6,3
Mn2CrSbO6,2
Mn2CrSe3,1
Mn2CrSi,17
Mn2CuNiSb2,1
Mn2CuO4,5
Mn2CuSb2Pd,1
Mn2F5,2
Mn2F7,5
Mn2Fe4SiGe,1
Mn2FeCoP2,1
Mn2FeN2,5
Mn2FeO3,2
Mn2FeO4,4
Mn2FeReO6,1
Mn2FeSbO6,3
Mn2FeWO6,1
Mn2Ga2S5,2
Mn2Ga5,2
Mn2GaCo,6
Mn2GaCo4Ge,1
Mn2GaNi,7
Mn2GaW,3
Mn2Ge,9
Mn2GeO4,5
Mn2GeRu,3
Mn2HO4,5
Mn2HgO4,1
Mn2In2CuPd3,1
Mn2In2Se5,2
Mn2InAgTe4,1
Mn2InCu4Sn,1
Mn2InCuSe4,1
Mn2InO5,2
Mn2InSbO6,2
Mn2InSbPd4,1
Mn2InSnPd4,1
Mn2IrRh,18
Mn2N,11
Mn2Nb,4
Mn2NbAl,4
Mn2NbFeO6,1
Mn2NbGa,6
Mn2NiN2,7
Mn2NiO3,2
Mn2NiO4,5
Mn2NiO6,2
Mn2NiSb2Pt,2
Mn2O2F3,1
Mn2O3,11
Mn2O3F,20
Mn2OF2,4
Mn2OF3,23
Mn2OF4,3
Mn2P2O7,5
Mn2PO5,9
Mn2PdPt,4
Mn2PtRh,12
Mn2RuN3,2
Mn2S3,4
Mn2Sb,22
Mn2Sb2PtAu,1
Mn2SbAs,13
Mn2SbTe,15
Mn2SiNi,15
Mn2SiNi2Ge,1
Mn2SiRu,16
Mn2SnO4,4
Mn2SnPd3,3
Mn2SnS4,5
Mn2SnSbPd4,1
Mn2TeO6,1
Mn2V2O7,4
Mn2V3NiO8,2
Mn2VGa,5
Mn2VGe,4
Mn2VN3,9
Mn2VO4,3
Mn2VPO7,1
Mn2VSi,4
Mn2ZnO4,13
Mn2ZnS4,2
Mn2ZnSe4,2
Mn2ZnTe4,1
Mn3(Al2Si)2,1
Mn3(Co2Ge3)2,1
Mn3(CuO4)2,2
Mn3(HO3)2,1
Mn3(O2F)2,19
Mn3(OF)2,1
Mn3(OF2)2,17
Mn3Al2V3,1
Mn3AlC,2
Mn3As,16
Mn3As2,4
Mn3B4,1
Mn3B4Mo3,1
Mn3B4W,2
Mn3B8Mo3,1
Mn3BiO8,2
Mn3C,21
Mn3Cd2O8,3
Mn3CdTe4,2
Mn3Co2As3Rh,1
Mn3CoAs2,4
Mn3CoAs3Rh2,1
Mn3CoP4,1
Mn3Cr3B8,1
Mn3Cr3O8,2
Mn3Cr3P2,1
Mn3CrAs4,1
Mn3CrN3,1
Mn3CrO8,4
Mn3CrP4,1
Mn3CrTe4,1
Mn3Cu2NiO8,2
Mn3Cu3O8,2
Mn3CuN,3
Mn3CuO8,2
Mn3Fe,20
Mn3Fe3Ge2,1
Mn3Fe3Si2,1
Mn3Fe9C4,1
Mn3Fe9P4,1
Mn3FeN3,1
Mn3FeO8,4
Mn3FeP4,1
Mn3Ga,8
Mn3Ga4Ni9,1
Mn3GaC,3
Mn3GaN,2
Mn3Ge,8
Mn3GeC,6
Mn3GeN,16
Mn3HO6,2
Mn3InC,2
Mn3N2,4
Mn3Ni3Sn2,1
Mn3Ni4Sb,2
Mn3Ni4Sn,1
Mn3NiN,3
Mn3NiO4,2
Mn3NiO8,3
Mn3NiP2,1
Mn3O2F5,1
Mn3O4,6
Mn3O5F,19
Mn3OF5,19
Mn3Os,25
Mn3P,18
Mn3Pd5,6
Mn3PdN,3
Mn3Pt,19
Mn3PtN,3
Mn3ReO6,1
Mn3RhN,3
Mn3Sb,14
Mn3Si,15
Mn3SiNi,3
Mn3SiW2,2
Mn3Sn2,3
Mn3Sn2Pd5,1
Mn3SnC,3
Mn3SnH,13
Mn3SnN,3
Mn3TeO6,4
Mn3TeO8,5
Mn3V2Ga2Co,2
Mn3VP4,1
Mn3WO6,2
Mn3Zn2O8,3
Mn3ZnC,3
Mn3ZnN,3
Mn4(CuO4)3,1
Mn4Al11,2
Mn4As3,3
Mn4AsP3,1
Mn4BiSb3,1
Mn4CdO5,1
Mn4CdS5,2
Mn4Co11Ge5,1
Mn4Co4Si3Ge,1
Mn4CoNi3Ge4,1
Mn4CoSb4Ir3,1
Mn4Cr(Co2Ge)5,1
Mn4Cr(Co2Si)5,1
Mn4Cr(Co2Sn)5,1
Mn4Cr(GaCo2)5,1
Mn4CrO8,1
Mn4Cu3BiO12,1
Mn4CuO8,2
Mn4Fe2P3,1
Mn4Fe8Si3Ge,1
Mn4Fe8SiGe3,1
Mn4FeC2,1
Mn4FeGe3,1
Mn4FeO5,1
Mn4FeO8,1
Mn4Ga3Co8Ge,1
Mn4Ga3Cu2,1
Mn4Ge6Ir7,1
Mn4N,2
Mn4NiO8,2
Mn4NiSe5,1
Mn4O3F5,1
Mn4O7F,14
Mn4Si3Ni5,1
Mn4TeO8,2
Mn4VSe5,1
Mn4Zn(CuO4)3,1
Mn4ZnO8,2
Mn4ZnS8,3
Mn5(OF3)2,1
Mn5Al2V,1
Mn5As4,3
Mn5B2P,1
Mn5C2,1
Mn5CrO12,1
Mn5CrO8,1
Mn5CuO12,1
Mn5Fe5C4,1
Mn5Fe5Si6,2
Mn5FeO12,2
Mn5Ge3,4
Mn5In3O12,2
Mn5In4SbPd10,1
Mn5Ni8Sn3,1
Mn5NiO12,1
Mn5O5F,1
Mn5O7F,1
Mn5O8,4
Mn5O9F,1
Mn5OF11,6
Mn5Sb4,2
Mn5SbO12,1
Mn5Si2Ge,1
Mn5Si3,5
Mn5SiB2,1
Mn5SnO12,1
Mn5VO12,1
Mn6BP,1
Mn6BiPO12,1
Mn6GaGe,1
Mn6Mo6P7,1
Mn6O11F,6
Mn6O5F7,47
Mn6O7F5,36
Mn6OF11,27
Mn6PtRh,1
Mn6Zn2CN,1
Mn7(OF3)3,1
Mn7Al4V5,1
Mn7BiO12,1
Mn7CdO12,1
Mn7Fe3,1
Mn7Ni8Sn,1
Mn7O12,1
Mn7O7F,1
Mn7PbO12,1
Mn7SnN2,1
Mn8Fe3N8,1
Mn8Nb3Al,1
Mn8Nb3Si,1
Mn9(FeN4)2,1
Mn9Al4V3,1
Mn9CdO10,1
Mn9FeO10,1
MnAg2GeSe4,1
MnAg2GeTe4,2
MnAg2Sn3S8,2
MnAg2SnS4,3
MnAg2SnSe4,2
MnAg2SnTe4,1
MnAgO2,8
MnAgO3,5
MnAl,37
MnAl12,1
MnAl12Fe,1
MnAl2Co,11
MnAl2Cr3,1
MnAl2Cu,16
MnAl2Ni,12
MnAl2O4,1
MnAl6,1
MnAlAu2,11
MnAlCo2,14
MnAlCu2,12
MnAlF5,2
MnAlFe2,18
MnAlFeCo,1
MnAlGe,6
MnAlIr2,16
MnAlNi2,13
MnAlNi6,4
MnAlO3,9
MnAlOs2,17
MnAlPd2,5
MnAlPt,10
MnAlPt2,16
MnAlRh2,13
MnAlRu2,19
MnAs,34
MnAsPd,7
MnAsPd2,5
MnAsRh,12
MnAsRu,10
MnAu,33
MnAu2,21
MnAu3,18
MnAu4,10
MnAuO2,6
MnB,15
MnB2,6
MnB4,5
MnB4Mo3,2
MnB4W3,1
MnBO3,6
MnBe12,1
MnBe2,12
MnBe2Co,13
MnBe2Ir,14
MnBe2Pt,11
MnBe2Rh,9
MnBe2Ru,12
MnBe3,15
MnBe4Al,1
MnBeIr2,19
MnBeRu2,20
MnBi4S7,2
MnBiO3,10
MnBiS2Br,2
MnBiS2Cl,4
MnBr2,25
MnCN2,6
MnCO3,8
MnCSO7,1
MnCd(GaSe2)4,2
MnCd2S3,1
MnCd2Te3,1
MnCd3Te4,4
MnCd4S5,4
MnCd4Te5,1
MnCdCu4(GeSe4)2,4
MnCdCu4(SnSe4)2,2
MnCdF5,3
MnCdO2,22
MnCdS2,7
MnCdSe2,20
MnCdTe2,19
MnCl2,22
MnCo,38
MnCo2Ge,4
MnCo2Sb,14
MnCo2Si,14
MnCo2Sn,4
MnCo3,17
MnCo3C,2
MnCo5N4,1
MnCoAs,10
MnCoB,6
MnCoB2,5
MnCoCu4(SnS4)2,2
MnCoGe,9
MnCoN2,7
MnCoNiSn,1
MnCoP,13
MnCoP2,14
MnCoPt2,14
MnCoSb,32
MnCoSi,13
MnCoSi2,13
MnCoSn4,2
MnCoSnRh,1
MnCoTe,7
MnCr,56
MnCr(Ni2Sn)2,1
MnCr2O4,2
MnCr4CdS8,1
MnCr4CdSe8,1
MnCr4CoS8,1
MnCrB2,5
MnCrF5,3
MnCrInS4,1
MnCrN2,11
MnCrO4,7
MnCrP2,14
MnCrPt6,3
MnCrSb2,15
MnCrSi2,19
MnCu(AgO2)2,1
MnCu2GeS4,2
MnCu2GeTe4,1
MnCu2SiS4,2
MnCu2SiSe4,2
MnCu2SiTe4,1
MnCu2Sn,6
MnCu2Sn3S8,1
MnCu2SnS4,1
MnCu2SnSe4,1
MnCu2SnTe4,1
MnCu3,18
MnCu4Sn,1
MnCuF6,6
MnCuNiSn,1
MnCuO2,9
MnCuO3,6
MnCuPd2,5
MnCuPt2,16
MnCuPt6,2
MnCuSe4,3
MnF2,5
MnF3,23
MnF4,13
MnFe,35
MnFe2Ge,7
MnFe2O3,6
MnFe2Si,17
MnFe3,19
MnFe3(BiO3)4,1
MnFe3P2,3
MnFe3Si8,1
MnFe4,6
MnFe4B2P,1
MnFe4CuO8,1
MnFe4O5,3
MnFe4Si3,1
MnFe4SiB2,1
MnFeAs,11
MnFeB,5
MnFeCoGe,1
MnFeGe,7
MnFeNiO4,1
MnFeP,20
MnFeP2,26
MnFePd6,3
MnFePt2,17
MnFeSi2,17
MnFeSi4,2
MnFeSn4,2
MnGa,26
MnGa(CuSe2)2,2
MnGa2Ni9,1
MnGa4,2
MnGa6,1
MnGaCo2,5
MnGaFe2,7
MnGaFeCo,2
MnGaFeO4,1
MnGaGe,4
MnGaIr2,6
MnGaNi,4
MnGaNi2,8
MnGaO3,6
MnGaPd2,8
MnGaPt,5
MnGaPt2,6
MnGaRh2,4
MnGaRu2,5
MnGe,23
MnGe2,8
MnGeIr,6
MnGeO3,8
MnGePd,12
MnGePd2,7
MnGeRh,7
MnGeRh2,5
MnGeRu2,4
MnH4(BrO)2,1
MnH4(ClO)2,1
MnH6(NCl)2,1
MnHO2,13
MnHg2S3,1
MnHg2Te3,1
MnHg3S4,3
MnHg4S5,3
MnI2,15
MnIn2O4,1
MnInBr3,9
MnInCu2,13
MnInCu4,2
MnInCuTe3,1
MnInF3,4
MnInNi2,13
MnInPd2,5
MnInRh2,15
MnIr3,17
MnMoAs2,15
MnMoN2,14
MnMoO4,5
MnN,20
MnNb4(CS2)2,1
MnNbGe,9
MnNbO4,7
MnNbP,4
MnNbRu2,6
MnNbSi,5
MnNi,34
MnNi(BiO3)2,2
MnNi2Ge,5
MnNi2Sb,8
MnNi2Sn,5
MnNi3,19
MnNi3O4,3
MnNi7O8,1
MnNiAs,11
MnNiGe,8
MnNiN2,5
MnNiO2,9
MnNiO3,6
MnNiP,15
MnNiP2,16
MnNiSb,6
MnNiSb2,15
MnNiSe2,18
MnNiSnPd,1
MnNiSnRh,1
MnNiTe2,17
MnO,15
MnO2,31
MnOF,45
MnOs3,19
MnP,41
MnP2,40
MnP2O7,20
MnP4,14
MnPO4,25
MnPRh,10
MnPS3,4
MnPSe3,4
MnPb2WO6,3
MnPbO3,6
MnPd,19
MnPd2,8
MnPd2Au,12
MnPd3,9
MnPt,37
MnPt3,18
MnPtF6,3
MnRe(PbO3)2,3
MnRe3B2,1
MnReB2,4
MnReN2,5
MnRh,31
MnRh2Pb,10
MnRu,32
MnRu3,22
MnS,23
MnS2,17
MnSO4,5
MnSO5,1
MnSb,39
MnSb2F12,3
MnSbIr,8
MnSbO4,10
MnSbPd2,4
MnSbPt,7
MnSbRh,7
MnSbRh2,11
MnSbRu2,14
MnSbS2Br,2
MnSbS2Cl,3
MnSe,34
MnSi,36
MnSi(AgSe2)2,2
MnSi(AgTe2)2,2
MnSi2Ni,17
MnSi2Pd3,1
MnSiIr,7
MnSiNi,15
MnSiNi2,15
MnSiO3,15
MnSiRh,9
MnSiRh2,15
MnSiRu2,21
MnSn(BO3)2,1
MnSn2,9
MnSnAu,6
MnSnF6,7
MnSnO3,7
MnSnPd2,3
MnSnPt,4
MnSnRh2,4
MnSnRu2,4
MnSnTe2,4
MnTe,38
MnTe(PbO3)2,2
MnTe2,34
MnTeMoO6,2
MnTeO3,7
MnTl(VS2)4,2
MnTl2GeTe4,2
MnTl2SnTe4,2
MnTlCl3,8
MnTlCuSe2,3
MnTlF3,24
MnTlF4,5
MnTlI3,7
MnTlO3,6
MnTlRh2,13
MnV,15
MnV(Co2Si)2,1
MnV(Fe2Si)2,1
MnV(P2O7)2,1
MnV2Cr,3
MnV2Fe,5
MnV2Ga2Co3,2
MnV2O4,3
MnV2O6,5
MnV2Os,4
MnV2Ru,5
MnV3,10
MnV3O8,1
MnV4CrO12,1
MnV4CuO12,1
MnV4FeO12,1
MnV4NiO12,1
MnV4O12,2
MnV5O12,1
MnVAs2,5
MnVBiO5,2
MnVCuO4,1
MnVGa5,1
MnVGaCo,4
MnVO3,10
MnVO4,8
MnVP2,4
MnVRu2,5
MnWO4,6
MnZn,29
MnZn(CrS2)4,1
MnZn(FeO2)4,1
MnZn(GaSe2)4,3
MnZn(InS2)4,1
MnZn(SiO3)2,2
MnZn13,3
MnZn2IrO6,1
MnZn2N3,1
MnZn2WO6,2
MnZn3,24
MnZn3S4,4
MnZn4S5,3
MnZn4Se5,3
MnZnAu2,12
MnZnCdTe3,1
MnZnF4,4
MnZnF5,4
MnZnF6,6
MnZnIr2,16
MnZnN2,7
MnZnNi2,14
MnZnO3,7
MnZnPO5,1
MnZnPd2,7
MnZnPt2,19
MnZnRh2,13
MnZnS2,7
MnZnS4,1
MnZnSe2,22
MnZnSiO5,1
MnZnTe2,18
Mo,24
Mo(HO2)2,6
Mo(RhO3)2,2
Mo(WS3)2,3
Mo(WSe3)2,3
Mo2As3,5
Mo2As3P,1
Mo2AsP3,1
Mo2C,33
Mo2CN,5
Mo2HO6,5
Mo2N,5
Mo2O5,3
Mo2Rh,20
Mo2RuSe4,3
Mo2S3,1
Mo2SeS3,3
Mo2WS6,2
Mo2WSe6,3
Mo3Ir,19
Mo3Os,21
Mo3P,15
Mo3Pt,21
Mo3S3Br,1
Mo3S4,3
Mo3Se4,4
Mo3W(SeS3)2,5
Mo3WS8,1
Mo3WSe8,1
Mo5As4,2
Mo6IrRu,1
Mo6OsRu,1
Mo6PbS8,1
Mo6PbSe8,2
Mo8P5,1
MoAs,37
MoAs2,23
MoBr3,20
MoC,37
MoCl3,22
MoCl5,11
MoCl6,8
MoF3,9
MoF4,6
MoF5,7
MoF6,15
MoH4O5,8
MoHO3,4
MoIr,36
MoIr3,19
MoIrO6,1
MoN,24
MoNCl3,4
MoO2,16
MoO3,19
MoP2,23
MoP2O7,9
MoP4,3
MoPO5,8
MoPRh,10
MoPRu,23
MoPb2O5,2
MoPbO4,5
MoPd2,5
MoPd2Rh,4
MoPd3,9
MoPd4,5
MoPt,36
MoPt2,26
MoRh,31
MoRh3,20
MoRu,33
MoRu3,19
MoS2,15
MoSBr,3
MoSCl,3
MoSI,4
MoSe2,23
MoW,34
MoW3(SeS3)2,6
MoW3S8,1
MoW3Se8,1
MoWC2,15
MoWO6,6
MoWS4,7
MoWSe4,4
MoWSeS3,8
N2,33
N2O5,1
NClO3,6
NClOF4,1
NO2,21
NOF,3
Na,37
Na(AuO2)2,3
Na(CrS2)2,8
Na(Cu2Sb)2,1
Na(Cu3O4)2,1
Na(CuO)2,4
Na(CuS)4,1
Na(FeO2)2,4
Na(FeSb3)4,1
Na(GeAs)6,1
Na(GeP)3,2
Na(Mo3Se4)2,1
Na(MoSe)3,1
Na(Nb3S4)2,2
Na(Nb3Se4)2,2
Na(Nb3Te4)2,2
Na(NbS2)2,3
Na(NbSe2)2,5
Na(OsO3)2,3
Na(RuO2)4,1
Na(ScI3)2,4
Na(SnAs)2,6
Na(SnO2)2,2
Na(TeMo)3,1
Na(Ti3Se4)2,1
Na(V3S4)2,2
Na(VS2)2,4
Na(VSe2)2,5
Na(WO3)2,5
Na(WO3)3,2
Na12NbO7,1
Na2(CrSe2)3,1
Na2(NiO2)5,1
Na2(WO3)3,1
Na2AgAs,4
Na2AgF4,6
Na2AgSb,6
Na2AlFe(SiO3)4,1
Na2AsAu,5
Na2Au,9
Na2Be2O3,4
Na2BeB2O5,1
Na2BeH4,11
Na2BiAu,7
Na2BiO3,7
Na2BrClO6,1
Na2CN2,4
Na2CO3,9
Na2CS3,1
Na2Ca2(CO3)3,1
Na2Ca2Ta3O10,1
Na2Ca3Ta2O9,1
Na2Cd2O3,3
Na2CdCl4,8
Na2CdHg,7
Na2CdO3,1
Na2CdPb,9
Na2CdSn,10
Na2CdSnS4,3
Na2CeF6,5
Na2CeWO6,2
Na2CoSe2,5
Na2CrCl4,5
Na2CrF4,6
Na2CrH2F8,1
Na2CrO4,6
Na2Cu2Si4O11,1
Na2Cu2TeO6,2
Na2Cu3O4,1
Na2Cu4S3,1
Na2CuAs,5
Na2CuF4,13
Na2CuO2,9
Na2CuP,5
Na2CuPdF6,2
Na2Eu2Ti3O10,1
Na2EuGeSe4,1
Na2FeCl4,4
Na2FeO2,7
Na2FeO3,12
Na2FeO4,3
Na2Ga2Se3,2
Na2Gd2Ti3O10,1
Na2GeO3,3
Na2GeTeO6,4
Na2H2Pd,6
Na2H4Pd,8
Na2H4Pt,7
Na2H6Pt,2
Na2H6PtO6,1
Na2HF4,4
Na2Hf(HO)6,1
Na2HfN2,2
Na2HgAu,7
Na2HgO2,5
Na2HgPb,10
Na2IrO3,5
Na2La2Ti3O10,1
Na2LaCeTi4O12,1
Na2Li(NiO2)3,1
Na2LiAlF6,2
Na2LiAlH6,4
Na2LiAu3,2
Na2LiCrF6,2
Na2LiGaF6,2
Na2LiNiF6,2
Na2LiRhF6,2
Na2LiRuF6,2
Na2LiScF6,2
Na2LiTiF6,2
Na2Mg(CO3)2,1
Na2MgCl4,7
Na2MgGeO4,5
Na2MgH4(SO4)2,2
Na2MgPb,10
Na2MgSiO4,4
Na2MgSn,10
Na2Mn3Cl8,2
Na2Mn3Te4,1
Na2MnCl4,6
Na2MnN2,2
Na2MoO4,7
Na2NbF6,3
Na2Nd2Ti3O10,1
Na2Ni2O3,3
Na2Ni2O5,1
Na2Ni3O5,1
Na2Ni3P2(HO5)2,1
Na2NiH4(SeO5)2,3
Na2NiO2,6
Na2NiO3,3
Na2O,8
Na2O2,39
Na2PHO4,4
Na2PS3,3
Na2Pd(SeO4)2,1
Na2Pd3O4,1
Na2PdC2,1
Na2PdF4,5
Na2PdS2,4
Na2PdSe2,4
Na2PrO3,7
Na2PtC2,4
Na2PtO2,3
Na2PtS2,4
Na2PtSe2,6
Na2RuO3,5
Na2S,5
Na2SO3,3
Na2SO4,11
Na2SbAs,7
Na2SbAu,6
Na2ScIn(SiO3)4,1
Na2Se,4
Na2SeO4,3
Na2SiO3,6
Na2Sm2Ti3O10,1
Na2Sn(HO)6,1
Na2Sn2O3,1
Na2SnF6,6
Na2SnHg,11
Na2SnO2,3
Na2SnO3,6
Na2SnTeO6,3
Na2SrSn4,1
Na2TbO3,6
Na2TbWO6,2
Na2Te,4
Na2Ti2As2O,1
Na2Ti2O5,10
Na2Ti2Sb2O,1
Na2Ti3Cl8,2
Na2TiCl4,4
Na2TiGeO5,2
Na2TiNiO4,1
Na2TiSiO5,4
Na2TiTeO6,3
Na2TlBi,6
Na2TlHg,11
Na2TlSb,5
Na2V2O5,7
Na2VCu3S4,1
Na2VO3,6
Na2W4O13,1
Na2WO4,4
Na2YF6,3
Na2Zn2O3,3
Na2Zn2S3,4
Na2Zn3GeAs4,1
Na2Zn3S4,2
Na2Zn3Se4,1
Na2Zn3SiAs4,1
Na2ZnGe,5
Na2ZnGeO4,4
Na2ZnH4(SeO5)2,3
Na2ZnO2,9
Na2ZnS2,7
Na2ZnSe2,5
Na2ZnSiO4,6
Na2Zr(CuS2)2,1
Na2ZrN2,2
Na2ZrS3,4
Na2ZrSe3,3
Na3(CuO2)2,4
Na3(GePt)4,1
Na3(Mn2Te3)2,1
Na3(NiO2)2,3
Na3(WO3)4,2
Na3Ag,7
Na3Ag3W2(OF)6,1
Na3AgO2,4
Na3AgS2,2
Na3AlAs2,3
Na3AlF6,6
Na3AlH6,5
Na3AlP2,2
Na3As,6
Na3AsO4,4
Na3Au,9
Na3AuS2,2
Na3BS3,4
Na3Bi,9
Na3BiO4,2
Na3BrCl2,10
Na3BrO,2
Na3Ca,9
Na3Cd,10
Na3Cd2IrO6,1
Na3CeF7,1
Na3CoF6,3
Na3CrCl6,6
Na3CrF6,8
Na3Cu2SbO6,1
Na3CuF6,4
Na3CuO2,8
Na3DyBr6,3
Na3DyCl6,7
Na3DyTi2Nb2O12,3
Na3ErBr6,3
Na3ErCl6,9
Na3ErTi2Nb2O12,3
Na3Eu2(GeSe3)2,1
Na3Eu2(SiTe3)2,1
Na3EuTi2Nb2O12,2
Na3EuV2O8,1
Na3FeF6,5
Na3FeO4,5
Na3Ga,9
Na3GaF6,7
Na3GdBr6,2
Na3GdCl6,2
Na3GdI6,1
Na3GdTi2Nb2O12,2
Na3GdV2O8,1
Na3Ge,5
Na3HfF7,1
Na3HfF8,2
Na3Hg,17
Na3Hg2,9
Na3HoBr6,3
Na3HoCl6,7
Na3HoTi2Nb2O12,3
Na3In,8
Na3In(PO4)2,2
Na3InCl6,8
Na3InF6,7
Na3La(AsO4)2,2
Na3La2(BO3)3,1
Na3LaTi2Nb2O12,3
Na3LiV4O12,1
Na3LiWO5,1
Na3LuBr6,2
Na3LuCl6,3
Na3Mg,19
Na3MgP2HO8,1
Na3MnF6,3
Na3Mo(OF)3,1
Na3MoCl6,3
Na3MoNO3,1
Na3MoO4,2
Na3NO3,1
Na3Nb6O11,1
Na3Nd(AsO4)2,2
Na3NdTi2Nb2O12,3
Na3Ni2O5,1
Na3Ni2SbO6,1
Na3NiF6,5
Na3NiO3,3
Na3P,6
Na3PO4,7
Na3PS3O,1
Na3PS4,4
Na3PSO3,1
Na3PSe4,3
Na3Pd,6
Na3Pd5F12,2
Na3PrTi2Nb2O12,3
Na3Pt,17
Na3RhF6,6
Na3SO4F,3
Na3Sb,7
Na3SbO4,3
Na3SbS4,4
Na3SbSe4,2
Na3ScBr6,5
Na3ScCl6,8
Na3ScF6,8
Na3SmTi2Nb2O12,3
Na3SmV2O8,1
Na3Sn,6
Na3SrTa4O12,2
Na3TbBr6,5
Na3TbTi2Nb2O12,3
Na3TbV2O8,3
Na3Ti2P2O10F,1
Na3TiCl6,4
Na3TiF6,7
Na3TiFe3O8,1
Na3Tl,8
Na3Tl4,6
Na3TmBr6,4
Na3TmCl6,9
Na3TmTi2Nb2O12,3
Na3VF6,6
Na3VH6O7,1
Na3VO3,5
Na3VO4,4
Na3VSO3,1
Na3YBr6,9
Na3YCl6,8
Na3Yb,3
Na3Zn,8
Na3ZrF7,1
Na3ZrF8,2
Na4(NiO2)5,1
Na4AgCl5,5
Na4Al3FeO8,1
Na4AlFe3O8,1
Na4Br(ClO4)3,1
Na4CdP2,1
Na4CrO4,1
Na4Cu(AsO4)2,1
Na4CuO3,1
Na4Eu(GeSe3)2,1
Na4Eu(SiTe3)2,1
Na4FeO3,2
Na4FeO4,3
Na4FeO5,6
Na4Ge2PbS6,2
Na4GeO4,2
Na4H4PdPt,1
Na4H8PdPt,1
Na4HgP2,1
Na4I2O,2
Na4IrO4,4
Na4Mg(GeSe3)2,1
Na4Mg(SiSe3)2,1
Na4MgO3,1
Na4Ni3(SbO5)2,1
Na4NiO4,2
Na4PbO4,3
Na4PtO4,3
Na4ReN3,1
Na4SeS,2
Na4Si2PbSe6,2
Na4SiO4,3
Na4Sn(GeS3)2,2
Na4SnO3,2
Na4SnO4,2
Na4SnS4,5
Na4SnSe4,3
Na4Sr(SiO3)3,1
Na4TeSe,2
Na4Ti3O8,1
Na4TiO4,2
Na4TlAu,2
Na4VO4,3
Na4WO4,2
Na4WO5,5
Na4ZnSe3,1
Na5(CN2)3,1
Na5As4,1
Na5BiO5,1
Na5BrCl4,4
Na5Co2S5,1
Na5CrO4,3
Na5CuCO5,1
Na5CuO4,4
Na5CuSO2,1
Na5GaGe2,1
Na5GdO4,4
Na5Hf2F13,1
Na5IO6,1
Na5InO4,4
Na5InS4,2
Na5LaO4,4
Na5NiCO5,1
Na5OsN4,1
Na5OsO6,1
Na5ReO6,1
Na5SbO5,1
Na5Sn2,2
Na5Ti3O8,1
Na5VO4,3
Na5Zr2F13,2
Na6CdCl8,1
Na6FeCl8,1
Na6MgCl8,1
Na6MnCl8,1
Na6PbO5,2
Na6S2ClO8F,1
Na6S2O9,1
Na6ZnSn2,2
Na7Cu3O8,1
Na7NbO6,1
Na7SbO6,1
Na8SnO6,3
NaAg2,3
NaAg2Sn,7
NaAg3,6
NaAg3O2,2
NaAgF4,6
NaAgO,9
NaAgO2,12
NaAl(PS3)2,1
NaAl(SO4)2,3
NaAl(SiO3)2,2
NaAlAsO4F,1
NaAlF4,7
NaAlGe,37
NaAlH2CO5,1
NaAlH4,22
NaAlH8(NF3)2,1
NaAlO2,10
NaAlPO4F,1
NaAlSe2,30
NaAlSi,50
NaAlTe2,27
NaAs,19
NaAs4IO6,2
NaAsF6,7
NaAsS2,11
NaAu(IO3)4,2
NaAu2,4
NaAu3,6
NaAuF4,7
NaAuO2,12
NaAuSe2,9
NaBC,29
NaBF4,9
NaBH4,29
NaBPt3,5
NaBe2Tl3F8,1
NaBeAs,4
NaBeSb,4
NaBi,16
NaBi(MoO4)2,3
NaBi(WO4)2,4
NaBi3,6
NaBi3(BrO2)2,2
NaBi3(ClO2)2,1
NaBi3(IO2)2,2
NaBiF6,5
NaBiO2,10
NaBiO3,6
NaBiPd2,7
NaBiS2,12
NaBiSe2,10
NaBiTe2,8
NaBr,20
NaBrF4,3
NaCNO,2
NaCO2,8
NaCO3,5
NaCSN,1
NaCa2IO6,2
NaCa2In,6
NaCa2Ta3O10,2
NaCa2Tl,6
NaCa3,6
NaCaAs,6
NaCaAsO4,4
NaCaAu2,6
NaCaCeBiO6,2
NaCaFe2(SiO3)4,2
NaCaH3,8
NaCaH6Ir,1
NaCaLaF6,1
NaCaMg14,2
NaCaMgAl(SiO3)4,3
NaCaPb2,5
NaCaScZn(SiO3)4,2
NaCaSiHO4,1
NaCaSiO4,1
NaCaTaTiO6,2
NaCaTl2,5
NaCaVO4,4
NaCaYCdF8,1
NaCaZrNbO6,3
NaCaZrSbO6,2
NaCd2Ag,9
NaCd2Au,8
NaCd2In,9
NaCd2Pd,9
NaCd2Pt,7
NaCd2Rh,8
NaCd3,7
NaCd4As3,2
NaCdAs,9
NaCdBi,8
NaCdF3,11
NaCdHg2,6
NaCdO2,7
NaCdPd2,6
NaCdSb,10
NaCe(CO3)2,3
NaCe(MoO4)2,2
NaCe2Se3,4
NaCe5S8,1
NaCeAgTe4,1
NaCeAu2,5
NaCeCuTe4,1
NaCeHg2,4
NaCeMg14,2
NaCeO2,4
NaCeS2,9
NaCeSe2,8
NaCeTl2,4
NaCl,23
NaCl3,8
NaCl7,2
NaClO3,14
NaClO4,5
NaCoF3,6
NaCr(GeO3)2,1
NaCr(PS3)2,2
NaCr(SO4)2,3
NaCr(SiO3)2,1
NaCr2FeO8,2
NaCr2In(H2O5)2,1
NaCr2O4,5
NaCr4O8,1
NaCr5Se8,1
NaCrF6,6
NaCrH8(NF3)2,1
NaCrN2,5
NaCrO2,13
NaCrS2,12
NaCrSe2,9
NaCu2(SO5)2,1
NaCu2(SeO5)2,1
NaCu2H3(SO5)2,2
NaCu2H3O10,1
NaCu2O3,4
NaCu3(RuO3)4,1
NaCu3O2,4
NaCu3O4,4
NaCu3Te2,2
NaCuF3,7
NaCuO,8
NaCuO2,17
NaCuSO4F,2
NaCuSe,7
NaCuTe,7
NaDy(Pd3O4)2,1
NaDy(WO4)2,4
NaDyCl4,4
NaDyO2,5
NaDyS2,6
NaDySe2,8
NaDyTi2O6,5
NaDyTl2,5
NaEr(MoO4)2,4
NaEr(PS3)2,1
NaEr(Pd3O4)2,1
NaErCl4,6
NaErCu2F8,2
NaErF4,4
NaErO2,4
NaErPO4F,1
NaErS2,6
NaErSe2,7
NaErTi2O6,4
NaErTl2,5
NaEu(MoO4)2,2
NaEu(WO3)2,1
NaEu2Tl,4
NaEuAsS4,1
NaEuAu2,3
NaEuCu2F8,1
NaEuDyWO6,3
NaEuF4,4
NaEuHf2O6,1
NaEuHfNbO6,1
NaEuHfSbO6,1
NaEuHfWO6,1
NaEuHg2,4
NaEuNb2O6,1
NaEuNbSnO6,1
NaEuO2,5
NaEuS2,7
NaEuSe2,5
NaEuTi2O6,1
NaEuTl2,3
NaEuZr2O6,2
NaEuZrSbO6,1
NaF,13
NaFe2(SiO3)4,1
NaFe2Mo2H3O10,1
NaFe5O8,2
NaFeAs,2
NaFeCuS2,1
NaFeCuSe2,1
NaFeF3,6
NaFeH8(NF3)2,1
NaFeN,10
NaFeO2,16
NaFeO3,2
NaGa(GeO3)2,2
NaGa(SO4)2,2
NaGa(SiO3)2,2
NaGa4,2
NaGaH4,20
NaGaH8(NF3)2,1
NaGaO2,10
NaGaTe2,36
NaGdCl4,1
NaGdCu2F8,1
NaGdF4,3
NaGdO2,2
NaGdS2,4
NaGdSe2,3
NaGdTi2O6,1
NaGdTiO4,2
NaGdTl2,4
NaGe2N3,3
NaGeAu,9
NaGeN,3
NaGeSbO5,2
NaH,59
NaH2(SO2)2,1
NaH2Pd3,4
NaH3SO5,1
NaH4IO2,1
NaHCN2,2
NaHCO2,1
NaHF2,14
NaHO,35
NaHS,8
NaHSeO4,3
NaHf2CuSe5,1
NaHf2TiF11,1
NaHf2VF11,1
NaHf6(NCl)6,1
NaHfMg14,2
NaHg,23
NaHg2,11
NaHg2IO2,2
NaHg3,9
NaHgCl3,7
NaHgPO4,3
NaHgPd2,5
NaHo(Pd3O4)2,1
NaHo2F7,3
NaHoCl4,7
NaHoF4,2
NaHoO2,4
NaHoS2,6
NaHoSe2,6
NaHoTi2O6,4
NaHoTl2,5
NaI,18
NaI(OF)2,2
NaIn,20
NaIn(MoSe)6,1
NaIn(SiO3)2,2
NaIn2Au,7
NaIn3,12
NaInAg2,6
NaInH8(NF3)2,1
NaInHg2,5
NaInO2,11
NaInPd2,7
NaInS2,28
NaInSe2,27
NaInSn2,8
NaInTe2,34
NaIrO3,7
NaLa(CO3)2,3
NaLa(WO4)2,4
NaLa2IrO6,1
NaLa2OsO6,1
NaLa2RuO6,1
NaLa2Se3,4
NaLa2TaO6,2
NaLa2TaTi2O10,1
NaLa6OsI12,1
NaLaAgTe4,1
NaLaAu2,6
NaLaCuTe4,1
NaLaF4,5
NaLaHfTiO6,1
NaLaHg2,6
NaLaMg14,2
NaLaMgTeO6,2
NaLaMgWO6,1
NaLaNb2O7,1
NaLaNb4O12,1
NaLaO2,8
NaLaS2,9
NaLaScNbO6,1
NaLaScSbO6,1
NaLaSe2,9
NaLaTa2O7,1
NaLaTi2O6,7
NaLaTiO4,2
NaLaTl2,5
NaLaZr2O6,3
NaLi(AsS2)2,2
NaLi(WO3)4,1
NaLi2AsO4,2
NaLi2Bi,6
NaLi2Pb,6
NaLi2Sb,4
NaLi2Sn,6
NaLi3,10
NaLi3(H2N)4,1
NaLi3V4O12,1
NaLi5N2,3
NaLi5Sn4,2
NaLiCO3,8
NaLiCdS2,3
NaLiFe2(SiO3)4,1
NaLiGa2(SiO3)4,1
NaLiLa2Ti4O12,2
NaLiMg14,2
NaLiMg6,2
NaLiMnS2,1
NaLiO,5
NaLiS,5
NaLiSe,8
NaLiTe,8
NaLiV(OF)2,1
NaLiV2O6,3
NaLiZnS2,3
NaLu(Pd3O4)2,1
NaLuO2,3
NaLuS2,3
NaLuTi2O6,1
NaMg14Al,2
NaMg14Bi,2
NaMg14Cd,2
NaMg14Cu,2
NaMg14Ga,2
NaMg14Sb,2
NaMg14Si,2
NaMg14Sn,2
NaMg14Zn,2
NaMg14Zr,2
NaMg15,1
NaMg6Al,2
NaMg6Cd,2
NaMg6FeO8,2
NaMg6Ga,2
NaMg6GaO8,2
NaMg6Sn,2
NaMg6TiO8,2
NaMg6Zn,2
NaMg7,2
NaMgAs,7
NaMgBO3,2
NaMgF3,6
NaMgH3,20
NaMgHg2,6
NaMgPb2,5
NaMgSO4F,1
NaMgSb,6
NaMgTl2,6
NaMn2Mo2H3O10,2
NaMn4O8,4
NaMn7O12,1
NaMnAs,2
NaMnCl3,7
NaMnCu3Se4,1
NaMnCuSe2,2
NaMnF3,7
NaMnF4,9
NaMnIO6,2
NaMnN,6
NaMnP,1
NaMnSb,2
NaMo3Se4,1
NaMoF6,5
NaMoO2,8
NaMoO3,5
NaMoO3F,1
NaN3,10
NaNO2,9
NaNO3,8
NaNb(CuS2)2,2
NaNbN2,7
NaNbO2,11
NaNbO3,14
NaNbS2,13
NaNbS6,2
NaNbSe2,11
NaNbWO6,2
NaNd(CO3)2,3
NaNd(MoO4)2,5
NaNd(WO4)2,5
NaNd2IrO6,1
NaNd2OsO6,1
NaNd2Se3,5
NaNd3Ti3MnO12,2
NaNdAu2,5
NaNdF4,5
NaNdFeWO6,1
NaNdHg2,4
NaNdMgWO6,1
NaNdNb4O12,2
NaNdO2,4
NaNdS2,6
NaNdSe2,6
NaNdTi2O6,7
NaNdTiO4,2
NaNdTl2,5
NaNi2H3(SO5)2,3
NaNi2Mo2H3O10,1
NaNi2O3,4
NaNi3O4,2
NaNi5O6,2
NaNiF3,8
NaNiIO6,1
NaNiO2,16
NaNiPO4,4
NaO2,12
NaO3,4
NaOsO3,30
NaP,19
NaPF6,5
NaPH3NO3,1
NaPN2,5
NaPPdS4,3
NaPS3,5
NaPb2IO6,2
NaPb3,10
NaPd2Pb,6
NaPd3O4,1
NaPr(CO3)2,3
NaPr2Cl6,4
NaPr2IrO6,1
NaPr2OsO6,1
NaPr2RuO6,1
NaPr2Se3,4
NaPr3Mn4O12,1
NaPrAu2,5
NaPrEuWO6,3
NaPrF4,5
NaPrHg2,5
NaPrNb4O12,1
NaPrO2,3
NaPrS2,5
NaPrSe2,4
NaPrTe2,8
NaPrTiO4,2
NaPrTl2,4
NaPt2,24
NaPt3O4,2
NaReO3,4
NaReO4,8
NaRh(SO4)2,2
NaRhO2,9
NaRuN,3
NaRuO2,9
NaRuO3,6
NaS,23
NaSO3F,3
NaSb,19
NaSb(PS3)2,2
NaSbCl6,4
NaSbO3,10
NaSbS2,11
NaSbSe2,12
NaSbTe2,9
NaSbWO6,2
NaSc(GeO3)2,1
NaSc(SiO3)2,1
NaScAs2O7,3
NaScO2,10
NaScS2,26
NaScTl2F6,1
NaSe,23
NaSi,23
NaSi2N3,2
NaSi2Pd3,4
NaSm(CO3)2,3
NaSm2IrO6,1
NaSm2Se3,5
NaSmAu2,5
NaSmCu2F8,2
NaSmF4,7
NaSmHg2,4
NaSmO2,4
NaSmS2,6
NaSmSe2,7
NaSmTe2,8
NaSmTiO4,2
NaSmTl2,5
NaSn2Pd3,2
NaSn3,11
NaSn5,7
NaSnAu,8
NaSnN,3
NaSnO,4
NaSnP,4
NaSnPd2,4
NaSnS2,11
NaSnSb,8
NaSr2(FeAs)6,1
NaSr2(SnAs)6,1
NaSr2IO6,3
NaSr2In,6
NaSr2LaTi4O12,3
NaSr2NdTi4O12,2
NaSr2OsO6,2
NaSr2ReO6,3
NaSr2Ta3O9,1
NaSr2Tl,6
NaSr3,10
NaSr4(BN2)3,1
NaSrAs,5
NaSrAu2,5
NaSrCeSbO6,1
NaSrDyWO6,1
NaSrEuWO6,2
NaSrHg2,5
NaSrInWO6,1
NaSrMg14,2
NaSrNb2O6,6
NaSrNbSnO6,1
NaSrP,8
NaSrSmWO6,2
NaSrTl2,6
NaSrYWO6,2
NaSrZrBiO6,1
NaSrZrSbO6,2
NaSrZrWO6,1
NaTa3N5,1
NaTaGeO5,2
NaTaN2,6
NaTaO3,29
NaTaWO6,2
NaTb(Pd3O4)2,1
NaTbCl4,7
NaTbEuWO6,1
NaTbO2,5
NaTbS2,6
NaTbSe2,7
NaTbTl2,5
NaTeAu,7
NaTeH6O6F,1
NaTi(SiO3)2,1
NaTi2BiO6,4
NaTi2O3,2
NaTi2O4,7
NaTi3AlO8,1
NaTi3FeO8,1
NaTi3Nb(CuO4)3,1
NaTi4(CuO4)3,1
NaTi5Se8,1
NaTi6O12,3
NaTiCu3Se4,1
NaTiO2,13
NaTiO3,32
NaTiS2,12
NaTiVS4,1
NaTl,32
NaTl2Bi,6
NaTl2Cd,6
NaTl2GaF6,2
NaTl2In,8
NaTl2InF6,3
NaTl2MoF6,2
NaTl2Pb,9
NaTl2Pd,8
NaTl2RhF6,2
NaTl2Sb,7
NaTl2Sn,7
NaTl3,12
NaTl3F6,2
NaTl3S2,2
NaTlHg2,8
NaTlO,5
NaTlO2,11
NaTlPd2,7
NaTlSe2,31
NaTm(Pd3O4)2,1
NaTmCl4,5
NaTmO2,5
NaTmS2,7
NaTmTi2O6,4
NaTmTl2,5
NaV(OF)2,2
NaV2Bi3O10,2
NaV2O4,6
NaV2O4F,1
NaV2O5,5
NaV3(SO7)2,1
NaV3O6,2
NaV4(CuO4)3,1
NaV4Cd3O12,1
NaV4O10,3
NaV5O10,1
NaVCdO4,5
NaVCu3Se4,1
NaVF3,5
NaVH8(NF3)2,2
NaVMoO6,2
NaVN2,6
NaVO2,11
NaVO3,13
NaVS2,10
NaVSe2,9
NaWO3,7
NaY(MoO4)2,6
NaY(Pd3O4)2,1
NaY2F7,1
NaYCl4,7
NaYF4,8
NaYMg14,3
NaYMg6O8,2
NaYO2,9
NaYPO4F,1
NaYS2,12
NaYSe2,11
NaYTi2(SiO5)2,1
NaYTi2O6,4
NaYTl2,6
NaYZrS4,1
NaYb(Pd3O4)2,1
NaYb3,2
NaYbAu2,2
NaYbF4,3
NaYbPb2,2
NaZn4As3,2
NaZnAs,7
NaZnBi,8
NaZnF3,9
NaZnN,6
NaZnP,6
NaZnSO4F,1
NaZnSb,7
NaZr2AgF11,2
NaZr2CoF11,1
NaZr2FeF11,1
NaZr2MnF11,1
NaZr2NiF11,1
NaZr2PdF11,1
NaZr2TiF11,1
NaZr2VF11,1
NaZr2ZnF11,1
NaZrCu3Se4,1
NaZrCuS3,4
Nb,23
Nb(BMo)2,2
Nb(Cu3O4)2,1
Nb(FeGe)6,2
Nb(GaNi4)3,1
Nb(SBr)2,2
Nb(SCl)2,2
Nb(ZnGa)3,1
Nb10(AlSi)3,1
Nb10(SiB)3,1
Nb10(SnGe)3,1
Nb10C7,1
Nb10Ge6C,1
Nb10Ge7,3
Nb12Al3Ga,1
Nb12Al3Ge,1
Nb12Al3In,1
Nb12Ga3Ge,1
Nb12InSn3,1
Nb12IrAu3,1
Nb12Sn3Sb,1
Nb2(AlGa)3,3
Nb2(CrSi)3,1
Nb2AgS4,1
Nb2Al3Ir,2
Nb2AlB6,2
Nb2AlC,5
Nb2AsC,5
Nb2B2Mo,2
Nb2B2Os,3
Nb2B3,2
Nb2BS,2
Nb2Bi2PbO9,2
Nb2Bi3Pb2ClO11,1
Nb2Br5,2
Nb2C,5
Nb2CN,6
Nb2CS,5
Nb2CS2,4
Nb2Co3Ge,2
Nb2Co3Si,2
Nb2CrB2,1
Nb2CrOs,6
Nb2CrRu,5
Nb2CrSe4,3
Nb2CuCS2,1
Nb2CuS4,6
Nb2CuSe4,1
Nb2CuTe4,3
Nb2FeB2,3
Nb2FeCo3,4
Nb2FeS4,5
Nb2GaC,5
Nb2GaCo3,3
Nb2GaNi3,4
Nb2GeC,5
Nb2InC,5
Nb2MoOs,5
Nb2MoRu,5
Nb2N,5
Nb2N3,5
Nb2Ni3Ge,2
Nb2NiO6,6
Nb2O2F3,1
Nb2O3,5
Nb2O3F2,1
Nb2O5,15
Nb2PC,5
Nb2Pd,7
Nb2PdS5,2
Nb2PdS6,2
Nb2ReRu,5
Nb2RuW,4
Nb2SbO6,1
Nb2Se,4
Nb2Se3,8
Nb2SiNi3,2
Nb2SiTe4,6
Nb2SnC,5
Nb2SnO6,2
Nb2Tl5S4Br9,1
Nb2Tl5S4Cl9,1
Nb2VFeSe10,1
Nb2VSe4,3
Nb2Zn(PbO3)3,1
Nb2ZnN4,1
Nb3(IrSe5)2,1
Nb3Ag2TeS6,1
Nb3Al,8
Nb3Al2Mo3,1
Nb3AlC2,1
Nb3AlCo8,1
Nb3AlCr8,2
Nb3AlFe8,2
Nb3AlSnMo3,1
Nb3AlV3Sn,1
Nb3Au,7
Nb3Au2,3
Nb3B2,1
Nb3B2Ru5,1
Nb3B3C,1
Nb3B4,1
Nb3Bi,4
Nb3Co5B2,1
Nb3CoS6,2
Nb3CoSe6,2
Nb3CrS6,3
Nb3CrSe6,3
Nb3Fe,7
Nb3FeS6,2
Nb3FeSe10,1
Nb3FeSe6,2
Nb3Ga,9
Nb3Ga2,2
Nb3Ge,8
Nb3GeS6,1
Nb3In,8
Nb3Ir,4
Nb3IrS8,2
Nb3IrSe8,2
Nb3MoSe8,1
Nb3N5,2
Nb3NiS6,3
Nb3NiSe6,2
Nb3O7F,3
Nb3Os,6
Nb3P,6
Nb3Pb2(O2F)4,1
Nb3Pb2O7F5,1
Nb3PbS6,1
Nb3Pd,9
Nb3Pt,6
Nb3Rh,5
Nb3RhSe6,2
Nb3Ru,6
Nb3S4,3
Nb3S5,2
Nb3SBr7,2
Nb3Sb,3
Nb3Sb2Te5,1
Nb3Sb3O13,1
Nb3Se4,4
Nb3Si,9
Nb3Si2,1
Nb3SiSnMo3,1
Nb3Sn,8
Nb3SnGeMo3,1
Nb3SnH,33
Nb3SnH2,3
Nb3SnS6,2
Nb3Te,2
Nb3Te4,3
Nb3TeI7,3
Nb3V3Ge2,1
Nb3V3Ir2,1
Nb3V5(B2Ir)4,1
Nb3VS6,2
Nb3VSe6,2
Nb3WS8,1
Nb3WSe8,2
Nb3ZnAu,4
Nb4AgS8,3
Nb4Al,3
Nb4AlC3,1
Nb4B3C2,1
Nb4C3,5
Nb4Co(CS2)2,1
Nb4Co2PdSe12,1
Nb4CoP,2
Nb4CoPt3,1
Nb4CoSi,2
Nb4Cr(CS2)2,1
Nb4CrSi3,1
Nb4Cu(CS2)2,1
Nb4CuSe8,1
Nb4CuSi,1
Nb4Fe(CS2)2,1
Nb4Fe3Si5,2
Nb4FeP,2
Nb4FeS8,2
Nb4FeSi,2
Nb4GaS8,1
Nb4GaSe8,2
Nb4GeSe8,1
Nb4H3S8,1
Nb4IrSe10,1
Nb4N3,3
Nb4N5,1
Nb4Ni(CS2)2,1
Nb4NiP,2
Nb4Pb3O13,2
Nb4Pd,3
Nb4Rh,5
Nb4SiC3,1
Nb4SiNi,2
Nb5(AsPd)4,1
Nb5(CuSi)4,1
Nb5(NiP)4,1
Nb5(PPd)4,1
Nb5B6,1
Nb5Cr(B2Ru5)2,1
Nb5Ga13,1
Nb5Ga3,4
Nb5Ga4,2
Nb5GaSn2,1
Nb5Ge3,4
Nb5Ge3B,1
Nb5Ir7,1
Nb5Ni(B2Ru5)2,1
Nb5PbSe8,1
Nb5Pt3O,1
Nb5Sb4,2
Nb5Se4,1
Nb5Si3,3
Nb5Si3B,1
Nb5Si3N,1
Nb5Si3P,1
Nb5Si6Mo5,1
Nb5SiB2,1
Nb5SiSn2,1
Nb5SnSe8,1
Nb5Te4,1
Nb6AgSe8,1
Nb6AlGa,1
Nb6AlGe,1
Nb6AlSb,1
Nb6AlSi,1
Nb6AlSn,2
Nb6BiS8,1
Nb6BiSe8,1
Nb6BiTe8,1
Nb6C5,3
Nb6CdS8,2
Nb6CdSe8,1
Nb6Co7,2
Nb6Cr7,1
Nb6Fe7,1
Nb6GaGe,1
Nb6GaSb,1
Nb6GaSi,1
Nb6GaSn,3
Nb6GePt,1
Nb6InSe8,1
Nb6Ni7,1
Nb6OsAu,1
Nb6PbS8,2
Nb6PdPt,2
Nb6PdRh,2
Nb6PtAu,1
Nb6RuRh,2
Nb6SiGe,2
Nb6SiSn,1
Nb6SnGe,1
Nb6SnS8,2
Nb6SnSe8,1
Nb6SnTe8,1
Nb6TlS8,2
Nb6TlSe8,1
Nb6TlTe8,2
Nb6V2(CS2)3,1
Nb6Zn7,1
Nb6ZnS8,1
Nb6ZnTe8,2
Nb7(B2C)3,1
Nb7(BC)4,1
Nb7Co6,1
Nb7Ni6,1
Nb7S8,1
Nb8Co2Sb4Pd,1
Nb8Si2Sb4Pd,1
NbAg7S6,2
NbAgF6,11
NbAgO3,9
NbAl2Ni9,1
NbAl3,9
NbAl6Mo,1
NbAlBr8,1
NbAlCl8,1
NbAlCo,7
NbAlCo2,5
NbAlCr,2
NbAlCu,7
NbAlFe,7
NbAlFe2,4
NbAlFe4,2
NbAlNi,6
NbAlNi2,5
NbAlO4,9
NbAlOs2,4
NbAlRu2,4
NbAlVC,1
NbAlZn,9
NbAs,21
NbAs2,5
NbAu2,7
NbAu4,5
NbB,16
NbB2,3
NbB2W,5
NbB4Mo3,2
NbBO4,3
NbBRu,3
NbBiO4,13
NbBr4,5
NbBr5,4
NbC,16
NbCl4,7
NbCo2,5
NbCo3,8
NbCoAs,7
NbCoB2,3
NbCoGe,6
NbCoP,8
NbCoSb,4
NbCoSi,6
NbCoSn,6
NbCoTe2,7
NbCr2,6
NbCr3(AgS4)2,20
NbCr3(CuS4)2,21
NbCrF6,1
NbCrFe,5
NbCrGa,5
NbCrGe,7
NbCrN,4
NbCrNi,2
NbCrO4,10
NbCrP,4
NbCrS5,1
NbCrSe5,1
NbCrSi,15
NbCu3S4,2
NbCu3Se4,2
NbCu3Te4,1
NbCuO3,7
NbCuO3F,1
NbCuSe2,7
NbCuTe2,7
NbF4,4
NbFe(PbO3)2,2
NbFe2,5
NbFe3,8
NbFeB,17
NbFeF6,3
NbFeGe,7
NbFeNi(O2F)2,1
NbFeO4,10
NbFeP,4
NbFeRu2,6
NbFeSb,1
NbFeSe5,1
NbFeSi,8
NbFeTe2,6
NbGa(PbO3)2,2
NbGa3,5
NbGaCo2,8
NbGaCu,9
NbGaFe2,5
NbGaNi2,6
NbGaO4,5
NbGaOs2,5
NbGaRu2,5
NbGe2,8
NbGeAs,12
NbGeIr,9
NbGePt,7
NbGeRh,8
NbGeRu2,6
NbGeSb,12
NbH,24
NbH2,125
NbHO3,6
NbHg3F6,1
NbI3,8
NbI4,6
NbI5,4
NbIO2,5
NbIn(PbO3)2,2
NbInNi,5
NbInO4,5
NbInRu2,4
NbInS2,10
NbInSe2,11
NbIr,22
NbIr3,8
NbMo,20
NbMoO4,3
NbMoS3,5
NbMoS4,3
NbMoSe3,5
NbMoSe4,3
NbMoW,15
NbN,24
NbNO,8
NbNi2,7
NbNi2Sn,6
NbNi3,10
NbNi3P2,1
NbNi6Mo,1
NbNiAs,7
NbNiAs2,5
NbNiB,17
NbNiB2,4
NbNiGe,12
NbNiP,6
NbNiP2,6
NbNiTe2,7
NbNiTe5,1
NbO,20
NbO2,21
NbO2F,17
NbOF3,11
NbOs3,6
NbP,18
NbP2,5
NbPHO5,3
NbPO5,7
NbPRh,5
NbPRu,4
NbPS,3
NbPSe,2
NbPbS2,7
NbPd2,6
NbPd3,8
NbPt,23
NbPt2,6
NbPt3,8
NbReSi,4
NbRh,22
NbRh3,7
NbRhO4,4
NbRu,21
NbRu3,6
NbS,25
NbS2,21
NbS3,5
NbSBr,4
NbSb2,5
NbSbRu,2
NbSe2,20
NbSe4,4
NbSeBr3,4
NbSeCl3,5
NbSeI3,4
NbSi2,6
NbSi4Mo,2
NbSiAs,1
NbSiGe,3
NbSiNi,17
NbSiPd,5
NbSiPt,6
NbSiRh,6
NbSiRu,7
NbSiRu2,5
NbSn2,14
NbSnRu2,5
NbSnS2,8
NbSnSb,5
NbTe2,8
NbTe4,5
NbTeBr3,4
NbTeI3,3
NbTl3S4,2
NbTl3Se4,2
NbTlCl6,5
NbTlTeO6,3
NbTlWO6,4
NbV(Cu3Se4)2,3
NbV3O10,1
NbV3O8,2
NbVB4,5
NbVCo,7
NbVCr,12
NbVF6,2
NbVH4,3
NbVNi,12
NbVO4,10
NbVO5,3
NbVP,18
NbVSi4,2
NbW,22
NbW3S8,1
NbWSe4,3
NbZn2N3,1
NbZn3,7
NbZnCo2,4
NbZnRh2,7
NbZnRu2,5
Nd,19
Nd(AgGe)2,2
Nd(Al2Cr)4,1
Nd(Al2Cu)4,1
Nd(Al2Fe)4,1
Nd(AlAu)2,2
Nd(AlGa)2,3
Nd(AlGe)2,3
Nd(AlSi)2,2
Nd(As3Os)4,1
Nd(AsPd)2,2
Nd(AsRh)2,2
Nd(BC)2,4
Nd(BIr)2,2
Nd(BIr)4,2
Nd(BO2)3,2
Nd(BOs)2,2
Nd(BOs)4,1
Nd(BRh)4,2
Nd(BRu)2,3
Nd(BrO2)3,1
Nd(Co2B)6,2
Nd(Co5Mo)2,1
Nd(CoAs)2,2
Nd(CoB)2,2
Nd(CoB)4,3
Nd(CoGe)2,3
Nd(CoP)2,3
Nd(CoP3)4,1
Nd(CoSi)2,1
Nd(CrB3)2,1
Nd(CrFe5)2,1
Nd(CuGe)2,2
Nd(CuO2)2,3
Nd(CuSi)2,2
Nd(ErS2)3,1
Nd(Fe2B)6,1
Nd(Fe5Mo)2,1
Nd(Fe5Re)2,1
Nd(Fe5Si)2,2
Nd(Fe5W)2,1
Nd(FeAs3)4,1
Nd(FeB)4,2
Nd(FeGe)2,2
Nd(FeP3)4,1
Nd(FeSb3)4,1
Nd(FeSi)2,2
Nd(Ga2Fe)4,1
Nd(GaCu)2,2
Nd(GaFe)6,1
Nd(Ge3Pt)4,1
Nd(GeAu)2,2
Nd(GeIr)2,2
Nd(GePd)2,2
Nd(GePt)2,3
Nd(GeRh)2,2
Nd(GeRu)2,1
Nd(HO)3,3
Nd(HoS2)3,1
Nd(InCu)6,1
Nd(LuS2)3,1
Nd(MnAl2)4,1
Nd(MnCo2)4,1
Nd(MnFe5)2,1
Nd(MnGe)2,1
Nd(MnGe)6,4
Nd(MnSi)2,1
Nd(Mo3S4)2,1
Nd(Mo3Se4)2,1
Nd(Ni2Sn)2,2
Nd(NiAs)2,2
Nd(NiBi)2,1
Nd(NiGe)2,2
Nd(NiP)2,3
Nd(NiSb)2,2
Nd(NiSn)2,2
Nd(P3Os)4,1
Nd(P3Ru)4,1
Nd(PPd)2,2
Nd(PPt)2,3
Nd(PRh)2,5
Nd(PRu)2,1
Nd(PdO2)2,2
Nd(Sb3Os)4,1
Nd(Sb3Ru)4,1
Nd(SiAg)2,1
Nd(SiAu)2,2
Nd(SiIr)2,3
Nd(SiNi)2,2
Nd(SiOs)2,1
Nd(SiPd)2,3
Nd(SiPt)2,3
Nd(SiRh)2,3
Nd(SiRu)2,1
Nd(SmSb)3,3
Nd(Sn3Ru2)2,1
Nd(TiCo5)2,1
Nd(TmS2)3,1
Nd(VFe5)2,1
Nd(YS2)3,1
Nd(ZnAs)3,2
Nd(ZnGa)2,3
Nd(ZnP)3,3
Nd(ZnSi)2,1
Nd10(SiGe)3,1
Nd12Co6Pb,1
Nd12Co6Sn,1
Nd12InCo6,1
Nd12InNi6,1
Nd12Ni6Pb,1
Nd12Ni6Sn,1
Nd2(CoCu)5,1
Nd2(CoNi)5,2
Nd2(InSn)3,2
Nd2(Zn2Ge)3,1
Nd2AgHg,4
Nd2AgIr,7
Nd2AgRu,4
Nd2Al,6
Nd2Al2Fe15,1
Nd2Al3Ga,5
Nd2Al3Ge,3
Nd2Al3Ge4,1
Nd2AlCo2,3
Nd2AlGe6,1
Nd2AlNi2,3
Nd2Au,3
Nd2BC,2
Nd2Bi,3
Nd2BiN,4
Nd2BiO2,1
Nd2C(NO)2,1
Nd2C3,1
Nd2CO5,1
Nd2CdAg,4
Nd2CdAu2,2
Nd2CdCu2,4
Nd2CdGe2,1
Nd2CdHg,4
Nd2CdIn,5
Nd2CdNi2,3
Nd2CdPd2,3
Nd2CdRh2,4
Nd2CdS4,2
Nd2CdSb4,1
Nd2CdSe4,1
Nd2Co17,2
Nd2Co2I,3
Nd2Co2SiC,1
Nd2Co3,2
Nd2Co3Ge5,1
Nd2Co7,2
Nd2CoSb4,1
Nd2CoSn4,1
Nd2Cu2O5,3
Nd2CuGe6,1
Nd2CuIr,6
Nd2CuO4,3
Nd2CuRu,4
Nd2CuSi3Rh2,2
Nd2CuTe4,2
Nd2EuS4,1
Nd2EuSe4,1
Nd2Fe15Co2,2
Nd2Fe17,1
Nd2Fe17C,1
Nd2Fe2Si2C,1
Nd2Fe3CoSi4,1
Nd2Fe4Co13,1
Nd2FeCo3Si4,1
Nd2FeGe4,1
Nd2FeNiO6,2
Nd2FeSb4,1
Nd2FeSi2Ru,2
Nd2Ga2Co15,1
Nd2Ga3Cu,4
Nd2Ga5Cu3,3
Nd2Ga7Pd,1
Nd2GaAg,4
Nd2GaCo2,3
Nd2GaNi2,4
Nd2Ge2Ru,1
Nd2Ge3Ir,2
Nd2Ge3Pd,2
Nd2Ge3Pt,2
Nd2Ge3Rh,2
Nd2Ge5Ir3,1
Nd2Ge5Rh3,1
Nd2Ge6Pd,1
Nd2H5,4
Nd2HgO4,1
Nd2HgPb,3
Nd2In,7
Nd2In3Cu,4
Nd2In3Ni,2
Nd2In8Co,1
Nd2In8Pd,1
Nd2InAg,4
Nd2InAu2,1
Nd2InGe2,1
Nd2InHg,5
Nd2InNi2,3
Nd2InPd2,4
Nd2InRh2,4
Nd2Ir7,1
Nd2IrAu,6
Nd2IrPd,7
Nd2IrRh,7
Nd2Mg,6
Nd2MgAl,4
Nd2MgCd,3
Nd2MgCu2,3
Nd2MgGe2,1
Nd2MgIn,3
Nd2MgIrO6,2
Nd2MgNi2,4
Nd2MgPtO6,2
Nd2MgS4,9
Nd2MgSe4,8
Nd2MgSi2,1
Nd2MgTl,4
Nd2Mn3FeGe4,1
Nd2Mn3FeSi4,1
Nd2MnFe3Ge4,1
Nd2MnFe3Si4,1
Nd2MnGaO6,1
Nd2MnRhO6,1
Nd2MoC2,2
Nd2Ni2Sn,3
Nd2Ni5B4,2
Nd2NiGe6,1
Nd2NiIr,6
Nd2NiO4,4
Nd2NiPtO6,2
Nd2NiRuO6,2
Nd2O3,9
Nd2O5,3
Nd2P2AuO,1
Nd2PbS4,3
Nd2PbSe4,2
Nd2Pd2O5,1
Nd2Pd2Pb,2
Nd2PdRu3,1
Nd2Re2Si2C,1
Nd2ReC2,2
Nd2S3,5
Nd2SO2,4
Nd2SO6,2
Nd2Sb,5
Nd2SbO2,1
Nd2ScSi2,2
Nd2SeO2,5
Nd2Si3,5
Nd2Si3Ag,3
Nd2Si4Ru3Rh,1
Nd2Si4RuRh3,1
Nd2Si5Ni3,1
Nd2Si5Rh3,1
Nd2SmS4,5
Nd2Sn3,2
Nd2Sn4Pd,2
Nd2Sn4Rh,2
Nd2Sn4Ru,1
Nd2Sn5,4
Nd2SnHg,5
Nd2SnS5,2
Nd2Ta2Cl2O7,1
Nd2Te3,6
Nd2Te5,1
Nd2TeO2,3
Nd2TeS2,4
Nd2Ti2S2O5,1
Nd2TiCuO6,1
Nd2TiFe16,1
Nd2Tl,6
Nd2TlAg,3
Nd2TlCd,3
Nd2TlHg,6
Nd2TlIn,7
Nd2Tm,25
Nd2WC2,1
Nd2Y,35
Nd2Zn15Ge2,1
Nd2Zn17,2
Nd2Zn5Pb,1
Nd2Zn5Sn,1
Nd2ZnGa,5
Nd2ZnHg,4
Nd2ZnIn,4
Nd2ZnIr,6
Nd2ZnPtO6,2
Nd2ZnRu,5
Nd2ZnSb4,1
Nd3(AgSn)4,2
Nd3(BN2)2,1
Nd3(CuGe)4,2
Nd3(CuSn)4,2
Nd3Al,7
Nd3Al11,1
Nd3AlC,1
Nd3Au4,2
Nd3Bi4Au3,1
Nd3Cd,7
Nd3Co,8
Nd3Co11B4,1
Nd3Co13B2,1
Nd3Co6Sn5,1
Nd3Cu3Bi4,1
Nd3Cu3Sb4,1
Nd3Cu4(P2O)2,1
Nd3Dy,25
Nd3Er,25
Nd3FeO6,1
Nd3Ga,7
Nd3Ga10Ni,1
Nd3GaCo3,1
Nd3GaO6,1
Nd3GdAl4O12,1
Nd3Ge5,4
Nd3Hg,5
Nd3Ho,25
Nd3In,9
Nd3In4Ge,1
Nd3In5,3
Nd3InC,2
Nd3InN,3
Nd3Ir,6
Nd3Lu,6
Nd3Mg,7
Nd3MnBi5,1
Nd3NbSb5,1
Nd3Ni,6
Nd3Ni13B2,1
Nd3Ni2Sn7,1
Nd3Ni3Bi4,1
Nd3NiSn7,1
Nd3Os,7
Nd3PbN,2
Nd3Pd4,2
Nd3Pt2,4
Nd3Pt4,2
Nd3Rh2,5
Nd3Ru,6
Nd3S4,6
Nd3SOF5,1
Nd3Sb4Pt7,1
Nd3Sc,7
Nd3Se4,7
Nd3Si3Ni,2
Nd3Sm,24
Nd3Sm(GaO3)4,1
Nd3Sn7,2
Nd3SnN,3
Nd3Te4,6
Nd3Ti4O12,2
Nd3TiSb5,1
Nd3Tl,6
Nd3Tl5,4
Nd3Tm,18
Nd3Y,24
Nd3Zn11,1
Nd3ZrSb5,1
Nd4Bi3,3
Nd4Co3Ge8,1
Nd4Cu2O7,1
Nd4Cu3Ni,2
Nd4FeSn8,1
Nd4Mg3Co2,1
Nd4Mg7Ge6,1
Nd4Mn(NiO4)3,1
Nd4Mn3NiO12,1
Nd4MnSn8,1
Nd4O3F7,1
Nd4Rh,4
Nd4S7,1
Nd4Sb3,2
Nd4Se3N2,2
Nd4Se3O4,2
Nd4Si5,1
Nd4Si7,3
Nd4Sn8Ir,1
Nd4Zn3Au5,1
Nd5(FeB3)2,1
Nd5(MnB3)2,1
Nd5AgS8,1
Nd5AgSe8,1
Nd5As2ClO10,1
Nd5Bi3,1
Nd5Co2,1
Nd5CoSi2,1
Nd5CuBi3,1
Nd5CuSe8,1
Nd5ErS8,1
Nd5Ga3,4
Nd5Ge3,4
Nd5Ge3C,1
Nd5Ir2,2
Nd5Mg,4
Nd5MgAl4,1
Nd5Pb3,2
Nd5Ru2,2
Nd5S4,1
Nd5Sb3,1
Nd5Si3,3
Nd5Si3C,1
Nd5Sn3,4
Nd5Te2Cl3O10,1
Nd5Tl3,5
Nd6Cd5Si7,1
Nd6Co2Sn,1
Nd6Ni2Sn,1
Nd7Co3,1
Nd7Pd3,1
Nd7Pt3,1
Nd7Rh3,1
Nd9Ga4,1
NdAg,4
NdAg2,5
NdAg3,7
NdAgAs2,4
NdAgAu2,3
NdAgHg2,3
NdAgPb,8
NdAgSn,10
NdAl,6
NdAl2,9
NdAl2Ni,4
NdAl2Pt3,7
NdAl3,7
NdAl3(BO3)4,2
NdAl3Cu,3
NdAl3Ni2,3
NdAl3Pd2,2
NdAl4,5
NdAl4Co,3
NdAl4Ge2Au,1
NdAlAg2,5
NdAlAu,9
NdAlCo4,2
NdAlCu,8
NdAlCu4,3
NdAlGa,16
NdAlGe,11
NdAlH6,14
NdAlNi,6
NdAlNi4,4
NdAlO3,4
NdAlPd,7
NdAlPd2,5
NdAlPt,5
NdAlRh,4
NdAlSi,13
NdAlSn,7
NdAs,4
NdAs2,6
NdAs2Au,4
NdAsO4,4
NdAsPd,10
NdAsRuO,1
NdAsS,4
NdAsSe,5
NdAu,5
NdAu3,9
NdAu6,5
NdB12,1
NdB2Ir3,2
NdB2Rh2C,1
NdB2Rh3,3
NdB2Ru3,2
NdB6,1
NdBO3,8
NdBPt2,2
NdBPt3,3
NdBPt4,2
NdBRh3,1
NdBS3,2
NdBeCu4,2
NdBi,2
NdBi2BrO4,1
NdBi2ClO4,1
NdBi2IO4,1
NdBiAu2,4
NdBiO4,3
NdBiPd,6
NdBiRh,8
NdBr2,11
NdBr3,14
NdBrO,6
NdC2,3
NdCd,2
NdCd2,4
NdCd2Pd,6
NdCd3,5
NdCdAg2,5
NdCdAu,9
NdCdAu2,4
NdCdGa,7
NdCdHg2,4
NdCdIn,13
NdCdNi4,1
NdCdPd,9
NdCdPd2,5
NdCl2,9
NdCl3,12
NdClO,8
NdCo,9
NdCo2,5
NdCo3,5
NdCo4B,1
NdCo5,3
NdCoC2,4
NdCoGe,9
NdCoGe2,4
NdCoGe3,4
NdCoP,7
NdCoRu,3
NdCoSb2,1
NdCoSi,7
NdCoSi2,4
NdCoSi3,3
NdCr2Si2C,1
NdCrGe3,2
NdCrO3,4
NdCrO4,2
NdCrS2O,1
NdCrS3,2
NdCrSb3,1
NdCrSe3,1
NdCrTeO6,3
NdCu,4
NdCu(WO4)2,1
NdCu2,6
NdCu3(RuO3)4,1
NdCu3Pd2,5
NdCu4Ag,1
NdCu4Pd,3
NdCu5,5
NdCuAg,9
NdCuGe,7
NdCuGe2,4
NdCuNi4,3
NdCuO2,3
NdCuO3,5
NdCuS2,4
NdCuSO,2
NdCuSb2,2
NdCuSe2,5
NdCuSi,9
NdCuSn,7
NdCuTeO,1
NdDy,22
NdDy3,24
NdDyC4,1
NdDyIn2,6
NdDyMg2,4
NdDyTl2,5
NdDyZn2,4
NdEr3,19
NdErFe17,3
NdErIn2,6
NdErMg2,3
NdErTl2,4
NdErZn2,4
NdEu3,6
NdEuAg2,3
NdEuB12,3
NdEuHg2,4
NdFe2,4
NdFe3(BO3)4,3
NdFe4(CuO4)3,1
NdFe5,2
NdFe5Co5Mo2,1
NdFeCo3B,1
NdFeCoSi2,2
NdFeGe2,3
NdFeNi4,3
NdFeO3,5
NdFeRu,3
NdFeSi2,5
NdFeSi2Os,1
NdGa,6
NdGa2,7
NdGa2Co3,4
NdGa2Ni,5
NdGa2Ni3,7
NdGa2Pt3,6
NdGa3,5
NdGa3(BO3)4,3
NdGa3Ag,3
NdGa3Au,2
NdGa3Cu,4
NdGa3Ni,4
NdGa3Pd,4
NdGa3Pt,5
NdGa4Ni,2
NdGa7Fe5,1
NdGaAu2,9
NdGaCo,8
NdGaCo4,3
NdGaNi,8
NdGaO3,8
NdGaPd,8
NdGaPd2,7
NdGaPt,7
NdGaSb2,4
NdGaSi,11
NdGd3,5
NdGdHg2,3
NdGe,7
NdGe2,8
NdGe2Ir,4
NdGe2Pd,4
NdGe2Pt,3
NdGe2Rh,5
NdGe3,4
NdGe5,2
NdGeAu,12
NdGeIr,7
NdGePd2,6
NdGePt,8
NdGeRh,8
NdGeRu,8
NdH2,6
NdH2ClO2,2
NdHO2,7
NdHSe,9
NdHfF7,2
NdHg,3
NdHg2,7
NdHg3,5
NdHgAu2,4
NdHo3,23
NdHoAl4,1
NdHoIn2,5
NdHoMg2,4
NdHoTl2,4
NdHoZn2,5
NdI2,13
NdI3,11
NdIO,4
NdIn,4
NdIn2Ir,3
NdIn2Rh,5
NdIn3,7
NdIn4Ni,1
NdIn5Co,1
NdIn5Rh,1
NdIn7Cu5,1
NdInAg2,5
NdInAu,7
NdInAu2,4
NdInCo2,2
NdInCu,7
NdInCu2,2
NdInCu4,1
NdInNi,8
NdInNi2,4
NdInNi4,1
NdInO3,7
NdInPd2,6
NdInPt,6
NdInPt4,1
NdInRh,8
NdInRh2,5
NdIr2,4
NdIr3,4
NdIr5,2
NdLu3,7
NdLuIn2,4
NdLuMg2,3
NdLuO3,2
NdLuS3,2
NdLuSe3,1
NdLuTl2,3
NdMg,1
NdMg(NiH)4,1
NdMg12,1
NdMg2,6
NdMg2Ag,7
NdMg2Ni9,3
NdMg3,5
NdMg5Ni,1
NdMgAg,6
NdMgAg2,3
NdMgAu,6
NdMgAu2,5
NdMgCd2,3
NdMgCu4,2
NdMgGa,7
NdMgHg2,3
NdMgIn,8
NdMgNi4,1
NdMgNi4H7,1
NdMgPd,7
NdMgPt,8
NdMgRh,9
NdMgSi2,4
NdMgSn,11
NdMgTl,9
NdMgTl2,5
NdMgZn2,5
NdMn12,1
NdMn3V4O12,1
NdMn4(CuO4)3,1
NdMn5(CuO6)2,1
NdMn7O12,1
NdMnAsO,1
NdMnFeBiO6,2
NdMnFeGe2,2
NdMnO3,6
NdMnSi,5
NdMnSi2,5
NdN,4
NdNb4O12,1
NdNbO4,6
NdNi,11
NdNi2,7
NdNi2B2C,1
NdNi3,5
NdNi4B,4
NdNi5,4
NdNiAs,7
NdNiBi,4
NdNiC2,2
NdNiGe,7
NdNiGe2,3
NdNiGe3,3
NdNiO3,3
NdNiP,7
NdNiRu,3
NdNiSb,7
NdNiSb2,3
NdNiSn,8
NdNiSnH,3
NdNiSnH2,1
NdO,5
NdO2,6
NdOF,11
NdOs2,5
NdP,2
NdP2,4
NdP5,1
NdPIr,6
NdPO4,4
NdPPd,9
NdPb3,7
NdPbAu2,4
NdPd,7
NdPd2Pb,5
NdPd3,6
NdPd3S4,1
NdPt,7
NdPt2,6
NdPt3,8
NdPt5,4
NdRe2,3
NdRh,8
NdRh2,5
NdRh3C,1
NdRhC2,1
NdRhO3,4
NdRu2,4
NdS,4
NdS2,10
NdSBr,6
NdSF,7
NdSO,5
NdSb,5
NdSb2,6
NdSb2Au,2
NdSb2Pd,3
NdSbAu,9
NdSbIr,6
NdSbPd,8
NdSbPt,7
NdSbSe,2
NdSbTe,4
NdSc3,8
NdScGe,6
NdScO3,6
NdScS3,5
NdScSb,6
NdScSi,6
NdSe,6
NdSe2,5
NdSeO,4
NdSi,4
NdSi2,7
NdSi2Ag,3
NdSi2Ir3,3
NdSi2Ni,4
NdSi2Rh,4
NdSi2Rh3,4
NdSi2Ru,3
NdSi2Ru3,1
NdSi3Ir,3
NdSi3Os,2
NdSi3Rh,3
NdSi3Ru,2
NdSiAg,8
NdSiGe,7
NdSiIr,7
NdSiNi,9
NdSiNi4,2
NdSiO4,3
NdSiPd2,5
NdSiPt,7
NdSiPt3,4
NdSiRu,6
NdSm(MnGe)4,1
NdSm3,24
NdSmFe17,1
NdSmFe4Co13,1
NdSmHg2,7
NdSmIn2,7
NdSmIr2,4
NdSmMg2,4
NdSmTl2,6
NdSmZn2,4
NdSn2,7
NdSn3,5
NdSnAu,8
NdSnAu2,4
NdSnIr,6
NdSnPd,9
NdSnPt,9
NdSnRh,10
NdTa2O6,2
NdTa2O6F,1
NdTaO4,9
NdTe,9
NdTe2,5
NdTe2BrO5,1
NdTe3,4
NdTi3Fe(CuO4)3,1
NdTiFe11C,1
NdTiGe,2
NdTiO3,5
NdTl,2
NdTl2InTe4,2
NdTl3,5
NdTlAg2,4
NdTlAu2,3
NdTlCd,9
NdTlPd,8
NdTlS2,3
NdTlSe2,4
NdTlTe2,6
NdTlZn,9
NdTm,14
NdTm3,15
NdTmIn2,5
NdTmMg2,3
NdTmTl2,4
NdTmZn2,3
NdV2(FeCo)5,1
NdVGe3,1
NdVO3,3
NdVO4,3
NdY3,25
NdYIn2,7
NdYIr2,4
NdYMg2,5
NdYZn2,5
NdZn,3
NdZn2,7
NdZn2Ag,6
NdZn2Cd,5
NdZn3,9
NdZn5,3
NdZnAsO,2
NdZnAu2,9
NdZnGe,8
NdZnIn,14
NdZnPO,2
NdZnPd,8
NdZnSbO,1
NdZnSn,10
NdZr3F15,3
NdZrF7,3
NdZrO3,3
Ni,28
Ni(AgO)2,2
Ni(AsO3)2,2
Ni(BMo)2,3
Ni(BMo)3,1
Ni(BW)2,3
Ni(BW)3,1
Ni(CO2)2,1
Ni(HO)2,4
Ni(Mo3Se4)2,1
Ni(NF7)2,1
Ni(PO3)3,10
Ni(PS3)2,3
Ni(PtO2)3,2
Ni(RhO2)2,1
Ni(RhS2)2,3
Ni(RhSe2)2,3
Ni(Te4Mo3)2,1
Ni(TePd)2,2
Ni11(GeSe2)2,1
Ni11(GeTe2)2,1
Ni12P5,1
Ni2As3Pd4,1
Ni2B,13
Ni2Ge,15
Ni2GeO4,3
Ni2H,15
Ni2Mo,25
Ni2P,23
Ni2PO5,2
Ni2PPd,6
Ni2PdSe2,2
Ni2RhS4,4
Ni2SbTe,11
Ni2SbTe2,3
Ni2Sn4Au,2
Ni2SnP,5
Ni3(BiS)2,4
Ni3(BiSe)2,3
Ni3(PbS)2,2
Ni3(PbSe)2,1
Ni3(SbTe)2,3
Ni3(Sn2Pt)2,1
Ni3(SnS)2,1
Ni3As,20
Ni3Au,18
Ni3B,6
Ni3C,21
Ni3Ge,11
Ni3Mo,18
Ni3Mo2P,1
Ni3N,3
Ni3O4,2
Ni3OF5,20
Ni3P,21
Ni3Pt,21
Ni3Rh,21
Ni3S2,8
Ni3S4,2
Ni3Sb,13
Ni3Se2,7
Ni3Se4,5
Ni3Sn,7
Ni3Sn2,3
Ni3Sn4,3
Ni3SnN,4
Ni3Te2,9
Ni3Te4,6
Ni3TeO6,3
Ni4(GeAs3)3,1
Ni4(SnSb3)3,1
Ni4As3S5,1
Ni4B3,2
Ni4Mo,6
Ni4N,2
Ni4W,7
Ni5(AsO6)2,1
Ni5(TeO6)2,1
Ni5B2SbO10,1
Ni5Ge3,2
Ni5O6,1
Ni5Sb2,3
Ni6Ge2B,2
Ni6Ge2P,1
Ni6OF11,7
Ni6SbTe2,1
Ni6SnSb,5
Ni6SnSe2,1
Ni6SnTe2,1
Ni7Ge4,3
Ni7Sn8,2
Ni8Bi8SI,1
Ni9(SnS)2,1
Ni9BiTeS8,1
Ni9O10,1
Ni9S10,1
NiAg2Sn3S8,2
NiAgF3,7
NiAgO2,12
NiAgSe2,34
NiAs,34
NiAs2,22
NiAs2Rh3,2
NiAsPd,8
NiAsRh,9
NiAsS,8
NiAsSe,11
NiAu3,17
NiAuO2,7
NiB,23
NiBi,20
NiBi3,5
NiBi6Rh,3
NiBiO3,5
NiBiSe,11
NiBr2,19
NiCO3,4
NiCl2,23
NiF2,5
NiF3,10
NiGe,27
NiGe2,6
NiGe2Pd,6
NiGePd,7
NiGePt2,6
NiH,15
NiH2SO5,1
NiH6(BrN)2,1
NiH6(NCl)2,1
NiHO2,7
NiHg4,5
NiHgO2,8
NiI2,12
NiIr,33
NiIr3,19
NiMo2P,15
NiMo3S4,1
NiMoO4,6
NiMoP,10
NiMoP2,19
NiMoP8,1
NiO,17
NiP,45
NiP2,29
NiP2W,19
NiP3,23
NiP3W2,1
NiP4,12
NiP8W,1
NiPPd,6
NiPRh,12
NiPS,5
NiPS3,4
NiPSe3,4
NiPW,8
NiPb,33
NiPb2WO6,3
NiPbF6,7
NiPbO3,4
NiPd,19
NiPd3,12
NiPt,47
NiPt3,19
NiPtF6,4
NiPtO2,6
NiRh,37
NiRhF6,4
NiRuS4,1
NiS,29
NiS2,17
NiSb,34
NiSb2,16
NiSb3,17
NiSb6Ru,1
NiSbS,6
NiSbSe,10
NiSe,47
NiSe2,28
NiSeO4,3
NiSn2Au,6
NiSnF6,5
NiSnO3,4
NiSnRh2,4
NiTe,43
NiTe2,26
NiTeO3,6
NiTePd,11
NiWO4,3
O2,53
OF2,2
Os,25
Os(SCl6)2,1
Os(SeBr6)2,2
Os3W,20
OsC3I2O3,1
OsCl4,9
OsClF8,2
OsN2,9
OsO2,3
OsO4,5
OsPbO3,4
OsPt3,22
OsPt4,5
OsRh3,19
OsRu,34
OsRu3,20
OsS2,5
OsSe2,15
P,34
P10Au7I,2
P2Ir,34
P2O3,1
P2O5,7
P2Os,23
P2Pb3O8,6
P2PbAu2,4
P2Pd,4
P2Pd15,1
P2Pd3S8,1
P2PdO6,2
P2Pt,18
P2Pt5,3
P2Rh,23
P2Rh3,2
P2Ru,31
P2S3,7
P2S7,2
P2W,15
P2WO7,3
P3(PbO5)2,1
P3Au2,3
P3BrCl14,1
P3Ir,33
P3N5,2
P3Pd,1
P3Pd7,1
P3Rh,15
P3Ru,33
P4N3Cl11,2
P4Os,4
P4PtF12,1
P4Ru,6
P4S5,3
PAuO4,1
PAuS4,3
PBr3,23
PCl3,23
PCl5,11
PF5,3
PH2F3,1
PH4Br,2
PH4I,4
PH6NO2,1
PHN2,7
PHPb2F10,1
PHPbO4,1
PHSF2,1
PI2,2
PI3,7
PICl6,2
PIr2,19
PIrS,14
PNF2,8
PNO,11
POsS,9
POsSe,11
PPbS3,4
PPbSe3,4
PPd3,4
PPd4,5
PRh2,18
PRhS,2
PRhSe,9
PRu,39
PRu2,18
PRuS,4
PRuSe,17
PS,27
PW,35
PW3,13
PWO4F,2
PWO5,4
Pb,26
Pb(BrO3)2,4
Pb(CO2)2,1
Pb(ClO3)2,3
Pb(SeO3)2,4
Pb2Au,20
Pb2BrOF,2
Pb2ClOF,2
Pb2IOF,2
Pb2O3,7
Pb2OF2,6
Pb2S(O2F)2,2
Pb2SO5,2
Pb2WO5,3
Pb3Au,17
Pb3O4,2
Pb3SO6,3
Pb3SeO5,1
Pb4SBr6,2
Pb4SeBr6,2
Pb4SeS3,6
Pb5(SI3)2,1
PbAu2,18
PbAu3,16
PbAuO2,9
PbBr2,46
PbCN2,6
PbCO3,6
PbCl2,49
PbCl4,7
PbF2,27
PbF3,13
PbF4,4
PbI2,25
PbO,24
PbO2,11
PbS,19
PbS2,6
PbSO3,6
PbSe,27
PbSe2,18
PbSeO3,9
PbWO4,9
Pd,22
Pd(NO3)2,1
Pd(PbBr3)2,3
Pd(PbCl3)2,3
Pd(SCl3)2,2
Pd(SeBr3)2,3
Pd(SeCl3)2,2
Pd2PbO4,2
Pd3(PbS)2,2
Pd3(PbSe)2,3
Pd3Au,16
Pd3Pb,5
Pd3Rh,8
Pd3S,8
Pd3W,8
Pd4S,3
Pd4Se,3
Pd4W,4
Pd5Pb3,4
Pd7O8,1
Pd7Se2,1
PdAu,37
PdAu3,28
PdAuO2,8
PdBr2,20
PdCl2,28
PdF2,6
PdF3,16
PdF4,4
PdI2,20
PdN2,6
PdO,17
PdO2,10
PdPb2,11
PdPb2F6,5
PdPb4Au,5
PdPbF4,3
PdPbO2,8
PdPt,39
PdPt3,23
PdPtAu,7
PdPtF6,6
PdRh,23
PdRhPb4,4
PdS,21
PdS2,16
PdSO4,3
PdSe,24
PdSe2,17
PdSe2O5,2
PdSeO3,6
PdSeO4,3
Pr,16
Pr(AgGe)2,2
Pr(Al2Cr)4,1
Pr(Al2Cu)4,1
Pr(Al2Fe)4,1
Pr(AlAu)2,2
Pr(AlFe)6,1
Pr(AlGa)2,3
Pr(AlGe)2,3
Pr(AlSi)2,3
Pr(AlZn)2,4
Pr(As3Ru)4,1
Pr(AsPd)2,2
Pr(AsRh)2,2
Pr(BC)2,4
Pr(BIr)2,3
Pr(BIr)4,2
Pr(BO2)3,1
Pr(BOs)2,2
Pr(BOs)4,1
Pr(BRh)4,2
Pr(BRu)2,2
Pr(BrO2)3,2
Pr(CdP)3,1
Pr(Co2B)6,2
Pr(Co5Mo)2,1
Pr(CoAs)2,2
Pr(CoB)2,1
Pr(CoB)4,3
Pr(CoGe)2,3
Pr(CoP)2,3
Pr(CoP3)4,1
Pr(CoSi)2,2
Pr(CrB3)2,1
Pr(CuGe)2,2
Pr(CuO2)2,3
Pr(CuSi)2,2
Pr(CuSn)2,2
Pr(ErS2)3,1
Pr(FeAs3)4,1
Pr(FeB)4,2
Pr(FeGe)2,3
Pr(FeP3)4,1
Pr(FeSb3)4,1
Pr(FeSi)2,2
Pr(Ge2Rh3)2,1
Pr(Ge3Pt)4,1
Pr(GeIr)2,2
Pr(GePd)2,3
Pr(GePt)2,2
Pr(GeRh)2,2
Pr(GeRu)2,2
Pr(HO)3,2
Pr(HoS2)3,1
Pr(InCu)6,1
Pr(InPt)2,3
Pr(LuS2)3,1
Pr(MnAl2)4,1
Pr(MnCo2)4,1
Pr(MnGe)2,1
Pr(MnSi)2,2
Pr(Mo3S4)2,1
Pr(Mo3Se4)2,1
Pr(Ni2Sn)2,2
Pr(NiAs)2,2
Pr(NiBi)2,1
Pr(NiGe)2,2
Pr(NiP)2,3
Pr(NiSb)2,2
Pr(NiSn)2,3
Pr(P3Os)4,1
Pr(P3Ru)4,1
Pr(PPd)2,2
Pr(PPt)2,3
Pr(PRh)2,4
Pr(PRu)2,1
Pr(PdO2)2,2
Pr(Re2Si)2,2
Pr(ReO4)2,3
Pr(Sb3Os)4,1
Pr(SiAg)2,1
Pr(SiAu)2,2
Pr(SiNi)2,3
Pr(SiOs)2,3
Pr(SiPd)2,4
Pr(SiPt)2,2
Pr(SiRh)2,2
Pr(SiRu)2,2
Pr(Sn3Ru2)2,1
Pr(TmS2)3,1
Pr(YS2)3,1
Pr(ZnAs)3,2
Pr(ZnGa)2,4
Pr(ZnP)3,3
Pr12Co6Pb,1
Pr12InCo6,1
Pr12Ni6Pb,1
Pr2(AlCu)5,2
Pr2(CoCu)5,1
Pr2(CoNi)5,2
Pr2(CuGe)3,2
Pr2(CuSn2)3,1
Pr2(Sn2Au)3,1
Pr2(TlIn)3,2
Pr2(Zn2Ge)3,1
Pr2AgHg,4
Pr2AgIr,8
Pr2AgRu,6
Pr2Al,4
Pr2Al2Co15,2
Pr2Al2CuNi,1
Pr2Al2Fe15,1
Pr2Al3Ag,6
Pr2Al3Co14,1
Pr2Al3Ge,5
Pr2Al3Ge4,1
Pr2Al7Cu,2
Pr2AlCo2,3
Pr2AlFe16,1
Pr2AlGe6,1
Pr2AlNi2,3
Pr2AlSi,5
Pr2AlZn,5
Pr2Au,4
Pr2BC,2
Pr2Bi,3
Pr2BiN,4
Pr2BiO2,2
Pr2Br5,3
Pr2C(NO)2,1
Pr2C3,1
Pr2CBr,3
Pr2CdAg,4
Pr2CdAu2,3
Pr2CdCu2,3
Pr2CdHg,5
Pr2CdNi2,3
Pr2CdPb,4
Pr2CdPd2,3
Pr2CdRh2,3
Pr2CdS4,2
Pr2CdSb4,1
Pr2CdSn,5
Pr2Co16Cu,1
Pr2Co17,1
Pr2Co2I,2
Pr2Co2SiC,1
Pr2Co3Ge5,1
Pr2Co7,2
Pr2CoSn4,1
Pr2Cr2Co15,1
Pr2Cr3Co14,1
Pr2Cu2O5,2
Pr2CuAg,5
Pr2CuIr,6
Pr2CuO4,3
Pr2CuRu,5
Pr2CuSn4,1
Pr2EuS4,1
Pr2EuSe4,1
Pr2Fe17,1
Pr2Fe2S2O3,1
Pr2FeCuO6,2
Pr2FeGe4,1
Pr2FeSi2Ru,2
Pr2FeSn4,1
Pr2Ga,6
Pr2Ga2Co15,1
Pr2Ga3Cu,4
Pr2Ga5Au3,2
Pr2Ga5Cu3,4
Pr2Ga7Ni,2
Pr2GaAg,4
Pr2GaNi2,4
Pr2Ge2Ru,2
Pr2Ge5Ir3,1
Pr2Ge5Rh3,1
Pr2Ge5Ru3,2
Pr2Ge6Au,1
Pr2GeRh3,2
Pr2HgPb,3
Pr2Ho,18
Pr2I5,1
Pr2In,4
Pr2In3Cu,5
Pr2In3Ni,3
Pr2In8Co,1
Pr2In8Pd,1
Pr2InAg,4
Pr2InAu2,1
Pr2InCu2,3
Pr2InGe2,1
Pr2InNi2,3
Pr2InPd2,4
Pr2IrAu,7
Pr2IrPd,6
Pr2IrRh,7
Pr2Mg,7
Pr2MgAl,4
Pr2MgCd,3
Pr2MgCu2,2
Pr2MgGe2,1
Pr2MgIn,4
Pr2MgIrO6,2
Pr2MgNi2,3
Pr2MgNi9,2
Pr2MgPd2,2
Pr2MgPtO6,2
Pr2MgS4,8
Pr2MgSe4,8
Pr2MgSi2,1
Pr2MgTl,3
Pr2Mn3CoGe4,1
Pr2Mn4Co13,1
Pr2MnNiO6,2
Pr2MnRhO6,3
Pr2MnSn4,1
Pr2MoC2,3
Pr2NCl3,3
Pr2Nd2Sb3,1
Pr2Ni2I,4
Pr2Ni2Sn,3
Pr2Ni3Ge5,1
Pr2Ni3P4,1
Pr2Ni5B4,2
Pr2Ni7,2
Pr2NiGe6,1
Pr2NiIr,6
Pr2NiO4,3
Pr2NiPtO6,2
Pr2O3,6
Pr2P2AuO,1
Pr2PbS4,2
Pr2PbSe4,2
Pr2Pd2Pb,2
Pr2Re2Si2C,1
Pr2ReC2,2
Pr2S2O,3
Pr2S3,5
Pr2SO2,3
Pr2Sb,5
Pr2SbAu3,2
Pr2SbO2,2
Pr2ScSi2,3
Pr2SeO2,5
Pr2Si3,3
Pr2Si5Pt3,1
Pr2SiC(NO2)2,1
Pr2SiRh3,2
Pr2SmS4,5
Pr2Sn3,2
Pr2Sn5,3
Pr2SnHg,4
Pr2SnS5,2
Pr2Ta2Cl2O7,1
Pr2Te5,2
Pr2TeO2,3
Pr2Ti2S2O5,2
Pr2Tl,6
Pr2TlAg,3
Pr2TlCd,4
Pr2TlHg,5
Pr2TlIn,5
Pr2VFeO6,1
Pr2WC2,1
Pr2Y,29
Pr2Zn17,2
Pr2Zn5Pb,1
Pr2Zn5Sn,1
Pr2ZnAg,4
Pr2ZnAs4,1
Pr2ZnBi4,1
Pr2ZnGa,4
Pr2ZnHg,4
Pr2ZnIn,4
Pr2ZnIr,5
Pr2ZnPtO6,2
Pr2ZnRu,4
Pr3(AgSn)4,3
Pr3(Al2Si3)2,1
Pr3(BN2)2,2
Pr3(CuSn)4,2
Pr3(GaNi2)2,1
Pr3(NiGe)4,2
Pr3(ReO5)2,1
Pr3(SiC)2,1
Pr3(TaN3)2,1
Pr3Al,7
Pr3Al11,1
Pr3AlC,2
Pr3AlN,2
Pr3Bi4Au3,1
Pr3Bi4Pt3,1
Pr3CBr5,1
Pr3Cd,5
Pr3Co,7
Pr3Co11B4,1
Pr3Co13B2,1
Pr3Cu3Sb4,1
Pr3Dy,21
Pr3Er,19
Pr3Eu,5
Pr3Ga,8
Pr3Ga10Ni,1
Pr3GaCo3,1
Pr3GaO6,1
Pr3Gd,7
Pr3Ge5,2
Pr3HfSb5,1
Pr3Hg,5
Pr3Ho,23
Pr3In,8
Pr3In5,2
Pr3InN,1
Pr3InO,1
Pr3Ir,6
Pr3Lu,7
Pr3Mg,7
Pr3MgAl2,4
Pr3MgNi14,1
Pr3Mn4PbO12,1
Pr3MnBi5,1
Pr3NF6,1
Pr3NbSb5,1
Pr3Nd,26
Pr3Ni,7
Pr3Ni13B2,1
Pr3Ni3Bi4,1
Pr3Os,6
Pr3OsI3,1
Pr3Pb,4
Pr3Pd4,2
Pr3Pt2,3
Pr3Pt4,1
Pr3Rh2,5
Pr3Ru,6
Pr3RuBr3,2
Pr3RuI3,2
Pr3S4,7
Pr3Sb4Au3,1
Pr3Sb4Pt3,1
Pr3Sb4Pt7,1
Pr3Sc,7
Pr3Se4,6
Pr3Si2,2
Pr3Si3Ni,2
Pr3Sm,22
Pr3Sn,7
Pr3Sn5,3
Pr3SnN,1
Pr3Te4,5
Pr3TiSb5,1
Pr3Tl,6
Pr3Tl5,2
Pr3Tm,19
Pr3Y,24
Pr3Zn11,1
Pr3ZrSb5,1
Pr4(BRh4)3,1
Pr4As3,2
Pr4Bi3,2
Pr4C2Br5,3
Pr4CoI5,1
Pr4Fe3Si4Ru,1
Pr4Ge3,1
Pr4Mg3Co2,1
Pr4Mg7Ge6,1
Pr4Mn2As5,1
Pr4NiI5,2
Pr4OsI5,2
Pr4RuI5,1
Pr4Sb3,1
Pr4Se3N2,2
Pr4Se3O4,2
Pr5(CoB3)2,1
Pr5(RuO6)2,1
Pr5AgS8,1
Pr5AgSe8,1
Pr5AgSn3,1
Pr5Al2Ru3,1
Pr5Al4(AgGe2)2,1
Pr5As2ClO10,1
Pr5Bi3,1
Pr5Bi3Br,1
Pr5Co2,2
Pr5CuBi3,1
Pr5CuSe8,1
Pr5Ga3,4
Pr5Ge3,3
Pr5Ge3C,1
Pr5Ir2,2
Pr5Mg,6
Pr5NiPb3,1
Pr5Pb3,2
Pr5Ru2,2
Pr5Sb3,1
Pr5Si2Ge,1
Pr5Si3,1
Pr5SiGe2,1
Pr5Sn3,3
Pr5Sn3Au,1
Pr5Tl3,4
Pr6CoBr10,1
Pr6IrCl11,1
Pr6OsBr10,1
Pr6OsI10,1
Pr6RuBr10,1
Pr7CoI12,1
Pr7Ir3,2
Pr7O12,1
Pr7Pd3,1
Pr7Pt3,1
Pr7Rh3,2
Pr9Ga4,1
PrAg,7
PrAg2,5
PrAgAs2,4
PrAgAu2,3
PrAgGe,7
PrAgHg2,3
PrAgPb,8
PrAgSn,8
PrAl,6
PrAl2,9
PrAl2Ag,6
PrAl2Ni,4
PrAl2Ni3,6
PrAl3,7
PrAl3Ag,3
PrAl3Cu,2
PrAl3Ni2,3
PrAl4,4
PrAl4Co,2
PrAl4Ni,3
PrAl5Ni2,1
PrAlAu,9
PrAlCo4,2
PrAlCu,10
PrAlCu4,4
PrAlGe,9
PrAlH6,5
PrAlNi,7
PrAlNi4,3
PrAlO3,3
PrAlPd,7
PrAlPd2,5
PrAlPt,7
PrAlRh,4
PrAlSi2,6
PrAlZn,17
PrAs,3
PrAs2,6
PrAs2Au,4
PrAsO4,4
PrAsPd,8
PrAsS,4
PrAsSe,4
PrAu,6
PrAu2,7
PrAu6,5
PrB12,2
PrB2ClO4,1
PrB2Ir3,2
PrB2Pt2C,1
PrB2Rh2C,1
PrB2Rh3,3
PrB2Ru3,2
PrB4,2
PrB4(IrOs)2,1
PrB6,1
PrBO3,6
PrBPt2,2
PrBPt3,3
PrBPt4,2
PrBRh3,1
PrBS3,2
PrBi,3
PrBi2Au,4
PrBi2BrO4,1
PrBi2ClO4,1
PrBi2IO4,1
PrBi3,4
PrBiAu2,3
PrBiPd,6
PrBiPd2,4
PrBiRh,9
PrBr3,9
PrBrO,5
PrC2,3
PrCd,1
PrCd2,5
PrCd3,6
PrCdAg2,5
PrCdAu,9
PrCdAu2,4
PrCdCu,9
PrCdGa,7
PrCdHg2,3
PrCdIn,14
PrCdNi4,1
PrCdPd,10
PrCl3,6
PrClO,6
PrCo2,5
PrCo2B2C,1
PrCo3,4
PrCo3Ni2,2
PrCo4B,1
PrCo4Si,1
PrCo5,2
PrCoC2,4
PrCoGe,8
PrCoGe2,3
PrCoGe3,3
PrCoNi,5
PrCoP,7
PrCoSb2,2
PrCoSi,7
PrCr2Si2C,1
PrCrGe3,2
PrCrO3,5
PrCrO4,3
PrCrSb3,1
PrCrSe3,2
PrCrTeO6,3
PrCu,4
PrCu2,5
PrCu3(RuO3)4,1
PrCu3Pd2,6
PrCu4Pd,2
PrCu5,5
PrCuGe,6
PrCuGe2,4
PrCuO2,3
PrCuO3,4
PrCuPb,6
PrCuS2,5
PrCuSO,1
PrCuSb2,2
PrCuSe2,5
PrCuSi,8
PrCuSn,8
PrCuSn2,4
PrDy3,21
PrDyAl4,3
PrDyC4,2
PrDyIn2,5
PrDyMg2,3
PrDyTl2,4
PrDyZn2,4
PrEr3,20
PrErCo17,1
PrErIn2,5
PrErMg2,3
PrErMn4Co13,1
PrErTl2,3
PrErZn2,4
PrEu3,6
PrEuAg2,3
PrEuHg2,4
PrEuZn2,4
PrFe4(CuO4)3,1
PrFeCo4,2
PrFeGe2,3
PrFeGe3,2
PrFeNi4,3
PrFeO3,4
PrFeSi,8
PrFeSi2,4
PrGa,8
PrGa2,7
PrGa2Co3,3
PrGa2Ni,5
PrGa2Ni3,5
PrGa3,6
PrGa3Au,2
PrGa3Ni,4
PrGa3Pd,4
PrGa3Pt,4
PrGaAu2,8
PrGaCo,8
PrGaNi,10
PrGaO3,7
PrGaPd,8
PrGaPd2,7
PrGaPt,6
PrGaSi,12
PrGdAl4,1
PrGdZn2,4
PrGe,6
PrGe2,6
PrGe2Ir,4
PrGe2Pt,3
PrGe3,4
PrGe3Rh,4
PrGe5,2
PrGeAu,11
PrGeIr,6
PrGePd,11
PrGePd2,6
PrGeRh,7
PrGeRu,6
PrH,6
PrH2,6
PrH3,8
PrHSe,6
PrHfF7,2
PrHfO4,5
PrHg,3
PrHg3,6
PrHgPd,9
PrHo,14
PrHo3,18
PrHoAl4,2
PrHoIn2,5
PrHoMg2,3
PrHoTl2,3
PrHoZn2,4
PrI2,11
PrI3,8
PrIO,4
PrIn,6
PrIn2Ir,3
PrIn2Rh,5
PrIn3,9
PrIn4Ni,1
PrIn5Co,1
PrIn5Ir,1
PrIn5Rh,1
PrInAg2,5
PrInAu,7
PrInAu2,5
PrInCo2,2
PrInCu,8
PrInCu2,2
PrInNi,7
PrInNi2,4
PrInO3,6
PrInPd,8
PrInPd2,6
PrInPt,7
PrInPt4,1
PrInRh,8
PrIr2,4
PrLu3,8
PrLuIn2,4
PrLuMg2,3
PrLuO3,2
PrLuS3,2
PrLuSe3,1
PrMg,1
PrMg(CuO3)2,1
PrMg(FeO3)2,1
PrMg(MoO3)2,1
PrMg12,1
PrMg2,6
PrMg2Ag,7
PrMg2Ni9,3
PrMg3,7
PrMg3Ni8,1
PrMgAg,6
PrMgAg2,3
PrMgAu2,4
PrMgCd2,3
PrMgGa,6
PrMgHg2,4
PrMgIn,7
PrMgNi4,1
PrMgPd,8
PrMgPt,8
PrMgRh,11
PrMgSi2,3
PrMgSn,10
PrMgTi2O6,1
PrMgTl,7
PrMgTl2,4
PrMgV2O6,1
PrMgZn2,5
PrMn2SiGe,1
PrMn4(CuO4)3,1
PrMn7O12,1
PrMnCoGe2,1
PrMnGeO5,2
PrMnNi4,3
PrMnO3,5
PrMnSi,5
PrMnSi2,3
PrN,6
PrNb4O12,1
PrNbO4,5
PrNd,35
PrNd3,24
PrNdAl4,5
PrNdAl6,1
PrNdCo10,1
PrNdHg2,7
PrNdIn2,6
PrNdMg2,3
PrNdO2,3
PrNdSb,6
PrNdSb2,7
PrNdSb4,1
PrNdTl2,8
PrNdZn2,5
PrNi,10
PrNi2,7
PrNi2B2C,1
PrNi3,5
PrNi4B,2
PrNi5,5
PrNiAs,5
PrNiBi,5
PrNiC2,2
PrNiGe,8
PrNiGe2,3
PrNiGe3,3
PrNiO3,3
PrNiP,7
PrNiSb,8
PrNiSb2,3
PrNiSn,7
PrNiSnH,3
PrNiSnH2,1
PrO,4
PrOF,4
PrOs2,4
PrP,2
PrP2,5
PrP5,1
PrPIr,6
PrPO4,4
PrPOsO,1
PrPPd,10
PrPb2,7
PrPb3,5
PrPbAu2,4
PrPd,6
PrPd3,9
PrPd3S4,1
PrPd5,5
PrPdPb,6
PrPt,7
PrPt2,7
PrPt3,7
PrPt5,4
PrRe2,3
PrRh,7
PrRh2,5
PrRh3C,1
PrRhC2,2
PrRhO3,4
PrRu2,4
PrRuO3,2
PrS,4
PrS2,10
PrSBr,7
PrSF,9
PrSO,7
PrSb,4
PrSb2,6
PrSb2Au,2
PrSb2Pd,4
PrSb3,5
PrSbIr,6
PrSbPd,9
PrSbPt,7
PrSbTe,4
PrScGe,4
PrScO3,5
PrScS3,4
PrScSi,4
PrSe,8
PrSe2,8
PrSi,4
PrSi2,4
PrSi2Ag,3
PrSi2Ir3,3
PrSi2Mo2C,1
PrSi2Ni,4
PrSi2Rh,5
PrSi2Ru,3
PrSiAg,8
PrSiGe,7
PrSiI,3
PrSiIr,6
PrSiNi,8
PrSiOs2C,1
PrSiPd2,5
PrSiPt,7
PrSiRu,7
PrSiRu2C,1
PrSm,29
PrSm(Co2Ni3)2,1
PrSm3,22
PrSm3S4,5
PrSmB12,3
PrSmCo17,3
PrSmFe4,1
PrSmIn2,7
PrSmIr2,4
PrSmMg2,3
PrSmO2,3
PrSmTl2,5
PrSmZn2,5
PrSn2,7
PrSn3,5
PrSnAu,7
PrSnAu2,4
PrSnIr,5
PrSnPd,10
PrSnPt,8
PrSnRh,10
PrSnRu,8
PrTe,8
PrTe2,5
PrTe3,3
PrTeAs,4
PrTiFe11,1
PrTiGe,2
PrTiGe3,1
PrTiO3,4
PrTl,3
PrTl2InSe4,2
PrTl2InTe4,2
PrTl3,6
PrTlAg2,5
PrTlCd,8
PrTlSe2,4
PrTlTe2,6
PrTm3,16
PrTmMg2,3
PrTmTl2,4
PrVGe3,1
PrVO3,3
PrVO4,5
PrVSb3,3
PrY,21
PrY(Co3Ni2)2,1
PrY3,20
PrYAl4,3
PrYAl6,1
PrYCo4,3
PrYFe4,1
PrYIn2,6
PrYMg2,4
PrYMg4,2
PrYMg6,2
PrYNi4,1
PrYSn6,1
PrYTl2,5
PrYZn2,3
PrZn,4
PrZn(MoO3)2,1
PrZn2,8
PrZn3,10
PrZn5,3
PrZnAgAs2,1
PrZnAgP2,1
PrZnGa,15
PrZnGe,9
PrZnIn,12
PrZnNi,12
PrZnPO,2
PrZnPd,8
PrZnSbO,1
PrZnSn,9
PrZr3F15,3
PrZrF7,2
Pt,23
Pt(SCl3)2,2
Pt2W,23
Pt3(RhSe5)2,1
Pt3O4,2
Pt3Pb,18
Pt3Rh,26
Pt3W,21
Pt4SeS3,1
Pt5Se4,1
PtAu,29
PtCl2,29
PtF4,4
PtI2,16
PtI3,6
PtO2,13
PtO3,5
PtPb,36
PtPb2,24
PtPb4,10
PtPbF6,9
PtRh,49
PtRh3,24
PtS,28
PtS2,14
PtSe2,23
Rb,123
Rb(AsIr)2,4
Rb(AsRh)2,4
Rb(AsRu)2,4
Rb(CoAs)2,4
Rb(CoP)2,5
Rb(CoS)2,2
Rb(CoSe)2,3
Rb(CrS2)2,9
Rb(FeAs)2,1
Rb(GePt)4,1
Rb(In3Au2)2,1
Rb(InAu2)2,2
Rb(MoS)3,2
Rb(MoSe)3,1
Rb(Nb3S4)2,2
Rb(Nb3Se4)2,1
Rb(Nb3Te4)2,2
Rb(OsO3)2,1
Rb(PIr)2,3
Rb(PRh)2,3
Rb(PRu)2,3
Rb(RuO2)4,1
Rb(SbSe2)2,3
Rb(SiPt)4,1
Rb(TeMo)3,1
Rb(TeO3)2,2
Rb(Ti3Se4)2,1
Rb(WO3)2,2
Rb(WO3)3,2
Rb2Ag2GeS4,1
Rb2Ag4S3,1
Rb2AgAsBr6,2
Rb2AgAsCl6,2
Rb2AgAsF6,1
Rb2AgAuBr6,3
Rb2AgAuCl6,3
Rb2AgAuF6,1
Rb2AgBiBr6,3
Rb2AgBiCl6,2
Rb2AgBiF6,2
Rb2AgBiI6,2
Rb2AgIrF6,1
Rb2AgMoBr6,2
Rb2AgMoCl6,2
Rb2AgMoF6,1
Rb2AgPS4,2
Rb2AgPdF6,2
Rb2AgRhF6,2
Rb2AgSbBr6,4
Rb2AgSbCl6,3
Rb2AgSbF6,1
Rb2AgSbI6,2
Rb2Al2Sb2O7,2
Rb2AlAgBr6,2
Rb2AlAgCl6,2
Rb2AlAgF6,1
Rb2AlCuF6,2
Rb2AlInBr6,1
Rb2AlInCl6,2
Rb2AlInF6,1
Rb2AlInI6,1
Rb2AlTlBr6,1
Rb2AlTlCl6,2
Rb2AlTlF6,2
Rb2AlTlH6,1
Rb2AlTlI6,1
Rb2As2Pd,5
Rb2As2Pt,4
Rb2As3,1
Rb2AsAuBr6,1
Rb2AsAuCl6,1
Rb2AsAuI6,1
Rb2Au3,3
Rb2BaBr4,5
Rb2BaCl4,5
Rb2Be2O3,3
Rb2Bi2O5,1
Rb2BiAuBr6,2
Rb2BiAuCl6,2
Rb2BiAuI6,2
Rb2CN2,2
Rb2CaH4,3
Rb2CaNb2(TeO6)2,4
Rb2Cd(IBr)2,2
Rb2Cd2O3,2
Rb2Cd3SnAs4,1
Rb2CdCl4,4
Rb2CdI4,3
Rb2CdO2,3
Rb2CeAgBr6,2
Rb2CeAgCl6,2
Rb2CeAgI6,2
Rb2CeCuBr6,2
Rb2CeCuCl6,2
Rb2CeO3,3
Rb2Co3S4,2
Rb2CoAgF6,1
Rb2CoF4,2
Rb2CoF6,6
Rb2CoI4,5
Rb2CoS2,2
Rb2CoSe2,2
Rb2CrAgF6,1
Rb2CrBrCl3,1
Rb2CrCl4,7
Rb2CrF6,8
Rb2Cu2SnS4,2
Rb2CuAuCl6,2
Rb2CuAuF6,1
Rb2CuBiBr6,1
Rb2CuBiCl6,3
Rb2CuBiF6,1
Rb2CuBiI6,1
Rb2CuBrCl3,4
Rb2CuCl4,6
Rb2CuF4,7
Rb2CuF6,3
Rb2CuMoBr6,2
Rb2CuMoCl6,3
Rb2CuNiF6,1
Rb2CuPdF6,2
Rb2CuSbBr6,2
Rb2CuSbCl6,3
Rb2CuSbI6,2
Rb2DyAgCl6,3
Rb2DyCuCl6,1
Rb2ErAgCl6,3
Rb2ErCuCl6,1
Rb2EuAgCl6,1
Rb2EuAuCl6,1
Rb2EuCuCl6,1
Rb2Fe4O7,1
Rb2FeCuF6,1
Rb2FeF4,1
Rb2FeHgF6,1
Rb2FeI4,4
Rb2GaAgBr6,1
Rb2GaAgCl6,2
Rb2GaAgF6,1
Rb2GaCuF6,1
Rb2GdAgCl6,1
Rb2GeF6,6
Rb2GeS3,2
Rb2GeSe3,3
Rb2H4Pd,6
Rb2H4Pt,4
Rb2H6Pt,2
Rb2HfF6,15
Rb2Hg2PdBr8,1
Rb2Hg2PdCl8,1
Rb2Hg3Se4,2
Rb2Hg7,2
Rb2HgAsBr6,1
Rb2HgAsCl6,1
Rb2HgAsI6,1
Rb2HgAu,11
Rb2HgAuBr6,1
Rb2HgBiBr6,1
Rb2HgBiCl6,1
Rb2HgBiI6,1
Rb2HgF4,9
Rb2HgO2,2
Rb2HgPdF6,1
Rb2HgRhF6,1
Rb2HgRuF6,1
Rb2HgSbBr6,1
Rb2HgSbCl6,1
Rb2IN3,1
Rb2In3,3
Rb2In4O7,1
Rb2InAgBr6,3
Rb2InAgCl6,3
Rb2InAgF6,2
Rb2InAgI6,1
Rb2InAsBr6,1
Rb2InAsI6,1
Rb2InAuBr6,2
Rb2InAuCl6,2
Rb2InBiCl6,1
Rb2InBiF6,1
Rb2InCuBr6,1
Rb2InCuCl6,3
Rb2InCuF6,1
Rb2InGaBr6,1
Rb2InGaCl6,1
Rb2InGaF6,1
Rb2InGaI6,1
Rb2InGe4As7,1
Rb2InHgBr6,1
Rb2InHgCl6,1
Rb2InHgI6,1
Rb2InSbBr6,1
Rb2InSbCl6,1
Rb2InSbI6,1
Rb2IrF6,9
Rb2LaAgCl6,2
Rb2LaCuCl6,2
Rb2LaNb2ClO7,1
Rb2Li2GeO4,1
Rb2Li2SiO4,1
Rb2Li3GaO4,2
Rb2LiAlF6,2
Rb2LiAsF6,1
Rb2LiAsO4,3
Rb2LiAuF6,1
Rb2LiBiBr6,2
Rb2LiBiCl6,2
Rb2LiBiF6,1
Rb2LiBiI6,2
Rb2LiCeBr6,1
Rb2LiCeCl6,1
Rb2LiCeF6,1
Rb2LiCeI6,1
Rb2LiCoF6,1
Rb2LiDyBr6,2
Rb2LiDyCl6,2
Rb2LiErCl6,2
Rb2LiEuCl6,1
Rb2LiFeF6,2
Rb2LiGaF6,4
Rb2LiGdCl6,2
Rb2LiHoCl6,2
Rb2LiInCl6,6
Rb2LiInF6,2
Rb2LiIrF6,1
Rb2LiLaCl6,2
Rb2LiMnF6,1
Rb2LiMoBr6,2
Rb2LiMoCl6,3
Rb2LiMoF6,1
Rb2LiNb2(TeO6)2,4
Rb2LiNbF6,1
Rb2LiNdBr6,2
Rb2LiNdCl6,2
Rb2LiNdF6,1
Rb2LiNdI6,2
Rb2LiNiF6,1
Rb2LiPdF6,1
Rb2LiPrBr6,2
Rb2LiPrCl6,2
Rb2LiPrF6,1
Rb2LiPrI6,2
Rb2LiRhCl6,3
Rb2LiRhF6,2
Rb2LiRuCl6,3
Rb2LiRuF6,1
Rb2LiSbBr6,1
Rb2LiSbCl6,1
Rb2LiSbF6,1
Rb2LiSbI6,1
Rb2LiScCl6,3
Rb2LiScF6,1
Rb2LiSmCl6,2
Rb2LiTbCl6,2
Rb2LiTiF6,1
Rb2LiTlBr6,2
Rb2LiTlCl6,3
Rb2LiTlF6,1
Rb2LiTmCl6,3
Rb2LiVCl6,2
Rb2LiVF6,1
Rb2LiVO4,2
Rb2LiVS4,2
Rb2LiYBr6,2
Rb2LiYCl6,4
Rb2LiYF6,1
Rb2LiYI6,3
Rb2LuAgCl6,1
Rb2LuCuCl6,1
Rb2MgCl4,3
Rb2MgF4,2
Rb2MgH4,6
Rb2MgNb2(TeO6)2,6
Rb2MgO2,3
Rb2Mn3O4,1
Rb2Mn3S4,2
Rb2Mn3Se4,1
Rb2Mn3Te4,1
Rb2MnAgF6,1
Rb2MnBr4,6
Rb2MnCl4,4
Rb2MnCl6,6
Rb2MnCuF6,1
Rb2MnF4,1
Rb2MnF5,4
Rb2MnF6,11
Rb2MnFe(CN)6,2
Rb2MnHgF6,2
Rb2MnI4,4
Rb2MnS2,1
Rb2MnSe2,3
Rb2MnTe2,1
Rb2MnTlF6,2
Rb2Mo(OF2)2,5
Rb2MoBr6,2
Rb2MoO4,11
Rb2NaAlCl6,2
Rb2NaAlF6,2
Rb2NaAsBr6,2
Rb2NaAsCl6,1
Rb2NaAsF6,1
Rb2NaAuF6,2
Rb2NaBiBr6,4
Rb2NaBiCl6,3
Rb2NaBiF6,2
Rb2NaBiI6,2
Rb2NaCeBr6,2
Rb2NaCeCl6,1
Rb2NaCeF6,2
Rb2NaCeI6,2
Rb2NaCoF6,1
Rb2NaCrCl6,4
Rb2NaCrF6,1
Rb2NaCuF6,2
Rb2NaDyCl6,5
Rb2NaErCl6,3
Rb2NaErF6,2
Rb2NaEuCl6,2
Rb2NaFeF6,1
Rb2NaGaBr6,2
Rb2NaGaCl6,3
Rb2NaGaF6,1
Rb2NaGdCl6,2
Rb2NaHoF6,2
Rb2NaInBr6,2
Rb2NaInCl6,3
Rb2NaInF6,2
Rb2NaInI6,1
Rb2NaIrF6,1
Rb2NaLaCl6,2
Rb2NaMnF6,1
Rb2NaMoBr6,2
Rb2NaMoCl6,2
Rb2NaMoF6,1
Rb2NaMoI6,1
Rb2NaNbF6,1
Rb2NaNdBr6,2
Rb2NaNdCl6,2
Rb2NaNdF6,2
Rb2NaNdI6,2
Rb2NaPbF6,1
Rb2NaPdF6,2
Rb2NaPrBr6,2
Rb2NaPrCl6,2
Rb2NaPrF6,2
Rb2NaPrI6,2
Rb2NaRhF6,3
Rb2NaRuF6,1
Rb2NaSbBr6,2
Rb2NaSbCl6,2
Rb2NaSbF6,2
Rb2NaSbI6,2
Rb2NaScBr6,3
Rb2NaScCl6,5
Rb2NaScF6,1
Rb2NaScI6,2
Rb2NaSmCl6,2
Rb2NaSmF6,2
Rb2NaTbCl6,4
Rb2NaTbF6,2
Rb2NaTiF6,1
Rb2NaTlBr6,2
Rb2NaTlCl6,2
Rb2NaTlF6,2
Rb2NaTmCl6,5
Rb2NaVCl6,3
Rb2NaVF6,1
Rb2NaYBr6,4
Rb2NaYCl6,4
Rb2NaYF6,2
Rb2NaYI6,2
Rb2NaYbF6,1
Rb2NbAgS4,2
Rb2NbAgSe4,2
Rb2NbCl6,3
Rb2NbCuS4,3
Rb2NbCuSe4,2
Rb2NbF6,4
Rb2NdAgBr6,2
Rb2NdAgCl6,2
Rb2NdAgF6,2
Rb2NdAgI6,2
Rb2NdCuBr6,2
Rb2NdCuCl6,1
Rb2NdCuI6,2
Rb2Ni3Se4,2
Rb2NiAgF6,1
Rb2NiAs2,2
Rb2NiF4,2
Rb2NiF6,7
Rb2NiO2,3
Rb2NiP2,2
Rb2O,27
Rb2O2,16
Rb2O3,5
Rb2P2Pd,3
Rb2P2Pt,3
Rb2P3,1
Rb2Pb2O3,3
Rb2PbCl6,5
Rb2PbO2,3
Rb2PbO3,2
Rb2Pd,3
Rb2Pd(IBr2)2,2
Rb2Pd3S4,2
Rb2Pd3Se4,2
Rb2PdBr6,4
Rb2PdC2,1
Rb2PdCl4,3
Rb2PdCl6,3
Rb2PdF6,5
Rb2PdI6,3
Rb2PdSe2,4
Rb2PrAgBr6,2
Rb2PrAgCl6,2
Rb2PrAgF6,2
Rb2PrAgI6,2
Rb2PrCuBr6,2
Rb2PrCuCl6,2
Rb2Pt3S4,1
Rb2PtC2,1
Rb2PtCl6,4
Rb2PtF6,3
Rb2PtI5,3
Rb2PtI6,4
Rb2PtS2,4
Rb2PtSe2,4
Rb2ReF6,12
Rb2RhF6,3
Rb2S,5
Rb2S3,5
Rb2SbAuBr6,2
Rb2SbAuCl6,2
Rb2SbAuI6,2
Rb2SbBr6,4
Rb2SbCl6,4
Rb2ScAgBr6,1
Rb2ScAgCl6,2
Rb2ScAgF6,2
Rb2ScAgI6,1
Rb2ScAuCl6,2
Rb2ScCuCl6,2
Rb2ScCuF6,1
Rb2ScHgI6,1
Rb2ScInBr6,4
Rb2ScInCl6,4
Rb2ScInF6,1
Rb2ScInI6,2
Rb2ScTlBr6,2
Rb2ScTlCl6,2
Rb2ScTlF6,2
Rb2ScTlI6,2
Rb2Se,7
Rb2Se3,3
Rb2SeCl6,2
Rb2SeO4,7
Rb2SiAs2,4
Rb2SiF6,8
Rb2SiS3,3
Rb2SmAgCl6,2
Rb2SmCuCl6,1
Rb2Sn2O3,3
Rb2Sn2Se5,3
Rb2SnAs2,3
Rb2SnBr6,4
Rb2SnCl6,3
Rb2SnF6,5
Rb2SnHgTe4,2
Rb2SnI6,3
Rb2SnO2,2
Rb2SnO3,2
Rb2SnSe3,3
Rb2Sr(PO3)4,1
Rb2TaAgS4,2
Rb2TaCuS4,2
Rb2TaCuSe4,2
Rb2TaF7,4
Rb2TbAgCl6,3
Rb2TbCuCl6,1
Rb2TbF6,4
Rb2Te,7
Rb2Te2Pd,5
Rb2Te2Pt,4
Rb2Te3,5
Rb2Te5,1
Rb2TeBr6,3
Rb2TeCl6,4
Rb2TeI6,5
Rb2TeO3,5
Rb2TeSe4,3
Rb2Ti(AgS2)2,1
Rb2Ti(CuS2)2,2
Rb2Ti(TeO4)3,1
Rb2Ti(WO4)3,1
Rb2TiCl6,4
Rb2TlAgBr6,2
Rb2TlAgCl6,2
Rb2TlAgF6,2
Rb2TlAgI6,2
Rb2TlAsBr6,2
Rb2TlAsCl6,2
Rb2TlAsF6,1
Rb2TlAsI6,2
Rb2TlAu3,2
Rb2TlAuBr6,2
Rb2TlAuCl6,1
Rb2TlAuI6,2
Rb2TlBiBr6,2
Rb2TlBiF6,3
Rb2TlCoF6,1
Rb2TlCrF6,1
Rb2TlCuBr6,2
Rb2TlCuCl6,2
Rb2TlCuF6,1
Rb2TlGaBr6,1
Rb2TlGaCl6,1
Rb2TlGaF6,2
Rb2TlHgBr6,1
Rb2TlHgCl6,2
Rb2TlHgF6,1
Rb2TlHgI6,2
Rb2TlInBr6,3
Rb2TlInCl6,2
Rb2TlInF6,2
Rb2TlInI6,1
Rb2TlIrF6,2
Rb2TlMoF6,3
Rb2TlNiF6,1
Rb2TlPdF6,1
Rb2TlRhF6,3
Rb2TlRuF6,2
Rb2TlSbBr6,2
Rb2TlSbCl6,4
Rb2TlSbF6,1
Rb2TlSbI6,2
Rb2TlVF6,1
Rb2TmAgCl6,2
Rb2TmCuCl6,2
Rb2VAgF6,1
Rb2VAgS4,2
Rb2VAgSe4,2
Rb2VCuS4,2
Rb2W(OF2)2,1
Rb2WBr6,2
Rb2WCl6,3
Rb2WO4,6
Rb2YAgBr6,2
Rb2YAgCl6,3
Rb2YAgF6,1
Rb2YAgI6,2
Rb2YCuBr6,1
Rb2YCuCl6,2
Rb2YCuI6,1
Rb2YInBr6,3
Rb2YInCl6,4
Rb2YInF6,2
Rb2YInI6,2
Rb2YTlBr6,3
Rb2YTlCl6,3
Rb2YTlF6,2
Rb2YTlI6,3
Rb2Zn3GeAs4,1
Rb2Zn3O4,1
Rb2Zn3S4,2
Rb2ZnF4,3
Rb2ZnI4,3
Rb2Zr2O5,2
Rb2ZrCl6,6
Rb2ZrF6,6
Rb2ZrO3,6
Rb3(Cu4S3)2,1
Rb3(Cu4Se3)2,1
Rb3(SeO4)2,2
Rb3AlBr6,3
Rb3AlCl6,3
Rb3AlF6,3
Rb3AlI6,3
Rb3AlO3,3
Rb3As,8
Rb3AsBr6,2
Rb3AsCl6,2
Rb3AsF6,4
Rb3AsI6,2
Rb3Au7,1
Rb3AuF6,3
Rb3AuO,4
Rb3BAs2,3
Rb3BP2,2
Rb3Bi,6
Rb3Bi2,2
Rb3BiBr6,6
Rb3BiCl6,5
Rb3BiF6,8
Rb3BrO,6
Rb3CO3F,2
Rb3Ca2Cl7,2
Rb3Cd,10
Rb3CeCl6,3
Rb3CeF6,5
Rb3CoCl5,2
Rb3CoF6,1
Rb3CrF6,4
Rb3DyCl6,9
Rb3DyF6,5
Rb3DyO3,3
Rb3ErCl6,10
Rb3ErF6,3
Rb3ErO3,2
Rb3ErV2O8,2
Rb3EuF6,4
Rb3FeCl5,1
Rb3FeF6,7
Rb3GaCl6,3
Rb3GaF6,6
Rb3GaO3,4
Rb3GdF6,4
Rb3H(SeO4)2,4
Rb3H5Pd,2
Rb3H5Pt,2
Rb3Hg,16
Rb3HoCl6,9
Rb3HoF6,3
Rb3HoO3,3
Rb3HoV2O8,2
Rb3IO5,2
Rb3InBr6,4
Rb3InCl6,5
Rb3InF6,9
Rb3InO3,5
Rb3InS3,4
Rb3IrF6,3
Rb3LaBr6,6
Rb3LaCl6,4
Rb3LiErV2O8,3
Rb3LiPb4,2
Rb3LiTbV2O8,5
Rb3Lu(PO4)2,1
Rb3LuCl6,4
Rb3LuO3,2
Rb3MgH5,1
Rb3Mn2Br7,2
Rb3Mn2Cl7,2
Rb3MnBr5,1
Rb3MnF6,3
Rb3MnH5,1
Rb3MoF6,4
Rb3Na,13
Rb3Na(MoO4)2,2
Rb3Na(RuO4)2,2
Rb3Na(WO4)2,2
Rb3NaBe2F8,1
Rb3NaH4,2
Rb3NbF6,1
Rb3NdF6,7
Rb3NiF6,1
Rb3NiO2,3
Rb3PdF5,2
Rb3PdF6,3
Rb3PrCl6,4
Rb3PrF6,7
Rb3RhF6,5
Rb3RuF6,3
Rb3Sb,5
Rb3Sb2Au3,1
Rb3Sb2Br9,3
Rb3SbBr6,3
Rb3SbCl6,2
Rb3SbF6,4
Rb3SbI6,2
Rb3SbO3,4
Rb3ScBr6,5
Rb3ScCl6,8
Rb3ScF6,7
Rb3ScI6,5
Rb3ScV2O8,2
Rb3SmCl6,8
Rb3SmF6,5
Rb3Sn4Au,1
Rb3TaO8,1
Rb3TbCl6,8
Rb3TbF6,5
Rb3TiF6,6
Rb3TlBr6,2
Rb3TlCl6,4
Rb3TlF6,6
Rb3TmCl6,7
Rb3TmF6,3
Rb3TmO3,3
Rb3Y(PO4)2,3
Rb3YBr6,6
Rb3YCl6,7
Rb3YF6,4
Rb3YI6,4
Rb3YO3,3
Rb3YV2O8,2
Rb3YbF6,3
Rb3YbV2O8,1
Rb3ZnH5,1
Rb4CuSi2O7,2
Rb4FeSbCl12,1
Rb4I2O,3
Rb4InSbCl12,2
Rb4PbO4,4
Rb4SbRhCl12,1
Rb4SiO4,5
Rb4Sn2Au7,1
Rb4SnO3,2
Rb4SnO4,2
Rb4TiO4,3
Rb4TlSbCl12,1
Rb5(DyI4)3,1
Rb5(TmI4)3,1
Rb5Au3O2,1
Rb5Bi4,1
Rb5Dy3Br12,1
Rb5FeO4,5
Rb5Sb4,2
Rb5Tl11Cd2,1
Rb5Tm3Br12,1
Rb6AlSb3,1
Rb6Fe2O5,1
Rb7Au5O2,1
RbAg3S2,4
RbAg3Se2,4
RbAg5Se3,2
RbAgBr3,23
RbAgCl3,25
RbAgF3,4
RbAgO,6
RbAgO2,8
RbAl(MoO4)2,3
RbAl(SO4)2,5
RbAl(SeO4)2,5
RbAlF4,10
RbAlH4,12
RbAlNiF6,4
RbAlO2,27
RbAs,15
RbAsF6,10
RbAsO2,7
RbAu,22
RbAu(IO3)4,2
RbAu(SO4)2,4
RbAu(SeO4)2,3
RbAu3Se2,2
RbAu5,6
RbAuBr3,6
RbAuBr4,5
RbAuCl3,9
RbAuCl4,11
RbAuF4,6
RbAuI3,35
RbAuO,3
RbAuO2,10
RbAuS,6
RbAuSe,7
RbB2SbO6,1
RbBH4,6
RbBS3,4
RbBSe3,6
RbBa2Ni2F9,1
RbBa4Sb3O,1
RbBaSiHO4,1
RbBe2BO3F2,2
RbBe2F5,2
RbBi2,5
RbBi2Br7,2
RbBiF6,8
RbBiS2,12
RbBr,24
RbBrF4,5
RbBrO3,3
RbBrO4,3
RbC8,3
RbCNO,3
RbCO2,9
RbCa(FeAs)4,1
RbCa2Nb3O10,3
RbCa2Ta3O10,4
RbCaAs,3
RbCaBr3,30
RbCaCl3,28
RbCaF3,26
RbCaH3,3
RbCaHfF7,1
RbCaI3,8
RbCaSb,4
RbCaZrF7,1
RbCd(NO2)3,1
RbCd4As3,2
RbCdAuS2,3
RbCdBr3,6
RbCdCl3,12
RbCdF3,25
RbCdGeAs2,1
RbCeS2,4
RbCeSe2,5
RbCeTe2,6
RbCl,21
RbClO3,7
RbClO4,6
RbCoBr3,7
RbCoCl3,6
RbCoCuF6,1
RbCoN,4
RbCoNiF6,1
RbCr3S5,2
RbCr4O8,1
RbCr5S8,1
RbCr5Se8,1
RbCr5Te8,1
RbCrCl3,29
RbCrCoF6,3
RbCrCuF6,5
RbCrF3,3
RbCrF6,4
RbCrI3,6
RbCrNiF6,4
RbCrO2,6
RbCrSe2,9
RbCu2(SeO5)2,1
RbCu2Br3,3
RbCu2H3(SO5)2,1
RbCu2H3(SeO5)2,1
RbCu2I3,2
RbCu3S2,2
RbCu4S3,1
RbCu4Se3,1
RbCuBr3,11
RbCuCl3,13
RbCuF3,6
RbCuO,7
RbCuO2,10
RbCuPdSe5,1
RbDy2CuSe4,1
RbDyBeF6,1
RbDyO2,3
RbDyS2,4
RbErO2,4
RbErS2,4
RbErSe2,4
RbEuCl3,6
RbEuGeS4,1
RbEuO2,4
RbEuS2,2
RbF,20
RbF2,7
RbF3,25
RbFe(MoO4)2,1
RbFe(SO4)2,2
RbFe2S3,3
RbFe2Se3,2
RbFe2Te3,3
RbFeCl3,10
RbFeCuF6,3
RbFeF4,7
RbFeN,5
RbFeO2,13
RbFeS2,11
RbFeSe2,10
RbGa(SO4)2,6
RbGa(SeO4)2,5
RbGa3,6
RbGa7,3
RbGaH2,5
RbGaO2,25
RbGd2CuS4,1
RbGd2CuSe4,1
RbGdO2,2
RbGdS2,2
RbGdSe2,3
RbGdTe4,1
RbGe2N3,2
RbGeBr3,7
RbGeCl3,9
RbGeI3,3
RbGeIO6,1
RbH,28
RbH2N,6
RbH2OF,2
RbH3O2,5
RbHCO2,2
RbHF2,7
RbHO,20
RbHS,9
RbHfAgTe3,1
RbHfCdF7,1
RbHg2,9
RbHg3,8
RbHg5Cl11,1
RbHgF3,31
RbHgSbTe3,2
RbHoBeF6,1
RbHoO2,3
RbHoS2,4
RbHoSe2,4
RbI,19
RbI3,14
RbIO3,7
RbIO4,2
RbIn(MoO4)2,3
RbIn(TeMo)6,1
RbIn(WO4)2,2
RbIn4,2
RbIn5S8,1
RbInBr3,8
RbInCl3,35
RbInF3,9
RbInI3,7
RbInTe2,10
RbLa2TaTi2O10,1
RbLa2Ti2NbO10,1
RbLa2Ti3O9,1
RbLaMnWO6,1
RbLaO2,7
RbLaS2,9
RbLaSe2,9
RbLaSi(CN2)4,1
RbLaTa2O7,1
RbLi7(NiO3)2,1
RbLiBr2,10
RbLiCl2,9
RbLiCrO4,3
RbLiCu2H3(SO5)2,6
RbLiF2,9
RbLiMn3O4,2
RbLiMoO4,5
RbLiO,6
RbLiS,4
RbLiSe,3
RbLiZnS2,3
RbLu(WO4)2,2
RbLuBeF6,1
RbLuO2,2
RbLuS2,2
RbLuSe2,2
RbMgAlF6,4
RbMgCl3,11
RbMgCoF6,1
RbMgCrF6,3
RbMgCu2H3(SO5)2,3
RbMgF3,4
RbMgNiF6,1
RbMn4O8,3
RbMnAs,3
RbMnBr3,6
RbMnCuS2,2
RbMnF3,25
RbMnN2,4
RbMnP,2
RbMnSe2,9
RbMnTe2,9
RbMoPClO5,1
RbN3,8
RbNO2,10
RbNO3,16
RbNa2AuO2,1
RbNa2BO3,1
RbNa2Bi,9
RbNa2Sb,6
RbNa3,9
RbNaCd3O4,1
RbNaO,6
RbNaS,5
RbNaTiO3,1
RbNbAsClO5,1
RbNbCl6,10
RbNbO3,8
RbNbTeO6,4
RbNbWO6,2
RbNd2CuS4,1
RbNdMnWO6,1
RbNdNb2O7,1
RbNdO2,4
RbNdS2,5
RbNdSe2,5
RbNdTe2,7
RbNdTe4,1
RbNdTiNbO6F,1
RbNi2F6,2
RbNiBr3,3
RbNiCl3,4
RbNiW(OF)3,1
RbO2,21
RbO3,4
RbOsO3,5
RbP(HO2)2,5
RbPO3,13
RbPS3,4
RbPb2Br5,4
RbPbBr3,7
RbPbCl3,33
RbPbF3,13
RbPbI3,7
RbPbIO6,2
RbPd2F5,2
RbPdCl3,29
RbPdF3,5
RbPr(WO4)2,3
RbPrO2,3
RbPrS2,4
RbPrSe2,5
RbPrTe4,1
RbPt2Se3,3
RbReO4,9
RbRuF6,13
RbS,27
RbSO2F,3
RbSb,17
RbSb2,6
RbSbBrF3,1
RbSbCl6,7
RbSbF6,10
RbSbMoO6,2
RbSbO2,9
RbSbS2,12
RbSbSe2,13
RbSbWO6,2
RbSc(MoO4)2,1
RbSc(SO4)2,2
RbSc(WO4)2,2
RbSc5Te8,1
RbScBr3,28
RbScCl3,3
RbScF4,4
RbScO2,23
RbSe,25
RbSeBr3,32
RbSi2N3,1
RbSm(CO3)2,1
RbSm2CuS4,1
RbSm2CuSe4,1
RbSmI3,3
RbSmO2,4
RbSmS2,5
RbSmSe2,5
RbSmTe2,6
RbSn2Br5,4
RbSn3,8
RbSnBr3,31
RbSnCl3,32
RbSnF3,39
RbSnI3,27
RbSnIO6,3
RbSr2Nb3O10,4
RbSrCO3F,2
RbSrCl3,9
RbSrI3,9
RbSrSiHO4,1
RbTa(BO3)2,3
RbTa(CuSe2)2,2
RbTa(CuTe2)2,1
RbTa(PO4)2,2
RbTa2O6,1
RbTaCl6,9
RbTaO3,8
RbTbS2,4
RbTbSe2,4
RbTe,23
RbTe6,3
RbTeAu,14
RbTi3AlO8,1
RbTi3FeO8,1
RbTi5Se8,1
RbTiBr3,4
RbTiCl3,4
RbTiCu3Se4,1
RbTiZnOF5,1
RbTl(FeSe)8,1
RbTl(SO4)2,5
RbTl2Bi,9
RbTl3,9
RbTlBr3,5
RbTlCl2,17
RbTlCl3,29
RbTlF3,29
RbTlI3,5
RbTlO,4
RbTlO2,9
RbTm(WO4)2,4
RbTmI3,3
RbTmO2,3
RbTmS2,5
RbV(CuS2)2,2
RbV4O10,1
RbV5S8,1
RbV5Se8,1
RbVBr3,7
RbVCl3,5
RbVF3,25
RbVN2,4
RbVO3,15
RbVP2S7,1
RbVSe2,10
RbWCl6,6
RbYBeF6,1
RbYMnWO6,1
RbYO2,8
RbYS2,23
RbYTe2,10
RbYbF3,3
RbZn4As3,1
RbZn4P3,1
RbZrCdF7,1
RbZrMnF7,2
Re,23
Re(AgCl3)2,4
Re(RhO3)2,1
Re(Te2Mo)2,1
Re(TeCl6)2,2
Re2BiO6,1
Re2C,36
Re2MoSe4,1
Re2N,3
Re2Ni(MoS4)2,1
Re2O7,3
Re2P,25
Re2SbO6,1
Re2Si8MoW,1
Re3As7,1
Re3B,5
Re3Ge7,1
Re3HgO9,1
Re3N,1
Re3Ni,18
Re3NiO8,1
Re3Os,21
Re3P4,3
Re3Pd,5
Re3Pt,19
Re3Rh,24
Re3Ru,21
Re4(As2S)3,1
Re4As5S4,1
Re7B3,1
ReAgO4,2
ReB2,5
ReBMo,5
ReBW,5
ReBiO4,2
ReCl4,7
ReCl6,7
ReClO3,6
ReF6,14
ReF7,1
ReGe2,4
ReGeAs,2
ReH3O5,5
ReH4NO4,1
ReH8(Br3N)2,2
ReH8(NCl3)2,2
ReIr,34
ReIr3,21
ReMo3,21
ReN,27
ReN2,16
ReNCl4,2
ReNi(PbO3)2,1
ReNiO4,2
ReO2,4
ReO3,4
ReOs,35
ReOs3,25
ReP3,18
RePbBrO4,2
RePbClO4,2
ReRh3,25
ReRu3,18
ReS2,8
ReSbO6,2
ReSe2,23
ReSi,33
ReSi4Mo,3
ReSi4W,2
ReTe2,13
ReW2,18
ReW3,18
ReW4,4
ReWO6,1
Rh,26
Rh(OF3)2,1
Rh2O3,10
Rh2S3,3
Rh2Se3,3
Rh2WO6,2
Rh3(PbS)2,2
Rh3(PbSe)2,2
Rh3Se8,2
Rh3W,20
Rh4Pb5,2
RhBr3,18
RhCl3,19
RhF3,12
RhF6,8
RhI3,8
RhO2,9
RhPb,34
RhPb2,18
RhS2,10
RhSe2,23
Ru,21
Ru3Rh,20
Ru3W,19
RuBr3,20
RuCl(OF3)2,1
RuCl3,20
RuF3,8
RuF4,4
RuF6,9
RuN,17
RuO2,7
RuO4,6
RuPt,34
RuRh,34
RuRh3,20
RuRh4,11
RuRhS4,1
RuS2,6
RuSe2,25
S,80
S(ClO)2,1
S(IO3)2,1
S(OF)2,5
SBr,28
SCl,24
SF6,4
SO2,9
SO3,5
Sb,26
Sb(IF3)2,1
Sb(MoS)2,1
Sb16Te3,1
Sb2AsS2,1
Sb2Au,25
Sb2F13,3
Sb2HF13,1
Sb2I2F11,1
Sb2Ir,18
Sb2O3,12
Sb2O5,6
Sb2Os,14
Sb2PbO6,1
Sb2Pd,5
Sb2Pt,14
Sb2Pt3,4
Sb2Rh,17
Sb2Ru,20
Sb2S2O,6
Sb2S3,11
Sb2Se3,10
Sb2Te,20
Sb2Te3,15
Sb2TeRu,17
Sb2TeSe2,7
Sb2WO6,1
Sb3AsS6,3
Sb3ClO4,2
Sb3Ir,19
Sb3O4F,3
Sb3O7,2
Sb3O7F,1
Sb3Rh,13
Sb3TeClO6,1
Sb6O13,2
Sb7Mo3,1
Sb8Pd3Au,1
Sb8Te3,1
SbAs,31
SbAsF8,1
SbAsIr,5
SbAsO3,5
SbAsO4,4
SbAsPd,3
SbAsRh,7
SbAsRu,7
SbAu3,21
SbBr(OF3)2,1
SbBr3,28
SbCl(OF3)2,1
SbCl3,43
SbCl5,6
SbClF8,1
SbF3,65
SbF5,7
SbH(OF3)2,1
SbHO3,5
SbI3,13
SbIr,36
SbIrS,4
SbIrSe,10
SbN(OF3)2,1
SbO2,24
SbO2F,8
SbOF,17
SbOF3,9
SbOsS,4
SbOsSe,11
SbP(OF3)2,1
SbP2O7,9
SbPHO5,1
SbPO5,3
SbPb,30
SbPb2S2I3,4
SbPb3,22
SbPb4,8
SbPbBrO2,3
SbPbClO2,2
SbPbF7,2
SbPd,20
SbPd2,9
SbPd3,8
SbPd6Se,1
SbPdS,3
SbPdSe,4
SbPt,31
SbPt3,14
SbPt7,1
SbPtS,3
SbPtSe,9
SbRh,32
SbRh2,15
SbRh3,16
SbRhO4,5
SbRhS,3
SbRhSe,9
SbRu,34
SbRuS,5
SbRuSe,11
SbSBr,7
SbSI,10
SbTe,36
SbTe2,16
SbTe2F6,1
SbTeIr,10
SbTePd,7
SbTePd2,8
SbTePt,9
SbTeRh,10
SbTeRu,7
Sc,29
Sc(Al2Fe)4,1
Sc(AlC)3,3
Sc(AlFe)6,1
Sc(BC)2,3
Sc(CoGe)6,4
Sc(CoSi)2,7
Sc(CrGe)6,3
Sc(CuO2)2,3
Sc(CuS)3,1
Sc(CuSe)3,1
Sc(CuSi)2,4
Sc(Fe2P)2,1
Sc(Fe2Si)2,2
Sc(Fe5Si)2,1
Sc(FeGe)6,5
Sc(FeSi)2,8
Sc(FeSn)6,1
Sc(GaFe)6,1
Sc(MnAl2)4,1
Sc(MnGe)6,4
Sc(MnSn)6,5
Sc(Ni2As)2,1
Sc(P2Rh3)2,1
Sc(P2Ru3)2,1
Sc(ReO3)2,1
Sc(SiNi)2,6
Sc(TiGa2)2,2
Sc(TiN)9,1
Sc(VGa2)2,1
Sc2(NbGe)3,1
Sc2(NbSi)3,1
Sc2AgAu,15
Sc2AgHg,13
Sc2AgIr,15
Sc2AgOs,12
Sc2AgPt,15
Sc2AgRu,12
Sc2Al,17
Sc2Al3Ru,2
Sc2AlAg,15
Sc2AlB2Ir5,1
Sc2AlCd,17
Sc2AlCo3,4
Sc2AlCu,15
Sc2AlIr,11
Sc2AlOs,10
Sc2AlRu,9
Sc2AlSi2,4
Sc2AlZn,13
Sc2Au,18
Sc2BC2,2
Sc2BeB2Ir5,1
Sc2BeRu,12
Sc2C,34
Sc2CCl2,5
Sc2CO,10
Sc2CdAg,12
Sc2CdAu,18
Sc2CdGa,8
Sc2CdHg,15
Sc2CdIn,14
Sc2CdS4,2
Sc2CdSe4,1
Sc2Co,23
Sc2Co3Si,2
Sc2Co3Si5,3
Sc2CoB2Ir5,1
Sc2CoCu,13
Sc2CoGe2,3
Sc2CoIr,12
Sc2CoNi,11
Sc2CoOs,12
Sc2CoPt,11
Sc2CoRh,13
Sc2CoRu,12
Sc2CoSi2,7
Sc2CrB2Rh5,1
Sc2CuAu,11
Sc2CuB2Ir5,1
Sc2CuIr,11
Sc2CuNi,14
Sc2CuOs,10
Sc2CuPd,7
Sc2CuPt,11
Sc2CuRh,13
Sc2CuRu,10
Sc2Fe3Ru,2
Sc2Fe3Si,3
Sc2FeB2Ir5,1
Sc2FeB2Rh5,1
Sc2FeB2Ru2Rh3,1
Sc2FeB2Ru4Rh,1
Sc2FeB2RuRh4,1
Sc2FeSi2,7
Sc2Ga3Cu,6
Sc2Ga8Co,1
Sc2Ga8Ni,1
Sc2GaAg,5
Sc2GaAu,7
Sc2GaB2Ir5,1
Sc2GaB2Rh5,1
Sc2GaC,6
Sc2GaCu,5
Sc2GaIr,5
Sc2GaNi,6
Sc2GaOs,5
Sc2GaPd,7
Sc2GaPt,6
Sc2GaRu,4
Sc2GeB2Ir5,1
Sc2H5,4
Sc2In,16
Sc2InAg,14
Sc2InAu2,5
Sc2InC,7
Sc2InCu2,5
Sc2InHg,17
Sc2InNi2,5
Sc2InPd2,7
Sc2IrOs,14
Sc2IrPd,5
Sc2IrRh,13
Sc2IrRu,14
Sc2Mn3Si,2
Sc2MnB2Ir5,1
Sc2MnB2Rh5,1
Sc2MnNiO6,2
Sc2MnS4,2
Sc2MnSe4,2
Sc2NCl2,2
Sc2Ni2Sn,5
Sc2NiB2Ir5,1
Sc2NiIr,10
Sc2NiOs,10
Sc2NiPd,7
Sc2NiPt,9
Sc2NiRh,11
Sc2NiRu,9
Sc2O3,9
Sc2OsAu,11
Sc2OsPd,5
Sc2OsPt,12
Sc2OsRh,14
Sc2PdAu,7
Sc2PdPt,8
Sc2PdRh,6
Sc2PdRu,5
Sc2Pt,18
Sc2PtRh,13
Sc2RuAu,12
Sc2RuPt,12
Sc2RuRh,11
Sc2S3,7
Sc2SO2,4
Sc2Sb,16
Sc2Se3,10
Sc2Si2O7,2
Sc2Si2Pt3,1
Sc2Si2Ru,3
Sc2SiB2Ir5,1
Sc2SnAu2,5
Sc2Te3,13
Sc2Ti2O7,2
Sc2TiB2Ir5,1
Sc2TiO5,2
Sc2TlAg,13
Sc2TlC,8
Sc2TlCd,16
Sc2TlHg,15
Sc2TlZn,14
Sc2V2O7,2
Sc2VB2Ir5,1
Sc2ZnAg,15
Sc2ZnAu,17
Sc2ZnCu,11
Sc2ZnGa,8
Sc2ZnHg,15
Sc2ZnIn,15
Sc2ZnIr,14
Sc2ZnOs,14
Sc2ZnPd,8
Sc2ZnPt,12
Sc2ZnRu,12
Sc2ZnS4,1
Sc2ZnSe4,1
Sc3(CuGe)4,2
Sc3(CuSi)4,2
Sc3(MnNi2)2,1
Sc3(NiGe)4,2
Sc3(SiNi)4,3
Sc3Al,15
Sc3AlC,2
Sc3As2,6
Sc3B2Ir5,1
Sc3B2Rh5,1
Sc3BPb,2
Sc3Bi,7
Sc3Cd,16
Sc3Co2Ge3,2
Sc3Co2Si3,3
Sc3CoC4,2
Sc3Fe2Si3,2
Sc3FeC4,2
Sc3Ga,8
Sc3Ga5Co,2
Sc3Ga5Ni,2
Sc3GaC,2
Sc3Hg,17
Sc3In,13
Sc3InB,2
Sc3InC,2
Sc3InN,3
Sc3IrC4,3
Sc3Nb3(B2Ru5)2,1
Sc3NiC4,2
Sc3OsC4,1
Sc3P,17
Sc3P2,2
Sc3Pb,16
Sc3PbC,3
Sc3RhC4,3
Sc3RuC4,2
Sc3Sb,16
Sc3Si3Ni,2
Sc3Si3Ni2,3
Sc3Sn,8
Sc3SnB,2
Sc3SnC,3
Sc3Te4,7
Sc3Tl,16
Sc3TlB,2
Sc3TlC,2
Sc3V2Si3,1
Sc4C3,5
Sc4Co3Sb4,1
Sc4Co7Ge6,1
Sc4Ge6Ir7,1
Sc4Ge6Os7,1
Sc4Ge6Rh7,1
Sc4Ge6Ru7,1
Sc4OsCl4,1
Sc4S3N2,2
Sc4Si6Ir7,1
Sc4Ti3O12,2
Sc5CCl8,1
Sc5Cl8,1
Sc5Ga3,3
Sc5Ge3,2
Sc5NCl8,1
Sc5Pb3,3
Sc5Re2C7,1
Sc5Ru3,4
Sc5Si3,5
Sc5Sn3,1
Sc6CoTe2,2
Sc6FeSb2,1
Sc6FeTe2,1
Sc6InCo2,1
Sc6MnTe2,1
Sc6N2O5,2
Sc6NiTe2,2
Sc6ReO12,1
Sc6Te2Ir,1
Sc6Te2Os,1
Sc6Te2Rh,1
Sc6Te2Ru,1
Sc7(CCl5)2,1
Sc7BCl12,1
Sc7CBr12,1
Sc7CI12,1
Sc7Cl10,1
Sc7Cl12,1
Sc7CoBr12,1
Sc7CoCl12,1
Sc7CoI12,1
Sc7NCl12,1
Sc7NiBr12,1
Sc7P3,1
ScAg,27
ScAg(PS3)2,1
ScAg(PSe3)2,1
ScAg2,18
ScAg3,16
ScAg4,7
ScAgGe,16
ScAgO2,9
ScAgO3,4
ScAgS2,27
ScAgSe2,22
ScAgSn,19
ScAl2,23
ScAl2Ni,17
ScAl3,18
ScAlAg2,10
ScAlAu,15
ScAlAu2,11
ScAlCO,2
ScAlCo,13
ScAlCo2,12
ScAlCu,14
ScAlCu2,12
ScAlFe,14
ScAlGe,19
ScAlIr2,13
ScAlNi,11
ScAlNi2,14
ScAlO3,7
ScAlPd2,5
ScAlPt2,10
ScAlRh2,13
ScAs,22
ScAsO4,3
ScAu,29
ScAu2,15
ScAu3,14
ScAu4,5
ScAuO2,5
ScB12,1
ScB2,3
ScB2Ir3,2
ScB2Os,4
ScB4Ir3,1
ScB4Os3,1
ScBC,3
ScBIr3,4
ScBO3,7
ScBRh3,2
ScBe5,6
ScBi,12
ScBiO3,8
ScBiPd,3
ScBiPd2,4
ScBr3,29
ScCd,33
ScCd3,17
ScCd7,3
ScCdAg2,10
ScCdAu2,12
ScCdCu2,9
ScCdCu3Se4,1
ScCdHg2,14
ScCdNi4,1
ScCdPd2,7
ScCdPt2,13
ScCdRh2,11
ScCl,30
ScCl3,27
ScCo,35
ScCo2,20
ScCo2Ge,6
ScCo2Sn,5
ScCo3B2,3
ScCo3C,2
ScCoC2,6
ScCoGe,7
ScCoNiSn,1
ScCoP,13
ScCoSi,14
ScCoSn,11
ScCoTe,5
ScCrC2,4
ScCrO3,4
ScCrO4,2
ScCu,28
ScCu2,18
ScCu3,19
ScCu4Sn,1
ScCuGe,30
ScCuO2,7
ScCuPd2,7
ScCuS2,8
ScCuSe2,23
ScCuSi,30
ScCuSn,24
ScF3,16
ScFe2,22
ScFeGe,6
ScFeO3,5
ScFeSi,12
ScGa,20
ScGa2,8
ScGa2Ni,8
ScGa2Ru,6
ScGa3,6
ScGa4Fe3Co8,1
ScGa5Co,1
ScGa5Fe,1
ScGa5Ni,1
ScGaCo2,6
ScGaCu,10
ScGaCu2,5
ScGaIr2,5
ScGaNi,10
ScGaNi2,6
ScGaO3,7
ScGaPd,7
ScGaPd2,5
ScGaPt,6
ScGaPt2,7
ScGaRh2,6
ScGaRu2,5
ScGe,18
ScGe2,9
ScGeAu,24
ScGeIr,7
ScGeOs,7
ScGePd,10
ScGePt,9
ScGeRh,9
ScGeRh2,6
ScGeRu,8
ScH2,12
ScH3,12
ScHCl,8
ScHO2,12
ScHg,28
ScHg3,16
ScI3,12
ScIn,32
ScIn2,18
ScIn3,16
ScInAg2,11
ScInAu2,10
ScInCu2,10
ScInCu4,1
ScInIr2,12
ScInNi2,11
ScInNi4,1
ScInO3,6
ScInPd2,6
ScInPt,11
ScInPt2,14
ScInRh2,14
ScIr,30
ScIr2,25
ScIr3,21
ScMn2,25
ScMn2Ga3S8,1
ScMn2O4,2
ScMn2O5,2
ScMn2SbO6,2
ScMn3(BiO3)4,1
ScMn6(Sn2Ge)2,2
ScMn6GaGe5,3
ScMnCr,8
ScMnGe,7
ScMnO3,4
ScMnRh2,12
ScMnSi,11
ScN,15
ScNb(NiSn)2,1
ScNb(PbO3)2,3
ScNb2B2Ru5,2
ScNbO4,6
ScNbOs2,4
ScNbRu2,5
ScNi,28
ScNi2,21
ScNi2SbO6,1
ScNi2Sn,7
ScNi3,19
ScNi4Au,1
ScNi4Sn,1
ScNi5,8
ScNiBi,1
ScNiC2,5
ScNiGe,10
ScNiP,15
ScNiSb,8
ScNiSn,9
ScO,17
ScOF,8
ScOs2,25
ScP,24
ScP2O7,1
ScPIr,12
ScPO4,2
ScPPt,14
ScPRu,17
ScPS4,3
ScPb3,13
ScPd,16
ScPd2Pb,5
ScPd3,6
ScPt,32
ScPt3,17
ScRe2,23
ScRh,32
ScRh2Pb,9
ScRh3,22
ScRh3C,2
ScRhO3,6
ScRu,33
ScRu2,23
ScRu3C,2
ScS,18
ScSb,27
ScSb(PbO3)2,2
ScSbPd,6
ScSbPt,9
ScSbRh2,11
ScSbRu2,14
ScSe,25
ScSeO3F,1
ScSi,38
ScSi2Rh,16
ScSi3Ni,6
ScSi3Ni2,4
ScSiAu,25
ScSiIr,10
ScSiNi,14
ScSiPd,11
ScSiPt,10
ScSiPt2,16
ScSiRh,11
ScSiRh2,12
ScSiRu,10
ScSn2,8
ScSn3,6
ScSnAu,23
ScSnPd,10
ScSnPd2,6
ScSnPt,10
ScSnPt2,7
ScSnRh2,7
ScSnRu2,5
ScTa(PbO3)2,2
ScTaFe2,10
ScTaN2,7
ScTaO4,5
ScTaOs2,19
ScTaRu2,15
ScTe,28
ScTeRh,6
ScTi(NiSn)2,2
ScTi4(NiSn)5,1
ScTiO3,6
ScTiRu2,4
ScTl(MoO4)2,2
ScTl(SO4)2,3
ScTl3F6,6
ScTlF6,2
ScTlO3,6
ScTlP2S7,1
ScTlRh2,10
ScTlS2,7
ScTlSe2,20
ScTlTe2,18
ScV4Si3,1
ScVO3,5
ScVO4,5
ScVRu2,4
ScZn,28
ScZn12,3
ScZn2,18
ScZn2Ag,9
ScZn2Au,12
ScZn2Cu,11
ScZn2Pd,6
ScZn2Pt,12
ScZn3,16
ScZnAu2,12
ScZnCu,16
ScZnCu2,10
ScZnCu3Se4,1
ScZnNi2,11
ScZnPd,7
ScZnPd2,8
ScZnPt,13
ScZnPt2,13
ScZnRh2,11
Se,49
Se(OF)2,6
SeBr,43
SeBr2,14
SeCl,46
SeF4,3
SeO2,12
SeOF2,9
Si,55
Si(AgO)4,1
Si(AgP)2,1
Si(CN2)2,2
Si(HgO2)2,2
Si(Ni3Se)2,1
Si(NiO2)2,3
Si2BiO6,1
Si2CN4,1
Si2H2O5,4
Si2Hg6O7,1
Si2Ir,18
Si2Mo,22
Si2MoO6,3
Si2Ni,22
Si2Ni3H4O9,2
Si2Ni6B,1
Si2NiP3,2
Si2NiPd,4
Si2Os,24
Si2OsRu,16
Si2Rh3,3
Si2SnO6,1
Si2W,21
Si2WO6,1
Si3As4,1
Si3B3W10,1
Si3H,3
Si3Mo3W2,1
Si3Mo5,3
Si3MoPt2,1
Si3N4,14
Si3NiMo12,1
Si3NiP4,1
Si3Os2,6
Si3P2Pt,1
Si3P3Ir,2
Si3P3Rh,1
Si3Pt2,5
Si3Rh5,1
Si3Ru2,9
Si3Ru5,3
Si3W5,3
Si4MoW,3
Si4Ni9B2,1
Si4P4Os,1
Si4P4Ru,1
Si5GeW10,1
Si5Ir4,3
Si5Mo10P,1
Si5Pt12,2
Si5Rh4,1
Si6Ni3Au,1
Si6NiMo9,1
Si7(Ni2Au)2,1
Si7Ge,1
SiAgPt5,1
SiAs,39
SiB2Mo5,1
SiBi2O5,4
SiBr3,18
SiBr4,11
SiC,72
SiCl2,16
SiCl4,14
SiF4,6
SiGe,23
SiH,24
SiH4,28
SiH8,2
SiHg3(SF3)2,2
SiHgP2,17
SiI3,6
SiIr,34
SiIr2,21
SiIr3,20
SiMo3,18
SiNi,40
SiNi2,31
SiNi3,18
SiNi3Mo2,3
SiNi3W2,3
SiNi6Ge,4
SiNiPd,8
SiO2,255
SiOs,39
SiP2,24
SiP2O7,5
SiPN3,4
SiPd,18
SiPd2,10
SiPd3,8
SiPt,44
SiPt2,21
SiPt3,20
SiPt5Pb,1
SiPtSe,9
SiRh,36
SiRh2,18
SiRu,39
SiRu2,18
SiS,30
SiS2,10
SiSbPt5,2
SiSe2,53
SiSnPd5,2
SiSnPt5,1
SiTe2,38
Sm,17
Sm(AgGe)2,1
Sm(Al2Cr)4,1
Sm(Al2Cu)4,1
Sm(Al2Fe)4,1
Sm(Al3Fe)3,1
Sm(AlAu)2,2
Sm(AlGe)2,2
Sm(AlSi)2,2
Sm(AlZn)2,4
Sm(AsPd)2,3
Sm(BC)2,4
Sm(BIr)2,3
Sm(BIr)4,2
Sm(BO2)3,2
Sm(BOs)2,2
Sm(BOs)4,1
Sm(BRh)4,2
Sm(BRu)2,2
Sm(Co2B)6,1
Sm(Co5Mo)2,1
Sm(CoB)2,1
Sm(CoB)4,3
Sm(CoGe)2,3
Sm(CoP)2,3
Sm(CoSi)2,3
Sm(CrB3)2,1
Sm(CrFe5)2,1
Sm(CuGe)2,3
Sm(CuO2)2,2
Sm(CuSi)2,2
Sm(CuSn)2,2
Sm(CuTe)3,1
Sm(DyS2)2,5
Sm(ErS2)3,1
Sm(ErSe2)3,1
Sm(Fe5Mo)2,1
Sm(Fe5Re)2,1
Sm(Fe5Si)2,2
Sm(FeGe)2,3
Sm(FeO2)2,2
Sm(FeP3)4,1
Sm(FeSi)2,2
Sm(GaFe)6,1
Sm(GaPd)2,2
Sm(GdS2)2,1
Sm(Ge2Rh3)2,1
Sm(Ge3Pt)4,1
Sm(GeIr)2,2
Sm(GePd)2,2
Sm(GePt)2,2
Sm(GeRh)2,2
Sm(GeRu)2,2
Sm(HO)3,2
Sm(InCu)6,1
Sm(MgBi)2,1
Sm(MgSb)2,1
Sm(MnAl2)4,1
Sm(MnCo2)4,1
Sm(MnGe)2,1
Sm(MnGe)6,4
Sm(MnSi)2,2
Sm(MnSn)6,2
Sm(Mo3S4)2,1
Sm(Mo3Se4)2,1
Sm(Ni2Sn)2,1
Sm(NiAs)2,2
Sm(NiB)2,3
Sm(NiGe)2,2
Sm(NiGe)3,2
Sm(NiP)2,3
Sm(NiSb)2,2
Sm(NiSn)2,2
Sm(PIr)2,2
Sm(PPd)2,1
Sm(PRu)2,1
Sm(Re2Si)2,2
Sm(Sb3Os)4,1
Sm(SiAg)2,1
Sm(SiAu)2,2
Sm(SiIr)2,3
Sm(SiNi)2,2
Sm(SiPd)2,2
Sm(SiPt)2,3
Sm(SiRh)2,2
Sm(SiRu)2,2
Sm(Sn3Ru2)2,1
Sm(Tl3Te2)3,1
Sm(VFe5)2,1
Sm(ZnGa)2,3
Sm(ZnP)3,2
Sm10Sb3Se7,1
Sm12Co6Pb,1
Sm12Co6Sn,1
Sm12InCo6,1
Sm2(CN2)3,1
Sm2(CoCu)5,2
Sm2(CoNi)5,2
Sm2(InSn)3,3
Sm2(Zn2Ge)3,1
Sm2AgGe6,1
Sm2AgHg,3
Sm2AgIr,9
Sm2AgRh,6
Sm2AgRu,5
Sm2AgSn,4
Sm2Al2Fe15,1
Sm2Al2Fe15C,1
Sm2Al3Ge4,1
Sm2Al4Fe13,1
Sm2AlAg3,4
Sm2AlCd,5
Sm2AlGe6,1
Sm2AlNi2,4
Sm2AlZn,5
Sm2AsSe,6
Sm2Au,5
Sm2Bi,3
Sm2BiO2,1
Sm2C,6
Sm2C(NO)2,1
Sm2C3,1
Sm2CdAu2,2
Sm2CdCu2,4
Sm2CdGe2,1
Sm2CdIn,4
Sm2CdIr,6
Sm2CdNi2,3
Sm2CdPd2,3
Sm2CdRh2,2
Sm2CdS4,2
Sm2CdSb4,1
Sm2Co16Ag,1
Sm2Co16Ge,1
Sm2Co17,2
Sm2Co3Ge5,2
Sm2Co7,2
Sm2CoGe2,2
Sm2Cr2C3,2
Sm2Cr2Fe15,1
Sm2CrFe16,1
Sm2Cu2O5,4
Sm2CuGe6,1
Sm2CuIr,5
Sm2CuO4,2
Sm2CuRu,5
Sm2CuTe4,2
Sm2EuS4,1
Sm2EuSe4,1
Sm2Fe15Co2,2
Sm2Fe15Si2,2
Sm2Fe17,1
Sm2Fe17C,1
Sm2Fe17N,1
Sm2Fe3Ru,2
Sm2Fe4Co13,1
Sm2Fe5Co12C,1
Sm2FeGe4,1
Sm2Ga2Co15,1
Sm2Ga2Co5,1
Sm2Ga2Fe12Co3C,1
Sm2Ga2Fe15,3
Sm2Ga2Fe15C,1
Sm2Ga3Co,3
Sm2Ga3Cu,4
Sm2Ga3Ni,4
Sm2Ga5Cu3,4
Sm2Ga8Co,1
Sm2Ga9Ru5,1
Sm2GaAg,4
Sm2GaNi2,4
Sm2Ge2O7,8
Sm2Ge2Rh,1
Sm2Ge2Ru,1
Sm2Ge3Pt,2
Sm2Ge5Ir3,2
Sm2Ge5Pd3,1
Sm2Ge5Pt3,2
Sm2Ge5Rh3,1
Sm2Ge5Ru3,2
Sm2Ge6Au,1
Sm2Ge6Pd,1
Sm2GeRh3,2
Sm2GeRu3,1
Sm2HgO4,1
Sm2HgPb,3
Sm2IO2,3
Sm2In,6
Sm2In3Cu,4
Sm2In3Ni,1
Sm2In8Co,1
Sm2In8Pd,1
Sm2InAg,4
Sm2InAu2,1
Sm2InGe2,1
Sm2InHg,4
Sm2InNi2,3
Sm2InPd2,4
Sm2IrAu,6
Sm2IrPd,6
Sm2IrRh,5
Sm2IrRu,3
Sm2Mg,6
Sm2MgAl,3
Sm2MgCd,4
Sm2MgCu2,3
Sm2MgGe2,1
Sm2MgIn,3
Sm2MgIrO6,2
Sm2MgNi2,3
Sm2MgPd2,1
Sm2MgPtO6,2
Sm2MgRu,5
Sm2MgS4,8
Sm2MgSe4,7
Sm2MgSi2,1
Sm2MgTl,3
Sm2Mn2Al2Fe13,1
Sm2Mn2Al2Fe13C,1
Sm2Mn2Fe15,1
Sm2MnGa6,1
Sm2MnNiO6,2
Sm2MnRhO6,1
Sm2Mo2C3,2
Sm2Ni7,2
Sm2NiGe3,3
Sm2NiIr,4
Sm2NiPtO6,2
Sm2NiRu,4
Sm2NiRuO6,2
Sm2NiSn4,2
Sm2O,4
Sm2O3,8
Sm2P3Pt4,1
Sm2PbS4,3
Sm2PbSe4,3
Sm2Pd2Pb,2
Sm2PdRh,7
Sm2PdRu,3
Sm2Re2Si2C,1
Sm2ReC2,2
Sm2RuAu,3
Sm2S2O,2
Sm2S3,7
Sm2SCl4,1
Sm2SO2,3
Sm2Sb,5
Sm2SbO2,2
Sm2ScSi2,3
Sm2Se3,9
Sm2SeO2,4
Sm2Si3Ge,1
Sm2Si3Pd,4
Sm2Si3Pt,3
Sm2Si5Ni3,1
Sm2Si5Pd3,1
Sm2Si5Pt3,1
Sm2Si5Rh3,1
Sm2Sn5,3
Sm2SnS5,2
Sm2Ta2Cl2O7,1
Sm2Te3,5
Sm2Te5,1
Sm2TeO2,4
Sm2Ti2S2O5,1
Sm2Ti3(BiO6)2,2
Sm2TiCo16,1
Sm2TiCuO6,1
Sm2TiMnO6,2
Sm2Tl,6
Sm2TlAg,3
Sm2TlCd,6
Sm2TlHg,6
Sm2TlIn,6
Sm2TlZn,3
Sm2TmS4,4
Sm2VCo16,1
Sm2VFe16,1
Sm2VFeO6,1
Sm2Zn17,2
Sm2ZnAg,3
Sm2ZnGa,6
Sm2ZnHg,3
Sm2ZnIn,4
Sm2ZnIr,6
Sm2ZnPtO6,2
Sm2ZnRu,4
Sm2ZnSb4,1
Sm2ZrFe16,1
Sm3(AgSn)4,1
Sm3(CoGe2)2,2
Sm3(CuGe)4,2
Sm3(CuSn)4,1
Sm3(Ge2Ru)2,1
Sm3(SiIr)2,2
Sm3Al,7
Sm3Al11,1
Sm3AlC,1
Sm3AlN,2
Sm3AuO6,3
Sm3B(SO)3,1
Sm3Bi4Au3,1
Sm3Cd,7
Sm3Co,9
Sm3Co11B4,1
Sm3Co6Sn5,1
Sm3Dy,25
Sm3DyS4,6
Sm3Er,25
Sm3ErS4,5
Sm3Eu,6
Sm3Eu3S8,2
Sm3FeO6,1
Sm3Ga,7
Sm3Ga2Sn3,1
Sm3GaC,1
Sm3GaCo3,1
Sm3GaO6,1
Sm3Gd,11
Sm3Ge5,4
Sm3HfSb5,1
Sm3Hg,6
Sm3Ho,27
Sm3HoS4,5
Sm3In,9
Sm3In5,3
Sm3InN,1
Sm3Ir,6
Sm3Lu,9
Sm3Mg,7
Sm3Ni,3
Sm3Ni13B2,1
Sm3Ni3Bi4,1
Sm3Ni7B2,3
Sm3Os,9
Sm3Pd4,1
Sm3Pt4,2
Sm3Rh,7
Sm3Rh2,4
Sm3Ru,7
Sm3S4,5
Sm3SOF5,1
Sm3Sb4Au3,1
Sm3Sb4Pt7,1
Sm3SbO3,2
Sm3Sc,7
Sm3Se4,6
Sm3Si3Ni,2
Sm3SnN,1
Sm3Te4,6
Sm3TiSb5,1
Sm3Tl5,3
Sm3TlC,1
Sm3Tm,25
Sm3TmS4,4
Sm3Y,27
Sm3YS4,7
Sm3Zn11,1
Sm3ZrSb5,1
Sm4(FeB2)3,1
Sm4As3,2
Sm4Bi2O,1
Sm4Bi3,1
Sm4Cu5P7,1
Sm4CuSn8,1
Sm4EuS5,1
Sm4FeSn8,1
Sm4Ga7Ag5,1
Sm4GdS5,1
Sm4Mg3Co2,1
Sm4Mg7Ge6,1
Sm4Ni3Ge8,1
Sm4S3N2,2
Sm4Sb3,2
Sm4Se3O4,2
Sm4Si9Ni7,1
Sm4Sn3,2
Sm5AgS8,1
Sm5AgSe8,1
Sm5Bi3,2
Sm5Co2,2
Sm5CuPb3,1
Sm5CuSe8,1
Sm5Ga3,4
Sm5Ge3,2
Sm5Ge3C,1
Sm5Ir2,1
Sm5Mg,5
Sm5Pb3,2
Sm5Ru2,2
Sm5Sb3,1
Sm5Sb3H,1
Sm5Si3,2
Sm5Si3C,1
Sm5Sn3,4
Sm5Tl3,6
Sm6Co2Sn,1
Sm6GaCo2,1
Sm6InCo2,1
Sm7Pd3,1
Sm7Pt3,1
Sm7Rh3,1
Sm8Sb3O8,1
Sm9Ga4,1
SmAg,3
SmAg2Hg,4
SmAg2Sn,2
SmAg3,7
SmAgAs2,4
SmAgAu2,3
SmAgGe,7
SmAgHg2,3
SmAgO2,5
SmAgPb,8
SmAl,4
SmAl2,8
SmAl2Ni,2
SmAl3,7
SmAl3(BO3)4,2
SmAl3Cu,4
SmAl3Ni,2
SmAl3Ni2,3
SmAl3Pd2,3
SmAl4,4
SmAl4Ni,2
SmAlAg2,5
SmAlAu,10
SmAlCu,8
SmAlCu4,4
SmAlFe,8
SmAlGa,15
SmAlGe,9
SmAlNi,10
SmAlO3,7
SmAlPd,7
SmAlPt,8
SmAlSi,11
SmAlZn,14
SmAs,3
SmAs2Au,5
SmAs2Pd3,2
SmAsO4,4
SmAsPd,9
SmAsPt,5
SmAsRuO,1
SmAsS,3
SmAsSe,4
SmAu,6
SmAu3,9
SmB12,1
SmB2Ir3,3
SmB2Rh2C,1
SmB2Rh3,3
SmB2Ru3,2
SmB4,2
SmB4(IrOs)2,1
SmB6,2
SmBO3,8
SmBRh3,1
SmBS3,3
SmBeCu4,2
SmBi,4
SmBi2Au,3
SmBi2BrO4,1
SmBi2ClO4,1
SmBi2IO4,1
SmBi3,5
SmBiAu2,3
SmBiO4,4
SmBiPd,5
SmBiPd2,4
SmBiRh,6
SmBiS3,3
SmBiTe3,2
SmBr2,9
SmBr3,11
SmBrO,7
SmC2,4
SmC6,1
SmCd,2
SmCd2,5
SmCd3,5
SmCdAg2,6
SmCdAu,9
SmCdAu2,4
SmCdCu,9
SmCdGa,7
SmCdHg2,4
SmCdIn,13
SmCdNi4,1
SmCdPd,12
SmCdPd2,4
SmCl2,9
SmCl3,11
SmClO,7
SmCo2,8
SmCo2Ni3,2
SmCo3,3
SmCo3B2,3
SmCo3Ni2,2
SmCo3NiB,1
SmCo4B,1
SmCo4Cu,2
SmCo5,4
SmCoC2,4
SmCoGe,8
SmCoGe2,4
SmCoGe3,2
SmCoP,7
SmCoSb2,1
SmCoSi,8
SmCoSi2,5
SmCoSi3,4
SmCr2Si2C,1
SmCrGe3,2
SmCrO3,4
SmCrO4,2
SmCrS3,3
SmCrSb3,1
SmCrTeO6,3
SmCu,4
SmCu2,5
SmCu4Ag,1
SmCu4Pd,3
SmCu5,5
SmCuGe,8
SmCuO2,3
SmCuO3,6
SmCuP2,2
SmCuPb,6
SmCuS2,6
SmCuSb2,2
SmCuSe2,5
SmCuSeO,2
SmCuSi,9
SmCuSn,8
SmDy3,29
SmDyC4,1
SmDyFe17,3
SmDyFe4,1
SmDyHg2,6
SmDyIn2,7
SmDyIr2,4
SmDyMg2,3
SmDyNi2,5
SmDyO3,4
SmDyRh2,5
SmDyRu2,3
SmDyTl2,6
SmDyZn2,4
SmEr(Co2Ni3)2,1
SmEr3,21
SmErFe17,3
SmErFe4,1
SmErHg2,6
SmErIn2,7
SmErIr2,4
SmErMg2,3
SmErNi2,5
SmErO3,5
SmErRh2,4
SmErRu2,4
SmErTl2,5
SmErZn2,4
SmEu3,5
SmEuB12,3
SmEuHg2,4
SmEuRh2,3
SmEuS2,2
SmEuSe2,2
SmEuZn2,3
SmF3,16
SmFe11Mo,1
SmFe12,2
SmFe2,4
SmFe2Co2B,1
SmFe2Ni2B,1
SmFe2SiC,1
SmFe3,3
SmFe4(CuO4)3,1
SmFe5,3
SmFeC2,3
SmFeCo,5
SmFeGe2,3
SmFeNi4,2
SmFeO3,5
SmFeP,5
SmFeSb2,1
SmFeSi,6
SmFeSi2,4
SmGa,7
SmGa2,6
SmGa2Co,3
SmGa2Co3,4
SmGa2Ni,4
SmGa2Ni3,6
SmGa3,6
SmGa3(BO3)4,3
SmGa3Ag,3
SmGa3Au,2
SmGa3Cu,4
SmGa3Pd,5
SmGa3Pt,5
SmGa4Co,2
SmGa4Ni,1
SmGa5Co,1
SmGa6,4
SmGaAu2,7
SmGaCo,10
SmGaNi,6
SmGaPd,8
SmGaPd2,7
SmGaPt,8
SmGaRh2,8
SmGaSb2,5
SmGaSi,9
SmGd3,6
SmGd3Al4O12,1
SmGdAg2,4
SmGdB12,2
SmGdCo17,1
SmGdIn2,4
SmGdS2,2
SmGdS3,1
SmGdSe2,3
SmGdZn2,3
SmGe,6
SmGe2,8
SmGe2Ir,4
SmGe2Pd,6
SmGe2Pt,3
SmGe3,4
SmGe5,2
SmGeAu,7
SmGeIr,6
SmGePd,13
SmGePd2,6
SmGePt,8
SmGeRh,9
SmGeRu,8
SmH2,6
SmH3,15
SmHO2,7
SmHfF7,2
SmHg2,8
SmHg3,5
SmHgAu2,5
SmHgPd,7
SmHo3,25
SmHo3Ni4,3
SmHoHg2,5
SmHoIn2,7
SmHoIr2,4
SmHoMg2,3
SmHoO3,5
SmHoRh2,5
SmHoRu2,3
SmHoTl2,6
SmHoZn2,4
SmI,4
SmI3,12
SmIO,5
SmIn,4
SmIn2Ir,3
SmIn2Rh,5
SmIn3,7
SmIn5Rh,1
SmIn7Cu5,1
SmInAg2,4
SmInAu,7
SmInAu2,4
SmInCo2,2
SmInCu,7
SmInCu2,4
SmInCu4,1
SmInIr,8
SmInNi,6
SmInO3,5
SmInPd,9
SmInPt4,1
SmInRh,9
SmInRh2,6
SmLu3,7
SmLuIn2,5
SmLuMg2,3
SmLuO3,1
SmLuRu2,3
SmLuSe3,2
SmLuTl2,2
SmLuZn2,3
SmMg,1
SmMg2,6
SmMg2Cr3S8,1
SmMg2Ni9,3
SmMg2Sc,5
SmMg3,7
SmMg3Ni8,1
SmMg5,4
SmMg5Sb4,1
SmMgAg,5
SmMgAg2,3
SmMgAu,7
SmMgAu2,3
SmMgCd2,3
SmMgGa,8
SmMgHg2,3
SmMgIn,7
SmMgPd,8
SmMgPt,9
SmMgRh2,3
SmMgTl,7
SmMgZn2,5
SmMn2Ni3,2
SmMn4(CuO4)3,1
SmMn5Co7,1
SmMn6(Sn2Ge)2,1
SmMnCo3Cu,1
SmMnGe2,5
SmMnO3,6
SmMnSi,5
SmMnSi2,4
SmMoClO4,4
SmN,2
SmNbO4,4
SmNi,9
SmNi2,6
SmNi2B2C,1
SmNi3,4
SmNi3Sn2,5
SmNi4B,1
SmNi5,4
SmNiAs,5
SmNiBi,1
SmNiC2,1
SmNiGe,8
SmNiGe2,2
SmNiGe3,2
SmNiO3,3
SmNiP,7
SmNiPb,5
SmNiSb,5
SmNiSb2,2
SmNiSn,7
SmOF,14
SmOs2,4
SmP,2
SmP5,1
SmPO4,4
SmPPd,10
SmPPt,6
SmPRu2C,1
SmPb3,7
SmPbAu2,3
SmPd,7
SmPd2Pb,5
SmPd3,6
SmPd3S4,1
SmPdPb,7
SmPt,7
SmPt2,7
SmPt3,6
SmRe2,3
SmRh,7
SmRh2,5
SmRh3C,1
SmRhC2,1
SmRhO3,3
SmRu2,4
SmS,3
SmS2,9
SmSBr,7
SmSF,7
SmSI,6
SmSb,2
SmSb2,6
SmSb2Au,3
SmSb2Pd,2
SmSbIr,5
SmSbPd,8
SmSbRh,6
SmSbS,2
SmSbTe,4
SmSbTe3,2
SmScO3,6
SmScS3,4
SmScSi,4
SmSe,9
SmSe2,5
SmSi,5
SmSi2,5
SmSi2Ni,1
SmSi2Rh,5
SmSi2Rh3,4
SmSi2Ru3,1
SmSi3Ir,3
SmSi3Ni,1
SmSi3Os,3
SmSi3Pt,3
SmSi3Rh,3
SmSiAg,7
SmSiNi4,1
SmSiPd,12
SmSiPd2,5
SmSiPt,6
SmSiPt3,4
SmSiRu,5
SmSn2,5
SmSn3,5
SmSnAu,7
SmSnAu2,4
SmSnIr,9
SmSnPd,11
SmSnPd2,7
SmSnPt,7
SmSnRh,11
SmSnRh2,5
SmTaO4,6
SmTe,9
SmTe2,6
SmTe3,4
SmTeAs,4
SmTiClO3,1
SmTiCo11,1
SmTiFe11,1
SmTiFe11C,1
SmTiFe5Co6,1
SmTiGe,3
SmTiO3,5
SmTiVFe10,1
SmTl,2
SmTl(PSe3)2,1
SmTl3,5
SmTlAg2,4
SmTlAu2,4
SmTlCd,7
SmTlO2,3
SmTlO3,3
SmTlPd,7
SmTlS2,3
SmTlSe2,3
SmTlTe2,6
SmTlZn,7
SmTm3,20
SmTmHg2,5
SmTmIn2,7
SmTmMg2,3
SmTmO3,5
SmTmRh2,3
SmTmRu2,3
SmTmS2,6
SmTmTl2,4
SmTmZn2,3
SmV2(FeCo)5,1
SmV2BiO8,2
SmVO3,3
SmVO4,4
SmVSb3,3
SmY(Co2Ni3)2,1
SmY(CoNi)2,1
SmY(MnGe)4,1
SmY3,28
SmY4Se5,5
SmYAg2,5
SmYAl2,3
SmYB12,1
SmYCo10,1
SmYCo17,2
SmYCo4,4
SmYCu4,4
SmYFe17,3
SmYFe4,1
SmYHg2,6
SmYIn2,7
SmYIr2,4
SmYMg2,4
SmYNi2,5
SmYO2,2
SmYO3,7
SmYRh2,5
SmYS2,6
SmYSe2,9
SmYTl2,7
SmYZn2,3
SmZn,2
SmZn12,2
SmZn2,6
SmZn2Ag,5
SmZn2Cd,5
SmZn3,7
SmZn5,4
SmZnAg2,6
SmZnAgAs2,1
SmZnAgP2,1
SmZnAu2,6
SmZnCuAs2,1
SmZnGa,14
SmZnGe,8
SmZnIn,13
SmZnNi,11
SmZnPO,2
SmZnPd,7
SmZnRh,10
SmZnSi,10
SmZnSn,7
SmZr4O9,1
SmZrF7,2
Sn,26
Sn(BiTe2)2,4
Sn(GeO3)2,2
Sn(HgSe2)2,4
Sn(Mo3S4)2,2
Sn(Mo3Se4)2,1
Sn(PS3)2,2
Sn(SbTe2)2,3
Sn(SeO3)2,6
Sn(TePd3)2,3
Sn2(PdPt)3,3
Sn2Ge5(SbTe5)2,1
Sn2GeTe3,3
Sn2IF3,4
Sn2Ir,8
Sn2Mo,6
Sn2OF2,4
Sn2OF5,1
Sn2PClO4,1
Sn2PbSe3,8
Sn2Pd2Au,7
Sn2Pd3Au,4
Sn2PdAu,9
Sn2Pt,5
Sn2Rh,10
Sn2Rh3S2,1
Sn2Ru,7
Sn2S3,4
Sn2Sb4Pt3,1
Sn2SbS2I3,3
Sn3As4,1
Sn3Bi,7
Sn3BiTe4,1
Sn3Hg,9
Sn3N4,1
Sn3PO4F3,1
Sn3Pb,9
Sn3Pd,5
Sn3Pt2,5
Sn3Ru2,2
Sn3Sb,8
Sn4As3,3
Sn4Au,3
Sn4Bi2Se7,1
Sn4Ir,5
Sn4P3,1
Sn4Pd,4
Sn4Pt,3
Sn4Rh,8
Sn4SF6,2
Sn4TeSe3,3
Sn5(BIr3)2,1
Sn5(BRh3)2,1
Sn5Ge2(SbTe5)2,1
Sn7(SBr5)2,1
Sn7(SI3)2,1
Sn7Ir2Os,1
Sn7Ir3,2
Sn7Ir5,2
Sn7Os3,1
Sn7Pd5,2
Sn7Ru3,1
SnAs,14
SnAu,18
SnAu3,11
SnAu5,7
SnBO3,5
SnBi,21
SnBi4Te7,1
SnBiO4,3
SnBr2,43
SnBr4,8
SnCN2,8
SnCl2,30
SnCl4,8
SnF2,41
SnF3,14
SnF4,5
SnGeS3,5
SnGeSe2,10
SnH4,12
SnH4(NF)2,1
SnH6CNCl3,2
SnH8(NCl3)2,2
SnH8(NF3)2,1
SnHg3,10
SnHgF6,4
SnHgO3,5
SnI2,24
SnI4,5
SnIr,19
SnIr2Se5,1
SnMo3,2
SnO,48
SnO2,20
SnP,18
SnP2O7,7
SnP3,2
SnPPd5,2
SnPPt5,1
SnPS3,6
SnPSe3,4
SnPb,21
SnPb3,10
SnPb4S5,2
SnPb4Se5,5
SnPbF4,4
SnPbS2,9
SnPbS3,5
SnPbSe2,15
SnPd,20
SnPd2,7
SnPd3,9
SnPt,18
SnPt3,7
SnPtS,3
SnPtSe,4
SnRh,25
SnRh2,6
SnRh3,5
SnS,30
SnS2,8
SnSb,21
SnSbO4,4
SnSbPt,9
SnSe,25
SnSe2,7
SnTe,21
SnTe(PbS)4,1
SnTe4Pb3,6
SnTe5Pb4,5
SnTePt,7
Sr,36
Sr(Ag2Sb)2,3
Sr(AgGe)2,4
Sr(AgSn)2,5
Sr(AlAu)2,5
Sr(AlGa)2,6
Sr(AlGe)2,6
Sr(AlH)2,3
Sr(AlS2)2,4
Sr(AlSe2)2,2
Sr(AlSi)2,7
Sr(AlTe2)2,3
Sr(As2Rh3)2,1
Sr(AsO3)2,4
Sr(AsPd)2,7
Sr(AsPt)2,5
Sr(AsRh)2,4
Sr(AsRu)2,3
Sr(AsS2)2,2
Sr(AuO2)2,1
Sr(B2Pt3)2,2
Sr(BIr)2,3
Sr(BRh)2,3
Sr(BeN)2,2
Sr(BiO2)2,4
Sr(BiPd)2,6
Sr(BrO3)2,4
Sr(CaSi3)2,2
Sr(Cd2Pt)2,1
Sr(CdAs)2,5
Sr(CdGa)2,4
Sr(CdGe)2,5
Sr(CdP)2,3
Sr(CdSb)2,7
Sr(CeS2)2,3
Sr(CeSe2)2,3
Sr(ClO3)2,4
Sr(CoAs)2,4
Sr(CoGe)2,6
Sr(CoP)2,3
Sr(CoSi)2,6
Sr(CrAs)2,2
Sr(Cu2Sn)2,1
Sr(CuGe)2,5
Sr(CuO)2,3
Sr(CuSb)2,5
Sr(CuSi)2,5
Sr(CuSn)2,5
Sr(ErS2)2,4
Sr(FeAs)2,4
Sr(FeP)2,4
Sr(FeSb3)4,1
Sr(GaAs)2,7
Sr(GaAu)2,6
Sr(GaH)2,2
Sr(GaRh)2,6
Sr(GaS2)2,3
Sr(GaSe2)2,3
Sr(GaTe2)2,3
Sr(GdS2)2,1
Sr(GdSe2)2,1
Sr(GeAu)2,5
Sr(GeIr)2,6
Sr(GePd)2,6
Sr(GeRh)2,6
Sr(GeRu)2,6
Sr(H2N)2,3
Sr(HO)2,8
Sr(IO3)2,6
Sr(InAs)2,5
Sr(InAu)2,6
Sr(InAu)3,4
Sr(InCu)2,6
Sr(InHg)2,7
Sr(InP)2,7
Sr(InTe2)2,4
Sr(LaS2)2,2
Sr(LaSe2)2,2
Sr(Li2P)2,2
Sr(MgAs)2,4
Sr(MgBi)2,6
Sr(MgIn)2,4
Sr(MgSb)2,5
Sr(MnGe)2,2
Sr(Mo3S4)2,2
Sr(NdS2)2,3
Sr(NdSe2)2,4
Sr(Ni2B)6,2
Sr(Ni2Sn)2,1
Sr(NiAs)2,5
Sr(NiGe)2,6
Sr(NiP)2,6
Sr(NiP2)2,2
Sr(NiSb)2,6
Sr(PIr)2,5
Sr(POs)2,3
Sr(PPd)2,4
Sr(PRh)2,3
Sr(PRu)2,4
Sr(PrS2)2,3
Sr(PrSe2)2,2
Sr(RhO2)4,3
Sr(RuO3)2,3
Sr(Sb3Ru)4,1
Sr(SbO3)2,2
Sr(SbPd)2,5
Sr(SbRu)2,4
Sr(Si3N4)2,1
Sr(SiAg)2,3
Sr(SiAu)2,5
Sr(SiPd)2,6
Sr(SiPt)2,7
Sr(SmS2)2,4
Sr(SmSe2)2,4
Sr(SnAs)2,5
Sr(SnAu)2,6
Sr(SnHg)2,7
Sr(TlHg)2,7
Sr(YS2)2,4
Sr(ZnAs)2,6
Sr(ZnGe)2,5
Sr(ZnN)2,3
Sr(ZnP)2,5
Sr(ZnSb)2,8
Sr(ZnSn)2,5
Sr12Sn4N3,1
Sr2(AlAg)5,2
Sr2(PPd)3,1
Sr2AgPt,11
Sr2Al3Ge,3
Sr2Al3In,1
Sr2Al7Ge,2
Sr2AlBiO6,2
Sr2AlGa3,4
Sr2AlIn3,2
Sr2AlSbO6,1
Sr2As,19
Sr2AsAu,9
Sr2AuN,7
Sr2B4Rh5,1
Sr2B5H2O11,1
Sr2BBrN2,1
Sr2Bi,4
Sr2Bi2O5,4
Sr2Bi3,3
Sr2BiAu,4
Sr2BrN,7
Sr2C(NCl)2,1
Sr2Ca2Cu3(BiO5)2,1
Sr2CaAlO4F,1
Sr2CaCu2(BiO4)2,2
Sr2CaEu,4
Sr2CaI6,14
Sr2CaIrO6,2
Sr2CaMoO6,2
Sr2CaOsO6,2
Sr2CaReO6,2
Sr2CaSbO6,2
Sr2CaSn5,1
Sr2CaTeO6,3
Sr2CaTi3O9,6
Sr2CaTlCu2O7,1
Sr2CaWO6,2
Sr2CdAs2,4
Sr2CdAu3,4
Sr2CdGa,6
Sr2CdHg,13
Sr2CdIn,11
Sr2CdN2,1
Sr2CdPb,13
Sr2CdPt2,7
Sr2CdSn,5
Sr2CdWO6,2
Sr2CeBiO6,4
Sr2CeEuCu2RuO10,1
Sr2CeFeO6,1
Sr2CeIrO6,2
Sr2CeNiO6,1
Sr2CeO4,2
Sr2CePrCu3(PbO5)2,1
Sr2CeSnO6,3
Sr2CeYCu2RuO10,1
Sr2CoN2,4
Sr2CrCuSO3,1
Sr2CrMoO6,2
Sr2CrO4,3
Sr2CrOsO6,2
Sr2CrReO6,1
Sr2CrSbO6,2
Sr2CrSnO6,2
Sr2CrWO6,2
Sr2Cu(OF)2,3
Sr2Cu(PO4)2,1
Sr2Cu2O5,3
Sr2Cu2RuPb2ClO8,1
Sr2Cu3(BrO2)2,1
Sr2Cu3O5,2
Sr2Cu6P5,1
Sr2CuBiO6,2
Sr2CuBrO2,1
Sr2CuClO2,2
Sr2CuF6,5
Sr2CuH6,5
Sr2CuMoO6,1
Sr2CuN2,2
Sr2CuO3,3
Sr2CuO4,1
Sr2CuOsO6,1
Sr2CuSbO6,2
Sr2CuTeO6,1
Sr2CuWO6,1
Sr2DyBiO6,4
Sr2DyCu3(PbO4)2,1
Sr2DyMnO6,1
Sr2DyMoO6,2
Sr2DyReO6,2
Sr2DyRuO6,4
Sr2DySbO6,3
Sr2DyTaO6,2
Sr2ErBiO6,3
Sr2ErCu3(PbO4)2,1
Sr2ErMoO6,2
Sr2ErReO6,2
Sr2ErRuO6,4
Sr2ErTaO6,2
Sr2Eu2TlNi2O9,1
Sr2Eu3Ge10,1
Sr2EuBiO6,3
Sr2EuCu3(PbO4)2,1
Sr2EuFeO5,1
Sr2EuSbO6,3
Sr2EuTa(CuO4)2,1
Sr2EuWO6,3
Sr2Fe2O5,5
Sr2Fe2S2OF2,1
Sr2FeBiO6,4
Sr2FeBiPbO6,2
Sr2FeCu(PbO3)2,2
Sr2FeCuSO3,1
Sr2FeH6,2
Sr2FeIrO6,2
Sr2FeMoO6,4
Sr2FeO4,2
Sr2FeOsO6,3
Sr2FeRuO6,5
Sr2FeSbO6,4
Sr2FeSnO6,3
Sr2FeWO6,6
Sr2GaBiO6,2
Sr2GaCuSO3,1
Sr2GaGeN,1
Sr2GaHg,7
Sr2GaOsO6,1
Sr2GaReO6,1
Sr2GaSbO6,2
Sr2GaSi,5
Sr2Gd2TlNi2O9,1
Sr2GdBiO6,3
Sr2GdCr(CuO4)2,1
Sr2GdCu2HgO7,1
Sr2GdCu2IrO8,1
Sr2GdCu2RuO8,2
Sr2GdCu3(PbO4)2,1
Sr2GdGaO5,1
Sr2GdMoO6,1
Sr2GdNbO6,3
Sr2GdReO6,1
Sr2GdRuO6,3
Sr2GdSbO6,3
Sr2GdTa(CuO4)2,1
Sr2GdTaO6,2
Sr2Ge,5
Sr2Ge2Pb,4
Sr2GeN2,3
Sr2GeS4,2
Sr2GeSe4,3
Sr2H3I,3
Sr2H3NO6,1
Sr2H5Rh,1
Sr2H6Os,1
Sr2H6Pt,4
Sr2H6Ru,2
Sr2HN,6
Sr2HfFeO6,3
Sr2HfNbO6,3
Sr2HfO4,4
Sr2HfSnO6,2
Sr2HfTiO6,5
Sr2HfZrO6,6
Sr2HgGe,6
Sr2HgPb,14
Sr2HoBiO6,3
Sr2HoCu2RuO8,1
Sr2HoCu3(PbO4)2,2
Sr2HoReO6,2
Sr2HoRuO6,3
Sr2HoSbO6,4
Sr2HoTaO6,2
Sr2IN,6
Sr2In2O5,4
Sr2In3Rh2,1
Sr2InHg,11
Sr2InI5,2
Sr2InN2,1
Sr2InOsO6,3
Sr2InPd2,6
Sr2InPt2,6
Sr2InSbO6,4
Sr2IrO4,3
Sr2La(FeO3)3,3
Sr2La2CrNiO8,1
Sr2La2CuRuO8,1
Sr2La2Mg(RuO4)3,2
Sr2La2MgRuO8,2
Sr2La2MgTi3O12,2
Sr2La2Mn4O11,1
Sr2La2Tl2Cu3O10,1
Sr2LaBiO6,4
Sr2LaCl7,4
Sr2LaGaO5,1
Sr2LaMn2O7,2
Sr2LaSbO6,5
Sr2LaTa3O11,1
Sr2Li2Nb3O10,1
Sr2Li2NiO4,1
Sr2Li4MnS3O2,1
Sr2LiCd,15
Sr2LiCoN2,2
Sr2LiFe2N3,1
Sr2LiGa,8
Sr2LiGe3,3
Sr2LiIn,11
Sr2LiLaTi4O12,1
Sr2LiMgSi3,1
Sr2LiNb3O10,2
Sr2LiOsO6,4
Sr2LiReN4,2
Sr2LiReO6,3
Sr2LiRh,13
Sr2LiSiO4F,1
Sr2LiTeO6,2
Sr2LiTl,12
Sr2LuBiO6,2
Sr2LuIrO6,3
Sr2LuNbO6,2
Sr2LuRuO6,2
Sr2LuTaO6,2
Sr2Mg,27
Sr2Mg(BO3)2,1
Sr2Mg3In5,3
Sr2MgH6,6
Sr2MgIn,11
Sr2MgIrO6,2
Sr2MgMnO4,1
Sr2MgMoO6,2
Sr2MgOsO6,2
Sr2MgReO6,3
Sr2MgTeO6,3
Sr2MgTl,11
Sr2MgWO6,2
Sr2Mn2O5,4
Sr2Mn3(AsO)2,1
Sr2MnClO3,1
Sr2MnCrO6,2
Sr2MnCu2(SO)2,1
Sr2MnCuSO3,1
Sr2MnGaO5,3
Sr2MnMoO6,5
Sr2MnNbO6,9
Sr2MnO4,2
Sr2MnReO6,3
Sr2MnRuO6,2
Sr2MnSbO6,1
Sr2MnSnO6,1
Sr2MnWO6,6
Sr2MnZn2(AsO)2,1
Sr2MoO4,3
Sr2N,5
Sr2NCl,5
Sr2Nb5O9,1
Sr2NbAlO6,1
Sr2NbCuO6,1
Sr2NbFeO6,9
Sr2NbGaO6,2
Sr2NbInO6,2
Sr2Nd2CrNiO8,1
Sr2Nd2MnCuO8,2
Sr2Nd2TlNi2O9,1
Sr2NdBiO6,4
Sr2NdCu2RuO9,1
Sr2NdCu3(PbO4)2,1
Sr2NdMn2O7,2
Sr2NdSbO6,4
Sr2NdSmMn4O12,2
Sr2NdTa(CuO4)2,2
Sr2NdTaO6,2
Sr2NdTlCu2O7,1
Sr2NiIrO6,2
Sr2NiMoO6,2
Sr2NiN2,2
Sr2NiO3F,1
Sr2NiOsO6,2
Sr2NiRuO6,3
Sr2NiTeO6,4
Sr2NiWO6,3
Sr2Pb,15
Sr2Pb3,4
Sr2PbO4,2
Sr2Pd,10
Sr2PdAu,10
Sr2PdO3,2
Sr2PdPt,9
Sr2Pr2CrNiO8,1
Sr2Pr2MnCuO8,2
Sr2Pr2Tl2Cu3O10,1
Sr2Pr2TlNi2O9,1
Sr2PrBiO6,4
Sr2PrCu3(PbO4)2,1
Sr2PrGaO5,1
Sr2PrO4,1
Sr2PrSbO6,5
Sr2PrTlCu2O7,1
Sr2PtAu,11
Sr2PtN2,3
Sr2Rh,16
Sr2RhO4,3
Sr2Ru3O10,2
Sr2RuN2,3
Sr2RuO4,4
Sr2Sb,17
Sr2SbAu,9
Sr2Sc2B4O11,2
Sr2ScBiO6,4
Sr2ScFeAsO3,1
Sr2ScGaO5,2
Sr2ScIrO6,2
Sr2ScNbO6,6
Sr2ScOsO6,2
Sr2ScReO6,1
Sr2ScSbO6,3
Sr2ScTaO6,6
Sr2Si,14
Sr2Si3,6
Sr2SiS4,1
Sr2Sm2TlNi2O9,1
Sr2SmBiO6,4
Sr2SmCu3(PbO4)2,1
Sr2SmNbO6,3
Sr2SmSbO6,4
Sr2SmTa(CuO4)2,2
Sr2Sn,5
Sr2SnO4,5
Sr2SnS4,3
Sr2TaAlO6,2
Sr2TaCrO6,4
Sr2TaFeO6,6
Sr2TaGaO6,1
Sr2TaInO6,2
Sr2TaMnO6,5
Sr2TaNO3,1
Sr2TbCu2IrO8,1
Sr2TbIrO6,3
Sr2TbNbO6,3
Sr2TbReO6,2
Sr2TbRuO6,3
Sr2TbSbO6,4
Sr2TbTaO6,2
Sr2Ti2As2OF2,1
Sr2Ti2Bi2OF2,1
Sr2Ti2O5,3
Sr2Ti2Sb2OF2,1
Sr2TiFeO6,2
Sr2TiMnO6,3
Sr2TiMoO6,4
Sr2TiO4,3
Sr2TiRuO6,4
Sr2TiSnO6,2
Sr2Tl2O5,5
Sr2TlCd,11
Sr2TlCuO5,2
Sr2TlHg,11
Sr2TlPb,14
Sr2TlZn,11
Sr2TmBiO6,3
Sr2TmNbO6,2
Sr2TmReO6,2
Sr2TmRuO6,3
Sr2TmTaO6,3
Sr2YCr(CuO4)2,1
Sr2YCu2BiPbO8,1
Sr2YCu2PbO7,1
Sr2YCu3(PbO4)2,2
Sr2YCu3O7,2
Sr2YFe3O8,1
Sr2YFeCu2O7,2
Sr2YIrO6,3
Sr2YNbO6,3
Sr2YOsO6,3
Sr2YReO6,2
Sr2YRuO6,2
Sr2YSbO6,4
Sr2YTaO6,3
Sr2YTlCu2O7,1
Sr2YTlFe2O7,1
Sr2YTlNi2O7,1
Sr2YbReO6,2
Sr2Zn2As3,1
Sr2Zn3(AsO)2,1
Sr2Zn3Cd,3
Sr2Zn5Si3,2
Sr2ZnCu2(SO)2,1
Sr2ZnGa,9
Sr2ZnHg,12
Sr2ZnIn,12
Sr2ZnMoO6,2
Sr2ZnN2,3
Sr2ZnPb,13
Sr2ZnReO6,2
Sr2ZnWO6,2
Sr2ZrGeO6,2
Sr2ZrMnO6,3
Sr2ZrMoO6,6
Sr2ZrNbO6,6
Sr2ZrO4,3
Sr2ZrSnO6,2
Sr2ZrTiO6,6
Sr3(AlAs2)2,2
Sr3(AlGe)2,2
Sr3(AlGe2)2,3
Sr3(AlIn2)2,2
Sr3(AlP2)2,1
Sr3(AlSi)2,3
Sr3(AlSn)2,1
Sr3(AsO4)2,4
Sr3(B3Rh4)2,1
Sr3(Cd2Ga)2,2
Sr3(FeO3)2,2
Sr3(GaAs2)2,3
Sr3(GaIr)4,2
Sr3(GaP2)2,3
Sr3(GeN)2,1
Sr3(InP2)2,2
Sr3(LiSb)4,1
Sr3(PO4)2,1
Sr3(SiAs2)2,2
Sr3(SnIr)4,1
Sr3Ag2,4
Sr3AlN3,2
Sr3AlO4F,1
Sr3As4,2
Sr3AsN,32
Sr3Au2,6
Sr3BPO3,1
Sr3BiN,3
Sr3BiP,8
Sr3Ca,44
Sr3Ca(CuO2)4,1
Sr3Ca(CuO3)2,1
Sr3Ca(FeO3)4,1
Sr3Ca(NCl)2,1
Sr3Ca(PbO4)2,1
Sr3Ca(SnO3)4,1
Sr3CaAl8,2
Sr3CaHf4O12,2
Sr3CaI8,3
Sr3CaMn2FeO10,2
Sr3CaMn2S2O5,1
Sr3CaNi2(WO6)2,1
Sr3CaO4,2
Sr3CaS4,1
Sr3CaSi8,1
Sr3CaSn16,1
Sr3CaTi4O12,5
Sr3CdO4,4
Sr3CeMn4O12,1
Sr3Co(CN)3,1
Sr3CoN3,1
Sr3Cr2Cu2S2O5,1
Sr3Cr2O8,2
Sr3CrN3,2
Sr3Cu3Pb3ClO8,1
Sr3DyMn2O8,1
Sr3Eu,9
Sr3Fe2Br2O5,2
Sr3Fe2Cl2O5,3
Sr3Fe2Cu2S2O5,1
Sr3Fe2Cu2Se2O5,1
Sr3Fe2O5,2
Sr3Fe2O7,1
Sr3Fe2RuO9,3
Sr3Fe2TeO9,2
Sr3FeMoO7,1
Sr3FeN3,1
Sr3FeRuO7,1
Sr3GaN3,3
Sr3GaO4F,1
Sr3GeO,3
Sr3GeO5,2
Sr3Hf2O7,3
Sr3Hg,15
Sr3Hg2,7
Sr3In11,1
Sr3In3Ga2,1
Sr3In4Pb,1
Sr3InN3,1
Sr3Ir2O7,4
Sr3IrN3,1
Sr3La(NiO4)2,1
Sr3La4O9,2
Sr3LaC2N4F5,1
Sr3LaCu2HgBiO10,2
Sr3LaCuRuO8,1
Sr3LaMn2(WO6)2,2
Sr3LaMn4O10,1
Sr3LaMn4O12,2
Sr3LaNb3O12,1
Sr3LaTa3O12,2
Sr3LaTaAl3O12,2
Sr3LaTi2Mn2O12,1
Sr3LaZnRuO8,1
Sr3Li,17
Sr3Li2,5
Sr3Li3(NiN)4,1
Sr3Li4(GeN3)2,1
Sr3Li4(SiN3)2,1
Sr3Mg,16
Sr3MgTa2O9,1
Sr3Mn2Cu2S2O5,1
Sr3Mn2O7,1
Sr3Mn4O12,1
Sr3MnN3,2
Sr3MnRuO7,1
Sr3Mo2O7,2
Sr3MoN3,2
Sr3Nb2CuO9,1
Sr3Nb2ZnO9,1
Sr3Nb4O13,1
Sr3NbN3,1
Sr3Nd(FeO4)2,1
Sr3NdCuRuO8,1
Sr3NdMn2O8,2
Sr3OsN3,2
Sr3P4,1
Sr3PN,3
Sr3PbO,2
Sr3PbS4,8
Sr3PrMn4O12,2
Sr3Pt2,7
Sr3ReN3,2
Sr3RhN3,1
Sr3Ru2O7,3
Sr3RuN3,2
Sr3SbN,4
Sr3Sc2Cu2S2O5,1
Sr3Se2(ClO3)2,1
Sr3SiO,4
Sr3SiO5,2
Sr3Sm(FeO4)2,1
Sr3Sn3Au8,3
Sr3Sn4Bi,1
Sr3Sn5,4
Sr3SnO,2
Sr3Ta2ZnO9,1
Sr3TaFeO7,1
Sr3TaHO6,1
Sr3TaN3,2
Sr3TeO6,6
Sr3Ti2Mn2BiO12,1
Sr3Ti2O7,1
Sr3TiRuO7,1
Sr3Tl5,7
Sr3VN3,2
Sr3WN3,1
Sr3WO6,4
Sr3Yb,2
Sr3Zr2Nb2O12,1
Sr3Zr2O7,2
Sr4As2O,2
Sr4Be3Ge5,1
Sr4Bi2O,3
Sr4Bi3,2
Sr4BrN2Cl,2
Sr4CaCl10,2
Sr4CaSi3,1
Sr4CePrO8,1
Sr4Cr3O10,1
Sr4Cu2MoWO12,1
Sr4Cu3NiO8,1
Sr4Fe2MoWO12,1
Sr4Fe3ClO8,1
Sr4Fe3MoO12,2
Sr4Fe4O11,3
Sr4FeMoO8,1
Sr4FeRuO8,3
Sr4GaSi3,1
Sr4GaSn3,1
Sr4GeN4,2
Sr4Hf3TiO12,2
Sr4HfTi3O12,6
Sr4IBrN2,2
Sr4In2N,3
Sr4Ir3O10,1
Sr4Li(BN2)3,1
Sr4Li(RuO4)3,2
Sr4Li3InGe6,1
Sr4LiCu(CO5)2,1
Sr4LiMn2(GaO5)2,6
Sr4LiMn2Cu3(SO)4,7
Sr4MgFe2(SO3)2,1
Sr4MgMn2(GaO5)2,5
Sr4Mn2Ga2O11,1
Sr4Mn3(ClO4)2,1
Sr4MnN4,3
Sr4MnRuO8,3
Sr4P2O,3
Sr4Sb2O,2
Sr4SeS3,4
Sr4Sn9Au7,1
Sr4SnN4,2
Sr4SnPbO8,1
Sr4TaFeO8,2
Sr4Ti3O10,2
Sr4TiN4,1
Sr4Tl2CO9,1
Sr4TlCu2BiO10,1
Sr4TlFe2O9,1
Sr4VN4,3
Sr4Zn(IrO4)3,1
Sr4Zn3Si5,1
Sr4ZnCu(WO6)2,1
Sr4Zr3TiO12,4
Sr4ZrN4,1
Sr4ZrTi3O12,6
Sr5(AuO4)2,1
Sr5(BiO4)3,1
Sr5Al9,1
Sr5As3,3
Sr5As3H,2
Sr5Bi3,2
Sr5Ca3Si4,1
Sr5CaAl2(O4F)2,1
Sr5Cd3,5
Sr5Ge3,1
Sr5In3,4
Sr5Ir3O11,1
Sr5Mg,12
Sr5Ni2BiO10,1
Sr5Pb3F,1
Sr5Sb3,3
Sr5Si3,2
Sr5Sn3,2
Sr5Tl3,3
Sr5ZnCd4,1
Sr6In2NF,1
Sr6Sn2NF,1
Sr6Sn2NO,1
Sr7Ag3,1
Sr7Au3,2
Sr8Co3N8,1
Sr8Cr3N8,1
Sr8Fe3N8,1
Sr8In4Cu3N5,1
Sr8Mn2FeN8,1
Sr8Mn3N8,1
Sr8Ni3N8,1
Sr9(CrN4)2,1
Sr9(MnN4)2,1
Sr9CaSi6,1
SrAg,27
SrAg2,15
SrAg3Pd2,2
SrAg5,5
SrAgAs,18
SrAgBi,17
SrAgGe,7
SrAgO2,13
SrAgP,20
SrAgSF,1
SrAgTeF,1
SrAl2,22
SrAl2B2O7,3
SrAl2O4,8
SrAl3Ag,4
SrAl4,5
SrAl9Co2,2
SrAl9Ni2,2
SrAlGa,8
SrAlGe,7
SrAlGeH,3
SrAlIn,12
SrAlO3,31
SrAlSi,11
SrAlSiH,3
SrAlSiN3,1
SrAs,31
SrAs3,17
SrAsAu,20
SrAsPd,7
SrAsPt,11
SrAu2,12
SrAu5,8
SrAuO2,9
SrB6,1
SrBO3,7
SrBe3O4,1
SrBeGe,3
SrBeSi,6
SrBi3,4
SrBi3Br3O4,1
SrBi3I3O4,1
SrBi5O9,2
SrBiBrO2,3
SrBiClO2,3
SrBiIO2,6
SrBiNO5,1
SrBiO3,7
SrBiS2F,1
SrBr2,36
SrC2,32
SrC2(SN)2,1
SrC6,1
SrCN2,7
SrCO3,17
SrCa,49
SrCa(CO3)2,4
SrCa(CuO2)2,3
SrCa(Ni2Sn)4,1
SrCa(RuO3)2,4
SrCa2(FeAs)6,1
SrCa2(FeO2)3,1
SrCa2I6,13
SrCa3,38
SrCa3(BrN)2,1
SrCa3(CuO3)2,1
SrCa3(PbO4)2,1
SrCa3(RuO3)4,1
SrCa3(SnO3)4,1
SrCa3Ag4,2
SrCa3Hf4O12,1
SrCa3La2(SbO6)2,2
SrCa3Mn4O12,4
SrCa3O4,1
SrCa3Si4,1
SrCa3Ti4O12,5
SrCa4(FeO2)5,1
SrCaAl2(SiN3)2,1
SrCaAl4,1
SrCaB5H2ClO10,1
SrCaCuO3,2
SrCaDyBiO6,7
SrCaEu2,4
SrCaEuBiO6,4
SrCaEuSbO6,8
SrCaGdBiO6,5
SrCaGdNbO6,3
SrCaGe,6
SrCaHfFeO6,1
SrCaHfSnO6,1
SrCaHg2,11
SrCaI4,16
SrCaIn2,12
SrCaLaBiO6,5
SrCaLaSbO6,5
SrCaMg14,2
SrCaMg6,2
SrCaMn2O6,4
SrCaMnGaO5,1
SrCaMnO4,2
SrCaMnRuO6,1
SrCaMnWO6,3
SrCaNb4O12,1
SrCaNbCrO6,3
SrCaNdSbO6,10
SrCaNiWO6,1
SrCaO2,9
SrCaPb,11
SrCaPb6,2
SrCaPbO4,1
SrCaPrSbO6,7
SrCaS2,8
SrCaSi,15
SrCaSi4,4
SrCaSmBiO6,7
SrCaSn,6
SrCaTbBiO6,8
SrCaTi2O6,5
SrCaTiMnO6,4
SrCaTiNbO6,3
SrCaTl2,12
SrCaYBiO6,7
SrCaZn2,13
SrCd,24
SrCd2,11
SrCd2Pd,8
SrCd3,13
SrCdAu,10
SrCdBi2,7
SrCdGa,6
SrCdGe,11
SrCdHg2,10
SrCdO2,14
SrCdPb,15
SrCdPt,11
SrCdSn,11
SrCe2(SF2)2,1
SrCeAlO4,2
SrCeEuNbO6,3
SrCeHg2,4
SrCeI4,2
SrCeN2,6
SrCeO3,6
SrCeScO4,2
SrCl2,24
SrCoN2,5
SrCr2BiO6,1
SrCrF4,4
SrCrHO2,1
SrCrN2,6
SrCrO2,4
SrCrO3,6
SrCu,28
SrCu2GeS4,4
SrCu2GeSe4,3
SrCu2O3,2
SrCu3(RuO3)4,1
SrCu3(SnO3)4,1
SrCu4Ag,2
SrCu5,7
SrCuBi,13
SrCuF4,6
SrCuGe,8
SrCuO2,11
SrCuO3,5
SrCuP,27
SrCuSF,1
SrCuSb,19
SrCuSi,13
SrCuSn2,7
SrEu,3
SrEu(PPt)2,1
SrEu(WO3)4,1
SrEu2Al2O7,1
SrEu3,5
SrEu3(NiO4)2,1
SrEu4O5,1
SrEu4Se5,1
SrEuAlO4,1
SrEuBiSbO6,2
SrEuCrSbO6,1
SrEuDySbO6,2
SrEuFeWO6,1
SrEuHfNbO6,2
SrEuHfTiO6,1
SrEuHg2,3
SrEuIn2,3
SrEuInSbO6,2
SrEuNb4O12,1
SrEuNbBiO6,2
SrEuNbGaO6,1
SrEuNiO4,2
SrEuNiWO6,2
SrEuO2,2
SrEuPt2,3
SrEuS2,2
SrEuSe2,2
SrEuSi4,2
SrEuTe2,3
SrEuTiNbO6,2
SrEuTiSnO6,1
SrEuTl2,3
SrEuYSbO6,2
SrEuZnWO6,1
SrEuZr2O6,1
SrEuZrGeO6,1
SrEuZrSnO6,1
SrEuZrTiO6,2
SrF2,5
SrF3,10
SrFe2AsP,1
SrFe2S2O,1
SrFe4(CuO4)3,1
SrFeO2,10
SrFeO3,28
SrGa2,8
SrGa3Pd,5
SrGa4,3
SrGa4Au3,1
SrGaCu2,6
SrGaGe,8
SrGaGeH,3
SrGaSi,8
SrGaSiH,1
SrGaSn,7
SrGaSnH,1
SrGd2Al2O7,1
SrGd2Sc2O7,1
SrGdNiO4,1
SrGe,19
SrGe(HO2)2,2
SrGe(PO4)2,3
SrGe2,12
SrGe3,5
SrGe3Ir,4
SrGe3Pd,5
SrGe3Pt,4
SrGeAu3,6
SrGePt,6
SrGeTeO6,2
SrH2,7
SrH3Pd,22
SrH4O3,5
SrHBr,6
SrHBrO,8
SrHCl,8
SrHI,7
SrHIO,6
SrHN,11
SrHfN2,7
SrHfO3,28
SrHfS3,35
SrHg2,13
SrHg2Pb,11
SrHg3,13
SrHgO2,8
SrHgPb,16
SrHo2Al2O7,1
SrHoMn2O6,1
SrI2,20
SrIn,32
SrIn2,15
SrIn2Ir,17
SrIn2Pd,7
SrIn2Pt,16
SrIn2Rh,16
SrIn3,16
SrIn3Au,5
SrIn3Hg,4
SrIn4Ir,4
SrIn4Ni,3
SrIn4Pd,2
SrIn4Pt,3
SrIn5,7
SrInAu,12
SrInAu5,2
SrInHg2,10
SrInPd,10
SrInPt,12
SrIr2,14
SrIrO3,11
SrLa(FeO3)2,3
SrLa(RuO3)2,1
SrLa2(CuO3)2,1
SrLa2Al2O7,1
SrLa2CeMn2Cr2O12,1
SrLa2Cl8,2
SrLa2Fe2O7,1
SrLa2Mn3O9,2
SrLa2O4,3
SrLa2Sc2O7,1
SrLa2Ti3O9,1
SrLa3(Cu2O5)2,1
SrLa3(CuO4)2,1
SrLa3(NiO4)2,1
SrLa3Cr4O12,1
SrLa3MgAlO8,1
SrLa3Mn2Cr2O12,3
SrLa3Mn3CrO12,1
SrLa3Mn4O12,3
SrLa6OsI12,1
SrLaAlO4,1
SrLaB12,3
SrLaBr5,2
SrLaCl5,6
SrLaCuO4,1
SrLaCuRuO6,1
SrLaCuSbO6,1
SrLaEuNbO6,2
SrLaEuSbO6,3
SrLaFeO4,3
SrLaFeRuO6,3
SrLaGaCuO5,2
SrLaHg2,13
SrLaI4,2
SrLaI5,4
SrLaMg14,2
SrLaMgRuO6,2
SrLaMgTaO6,3
SrLaMn2O5,2
SrLaMn2O6,1
SrLaMnFeO6,1
SrLaMnO4,2
SrLaMnRuO6,2
SrLaMnSnO6,1
SrLaMnWO6,2
SrLaNd(CuO3)2,1
SrLaNiO4,7
SrLaNiRuO6,3
SrLaPt2,13
SrLaScO4,2
SrLaTaNiO6,2
SrLaTiFeO6,2
SrLaTiMnO6,4
SrLaTlCuO5,1
SrLaZnRuO6,1
SrLi2In,15
SrLi2Nb2O7,2
SrLi2Pb,11
SrLi2Sn,3
SrLi2Ta2O7,2
SrLi3MnN3,1
SrLi4N2,3
SrLiAlF6,3
SrLiAlSb2,2
SrLiAs,11
SrLiBi,7
SrLiCrF6,3
SrLiEuTeO6,1
SrLiGaF6,3
SrLiGe2,5
SrLiLa3FeO8,1
SrLiLa3MnO8,2
SrLiLaTi3O9,1
SrLiMg14,2
SrLiN,7
SrLiNb2O6F,2
SrLiP,10
SrLiPO4,3
SrLiPrTeO6,2
SrLiSb,9
SrLiTiF6,1
SrLiVF6,3
SrLu2O4,3
SrLuCuS3,1
SrLuCuSe3,2
SrMg,37
SrMg14Al,2
SrMg14Cd,2
SrMg14Ga,2
SrMg14Zn,2
SrMg15,1
SrMg2,30
SrMg2(GaN2)2,1
SrMg2FeH8,2
SrMg2N2,1
SrMg2Pd,8
SrMg3,19
SrMg3GeN4,2
SrMg5,10
SrMgF4,8
SrMgGe,9
SrMgH4,11
SrMgHg2,11
SrMgIn3,4
SrMgPb,11
SrMgPt,11
SrMgSi,9
SrMgSn,10
SrMgSnWO6,1
SrMgTl2,10
SrMn2BiO6,1
SrMn7O12,1
SrMnFeBiO6,1
SrMnN2,9
SrMnO3,31
SrMnSb2,12
SrMnSbF,1
SrMoO3,5
SrMoO4,3
SrN,12
SrN2,4
SrN6,1
SrNb2CuO6F,1
SrNb5Se8,1
SrNbO3,27
SrNd2(CuO3)2,2
SrNd2Fe2O7,1
SrNd2O4,2
SrNd2Ti4O12,1
SrNd3(NiO4)2,1
SrNd3AlCuO8,2
SrNd5S8,1
SrNdAlO4,1
SrNdCrO4,1
SrNdEuSbO6,2
SrNdFeO4,1
SrNdFeRuO6,2
SrNdGaCuO5,1
SrNdGaO4,2
SrNdMgRuO6,2
SrNdMn2O5,2
SrNdMnO4,1
SrNdNiO4,5
SrNdNiRuO6,2
SrNdScO4,2
SrNdZnRuO6,1
SrNi2Ge,6
SrNi3Ge2,4
SrNi5As3,1
SrNi5P3,1
SrNiF4,5
SrNiF6,9
SrNiGe,11
SrNiGe2,6
SrNiO3,25
SrNiSn2,5
SrNiSn3,6
SrO,13
SrO2,11
SrP,25
SrP2,15
SrP3,18
SrPAu,24
SrPIr,9
SrPPt,12
SrPS3,3
SrPSe3,3
SrPb,33
SrPb3,20
SrPb3S4,8
SrPbO3,7
SrPbS2,12
SrPd,17
SrPd2,5
SrPd3O4,1
SrPd5,4
SrPdF4,4
SrPr(FeO3)2,5
SrPr3(FeO3)4,2
SrPr3CrNiO8,1
SrPrAlO4,1
SrPrEuNbO6,2
SrPrEuSbO6,2
SrPrFeRuO6,3
SrPrGaCuO5,2
SrPrMgRuO6,2
SrPrMn2O6,2
SrPrMnO4,1
SrPrNiRuO6,2
SrPrScO4,2
SrPrZnRuO6,1
SrPt2,16
SrPt3O4,1
SrPt5,5
SrReN2,6
SrReN3,49
SrRh2,14
SrRhF6,6
SrRhO3,8
SrRuO3,31
SrS,15
SrS2,8
SrS3,5
SrSb2,20
SrSbPt,12
SrSc2O4,5
SrSe,23
SrSeO3,7
SrSi,38
SrSi2,17
SrSi3Au,3
SrSi3Ni,5
SrSiGe,2
SrSiN2,8
SrSiNi,12
SrSiPd,6
SrSiPt,12
SrSm2O4,3
SrSm3(NiO4)2,1
SrSm3Mn4O12,1
SrSmAlO4,1
SrSmB12,3
SrSmEuNbO6,3
SrSmEuSbO6,3
SrSmNiO4,2
SrSmScO4,2
SrSn,19
SrSn(BO3)2,1
SrSn3,9
SrSn3Pd,4
SrSn4,6
SrSnHg,13
SrSnO3,28
SrSnP,3
SrSnPt,10
SrSnS3,6
SrTa2Bi2O9,5
SrTa2H2O7,1
SrTaF7,2
SrTaNO2,12
SrTaO3,29
SrTbEuSbO6,3
SrTe,23
SrTeO3,10
SrTi(PO4)2,3
SrTi4(CuO4)3,1
SrTiFe3(BiO4)3,1
SrTiN2,7
SrTiNb2Bi2PbO12,1
SrTiO3,6
SrTiS3,5
SrTl,26
SrTl2,17
SrTl2(PO3)4,1
SrTl2Cd,14
SrTl2Pd,7
SrTl2Pt,13
SrTl3,12
SrTl3O5,1
SrTlHg2,10
SrVN2,7
SrWN3,44
SrWO4,5
SrYMg14,2
SrYMg6,2
SrYb,1
SrYb3,4
SrYbEu2,1
SrZn,30
SrZn2,17
SrZn5,5
SrZnAsF,1
SrZnBi2,6
SrZnCl4,3
SrZnF4,6
SrZnGe,13
SrZnIn3,5
SrZnO2,11
SrZnPb,12
SrZnSb2,16
SrZnSbF,1
SrZnSi,14
SrZnSn,14
SrZrF6,8
SrZrN2,7
SrZrO3,27
SrZrS3,5
SrZrSe3,3
Ta,25
Ta(BMo)2,2
Ta(Cu3O4)2,1
Ta(MnB2)2,1
Ta(Mo2S5)2,2
Ta(NiTe)2,1
Ta(Si5W2)2,1
Ta(SnS)2,1
Ta10Al6B,1
Ta10SeS3,1
Ta2(PdRu)3,1
Ta2(SiMo)3,1
Ta2AgF12,1
Ta2AgS4,1
Ta2AlC,6
Ta2B,1
Ta2B2Os,2
Ta2Be,16
Ta2Be17,2
Ta2BiO6F,1
Ta2C,36
Ta2CS2,5
Ta2Co,21
Ta2Co3Ge,2
Ta2Co3Si,2
Ta2Cr3Cu,1
Ta2Cr3Si,2
Ta2CrB2,1
Ta2CrFe,14
Ta2CrO6,3
Ta2CrOs,18
Ta2CrRe,16
Ta2CrRu,17
Ta2CrSi6,1
Ta2CuO6,6
Ta2FeB2,3
Ta2FeMo,18
Ta2FeOs,15
Ta2FeRu,13
Ta2FeS4,1
Ta2GaC,5
Ta2GaCo3,2
Ta2GaNi3,1
Ta2H,16
Ta2InC,4
Ta2InS4,1
Ta2MnOs,11
Ta2MnRe,15
Ta2MnV3,3
Ta2Mo2O11,1
Ta2MoIr,19
Ta2MoOs,19
Ta2MoRu,17
Ta2MoS6,3
Ta2MoW,20
Ta2N,3
Ta2N3,2
Ta2NbIr,4
Ta2NbOs,4
Ta2NbRe,6
Ta2NbRh,4
Ta2NbRu,6
Ta2Ni,23
Ta2Ni3Ge,1
Ta2NiO6,3
Ta2NiS4,2
Ta2NiS5,1
Ta2NiSe7,1
Ta2O5,15
Ta2OsRu,22
Ta2OsW,17
Ta2PdS6,2
Ta2PdSe6,1
Ta2PtSe7,1
Ta2ReMo,17
Ta2ReOs,20
Ta2ReRu,18
Ta2ReW,16
Ta2RuW,17
Ta2Se,21
Ta2Se3,6
Ta2Si,26
Ta2SiNi3,3
Ta2SnO6,1
Ta2Te3,5
Ta2Ti2(CuO4)3,1
Ta2Ti2NbC5,1
Ta2TiO6,4
Ta2TiRe,7
Ta2TiW,6
Ta2Tl3Cu3S8,1
Ta2V3Cu,1
Ta2V3Ge,2
Ta2V3Si,2
Ta2VC2,2
Ta2VOs,5
Ta2VRe,6
Ta2VRu,4
Ta2ZnO6,4
Ta3(InS3)2,1
Ta3(InSe3)2,1
Ta3AlB8,1
Ta3AlC2,1
Ta3AlCo8,1
Ta3AlCr8,2
Ta3AlFe8,1
Ta3Au,18
Ta3B2,2
Ta3B2Ru5,1
Ta3B4,1
Ta3Be2,1
Ta3C2,5
Ta3Co2Mo,1
Ta3Co5B2,1
Ta3CoS6,2
Ta3Cr5N4,1
Ta3CrS6,2
Ta3CrSe6,2
Ta3FeS6,2
Ta3Ga2,3
Ta3Ge,4
Ta3Mn8Al,1
Ta3Mn8Si,1
Ta3MnS6,2
Ta3Mo3N4,1
Ta3MoS8,1
Ta3N5,3
Ta3O7F,2
Ta3Os,16
Ta3PbS6,2
Ta3Re,18
Ta3RhS6,2
Ta3Ru,17
Ta3Ru2,4
Ta3S2,1
Ta3SBr7,2
Ta3Sb,13
Ta3Sn,5
Ta3SnS6,1
Ta3TiB4,2
Ta3V7Si6,1
Ta3VS6,2
Ta3VSe6,2
Ta3W,20
Ta3WS8,1
Ta4(CuNi3)3,2
Ta4(Pd3Rh)3,1
Ta4AgS8,4
Ta4AlC3,2
Ta4C3,7
Ta4Co2PdSe12,1
Ta4CoNi,3
Ta4CoP,3
Ta4FeP,3
Ta4GaSe8,2
Ta4MoS10,1
Ta4MoS8,1
Ta4MoSe10,2
Ta4N5,1
Ta4NiP,3
Ta4NiS8,2
Ta4WC5,1
Ta5(NiP)4,1
Ta5Al3C,1
Ta5B6,1
Ta5Ga2Sn,3
Ta5Ga3,3
Ta5Ga3B,1
Ta5Ge3,3
Ta5Ge3B,1
Ta5GeB2,1
Ta5Sb4,3
Ta5Si3,4
Ta5Si3N,1
Ta6Co(CS2)3,1
Ta6Cr(CS2)3,1
Ta6Fe7,1
Ta6Mn(CS2)3,1
Ta6O,1
Ta6S,3
Ta6TeSe2,1
Ta6Ti(CS2)3,1
Ta6Zn7,1
Ta7Co6,2
Ta7Fe6,2
Ta7S12,1
Ta9(CoS3)2,2
Ta9(FeS3)2,2
Ta9(NiS3)2,1
TaAg7S6,3
TaAgF6,8
TaAgO3,6
TaAgS3,4
TaAl2Ni9,1
TaAl3,20
TaAl4Ni15,1
TaAlCo2,14
TaAlCu,11
TaAlFe,9
TaAlFe2,11
TaAlNi,8
TaAlNi2,14
TaAlNi6,4
TaAlO4,10
TaAlOs2,17
TaAlRu2,15
TaAlSi,18
TaAlZn,13
TaAs,41
TaAs2,21
TaAsO4,4
TaAu,33
TaB,9
TaB2,4
TaB2Mo,5
TaB2Mo3C2,1
TaB4W3,2
TaBO4,3
TaBRu,5
TaBe12,1
TaBe2,14
TaBe3,15
TaBe4Mo,2
TaBeB,13
TaBeRu2,11
TaBi4ClO8,2
TaC,32
TaCl4,10
TaCo2,22
TaCo3,18
TaCo4Mo,3
TaCoAs,8
TaCoB2,4
TaCoGe,6
TaCoNi2,14
TaCoP,12
TaCoSb,9
TaCoSi,14
TaCoTe2,22
TaCr2,21
TaCr3(AgS4)2,19
TaCr3(CuS4)2,24
TaCr3S8,1
TaCrB4,3
TaCrCo,8
TaCrNi,9
TaCrO4,6
TaCrP,11
TaCu3S4,2
TaCu3Se4,2
TaCu3Te4,2
TaCuO3,4
TaCuRh2,14
TaCuS2,6
TaCuS3,6
TaF5,6
TaFe(PbO3)2,3
TaFe2,20
TaFe2Ge,4
TaFe4W,2
TaFeAs,8
TaFeB,8
TaFeGe,8
TaFeO4,11
TaFeP,11
TaFeRu2,17
TaFeSi,14
TaFeTe3,4
TaGa3,7
TaGaCo2,6
TaGaFe2,3
TaGaNi2,5
TaGaNi6,4
TaGaO4,10
TaGaOs2,4
TaGaRu2,4
TaGe2,7
TaGeRh,7
TaGeRu2,5
TaH2,15
TaHO3,3
TaHg3F6,1
TaHgS2,32
TaI4,4
TaInO4,6
TaInRu2,11
TaInS2,11
TaInSe2,38
TaIr,38
TaIr3,21
TaMn2,19
TaMn2Al,14
TaMn2FeO6,1
TaMn2Ga,5
TaMn2Ge,4
TaMnGe,8
TaMnP,8
TaMnRu2,15
TaMnSi,11
TaMo,72
TaMoN,1
TaMoS4,4
TaMoW,10
TaN,24
TaNO,6
TaNb,30
TaNb(AgO3)2,2
TaNb(Cu3S4)2,3
TaNb(Cu3Se4)2,3
TaNb(Cu3Te4)2,3
TaNb2FeSe10,1
TaNbAl6,1
TaNbC2,7
TaNbCN,2
TaNbCu3O8,1
TaNbMo,7
TaNbRe2,5
TaNbTe4,5
TaNbW,12
TaNi2,16
TaNi2Te3,1
TaNi2TeSe,1
TaNi3,15
TaNi6Mo,2
TaNiAs,10
TaNiB,4
TaNiB2,3
TaNiGe,8
TaNiP,13
TaNiP2,17
TaNiTe2,20
TaNiTe5,1
TaO2,12
TaOs3,20
TaP,35
TaPO5,5
TaPRh,10
TaPRu,10
TaPS,2
TaPbF7,1
TaPbS2,7
TaPbSe2,19
TaPd,19
TaPd2,3
TaPd3,6
TaPt2,26
TaPt3,18
TaReSi,11
TaRh2,32
TaRh3,19
TaRhO4,2
TaRu,34
TaRu3,21
TaS2,16
TaSb2,19
TaSbRu,17
TaSe2,37
TaSe3,23
TaSi2,23
TaSi4Mo,3
TaSiAs,8
TaSiGe,2
TaSiIr,8
TaSiNi,17
TaSiPt,10
TaSiRh,9
TaSiRu,10
TaSiRu2,16
TaSn2,6
TaSnRh,4
TaSnRu2,4
TaSnS2,8
TaTe2,22
TaTe4,6
TaTi,18
TaTi3,12
TaTiAl6,1
TaTiAlC,3
TaTiAlO6,2
TaTiB4,4
TaTiBe4,3
TaTiC2,5
TaTiCN,2
TaTiFe2,4
TaTiFe4,2
TaTiGaO6,1
TaTiMn2,4
TaTiNi6,2
TaTiO4,4
TaTiOs2,4
TaTiRe2,5
TaTiRu2,4
TaTiSbO6,2
TaTiSe4,3
TaTiTe4,4
TaTl(CuS2)2,2
TaTl(PO4)2,1
TaTl3S4,3
TaTl3Se4,1
TaTl6VS8,1
TaTlCl6,9
TaTlO3,7
TaTlS3,5
TaTlSe3,5
TaTlWO6,2
TaV(Cu3S4)2,3
TaV(Cu3Se4)2,3
TaV2,9
TaVB4,6
TaVC2,5
TaVCo,6
TaVH4,5
TaVNi,12
TaVO4,6
TaVP,9
TaVSi4,2
TaW,32
TaW3,20
TaWSe4,4
TaZn2,22
TaZn2MoO6,1
TaZn2N3,1
TaZn3,19
TaZnCo2,10
TaZnOs2,17
TaZnRh2,15
TaZnRu2,14
Tb,21
Tb(Al2Cr)4,1
Tb(Al2Cu)4,1
Tb(Al2Fe)4,1
Tb(AlAu)2,2
Tb(AlC)3,1
Tb(AlCu)6,1
Tb(AlFe)6,1
Tb(AlFe2)4,1
Tb(AlGe)2,2
Tb(AlSi)2,2
Tb(BC)2,4
Tb(BIr)2,4
Tb(BIr)4,2
Tb(BO2)3,3
Tb(BRh)4,2
Tb(Co2B)6,1
Tb(CoB)2,4
Tb(CoB)4,3
Tb(CoGe)2,3
Tb(CoGe)6,2
Tb(CoSi)2,3
Tb(CrFe5)2,1
Tb(CrGe)6,1
Tb(CuGe)2,2
Tb(CuS)3,1
Tb(CuSe)3,1
Tb(CuSi)2,2
Tb(CuTe)3,1
Tb(Fe2Si)2,2
Tb(Fe3Mo)3,1
Tb(Fe5Mo)2,1
Tb(Fe5Re)2,1
Tb(Fe5Si)2,2
Tb(FeB)2,2
Tb(FeGe)2,2
Tb(FeP3)4,1
Tb(FeSi)2,2
Tb(GaCo)6,1
Tb(GaCo2)4,1
Tb(GaFe)6,2
Tb(GeIr)2,3
Tb(GePd)2,2
Tb(GeRh)2,2
Tb(GeRu)2,2
Tb(HO)3,1
Tb(InCu)6,1
Tb(MnAl)6,1
Tb(MnAl2)4,1
Tb(MnGe)2,2
Tb(MnGe)6,5
Tb(MnSi)2,1
Tb(MnSn)6,5
Tb(Mo3S4)2,1
Tb(Mo3Se4)2,1
Tb(NbSn)6,2
Tb(Ni2As)2,1
Tb(Ni2B)6,2
Tb(Ni2P)2,1
Tb(NiB)2,4
Tb(NiGe)2,2
Tb(NiP)2,3
Tb(NiSb)2,2
Tb(P3Ru)4,1
Tb(PPd)2,1
Tb(PRu)2,1
Tb(SiAg)2,1
Tb(SiAu)2,2
Tb(SiIr)2,2
Tb(SiNi)2,3
Tb(SiOs)2,2
Tb(SiPd)2,2
Tb(SiPt)2,3
Tb(SiRh)2,2
Tb(SiRu)2,2
Tb(TiGa2)2,2
Tb(VFe2)4,1
Tb(VFe5)2,1
Tb(ZnP)3,1
Tb10(SiSb)3,1
Tb12Co5Bi,1
Tb12FeCoBi4,1
Tb12Ni6Pb,1
Tb2(B2Rh3)3,1
Tb2(InSn)3,2
Tb2(NiB2)3,1
Tb2AgIr,7
Tb2AgPd,6
Tb2Al,6
Tb2Al3Co,2
Tb2Al3Fe,3
Tb2Al3Ge4,1
Tb2Al3Pt,3
Tb2Al3Si2,2
Tb2Al4NiGe2,1
Tb2Al5Ge2,1
Tb2Al6Si4Au,1
Tb2Al6Si4Pt,1
Tb2AlCo2,3
Tb2AlCu,4
Tb2AlFe3,2
Tb2AlFeO6,1
Tb2AlGe6,1
Tb2AlNi2,3
Tb2Au,4
Tb2B2C3,2
Tb2B4C,1
Tb2BiO2,1
Tb2C,8
Tb2C3,1
Tb2CBr,3
Tb2CI,4
Tb2CdCu2,2
Tb2CdNi2,3
Tb2CdPd2,3
Tb2CdS4,3
Tb2Ce,6
Tb2Cl3,2
Tb2Co17,2
Tb2Co2I,2
Tb2Co3Ge5,2
Tb2Co3Ni,1
Tb2Co3Si5,2
Tb2CoGe2,3
Tb2CoGe6,1
Tb2CoSi2,2
Tb2Cr2C3,2
Tb2CrGe4,1
Tb2Cu(GeO3)4,1
Tb2CuAg,4
Tb2CuGe6,1
Tb2CuIr,5
Tb2CuPt,6
Tb2EuS4,1
Tb2Fe17,2
Tb2Fe17C,1
Tb2Fe2Si2C,2
Tb2FeC4,1
Tb2FeCo3,4
Tb2FeSi2,3
Tb2Ga3Co14,1
Tb2Ga3Cu,5
Tb2Ga5Cu3,4
Tb2Ga8Co,1
Tb2Ga8Fe,1
Tb2GaCo2,3
Tb2GaNi2,4
Tb2Ge2Ru,1
Tb2Ge5Ir3,2
Tb2Ge5Rh3,2
Tb2Ge6Pd,1
Tb2Ge6Pt,1
Tb2HfAl9,1
Tb2In,5
Tb2In3Cu,3
Tb2In8Co,1
Tb2InAg,3
Tb2InAu2,1
Tb2InCu2,3
Tb2InGe2,2
Tb2InHg,6
Tb2InNi2,3
Tb2InPd2,4
Tb2IrAu,6
Tb2IrPd,4
Tb2IrRh,5
Tb2IrRu,4
Tb2Mg,6
Tb2Mg3Ni2,4
Tb2Mg5Ag,1
Tb2MgCu2,3
Tb2MgGe2,1
Tb2MgNi2,3
Tb2MgPd2,2
Tb2MgS4,9
Tb2MgSe4,7
Tb2MgSi2,1
Tb2MgTiO6,3
Tb2MnCrO6,2
Tb2MnGa6,1
Tb2MnNiO6,2
Tb2MnS4,2
Tb2Mo2C3,2
Tb2Ni2Sn,3
Tb2Ni7,2
Tb2NiAs2,1
Tb2NiGe6,1
Tb2NiIr,5
Tb2NiSb4,1
Tb2O3,10
Tb2PbS4,3
Tb2Pd2Pb,2
Tb2PdRh,6
Tb2PdRu,3
Tb2Pr,20
Tb2Pt,5
Tb2Re2Si2C,1
Tb2ReC2,2
Tb2RuRh,3
Tb2S2O,2
Tb2S3,13
Tb2SO2,3
Tb2SbO2,2
Tb2Se3,10
Tb2SeO2,6
Tb2Si3,5
Tb2Si3Ge,1
Tb2Si4Mo3,1
Tb2Si5Ir3,1
Tb2Si5Ni3,1
Tb2Si5Rh3,1
Tb2Si5Ru3,2
Tb2SiGe,5
Tb2SmS4,5
Tb2Sn5Rh3,1
Tb2SnAu2,2
Tb2SnS5,2
Tb2Te3,8
Tb2TeO2,5
Tb2TeS2,3
Tb2Ti2S2O5,1
Tb2Tl,5
Tb2TlHg,6
Tb2VFeO6,1
Tb2WO6,6
Tb2YbS4,1
Tb2Zn17,2
Tb2ZnAg,3
Tb2ZnCu,5
Tb2ZnCuSi2,2
Tb2ZnIr,6
Tb2ZnNi2,4
Tb2ZnSb4,1
Tb2ZrAl9,1
Tb3(Al2Fe)2,1
Tb3(CoGe2)2,2
Tb3(CuGe)4,2
Tb3(CuSi)4,2
Tb3(CuSn)4,1
Tb3(MnGe)4,1
Tb3Al,8
Tb3Al2,4
Tb3AlC,2
Tb3AlN,2
Tb3Ce,8
Tb3Co,7
Tb3Co11B4,1
Tb3Co2Ge3,2
Tb3Co2Si3,1
Tb3Co6Sn5,1
Tb3Cu3Sb4,1
Tb3Dy,25
Tb3DyAl8,2
Tb3Er,23
Tb3Eu,4
Tb3Fe2Si3,1
Tb3Fe2Si7,1
Tb3Ga8Ag3,1
Tb3Ga8Au3,2
Tb3Ga8Ir3,1
Tb3Ga8Rh3,2
Tb3Ga9Pt2,1
Tb3GaC,1
Tb3GaCo3,2
Tb3GaO6,1
Tb3Ge3Ir2,2
Tb3Ge3Ru2,3
Tb3Ge4,1
Tb3Ge5,4
Tb3Hg,6
Tb3Ho,24
Tb3HoCo8,1
Tb3In,8
Tb3In5,4
Tb3InN,2
Tb3Ir,6
Tb3Lu,7
Tb3Mg,6
Tb3Nd,21
Tb3Ni,7
Tb3Ni13B2,1
Tb3Ni2,5
Tb3Os,8
Tb3P4Pd7,1
Tb3Pb,6
Tb3Pd4,1
Tb3Pr,23
Tb3Pt,8
Tb3Pt4,2
Tb3Rh,8
Tb3Ru,7
Tb3SOF5,1
Tb3Sc,9
Tb3Sc2S7,2
Tb3Se4,7
Tb3Sm,25
Tb3SmNi4,1
Tb3Sn7,2
Tb3Tl5,2
Tb3Tm,27
Tb3Y,29
Tb3Yb,1
Tb3Zn11,1
Tb3Zr,6
Tb4(FeB2)3,1
Tb4Bi3,2
Tb4C5,1
Tb4CeS7,1
Tb4CoSn8,2
Tb4CuPt3,2
Tb4FeGe8,1
Tb4FeSn8,1
Tb4Ga12Ag,2
Tb4Ga12Fe,1
Tb4Ga12Pd,1
Tb4Ga12Pt,1
Tb4Ga6FeGe6,1
Tb4Ge6Ir7,1
Tb4H9,1
Tb4HfAl15,1
Tb4InGe4Rh,1
Tb4Mg3Co2,1
Tb4Ni3Bi8,1
Tb4Ni3Ge8,1
Tb4Sb3,2
Tb4Sb6Rh7,1
Tb4Si3Ge,1
Tb4Si7,3
Tb4ZrAl15,2
Tb5(MoO6)2,1
Tb5(ReO6)2,1
Tb5(RuO6)2,1
Tb5(SiSb)2,1
Tb5AgS8,1
Tb5Bi3,3
Tb5BiAu2,2
Tb5BiPd2,1
Tb5BiPt2,1
Tb5Br8,1
Tb5CuBi3,1
Tb5CuPb3,1
Tb5Ga3,3
Tb5Ge3,1
Tb5Ge3C,1
Tb5Ir2,1
Tb5Ir3,3
Tb5Mg,5
Tb5Ni2Bi,1
Tb5Ni2Sb,1
Tb5NiPb3,1
Tb5Pb3,1
Tb5Pt3,2
Tb5Rh3,3
Tb5Ru2,2
Tb5S7,1
Tb5Sb3,1
Tb5SbAu2,2
Tb5SbPd2,1
Tb5SbPt2,1
Tb5Se2Cl3O10,1
Tb5Si3,2
Tb5Si3C,1
Tb5Sn3,3
Tb5Tl3,4
Tb6Co2Sn,1
Tb6CoBr10,1
Tb6CoCl10,1
Tb6CoTe2,1
Tb6FeBi2,2
Tb6FeSb2,1
Tb6GaCo2,1
Tb6GaNi2,1
Tb6InCo2,1
Tb6IrBr10,1
Tb6IrI10,1
Tb6Ni2Sn,1
Tb6NiBr10,1
Tb6OsI10,1
Tb6RhBr10,1
Tb6RuBr10,1
Tb7CoI12,1
Tb7MnBr12,1
Tb7MnI12,1
Tb7NiI12,1
Tb7O12,1
Tb7PtI12,1
Tb7Rh3,2
Tb7RhBr12,1
Tb7RhI12,1
Tb7RuI12,1
Tb9Mg5Ni4,1
TbAg2,5
TbAg3,7
TbAgAs2,4
TbAgHg2,4
TbAgPb,8
TbAgSe2,10
TbAgSn,14
TbAgSn2,2
TbAgTe2,6
TbAl,7
TbAl2,10
TbAl2Ni,4
TbAl3,11
TbAl3(BO3)4,2
TbAl3Ag,4
TbAl3Cu2,3
TbAl3Ni2,4
TbAl4,4
TbAl4Ni,3
TbAl7Fe5,1
TbAlAg2,3
TbAlAu,10
TbAlCo4,2
TbAlCu,8
TbAlCu2,3
TbAlCu4,4
TbAlFe,9
TbAlGa,10
TbAlGe,7
TbAlNi,9
TbAlNi4,4
TbAlO3,6
TbAlPd,6
TbAlPt,4
TbAs,3
TbAs2Au,4
TbAsO4,4
TbAsPd,7
TbAsS,5
TbAu,6
TbAu2,4
TbAu3,7
TbB12,1
TbB2,3
TbB2Ir3,2
TbB2Os,2
TbB2Rh2C,1
TbB2Rh3,3
TbB2Ru,4
TbB2Ru3,2
TbB4,4
TbB6,3
TbBO3,6
TbBRh3,1
TbBS3,3
TbBeCu4,2
TbBi,4
TbBi2BrO4,1
TbBi2ClO4,1
TbBi2IO4,1
TbBi3,5
TbBi5O9,1
TbBiPd,6
TbBiPd2,4
TbBiPt,3
TbBiRh,6
TbBiTe3,3
TbBr,3
TbBr3,10
TbC2,4
TbCBr,2
TbCO3,1
TbCd,2
TbCd2,4
TbCd2F8,1
TbCd3,7
TbCdAg2,5
TbCdAu,8
TbCdAu2,4
TbCdF6,3
TbCdHg2,4
TbCdNi4,1
TbCdPd,10
TbCdPd2,5
TbCdPt2,4
TbCdRh2,4
TbCe3,6
TbCe3O8,1
TbCeO4,6
TbCl,3
TbCl3,12
TbCo2,6
TbCo2B2C,1
TbCo2Ni3,2
TbCo3B2,3
TbCo4B,2
TbCoC,4
TbCoC2,4
TbCoGe,7
TbCoGe2,5
TbCoSi,7
TbCoSi2,3
TbCoSi3,4
TbCoSn,7
TbCoSn2,4
TbCrO3,4
TbCrO4,2
TbCrSe3,2
TbCrTeO6,3
TbCu,4
TbCu2,4
TbCu2Ni3,4
TbCu4Ag,1
TbCu4Au,1
TbCu4Pd,3
TbCu5,4
TbCuAs2,2
TbCuGe,7
TbCuNi4,4
TbCuPb,7
TbCuPbS3,3
TbCuS2,7
TbCuSb2,1
TbCuSe2,7
TbCuSi,9
TbCuSn,8
TbCuTe2,8
TbDy3Al8,2
TbDy3Co8,1
TbDy3Fe8,1
TbDyAl4,4
TbDyC4,1
TbDyHg2,6
TbDyIn2,7
TbDyIr2,4
TbDyRh2,4
TbErHg2,6
TbErIn2,7
TbErIr2,4
TbErO3,6
TbErRh2,4
TbErTe2,9
TbEu2SbO6,2
TbEu2TaO6,1
TbEu3,3
TbEu4S5,1
TbEuRh2,3
TbF3,13
TbFe11Mo,1
TbFe11Re,1
TbFe11W,1
TbFe2,8
TbFe2SiC,1
TbFe3,4
TbFe3(BO3)4,4
TbFe4(CuO4)3,1
TbFe6(Sn2Ge)2,1
TbFe6Co5W,1
TbFeC2,3
TbFeGe2,3
TbFeNi4,4
TbFeO3,3
TbFeSi,9
TbFeSi2,5
TbGa,8
TbGa2,9
TbGa2Ag,6
TbGa2Co3,5
TbGa2Ni,6
TbGa2Ni3,7
TbGa2Pd,6
TbGa3,8
TbGa3(BO3)4,3
TbGa3Os,2
TbGa3Ru,3
TbGa4Ni,2
TbGa5Co,1
TbGa6,4
TbGaAg,11
TbGaAu,11
TbGaAu2,7
TbGaCo,8
TbGaCo4,4
TbGaI,3
TbGaNi,9
TbGaNi4,6
TbGaO3,7
TbGaPd,9
TbGaPd2,6
TbGaPt,8
TbGaRh2,6
TbGd(PO4)2,1
TbGdAl6,1
TbGdIr2,3
TbGdO3,2
TbGdRh2,3
TbGe,6
TbGe2Ir,4
TbGe2Pd,4
TbGe2Pt,3
TbGe3,4
TbGe5,2
TbGeAu,8
TbGeIr,7
TbGePd,11
TbGePd2,5
TbGePt,7
TbGeRh,10
TbGeRu,9
TbH2,6
TbH2Br,3
TbH2ClO2,2
TbH3,8
TbH3(CO2)3,1
TbHO2,8
TbHSe,6
TbHfF7,2
TbHfO4,5
TbHg,3
TbHg2,7
TbHg3,5
TbHo,23
TbHo3,26
TbHo3Fe8,1
TbHoAl4,4
TbHoCo4,4
TbHoFe4,1
TbHoHg2,6
TbHoIn2,7
TbHoIr2,4
TbHoO3,6
TbHoRh2,4
TbI3,10
TbIn2Ni,4
TbIn3,7
TbIn5Rh,1
TbIn7Cu5,1
TbInAg2,4
TbInAu,7
TbInAu2,4
TbInCo2,4
TbInCu,9
TbInCu2,4
TbInCu4,1
TbInIr,7
TbInNi,10
TbInO3,5
TbInPd,9
TbInPd2,5
TbInPt,8
TbInPt2,9
TbInPt4,1
TbInRh,8
TbInRh2,7
TbIr2,4
TbLu,6
TbLuHg2,3
TbLuIn2,4
TbLuIr2,3
TbLuO3,2
TbLuRh2,3
TbMg,2
TbMg2,7
TbMg3,6
TbMgAg,5
TbMgAu,7
TbMgAu2,3
TbMgCo4,1
TbMgGa,8
TbMgHg2,3
TbMgIn,7
TbMgNi,9
TbMgPd,9
TbMgRh2,4
TbMgSn,10
TbMgTl,7
TbMgTl2,6
TbMgZn2,4
TbMn12,2
TbMn2,5
TbMn4(CuO4)3,1
TbMn6(Sn2Ge)2,1
TbMnAl,5
TbMnFe,3
TbMnGe,7
TbMnO3,7
TbMnSi,5
TbMoC2,4
TbMoClO4,3
TbN,3
TbNbO4,7
TbNbRu2,3
TbNd,26
TbNd(NiGe2)2,1
TbNd3,23
TbNdCo4,3
TbNdFe17,1
TbNdFe4,1
TbNi,9
TbNi2,5
TbNi2B2C,1
TbNi3,7
TbNi3Sn2,4
TbNi4Au,1
TbNi4B,2
TbNi5,5
TbNiAs,6
TbNiBi,4
TbNiC2,2
TbNiGe,10
TbNiGe2,4
TbNiGe3,2
TbNiO3,3
TbNiP,5
TbNiSb,5
TbNiSb2,2
TbNiSn,11
TbNiSn4,1
TbOF,14
TbOs2,4
TbP,3
TbPO4,6
TbPPd,11
TbPPt,5
TbPRu2C,1
TbPb3,6
TbPbAu,6
TbPd,5
TbPd2Pb,4
TbPd3,7
TbPr3,24
TbPrFe4,1
TbPt,8
TbPt2,6
TbPt3,5
TbRe2,3
TbRh,7
TbRh2,5
TbRh2Pb,3
TbRh3C,1
TbRh5,4
TbRhO3,3
TbRu2,3
TbS,7
TbS2,8
TbSBr,5
TbSF,10
TbSb,2
TbSb2,7
TbSb2Pd,3
TbSbIr,5
TbSbPd,8
TbSbPt,6
TbSbRh,8
TbSc,7
TbSc3(BO3)4,3
TbScGe,5
TbScO3,6
TbScS3,4
TbScSb,9
TbScSi2,1
TbSe2,4
TbSi,4
TbSi2,8
TbSi2IrRh,1
TbSi2Ni,3
TbSi2Rh3,6
TbSi2RuRh,2
TbSi3Ir,3
TbSi3Rh,3
TbSiIr,7
TbSiNi,7
TbSiNi4,2
TbSiPd2,6
TbSiPt,8
TbSiPt2,5
TbSiRu,7
TbSm,35
TbSm3,26
TbSmHg2,6
TbSmIr2,5
TbSmO3,5
TbSmRh2,5
TbSn2,8
TbSn3,7
TbSnAu,6
TbSnAu2,4
TbSnGe,3
TbSnIr,8
TbSnPd,10
TbSnPd2,5
TbSnPt,8
TbSnPt2,8
TbSnRh,9
TbSnRh2,4
TbSnRu2,3
TbTaO4,8
TbTaRu2,3
TbTe,8
TbTe2,7
TbTe3,5
TbTiClO3,1
TbTiFe11,1
TbTiFe11C,1
TbTiGe,3
TbTiO3,5
TbTiSi,4
TbTl,3
TbTl(PSe3)2,1
TbTl3,7
TbTlAg2,3
TbTlPd,6
TbTlS2,5
TbTlSe2,6
TbTlTe2,6
TbTmHg2,6
TbTmIn2,7
TbTmIr2,4
TbTmO3,6
TbTmRh2,4
TbVO3,4
TbVO4,4
TbWC2,4
TbY2Ni6(B2C)3,1
TbY3,37
TbYHg2,6
TbYIr2,4
TbYNi2,7
TbYNi4(B2C)2,1
TbYRh2,5
TbYTl2,7
TbYbHg2,2
TbYbPd2,3
TbYbPt2,2
TbYbRh2,3
TbZn,2
TbZn12,2
TbZn2,6
TbZn3,8
TbZnAgAs2,1
TbZnCuAs2,1
TbZnGe,8
TbZnNi,10
TbZnPd,7
TbZnRh,9
TbZnRh2,3
TbZnSi,10
TbZnSn,11
TbZnSn2,5
TbZr3,7
TbZr4O10,1
TbZrF7,2
TbZrSb,5
Te,26
Te(HO)6,4
Te(HO2)2,3
Te(RhO3)2,1
Te(WO4)3,1
Te2Au,26
Te2AuCl,23
Te2AuI,6
Te2Ir,35
Te2Mo,26
Te2Mo(WS2)2,4
Te2Mo(WS2)3,4
Te2Mo(WSe2)2,5
Te2Mo(WSe2)3,3
Te2Mo2WS4,4
Te2Mo2WSe4,5
Te2Mo3S4,2
Te2Mo3Se4,2
Te2Mo3WS6,5
Te2Mo3WSe6,3
Te2MoWS2,15
Te2MoWSe2,8
Te2O3F2,1
Te2O5,2
Te2Os,17
Te2OsCl12,2
Te2Pd,10
Te2Pd3,5
Te2Pd3Pb2,3
Te2Pt,25
Te2Rh,21
Te2Rh3,9
Te2Ru,21
Te2SO7,2
Te2W,22
Te2W3S4,3
Te2W3Se4,2
Te2WCl6,2
Te3As2,6
Te3Au,26
Te3Cl2,3
Te3Mo2S,1
Te3Mo2Se,2
Te3MoWS,6
Te3MoWSe,4
Te3Pt2,3
Te3W2Se,1
Te3WO12,2
Te4Mo(WS)2,4
Te4Mo(WSe)2,4
Te4Mo2Ru,1
Te4Mo2WS2,5
Te4Mo2WSe2,5
Te4Mo3,3
Te4Mo3S2,3
Te4Mo3Se2,2
Te4Mo3WS4,12
Te4Mo3WSe4,2
Te4MoBr,3
Te4MoW,5
Te4MoW3S4,7
Te4MoW3Se4,3
Te4Pb5Se,5
Te4Rh3,5
Te4W3S2,2
Te4W3Se2,2
Te6IrBr3,2
Te6IrCl3,1
Te6IrI3,1
Te6Mo2W,3
Te6Mo3WS2,6
Te6Mo3WSe2,2
Te6MoW2,2
Te6MoW3S2,6
Te6MoW3Se2,3
Te6RhBr3,1
Te6RhCl3,1
Te6RhI3,1
Te7As5I,3
Te8Ir3,2
Te8Mo3W,1
Te8MoW3,1
Te8Pd5Se2,1
Te8Rh3,1
TeAs,41
TeAsIr,9
TeAsOs,11
TeAsRh,8
TeAsRu,8
TeAuBr8,1
TeAuCl7,1
TeAuI,6
TeBr6,2
TeF4,4
TeF6,3
TeI,31
TeI2,12
TeI7,1
TeMo2S3,3
TeMo2Se3,3
TeMoS,7
TeMoSe,11
TeMoWS3,5
TeMoWSe3,4
TeO2,21
TeO3,9
TeOF2,7
TePb,26
TePb2O5,3
TePb2S,7
TePb2Se,14
TePb3(BrO2)2,1
TePb3(ClO2)2,1
TePbO3,7
TePd,19
TePd3,6
TePdI,7
TePdI2,5
TePdSe,3
TePt,38
TePtPb,10
TePtSe,8
TeRh,33
TeRhCl,10
TeRuSe,9
TeSe,36
TeSe2,26
TeSeO4,3
TeW2S3,4
TeW2Se3,3
TeWO6,3
TeWS,7
TeWSe,10
Ti,40
Ti(CoGe)6,2
Ti(CrS2)2,6
Ti(CrSe2)2,3
Ti(CrSi3)2,1
Ti(CrTe2)2,3
Ti(CuS)4,1
Ti(FeGe)6,3
Ti(FeO2)2,9
Ti(FeO2)3,1
Ti(FeSe2)2,4
Ti(GaO2)4,1
Ti(GeO3)2,2
Ti(MoS2)2,3
Ti(NbNi4)3,1
Ti(NbS2)3,2
Ti(NbSe2)2,2
Ti(NbSe2)3,2
Ti(PS3)2,3
Ti(SeO3)2,3
Ti(Si3Mo)2,1
Ti(SiO3)2,3
Ti(VTe2)2,3
Ti(ZnN)4,2
Ti10(GaSb)3,1
Ti10CrSb5,1
Ti10CuSn6,1
Ti10FeSb5,1
Ti13Pb3,2
Ti13Sb3,1
Ti2Ag,4
Ti2Al2CrCuS8,1
Ti2Al3Ni,3
Ti2AlC,5
Ti2AlCr,5
Ti2AlGe3,1
Ti2AlMo,5
Ti2AlN,6
Ti2AlO4,3
Ti2AlRe,4
Ti2AlSi3,1
Ti2AlW,5
Ti2As4W3,2
Ti2BRh6,3
Ti2Be17,2
Ti2Be3Ga,3
Ti2Bi,8
Ti2C,8
Ti2CCl2,4
Ti2CN,6
Ti2CS,5
Ti2Cd,4
Ti2CdC,4
Ti2CdO5,1
Ti2Co3Si,2
Ti2Co3Sn2,1
Ti2CoIr,5
Ti2CoMo,5
Ti2CoNi,8
Ti2CoOs,5
Ti2CoRe,4
Ti2CoS4,3
Ti2CoSe4,2
Ti2Cr3Si,2
Ti2CrIr,4
Ti2CrSe4,2
Ti2CrSi6,1
Ti2CrTe4,2
Ti2Cu,5
Ti2Cu3,3
Ti2CuIr,6
Ti2CuNi,5
Ti2CuRe,5
Ti2CuS4,7
Ti2CuSb3,1
Ti2FeB2Rh5,1
Ti2FeB2Ru2Rh3,1
Ti2FeB2Ru3Rh2,1
Ti2FeB2Ru4Rh,1
Ti2FeB2RuRh4,1
Ti2FeCo,5
Ti2FeCu,4
Ti2FeIr,4
Ti2FeNiSb2,1
Ti2FeO5,3
Ti2FeOs,6
Ti2FeRu,5
Ti2FeS4,2
Ti2FeSe4,2
Ti2Ga,7
Ti2Ga3,3
Ti2GaC,5
Ti2GaN,5
Ti2GaRe,5
Ti2GeC,5
Ti2H,23
Ti2H3,6
Ti2HC,8
Ti2HPd,9
Ti2InC,5
Ti2InN,8
Ti2InNi2,6
Ti2IrRh,9
Ti2IrRu,5
Ti2IrW,4
Ti2Mn3V,8
Ti2MnBe,4
Ti2MnCo,4
Ti2MnFe,5
Ti2MnFeO6,3
Ti2MnIr,5
Ti2MnNi,4
Ti2MnNiO6,2
Ti2MnO4,1
Ti2MnOs,4
Ti2MnRe,4
Ti2MnRh,4
Ti2MnRu,4
Ti2MoIr,4
Ti2MoOs,5
Ti2MoPd,5
Ti2MoPt,4
Ti2N,8
Ti2Nb2(CuO4)3,1
Ti2NbAl,8
Ti2NiIr,6
Ti2NiMo,4
Ti2NiPd,6
Ti2NiS4,4
Ti2NiSe4,1
Ti2O,6
Ti2O3,10
Ti2OsRh,5
Ti2OsRu,4
Ti2P,6
Ti2PbC,6
Ti2Pd,6
Ti2Pd3,4
Ti2Re,7
Ti2ReB2,2
Ti2ReIr,4
Ti2ReNi,9
Ti2ReOs,5
Ti2RePd,4
Ti2RePt,4
Ti2ReRh,4
Ti2ReRu,4
Ti2Rh,6
Ti2RuRh,5
Ti2S3,6
Ti2SN2,3
Ti2Sb,6
Ti2SbP,5
Ti2Se3,9
Ti2Si6Mo,1
Ti2Si6W,1
Ti2SiC,4
Ti2SiNi3,2
Ti2Sn,7
Ti2Sn3,2
Ti2SnC,6
Ti2Te3,8
Ti2TlC,5
Ti2V2GaS8,1
Ti2VIr,4
Ti2VOs,7
Ti2VS4,3
Ti2VSe4,4
Ti2VTe4,4
Ti2Zn,7
Ti2ZnN,6
Ti2ZnO5,4
Ti2ZnRe,4
Ti3(BiO3)4,4
Ti3AgS6,3
Ti3Al,9
Ti3Al5,10
Ti3AlC,2
Ti3AlC2,1
Ti3AlN,4
Ti3AlNi12,2
Ti3Au,5
Ti3B4,1
Ti3B4Mo,2
Ti3B4Mo3,1
Ti3Be,7
Ti3Bi,8
Ti3C2,5
Ti3Co(CuS4)2,1
Ti3Co5B2,1
Ti3CoS6,4
Ti3Cr9Si4,1
Ti3Cu2NiS8,1
Ti3Cu4,1
Ti3CuO8,1
Ti3Fe(CuS4)2,1
Ti3Fe5O12,3
Ti3Fe5P4,1
Ti3FeS6,3
Ti3Ga,9
Ti3Ge,9
Ti3GeC2,2
Ti3H3Au,2
Ti3Hg,6
Ti3In,11
Ti3In3Rh2,2
Ti3In4,4
Ti3InC,4
Ti3InN,5
Ti3Ir,8
Ti3Ir2,1
Ti3Mn(CuS4)2,1
Ti3MoAs4,1
Ti3N2,3
Ti3N2O3,4
Ti3NO4,1
Ti3Nb,20
Ti3Nb(AlC)2,1
Ti3Nb(CuO4)3,1
Ti3Nb3Sn2,3
Ti3NbAl2,4
Ti3NbO8,3
Ti3Ni4,1
Ti3NiS6,4
Ti3O,10
Ti3O2,1
Ti3O4,2
Ti3O5,3
Ti3Os,9
Ti3Pb,11
Ti3Pd,9
Ti3Pd5,6
Ti3PdO,4
Ti3Pt,8
Ti3Pt5,4
Ti3Rh5,3
Ti3Sb,8
Ti3Se4,3
Ti3Si,7
Ti3Si3Mo2,1
Ti3SiC2,1
Ti3Sn,11
Ti3Sn5S12,1
Ti3SnC2,1
Ti3SnH,3
Ti3TeO8,1
Ti3Tl,9
Ti3TlC,3
Ti3TlN,4
Ti3V2Si3,1
Ti3VS4,2
Ti3VS6,3
Ti3WC4,3
Ti3Zn,8
Ti3Zn2O8,5
Ti3ZnN,31
Ti4(CuO4)3,1
Ti4(NbAl3)3,1
Ti4Al11Ni,1
Ti4Al11Zn,1
Ti4Al2CN,1
Ti4AlGe7,1
Ti4AlN3,1
Ti4As3,2
Ti4Bi2O11,2
Ti4C3N,2
Ti4CN3,3
Ti4Cd(CuO4)3,1
Ti4Co5Ni,2
Ti4Co7Ge6,1
Ti4CoBi2,1
Ti4CoS8,1
Ti4CrBi2,1
Ti4CrC5,1
Ti4CrTe8,3
Ti4CuAg,1
Ti4Fe2P3,1
Ti4FeBi2,1
Ti4FeCoS8,1
Ti4FeS8,1
Ti4FeSe8,1
Ti4Ga3Ni2,1
Ti4GaC3,1
Ti4GaS8,1
Ti4H3,7
Ti4H5,2
Ti4H7,3
Ti4Mn5V3,1
Ti4MnBi2,1
Ti4MnS8,4
Ti4NiBi2,1
Ti4NiS8,2
Ti4O5,1
Ti4P3,2
Ti4Pb2O9F2,1
Ti4Pd,4
Ti4V,9
Ti4WC5,1
Ti4ZnS8,3
Ti5(CuS5)2,1
Ti5(FeSb)4,2
Ti5AgSn3,1
Ti5Al11,1
Ti5Al2C3,1
Ti5As3,2
Ti5CN4,3
Ti5CoSb2,1
Ti5CoSb3,1
Ti5CoSe10,1
Ti5CoSn3,1
Ti5CuBi3,1
Ti5CuS10,1
Ti5CuSb2,2
Ti5CuSb3,1
Ti5CuSn3,1
Ti5FeSb2,1
Ti5FeSn3,1
Ti5Ga3,4
Ti5Ga4,2
Ti5Ge3,2
Ti5InS8,1
Ti5Mn7,1
Ti5MnS10,1
Ti5MnSb2,1
Ti5MnSn3,1
Ti5Nb5Ge6,2
Ti5NbO12,1
Ti5NiSn3,1
Ti5S8,6
Ti5Sb2Rh,1
Ti5Se4,1
Ti5Si,2
Ti5Si3,2
Ti5Si3C,1
Ti5SiSb2,2
Ti5Sn3,6
Ti5Sn3Au,1
Ti5Te4,1
Ti5Te8,2
Ti5TlS8,1
Ti5TlSe8,1
Ti6AgS12,1
Ti6Ge2B,1
Ti6O,4
Ti6P2O,2
Ti6PtAu,1
Ti6Si2B,1
Ti8Al4CN3,1
Ti8BiO7,1
Ti8C5,2
Ti8Cu3Ni,2
Ti8N5,1
TiAg,18
TiAgF6,4
TiAl,20
TiAl2,10
TiAl2Cr3C2,1
TiAl2O5,2
TiAl2V,8
TiAl2Zn,6
TiAl3,8
TiAl4Ni15,1
TiAl6Mo,1
TiAlAu,24
TiAlAu2,5
TiAlCo2,4
TiAlCr,3
TiAlCu,24
TiAlCu2,5
TiAlFe,6
TiAlFe2,5
TiAlFeCo,3
TiAlFeO5,1
TiAlIr2,6
TiAlNi,6
TiAlNi2,5
TiAlNi6,4
TiAlOs2,4
TiAlPd2,7
TiAlPt,7
TiAlRh2,4
TiAlRu2,5
TiAlVC,3
TiAs,23
TiAs2O7,5
TiAsPd,7
TiAsRh,7
TiAsRu,5
TiAu,17
TiAu2,5
TiAu3,8
TiAu4,4
TiB,13
TiB2,3
TiB2Mo,5
TiB2W,5
TiB4Mo,2
TiBO3,3
TiBe,13
TiBe12,3
TiBe2,5
TiBe2Ir,2
TiBe2Pt,3
TiBe3,4
TiBe4Nb,4
TiBeB,5
TiBeCo2,5
TiBeIr2,4
TiBeRh2,4
TiBi2(O2F)2,1
TiBi2O5,5
TiBr2,5
TiBr3,13
TiBr4,17
TiC,8
TiCd,21
TiCd3,6
TiCdF6,7
TiCdHg2,6
TiCdO3,11
TiCl3,19
TiCl4,20
TiCo,21
TiCo2,6
TiCo2Ge,4
TiCo2Si,6
TiCo2Sn,4
TiCo3,7
TiCoCuS4,1
TiCoGe,8
TiCoNi2,6
TiCoNiSn,1
TiCoP,8
TiCoSb,16
TiCoSi,6
TiCoSn,9
TiCr(BIr)2,1
TiCr2,5
TiCr2O5,2
TiCr3(CuSe4)2,3
TiCr7O12,1
TiCrAgS4,25
TiCrAs,2
TiCrAs2,4
TiCrB4,2
TiCrCuS4,18
TiCrCuSe4,1
TiCrN2,10
TiCrO4,5
TiCrP,6
TiCrP2,5
TiCrS2,5
TiCrS4,3
TiCrSi4,2
TiCu,16
TiCu2,6
TiCu2P,4
TiCu2Te3,2
TiCu3,7
TiCu3O4,5
TiCu4,4
TiCuF6,3
TiCuGe,9
TiCuGeAs,1
TiCuNi,10
TiCuNi2,6
TiCuSi,10
TiCuSiAs,1
TiCuSn,7
TiCuSnS4,1
TiF3,10
TiF4,6
TiFe,14
TiFe2,7
TiFe2Ge,3
TiFe2O5,5
TiFe2Sb,3
TiFe2Si,6
TiFe2Sn,3
TiFe3Bi3PbO12,1
TiFe5O8,1
TiFeAs,6
TiFeBiPbO6,1
TiFeCoGe,1
TiFeCoSi,1
TiFeGe,10
TiFeH,2
TiFeH2,6
TiFeO3,10
TiFeP,5
TiFeSb,6
TiFeSbO6,2
TiFeSi,8
TiFeTe,1
TiGa,18
TiGa2,8
TiGa2O5,3
TiGa3,6
TiGa5Co,1
TiGa5Ni,1
TiGaCo2,6
TiGaCu2,5
TiGaFe2,5
TiGaFeCo,2
TiGaNi,7
TiGaNi2,6
TiGaNi6,4
TiGaPd,6
TiGaPd2,8
TiGaPt,8
TiGaRh2,5
TiGaRu2,3
TiGe2,6
TiGeIr,9
TiGeO3,3
TiGeOs,6
TiGePd,6
TiGePt,6
TiGeRh,8
TiGeRh2,7
TiGeRu,8
TiGeRu2,3
TiGeS3,5
TiGeSb,4
TiGeTe6,1
TiH,21
TiH2,8
TiH6(OF3)2,1
TiH8(NF3)2,3
TiHg,15
TiI2,8
TiI2O7,1
TiI3,14
TiI4,17
TiIn,20
TiInAu2,6
TiInCo2,5
TiInCu2,5
TiInNi2,5
TiInPd2,5
TiInPt2,7
TiInRh2,4
TiIr,21
TiIr3,7
TiMn(Ni2Sn)2,1
TiMn2,5
TiMn2Al,4
TiMn2Ga,3
TiMn2Ge,4
TiMn2O6,2
TiMn2Si,5
TiMn2V,4
TiMn2VAs4,1
TiMn2W,4
TiMn3O8,4
TiMn5O12,1
TiMnAl,9
TiMnAs,8
TiMnCo2,4
TiMnCr,6
TiMnGe,9
TiMnIr2,5
TiMnN2,12
TiMnO3,8
TiMnO4,3
TiMnP,6
TiMnRh2,5
TiMnSi4,1
TiMnSn4,2
TiMnV4O12,1
TiMo,17
TiMo2,6
TiMo2W,6
TiMo3,5
TiMoAs2,8
TiMoC2,6
TiMoO4,3
TiMoP2,5
TiMoS3,4
TiN,21
TiNCl,3
TiNb,32
TiNb(BiO3)3,3
TiNb2Zn(PbO3)4,2
TiNb2ZnO8,2
TiNb3(AlC)2,1
TiNb3O6,1
TiNbAlC,3
TiNbB2,4
TiNbB4,4
TiNbBiO6,3
TiNbC2,6
TiNbCr4,2
TiNbFe4,2
TiNbGaO6,2
TiNbN2,15
TiNbO4,7
TiNbRe2,4
TiNbRu2,4
TiNbS4,3
TiNbSbO6,1
TiNbTl(O2F)2,1
TiNi,25
TiNi2Sb,4
TiNi2Sn,5
TiNi3,7
TiNi4GeO8,1
TiNiAs,9
TiNiGe,7
TiNiO3,9
TiNiP,12
TiNiSb,6
TiNiSn,19
TiO,20
TiO2,42
TiOF,7
TiOF2,9
TiOs,13
TiP,17
TiP2,6
TiP2O7,6
TiP2W,6
TiP4W3,1
TiPHO5,4
TiPN3,34
TiPO4,6
TiPO4F,3
TiPOs,3
TiPRu,4
TiPbO3,30
TiPd,19
TiPd2,5
TiPd3,8
TiPt,23
TiPt3,9
TiPt8,2
TiRe,15
TiRe2Mo,5
TiRe2W,4
TiReN3,38
TiReSi,3
TiRh,24
TiRh3,5
TiRu,12
TiS,20
TiS2,28
TiS3,5
TiSCl,3
TiSb,20
TiSb2,6
TiSe,20
TiSe2,11
TiSi2,6
TiSiAg2O5,1
TiSiIr,7
TiSiNi,7
TiSiOs,5
TiSiOs2,5
TiSiPd,9
TiSiPt,7
TiSiRh,8
TiSiRu,6
TiSiRu2,5
TiSnIr,6
TiSnO3,5
TiSnO4,5
TiSnPd,6
TiSnPd2,7
TiSnPt,5
TiSnRh,8
TiSnRh2,6
TiSnRu2,4
TiSnSb,4
TiTe,20
TiTe2,3
TiTl(VS2)4,2
TiTl2(TeO4)3,1
TiTl2F6,11
TiTl3F6,4
TiTlCuTe3,1
TiTlPS5,1
TiTlWO5F,1
TiV2CrO10,1
TiV3O8,3
TiV4CuO12,1
TiV4Si3,1
TiVAs2,7
TiVB4,5
TiVC2,6
TiVCuS4,1
TiVH4,5
TiVN2,9
TiVO3,6
TiVO4,11
TiVP,18
TiVRe2,4
TiVRu2,5
TiVS2,6
TiVSe4,2
TiW,19
TiWC2,4
TiWO4,2
TiZn,15
TiZn(BiO3)2,6
TiZn2,7
TiZn2O4,5
TiZn2Pd,9
TiZn2WO6,2
TiZn3,7
TiZnAu2,6
TiZnCo2,6
TiZnCu2,6
TiZnF5,2
TiZnF6,4
TiZnGa2,10
TiZnIr2,4
TiZnN2,8
TiZnNi2,5
TiZnO3,7
TiZnPd2,8
TiZnPt2,8
TiZnRh2,6
TiZnSiO5,1
Tl,35
Tl(CoS)2,2
Tl(CoSe)2,2
Tl(Cu3S2)2,2
Tl(CuO)2,2
Tl(CuS)2,5
Tl(CuSe)2,9
Tl(CuTe)2,5
Tl(FeS)2,3
Tl(FeSe)2,2
Tl(FeTe)3,1
Tl(Mo3S4)2,1
Tl(Mo3Se4)2,1
Tl(MoSe)3,1
Tl(NiS)2,3
Tl(NiSe)2,3
Tl(SbO3)2,5
Tl(TeMo)3,1
Tl(V3S4)2,2
Tl(WO3)3,2
Tl(ZnSb)2,7
Tl2(CdSb)3,1
Tl2(PbO3)3,1
Tl2AgI3,4
Tl2Au,20
Tl2Au4S3,1
Tl2BiSbTe4,1
Tl2CN2,3
Tl2CO3,3
Tl2CS3,1
Tl2CdGeTe4,2
Tl2CdSnTe4,2
Tl2CdTe4,2
Tl2Co3NiSe4,2
Tl2CoF4,2
Tl2CoI4,3
Tl2Cu2SnS4,2
Tl2Cu2SnTe4,2
Tl2CuAsO4,3
Tl2CuF4,4
Tl2F3,8
Tl2Fe3S4,1
Tl2Fe3Se4,2
Tl2FeCu3S4,1
Tl2FeCu3Se4,1
Tl2FeCu3Te4,2
Tl2GaCu3Se4,1
Tl2GeF6,5
Tl2GeS3,5
Tl2GeSe3,3
Tl2Hg2PdCl8,1
Tl2Hg3S4,2
Tl2Hg3Se4,2
Tl2Hg3Te4,2
Tl2HgGeTe4,2
Tl2InGaF6,1
Tl2MoCl6,5
Tl2MoO4,11
Tl2Ni3S2,2
Tl2NiF4,1
Tl2O,16
Tl2PAuS4,2
Tl2Pd,8
Tl2Pd3S2,3
Tl2Pd3Se2,3
Tl2Pd9Pb,2
Tl2PdCl4,3
Tl2PdSe2,3
Tl2Pt,19
Tl2Pt3,2
Tl2PtCl6,4
Tl2PtI6,6
Tl2Rh3S2,2
Tl2S,19
Tl2SbF5,2
Tl2Se3,9
Tl2SeO4,5
Tl2SiF6,6
Tl2SiHgSe4,2
Tl2SiS3,5
Tl2SiSe3,2
Tl2Sn(AsS3)2,1
Tl2Sn2S3,4
Tl2Sn2S5,2
Tl2SnCl6,4
Tl2SnF6,6
Tl2SnHgSe4,1
Tl2SnHgTe4,1
Tl2SnS3,3
Tl2Te3,7
Tl2TeBr6,2
Tl2TeCl6,5
Tl2TeI6,2
Tl2VF6,6
Tl2WCl6,5
Tl2WO4,2
Tl2ZnI4,2
Tl3(SO4)2,1
Tl3As,24
Tl3AsF6,3
Tl3AsO4,4
Tl3AsS3,6
Tl3AsSe3,4
Tl3Au,25
Tl3BO3,2
Tl3BS3,4
Tl3BSe3,2
Tl3Bi,12
Tl3BiCl6,6
Tl3CO3F,1
Tl3Cd,21
Tl3CoCl5,1
Tl3CrF6,7
Tl3FeCl5,1
Tl3FeF6,3
Tl3Ga,10
Tl3GaF6,6
Tl3Hg,24
Tl3In,35
Tl3In5Se8,1
Tl3PO4,2
Tl3Pb,22
Tl3Sb,21
Tl3SbS3,5
Tl3SbS4,3
Tl3Sn,12
Tl3VF6,3
Tl3VO4,4
Tl3VS4,3
Tl3VSe4,2
Tl4Bi,7
Tl4GeS4,1
Tl4O3,1
Tl4PbSe3,2
Tl4Pd15Pb,1
Tl4SiS4,2
Tl4Sn,7
Tl4SnSe3,3
Tl4SnTe3,2
Tl4V2O7,1
Tl5In3Se8,1
Tl5Te3,5
Tl6S,3
Tl6TeO12,1
Tl6TeO6,1
Tl6WO12,1
Tl9BiSe6,1
Tl9BiTe6,1
Tl9SbSe6,2
Tl9SbTe6,2
Tl9SnTe6,1
TlAgAs2PbS5,1
TlAgBr3,4
TlAgCl3,32
TlAgF3,32
TlAgI2,7
TlAgO2,8
TlAgPd2,6
TlAgS,8
TlAgSe,12
TlAgTe,11
TlAsF6,2
TlAsO4,5
TlAsPd5,1
TlAsPd6,2
TlAsPt5,1
TlAuCl4,12
TlAuO2,5
TlBS3,6
TlBSe3,6
TlBi(PS3)2,1
TlBi2,4
TlBi2Cl7,2
TlBi3,7
TlBiF4,7
TlBiPbS3,3
TlBiS2,12
TlBiSe2,12
TlBiTe2,8
TlBr,30
TlBr3,29
TlBrO3,6
TlCO2,7
TlCSN,1
TlCd(NO2)3,1
TlCdBr3,5
TlCdCl3,6
TlCdF3,28
TlCdI3,6
TlCdRh2,12
TlCdSb,9
TlCl,26
TlCl2,18
TlCl3,31
TlClO3,4
TlClO4,4
TlCoCl3,12
TlCoNiS2,1
TlCoNiSe2,1
TlCr(SO4)2,4
TlCr2FeO8,3
TlCr3S5,2
TlCr3Se5,2
TlCr5S8,1
TlCr5Se8,1
TlCr5Te8,1
TlCrNiF6,3
TlCrO3,4
TlCrS2,9
TlCrSe2,23
TlCrTe2,22
TlCu2(SeO5)2,1
TlCu2H(SeO5)2,1
TlCu3S2,2
TlCu3Se2,1
TlCu4S3,1
TlCu4Se3,2
TlCu7S4,2
TlCu7Se4,1
TlCuAs2PbS5,1
TlCuCl3,33
TlCuF3,23
TlCuHSO5,1
TlCuHSeO5,1
TlCuO2,8
TlCuS2,7
TlCuSe2,26
TlF,31
TlF3,29
TlFe(SeO4)2,3
TlFe2S3,2
TlFeBr3,7
TlFeCuSe2,1
TlFeO3,5
TlFeS2,7
TlFeSe2,24
TlGa(SO4)2,3
TlGa(SeO4)2,4
TlGaF6,7
TlGaO3,6
TlGaSe2,8
TlGaTe2,7
TlGeBr3,7
TlGeCl3,34
TlGeF3,32
TlGeI3,5
TlH4NCl4,2
TlHPd3,26
TlHg,37
TlHg3,25
TlHg5Br11,1
TlHg5Cl11,1
TlHgCl3,6
TlHgF3,25
TlI,29
TlI3,9
TlIO3,4
TlIO4,3
TlIn,50
TlIn(PS3)2,1
TlIn(PSe3)2,1
TlIn2GaSe4,1
TlIn2GaTe4,2
TlIn3,28
TlIn3S5,1
TlIn3Se4,1
TlIn5S8,1
TlIn5Se8,1
TlInCl3,8
TlInF6,6
TlInO2,9
TlInS2,13
TlInSe2,26
TlInTe2,19
TlN3,2
TlNiCl3,5
TlNiF3,18
TlNiO3,7
TlO,16
TlPAuSe3,1
TlPF6,4
TlPO4,6
TlPPd5,1
TlPPt5,1
TlPS3,4
TlPb,35
TlPbI3,7
TlPd2,5
TlPd2Au,5
TlPd2Se3,3
TlPd3,6
TlPd3O4,2
TlPd5Se,1
TlPdF3,26
TlPdPb,7
TlPt2S3,3
TlPt2Se3,2
TlPt3O4,1
TlS,20
TlSO4,4
TlSb(PS3)2,1
TlSb(PSe3)2,1
TlSbCl6,8
TlSbF6,14
TlSbO3,10
TlSbPbS3,2
TlSbS2,13
TlSbSe2,27
TlSbTe2,22
TlSbWO6,1
TlSe,37
TlSiPt5,1
TlSn,20
TlSn2Br5,5
TlSn2I5,1
TlSn3,9
TlSnI3,7
TlTe,38
TlTe3Pt2,1
TlV(CrS2)4,1
TlV(SO4)2,3
TlV2AgO6,2
TlV2Cr3S8,2
TlV3(CrS4)2,2
TlV4FeS8,1
TlV4O10,1
TlV5S8,1
TlV5Se8,1
TlV6PSe7,1
TlVCl3,4
TlVO3,11
TlZnF3,23
Tm,17
Tm(Al2Cr)4,1
Tm(Al2Cu)4,1
Tm(Al2Fe)4,1
Tm(AlC)3,1
Tm(AlCr)6,1
Tm(AlCu)6,1
Tm(AlFe)6,1
Tm(AlGe)2,3
Tm(BC)2,4
Tm(BIr)4,2
Tm(BRh)4,3
Tm(Co2B)6,1
Tm(Co2Ge)2,1
Tm(CoB)4,3
Tm(CoGe)2,2
Tm(CoGe)6,2
Tm(CoSi)2,2
Tm(CrFe5)2,1
Tm(CuGe)2,3
Tm(CuO2)2,1
Tm(CuS)3,1
Tm(CuSi)2,2
Tm(CuTe)3,2
Tm(Fe2Ge)2,2
Tm(Fe2Si)2,1
Tm(Fe5Mo)2,1
Tm(Fe5Re)2,1
Tm(FeB)2,2
Tm(FeGe)2,3
Tm(FeSi)2,3
Tm(FeSn)6,1
Tm(GaFe)6,1
Tm(GeRh)2,3
Tm(GeRu)2,2
Tm(HO)3,3
Tm(MnAl)6,1
Tm(MnAl2)4,1
Tm(MnGe)2,2
Tm(MnGe)6,4
Tm(MnSi)2,2
Tm(MnSn)6,5
Tm(Mo3S4)2,1
Tm(Mo3Se4)2,1
Tm(Ni2As)2,1
Tm(Ni2P)2,1
Tm(NiGe)2,2
Tm(NiP)2,3
Tm(SiNi)2,3
Tm(SiOs)2,2
Tm(SiPd)2,3
Tm(SiPt)2,4
Tm(SiRu)2,3
Tm(TiGa2)2,1
Tm12Co5Bi,1
Tm12Fe2Pb3,1
Tm12In2Fe3,1
Tm2(B2Rh3)3,1
Tm2(CN2)3,2
Tm2(NiB2)3,1
Tm2AgAu,5
Tm2AgHg,6
Tm2AgIr,5
Tm2AgOs,4
Tm2AgPt,4
Tm2AgRu,5
Tm2Al3Si2,2
Tm2AlNi2,5
Tm2AlSi2,4
Tm2AlZn,5
Tm2Au,5
Tm2C,7
Tm2C(NO)2,1
Tm2C3,1
Tm2CdCu2,2
Tm2CdGe2,1
Tm2CdHg,3
Tm2CdIn,4
Tm2CdOs,4
Tm2CdPd2,1
Tm2CdS4,1
Tm2CdSe4,1
Tm2Co3Si5,1
Tm2Co7,2
Tm2CoCu,6
Tm2CoGe2,3
Tm2CoIr,4
Tm2CoOs,4
Tm2CoRu,4
Tm2CoSi2,2
Tm2Cr2C3,1
Tm2Cu(GeO3)4,1
Tm2CuAu,5
Tm2CuGe6,1
Tm2CuIr,5
Tm2CuO4,4
Tm2CuOs,4
Tm2CuPd,8
Tm2CuPt,6
Tm2CuRh,5
Tm2CuRu,4
Tm2Fe2Si2C,1
Tm2FeC4,1
Tm2FeSi2,2
Tm2FeSi4,1
Tm2Ga3Cu,5
Tm2Ga3Ni,5
Tm2Ga8Co,1
Tm2Ga8Fe,1
Tm2GaCo2,4
Tm2GaCu,4
Tm2GaNi2,4
Tm2GaOs,4
Tm2GaRu,3
Tm2Ge5Rh3,2
Tm2Ge5Ru3,2
Tm2Ge6Pd,1
Tm2Ge6Pt,1
Tm2In,4
Tm2In8Co,1
Tm2InAg,5
Tm2InAu2,2
Tm2InCu2,3
Tm2InHg,4
Tm2InNi2,3
Tm2InPd2,4
Tm2IrPd,3
Tm2IrPt,4
Tm2IrRh,3
Tm2IrRu,5
Tm2Mg,6
Tm2MgAl,5
Tm2MgCd,4
Tm2MgGe2,1
Tm2MgIn,5
Tm2MgNi2,3
Tm2MgOs,4
Tm2MgRu,4
Tm2MgS4,7
Tm2MgSe4,7
Tm2MgSi2,2
Tm2MgTiO6,3
Tm2MgTl,4
Tm2MnC4,1
Tm2MnS4,2
Tm2Mo2C3,2
Tm2Ni2Pb,3
Tm2Ni2Sn,3
Tm2NiAs2,1
Tm2NiGe6,1
Tm2NiIr,3
Tm2NiOs,4
Tm2NiPt,6
Tm2NiRu,3
Tm2NiRuO6,2
Tm2NiSn6,1
Tm2O3,7
Tm2OsAu,3
Tm2OsPd,3
Tm2OsRh,4
Tm2Pd2Pb,2
Tm2PdAu,8
Tm2PdPt,6
Tm2PdRh,3
Tm2PdRu,3
Tm2Pt,6
Tm2PtRh,4
Tm2ReC2,1
Tm2RuAu,3
Tm2RuPt,3
Tm2RuRh,3
Tm2S2O,3
Tm2S3,14
Tm2SO2,5
Tm2SbTe,10
Tm2Se3,8
Tm2SeO2,5
Tm2Si2O7,4
Tm2Si4Mo3,1
Tm2Si5Ni3,1
Tm2SnAu2,4
Tm2Te3,9
Tm2Te5,1
Tm2TeO2,4
Tm2TeO6,4
Tm2TeS2,1
Tm2TiO5,5
Tm2TlAg,4
Tm2TlCd,4
Tm2TlHg,7
Tm2TlZn,4
Tm2Zn17,2
Tm2ZnAg,5
Tm2ZnAu,4
Tm2ZnCu,5
Tm2ZnGa,4
Tm2ZnHg,3
Tm2ZnIn,3
Tm2ZnIr,4
Tm2ZnOs,4
Tm2ZnPd,5
Tm2ZnPt,5
Tm2ZnRh,3
Tm2ZnRu,4
Tm3(CuGe)4,1
Tm3(CuSi)4,2
Tm3(CuSn)4,2
Tm3(FeGe)4,2
Tm3(GePd)4,2
Tm3(In2Co)2,1
Tm3Al,9
Tm3Al2,4
Tm3AlN,2
Tm3Co11B4,1
Tm3Co2Si3,2
Tm3Co6Sn5,1
Tm3Fe2Ge3,1
Tm3Fe2Si3,1
Tm3FeSi3,1
Tm3Ga2Ge3,3
Tm3Ga5Ni,2
Tm3Ga8Ag3,1
Tm3Ga8Ir3,1
Tm3Ga8Rh3,2
Tm3Ga9Pt2,1
Tm3Ge3Ru2,2
Tm3Ge4,2
Tm3In,8
Tm3InN,2
Tm3Ir,6
Tm3Lu,10
Tm3Mg,8
Tm3Mn3Ga2Si,1
Tm3Ni,5
Tm3Ni13B2,1
Tm3Os,6
Tm3Pb,8
Tm3PbC,1
Tm3Pd4,1
Tm3Pt,7
Tm3Pt4,1
Tm3Ru,8
Tm3Ru2,3
Tm3Sb4Au3,1
Tm3Sc,11
Tm3Si3Ni,1
Tm3Sn,8
Tm3Tl,9
Tm4B3C4,1
Tm4CdS7,1
Tm4CdSe7,1
Tm4CoSn8,2
Tm4CrS7,1
Tm4CrSe7,1
Tm4CuGe8,1
Tm4Ga12Pd,1
Tm4Ge6Ir7,1
Tm4Ge6Os7,1
Tm4In(NiGe2)2,1
Tm4MgS7,1
Tm4MnS7,1
Tm4Ni2C5,1
Tm4Zr3O12,2
Tm5(GeSb)2,1
Tm5(ReO6)2,1
Tm5(SiSb)2,1
Tm5BiPd2,1
Tm5BiPt2,1
Tm5Ga3,4
Tm5Ge3,2
Tm5Ge3C,1
Tm5In3,4
Tm5In4,2
Tm5Ir2,1
Tm5Ir3,3
Tm5Mg,4
Tm5Ni2Bi,1
Tm5Ni2Sb,1
Tm5NiPb3,1
Tm5Pb3,2
Tm5Pt3,4
Tm5Re2C7,1
Tm5Rh3,3
Tm5Ru2,2
Tm5S7,1
Tm5Sb3,2
Tm5SbPd2,1
Tm5SbPt2,1
Tm5Si3,2
Tm5Si3C,1
Tm5Sn3,2
Tm5TeSe4,2
Tm5Tl3,2
Tm6Co2Sn,1
Tm6CoBi2,3
Tm6FeBi2,2
Tm6FeSb2,1
Tm6GaCo2,1
Tm6GaNi2,1
Tm6InCo2,1
Tm6Ni2Sn,1
Tm6ReO12,1
Tm6WO12,1
TmAg,5
TmAg(PSe3)2,1
TmAg2,4
TmAgGe,6
TmAgPb,7
TmAgS2,11
TmAgSe2,10
TmAgSn,9
TmAgTe2,8
TmAl,8
TmAl2,7
TmAl2Ni,4
TmAl3,9
TmAl3(BO3)4,2
TmAl3Ni2,5
TmAl4Ni,3
TmAl7Fe5,1
TmAlAg2,4
TmAlAu,11
TmAlAu2,5
TmAlCo,8
TmAlCo4,2
TmAlCu,9
TmAlCu4,3
TmAlFe,8
TmAlGa,10
TmAlGe,9
TmAlNi,9
TmAlNi4,4
TmAlO3,6
TmAlPd,8
TmAlPt,7
TmAlRh,7
TmAlZn,16
TmAs,3
TmAsO4,3
TmAsPd,9
TmAsPt,9
TmAsS,5
TmAsSe,5
TmAu,7
TmAu2,7
TmAu3,8
TmAu4,2
TmB12,1
TmB2,3
TmB2Ir3,2
TmB2Os,3
TmB2Rh3,1
TmB2Ru,2
TmB2Ru3,1
TmB4,2
TmB6,2
TmBO3,6
TmBPt2,2
TmBRh3,1
TmBeCu4,2
TmBi,4
TmBi2BrO4,1
TmBi2ClO4,1
TmBi2IO4,1
TmBiO3,6
TmBiPd,4
TmBiPd2,3
TmBiPt,4
TmBiTe3,3
TmBr3,8
TmC2,2
TmCd,2
TmCd2,5
TmCd3,7
TmCdAg2,4
TmCdAu,8
TmCdAu2,4
TmCdCu4,1
TmCdHg2,4
TmCdNi4,1
TmCdPd2,3
TmCdPt2,4
TmCdRh2,4
TmCl3,11
TmCo2,6
TmCo2B2C,1
TmCo2Sn,4
TmCo3,5
TmCo3B2,3
TmCo4B,2
TmCoC,4
TmCoC2,4
TmCoGe,6
TmCoGe2,5
TmCoSi,6
TmCoSi2,4
TmCoSn,10
TmCrO3,3
TmCrO4,1
TmCrTeO6,3
TmCu,4
TmCu2,4
TmCu4Ag,1
TmCu5,4
TmCuAs2,2
TmCuGe,7
TmCuPb,7
TmCuPbS3,3
TmCuPbSe3,3
TmCuS2,8
TmCuSb2,1
TmCuSe2,6
TmCuSi,10
TmCuSn,9
TmCuTe2,8
TmFe2,5
TmFe2SiC,1
TmFe3,6
TmFe4(CuO4)3,1
TmFe4B,1
TmFeGe2,3
TmFeO3,3
TmGa,8
TmGa2Ni,6
TmGa2Ni3,6
TmGa2Pd,6
TmGa3,9
TmGa3Os,2
TmGa3Ru,2
TmGa4Ni,2
TmGa5Co,1
TmGa6,3
TmGaAg,11
TmGaAu,11
TmGaCu2,4
TmGaNi,10
TmGaO3,6
TmGaPd,9
TmGaPd2,6
TmGaPt,7
TmGaRh2,5
TmGe,6
TmGe2,8
TmGe2Pt,3
TmGe3,4
TmGeAu,8
TmGeIr,8
TmGePd,13
TmGePd2,5
TmGePt,9
TmGeRh,10
TmGeRu,7
TmH2,4
TmH2ClO2,2
TmH3(CO2)3,1
TmHO2,9
TmHfCo2,3
TmHfF7,2
TmHfIr2,3
TmHfOs2,3
TmHfRu2,3
TmHg,3
TmHg3,6
TmI3,10
TmIO,4
TmIn,5
TmIn2Sn,3
TmIn3,6
TmIn5Co,1
TmIn5Rh,1
TmIn7Cu5,1
TmInAg2,3
TmInAu,9
TmInAu2,5
TmInCo4,1
TmInCu2,4
TmInCu4,1
TmInNi,11
TmInNi4,1
TmInO3,5
TmInPd,9
TmInPd2,5
TmInPt,8
TmInPt2,5
TmInRh,7
TmInRh2,7
TmIr,6
TmIr2,4
TmLu3,7
TmLuAg2,3
TmLuAu2,3
TmLuCo2,3
TmLuCu2,4
TmLuHg2,3
TmLuIn2,4
TmLuIr2,3
TmLuMg2,3
TmLuPd2,4
TmLuRh2,4
TmLuRu2,3
TmLuTl2,5
TmLuZn2,3
TmMg,3
TmMg2,10
TmMg2Sc,7
TmMg3,9
TmMg5,6
TmMgAg,7
TmMgAg2,3
TmMgAu,7
TmMgAu2,3
TmMgCd2,4
TmMgGa,6
TmMgHg2,4
TmMgIn,7
TmMgPd,9
TmMgPd2,3
TmMgPt2,3
TmMgRh2,5
TmMgSn,8
TmMgTl,8
TmMgZn2,3
TmMn2,5
TmMn4(CuO4)3,1
TmMn6(GaSn2)2,1
TmMn6(Sn2Ge)2,1
TmMn6GaGe5,3
TmMn6InSn5,1
TmMnGe,7
TmMnO3,7
TmMnRh2,3
TmMnSi,5
TmMoC2,3
TmMoClO4,3
TmN,3
TmNbO4,4
TmNbOs2,3
TmNbRu2,3
TmNi,8
TmNi2,6
TmNi2B2C,1
TmNi2Sn,6
TmNi3,9
TmNi4Au,1
TmNi4B,2
TmNi5,4
TmNiAs,8
TmNiBi,5
TmNiC2,1
TmNiGe,9
TmNiGe2,4
TmNiGe3,3
TmNiO3,3
TmNiP,6
TmNiPb,6
TmNiSb,6
TmNiSn,13
TmNiSn4,2
TmOF,7
TmOs2,3
TmP,3
TmP5,1
TmPO4,4
TmPPd,9
TmPPt,8
TmPb3,6
TmPd,8
TmPd2Pb,3
TmPd3,8
TmPt,7
TmPt2,8
TmPt3,5
TmRe2,3
TmRh,6
TmRh2,4
TmRh2Pb,3
TmRh3,7
TmRh3C,1
TmRhO3,3
TmRu2,3
TmRu3C,1
TmS,8
TmS2,7
TmSb,4
TmSb(PbO3)2,3
TmSbIr,5
TmSbPd2,2
TmSbPt,6
TmSbRh,7
TmSbRh2,4
TmSc(BO3)2,1
TmScHg2,4
TmScO3,7
TmScPd2,6
TmScRu2,3
TmScZn2,3
TmSe,4
TmSe2,6
TmSi,4
TmSi2,5
TmSi2Ni,3
TmSiAg,10
TmSiIr,6
TmSiPd2,5
TmSiPt,8
TmSiPt2,6
TmSiRu,7
TmSiRu2C,1
TmSn2,8
TmSn3,6
TmSnAu,7
TmSnGe,3
TmSnIr,8
TmSnPd,11
TmSnPd2,5
TmSnPt,7
TmSnRh,9
TmSnRh2,4
TmSnRu2,4
TmTaO4,7
TmTaOs2,3
TmTaRu2,3
TmTe,8
TmTe2,5
TmTe3,6
TmTiClO3,1
TmTiFe11,1
TmTiGe,3
TmTiO3,4
TmTl,3
TmTl3,5
TmTlO3,3
TmTlRh2,3
TmTlS2,4
TmTlSe2,4
TmTlTe2,7
TmVO3,5
TmVO4,3
TmWC2,4
TmZn,3
TmZn12,3
TmZn2,6
TmZn3,7
TmZnGa,15
TmZnGe,6
TmZnPd,6
TmZnPd2,4
TmZnRh,8
TmZnRh2,3
TmZnSn,11
TmZnSn2,4
TmZr,4
TmZr3,7
TmZrCo2,4
TmZrF7,3
TmZrOs2,3
TmZrRu2,4
TmZrSb,7
V,22
V(AgO)4,1
V(CO3)2,8
V(CrC)2,1
V(CrS2)2,6
V(CrSi3)2,1
V(CrTe2)2,3
V(FeS2)2,1
V(FeSe2)2,6
V(GeO3)2,4
V(MoS2)2,1
V10(SiGe)3,3
V10Si6B,1
V11FeB8,1
V11ReB8,1
V12P7,1
V2(CrSi)3,1
V2(OF)3,12
V2AsC,5
V2B2Ir,3
V2B3,1
V2Bi4O11,8
V2C,6
V2Cd2O7,2
V2CdO4,3
V2CdO6,5
V2Co9Mo,2
V2Co9W,2
V2CoS4,4
V2Cr2GaSe8,1
V2CrFe,5
V2CrO6,4
V2CrOs,4
V2CrRe,5
V2CrRu,5
V2CrS4,2
V2CrSe4,2
V2CrTe4,2
V2Cu3NiO6,1
V2Cu3O8,3
V2Cu3Sb4,1
V2CuO6,4
V2CuS4,4
V2F7,2
V2Fe(CuO2)3,2
V2Fe2Pb(O4F)2,1
V2FeGe,5
V2FeO4,2
V2FeO6,4
V2FeS4,3
V2FeSe4,2
V2FeSi,5
V2FeSn,3
V2FeTe4,2
V2Ga5,1
V2GaC,7
V2GaN,5
V2GaSn2,2
V2GeC,5
V2H,14
V2H2O5,1
V2H3O5,1
V2HO4,4
V2InC,5
V2MoO8,3
V2MoOs,4
V2MoRu,5
V2MoS4,4
V2MoW,13
V2N,6
V2N3,1
V2NO5,1
V2NiO6,6
V2NiS4,4
V2NiSe4,6
V2O2F3,2
V2O3,16
V2O3F,22
V2O5,19
V2OF4,2
V2OF5,22
V2OF6,2
V2OF7,3
V2OsRu,5
V2OsW,5
V2P,3
V2PC,5
V2PO5,1
V2Pb(OF4)2,1
V2Pb3O8,3
V2PbO6,6
V2ReMo,5
V2ReOs,4
V2ReRu,4
V2ReW,6
V2Si2O7,2
V2SiO4,3
V2Te2O7F2,1
V2WO6,2
V2Zn2O7,4
V2ZnO5,3
V2ZnO6,3
V2ZnS4,2
V3(O2F)2,21
V3(PS3)4,1
V3Ag2TeS6,1
V3As,6
V3As2,3
V3As2O9,2
V3AsC,5
V3AsN,4
V3Au,7
V3B2,4
V3B4,1
V3Co,7
V3Cr,11
V3Cr3B8,1
V3Cr3Si2,1
V3CrGaSe8,1
V3CuO8,3
V3Fe,9
V3FeO8,3
V3FeS6,2
V3Ga,9
V3Ga2,4
V3GaN,4
V3Ge,5
V3GeC,5
V3GeN,5
V3H5O8,2
V3Ir,7
V3Mo,17
V3MoO6,1
V3Ni,7
V3NiO6,1
V3NiO8,2
V3NiP2,1
V3NiS6,3
V3O2F5,2
V3O5,3
V3O5F,20
V3OF11,20
V3Os,7
V3PC,5
V3PN,4
V3Pd,8
V3Pt,7
V3Re,8
V3ReB4,1
V3Rh,7
V3Rh5,5
V3Ru,10
V3S,6
V3S4,3
V3S5,1
V3Sb,5
V3Sb2,1
V3Se4,3
V3Si,8
V3Si2Mo3,1
V3Sn,6
V3SnO8,2
V3Te4,3
V3Zn2O8,5
V4(CrS2)5,1
V4(CuO4)3,1
V4(OF3)3,17
V4Ag2O11,1
V4AgO10,1
V4As2O13,1
V4As3,2
V4C3,4
V4CrCuO12,1
V4CrFeO12,1
V4CrNiO12,1
V4CuO11,1
V4FeNiO12,1
V4FeO12,1
V4GaS8,1
V4GaSe8,1
V4GeS8,1
V4GeSe8,2
V4HC3,2
V4N3,2
V4NO11,1
V4O3F5,1
V4O5F7,12
V4O7F5,13
V4OF11,17
V4OF12,1
V4P2O13,1
V4SiSb2,1
V4SnO12,1
V4Zn5,1
V4ZnO10,2
V4ZnO8,3
V4ZnS8,3
V5As3,2
V5As3C,1
V5B3,1
V5B6,1
V5Cr5Ge6,1
V5CrO12,1
V5Fe5Si6,1
V5FeO12,1
V5Ga3,4
V5Ge3,2
V5Ge3B,1
V5O12,4
V5P3,2
V5P3N,1
V5S4,1
V5S8,4
V5Sb4,1
V5Se4,1
V5Se8,3
V5Si3,3
V5Si3B,1
V5Si3N,1
V5Si6W5,2
V5SiB2,1
V5Te8,2
V6CoIr,1
V6CoNi,1
V6CoRh,1
V6FeNi,1
V6GaGe,2
V6GaSb,2
V6GaSi,2
V6GaSn,2
V6GeOs,1
V6InS8,2
V6O11F,6
V6O13,3
V6O7F5,20
V6SiGe,1
V6SiOs,1
V6SiSn,1
V7S8,3
V8N,1
V9Cr3B8,1
V9Ga4Fe3,1
V9Te8,1
VAg(PS3)2,1
VAg(PSe3)2,1
VAg(SO4)2,4
VAg2AsO6,2
VAg2PO6,1
VAg3HgO4,1
VAg3O4,5
VAgHgO4,3
VAgO3,9
VAs2,5
VAsRh,5
VAu2,8
VAu3,10
VAu4,3
VB,12
VB2,5
VB2Ru,4
VBO3,3
VBiO3,6
VBiO4,6
VBiPbO5,3
VBr2,7
VC,10
VCd2BiO6,2
VCdCuO4,1
VCdO3,7
VCl2,9
VCl4,14
VCo,19
VCo2Ge,7
VCo2Ni,6
VCo2Si,4
VCo2Sn,4
VCo3,11
VCoAs,7
VCoB3,3
VCoGe,4
VCoP,8
VCoSb,5
VCoSi,8
VCr,21
VCr(CuO2)2,1
VCr2O4,2
VCr2O6,4
VCr3,10
VCr3As4,1
VCr3GaSe8,1
VCrAs2,6
VCrB2,5
VCrB4,4
VCrC,5
VCrCo,5
VCrCuS4,1
VCrFe2,5
VCrGeC,1
VCrMo,7
VCrMoO7,1
VCrO3,23
VCrO4,9
VCrP2,6
VCrSbO6,2
VCrSi4,3
VCu(PS3)2,1
VCu3O4,2
VCu3S4,3
VCu3Se4,2
VCu3Te4,2
VCuO2,17
VCuO3,10
VCuO4,6
VCuRh2,6
VCuSnS4,1
VF2,4
VF3,17
VF4,19
VF5,20
VFe,21
VFe(CuO2)2,1
VFe2(CuO2)3,1
VFe2Si,5
VFe3,11
VFe3(CuO2)4,1
VFe3Si4,1
VFe4,5
VFeAs2,4
VFeCoGe,1
VFeCoSi,1
VFeH2O5,1
VFeMoO7,1
VFeO4,7
VFeP,7
VFeRu2,5
VFeSb,4
VFeSbO6,2
VGa,16
VGa(CuO2)2,1
VGa2FeCo4,1
VGaCo2,6
VGaFe2,4
VGaFeCo,2
VGaMo3S8,1
VGaNi2,6
VGaNi6,5
VGaO3,9
VGaOs2,6
VGaRu2,4
VGe2,8
VGeO3,6
VGeRu2,4
VH,21
VH2,15
VH2O3,1
VH2SeO5,1
VH3CO5,1
VH6(OF)3,3
VHO2,11
VHO3,8
VHgO3,7
VI2,9
VInO4,5
VIr,25
VIr3,8
VMo,22
VMoAs2,3
VMoO5,5
VN,21
VNi2,6
VNi3,12
VNiAs,8
VNiGe,18
VNiO3,5
VNiP,8
VO,14
VO2,41
VO2F,26
VOF,37
VOF2,24
VOF3,24
VOs,17
VP,18
VP2,5
VP2O7,15
VP4,3
VPO4F,2
VPO5,13
VPPb3O8,1
VPbO3,7
VPd2,6
VPd3,9
VPd4,5
VPt,25
VPt2,6
VPt3,8
VPt8,2
VRe,15
VRe11B4,1
VReO4,8
VRh,20
VRh3,7
VRhO4,4
VRu,24
VRu3,10
VS,20
VS2,23
VS4,4
VSb2,6
VSb2O5,2
VSbO4,8
VSbRh,4
VSbRu,3
VSe2,9
VSi2,6
VSi3Mo4,1
VSi4Mo,3
VSiGe,4
VSiNi,6
VSiO3,4
VSiOs2,14
VSiRu2,6
VSn2,5
VSnRh2,6
VSnRu2,5
VTe2,13
VW,24
VW3,8
VZn2BiO6,1
VZn2N3,1
VZn2WO6,2
VZn3,7
VZnCo2,6
VZnF4,4
VZnF5,2
VZnF6,5
VZnO3,6
VZnPO5,2
VZnRh2,5
VZnRu2,7
VZnSF5,1
W,25
W(OF)2,11
W2C,34
W2N3,2
W2NCl8,2
W2O5,3
W2SeS3,3
W3O7F,1
W3O8,6
WBr4,5
WBr5,9
WBr6,7
WC,34
WCl4,5
WCl6,15
WF4,3
WF5,4
WN2,16
WNCl3,4
WO2,16
WO2F,9
WO3,15
WOF3,5
WOF4,7
WS2,9
WSCl4,5
WSe2,24
WSe6ICl6,1
Y,33
Y(AgCl2)3,4
Y(Al2Cr)4,1
Y(Al2Cu)4,1
Y(Al2Fe)4,1
Y(Al3Fe)3,1
Y(AlC)3,1
Y(AlCu)6,1
Y(AlFe)6,1
Y(AlFe2)4,2
Y(AlGe)2,7
Y(AlSi)2,6
Y(BC)2,4
Y(BIr)2,2
Y(BIr)4,2
Y(BO2)3,3
Y(BRh)4,2
Y(BiO2)3,1
Y(Co2B)6,1
Y(Co5Mo)2,1
Y(CoB)2,4
Y(CoB)4,3
Y(CoGe)2,6
Y(CoSi)2,5
Y(CrFe2)4,1
Y(CrFe3)3,1
Y(CrFe5)2,1
Y(CrGe)6,1
Y(CrS2)2,4
Y(CuGe)2,5
Y(CuO2)2,2
Y(CuS)3,1
Y(CuSe)3,1
Y(CuSi)2,5
Y(CuSn)2,5
Y(CuTe)3,2
Y(Fe2Ge)2,3
Y(Fe2Si)2,2
Y(Fe5Mo)2,1
Y(Fe5Re)2,1
Y(Fe5Si)2,2
Y(Fe5W)2,1
Y(FeB)2,3
Y(FeGe)2,5
Y(FeO2)2,6
Y(FeSi)2,7
Y(GaCo)6,1
Y(GePt)2,6
Y(GeRh)2,5
Y(GeRu)2,2
Y(HO)3,1
Y(InCu)6,1
Y(Mn2Fe)4,1
Y(MnAl)6,1
Y(MnAl2)4,1
Y(MnCo)6,1
Y(MnGe)2,3
Y(MnGe)6,4
Y(MnS2)2,4
Y(MnSi)2,5
Y(MnSn)6,2
Y(Mo3S4)2,1
Y(Mo3Se4)2,1
Y(Ni2As)2,2
Y(Ni2B)6,2
Y(Ni2P)2,2
Y(NiB)2,7
Y(NiGe)2,5
Y(NiP)2,5
Y(PPd)2,2
Y(PRu)2,2
Y(PdO2)2,2
Y(Re2Si)2,2
Y(SiAu)2,5
Y(SiIr)2,5
Y(SiNi)2,5
Y(SiOs)2,5
Y(SiPd)2,5
Y(SiPt)2,5
Y(SiRh)2,5
Y(SiRu)2,5
Y(Sn3Ru2)2,1
Y(TiGa2)2,2
Y(TiS2)2,3
Y(VCo5)2,1
Y(VFe5)2,1
Y(VSn)6,2
Y(ZnP)3,1
Y10(SiGe)3,1
Y10Si6B,1
Y12Co5Bi,1
Y12InNi6,1
Y12Ni6Pb,1
Y2(B2Rh3)3,1
Y2(CoCu)5,2
Y2(CoNi)5,2
Y2(CuNi)5,2
Y2(InPb)3,1
Y2(InSn)3,1
Y2(MgZn)3,1
Y2AgAu,12
Y2AgHg,13
Y2AgIr,12
Y2AgRu,11
Y2Al,22
Y2Al3Fe,2
Y2Al3Si2,2
Y2AlAg,16
Y2AlCd,15
Y2AlCo3,2
Y2AlFe3,1
Y2AlNi2,6
Y2AlSi2,6
Y2AlZn,13
Y2AsS,7
Y2Au,18
Y2B3C2,1
Y2BiO2,1
Y2Br3,3
Y2C,34
Y2C(NO)2,2
Y2C3,4
Y2CI2,2
Y2CdCu2,5
Y2CdGe2,3
Y2CdHg,12
Y2CdS4,2
Y2CdSe4,1
Y2Cl3,3
Y2Co17,2
Y2Co17C,1
Y2Co2I,4
Y2Co3Ge5,2
Y2Co3Si,2
Y2Co3Si5,1
Y2Co7,1
Y2CoGe6,1
Y2CoRu3,2
Y2CoSi2,4
Y2Cr2C3,2
Y2CrFeO6,1
Y2CrH6,1
Y2CrN3,2
Y2Cu3Si,3
Y2CuAu,12
Y2CuGe6,1
Y2CuIr,10
Y2CuO4,2
Y2CuOs,11
Y2CuPt,12
Y2CuRh,10
Y2CuRu,13
Y2Fe17,2
Y2Fe17C,2
Y2Fe2Si2C,1
Y2FeC4,1
Y2FeSi2,6
Y2Ga2Fe15,1
Y2Ga3Ag,4
Y2Ga3Cu,5
Y2Ga3Ni,4
Y2Ga8Co,1
Y2GaAg,6
Y2GaNi2,6
Y2Ge2O7,8
Y2Ge2Ru,3
Y2Ge5Ir3,2
Y2Ge5Rh3,2
Y2Ge5Ru3,2
Y2Ge6Pd,1
Y2Ge6Pt,1
Y2GeI2,6
Y2GeRh3,3
Y2H2C,1
Y2Hf2O7,3
Y2HfO5,5
Y2HgO4,2
Y2In,19
Y2In3Cu,4
Y2In8Co,1
Y2InAu2,5
Y2InCu2,6
Y2InGe2,5
Y2InNi2,7
Y2InPd2,7
Y2IrAu,11
Y2IrPd,4
Y2IrRh,10
Y2IrRu,11
Y2Mg,27
Y2MgAl,13
Y2MgCd,14
Y2MgCu2,16
Y2MgGa2,3
Y2MgGe2,2
Y2MgHg,14
Y2MgNi2,6
Y2MgPd2,5
Y2MgRu,9
Y2MgS4,8
Y2MgSe4,7
Y2MgSi2,1
Y2MgTiO6,2
Y2MgTl,14
Y2Mn5Co12,1
Y2MnC4,1
Y2MnCrO6,2
Y2MnFeO6,1
Y2MnNiO6,2
Y2MnS4,2
Y2NCl3,1
Y2Ni2Sn,5
Y2Ni7,3
Y2NiGe3,3
Y2NiGe6,1
Y2NiIr,8
Y2NiRu,9
Y2NiRu3,1
Y2NiRuO6,2
Y2O3,15
Y2OsC2,2
Y2PS,10
Y2Pd2Pb,5
Y2PdRh,6
Y2PdRu,4
Y2Pt,21
Y2Re2Si2C,1
Y2ReC2,1
Y2RuAu,11
Y2RuPt,11
Y2RuRh,9
Y2S2O,2
Y2S3,11
Y2SO2,5
Y2Se3,11
Y2SeO2,8
Y2Si2O7,9
Y2Si2Rh,3
Y2Si4Mo3,1
Y2Si5Ir3,1
Y2Si5Ni3,1
Y2Si5Rh3,1
Y2Sn5Rh3,1
Y2SnAu2,6
Y2Te3,11
Y2TeO2,5
Y2TeO6,7
Y2TeS2,4
Y2Ti2S2O5,1
Y2TlAg,12
Y2TlCd,12
Y2TlHg,13
Y2TlIn,16
Y2TlZn,10
Y2V2O7,4
Y2Zn17,2
Y2Zn3N4,1
Y2ZnAg,12
Y2ZnAu,12
Y2ZnCu,12
Y2ZnGa,7
Y2ZnHg,12
Y2ZnIn,12
Y2ZnIr,12
Y2ZnPt,13
Y2ZnRh,12
Y2ZnRu,13
Y2ZnS4,2
Y2ZnSe4,1
Y2Zr2O7,3
Y2ZrWO8,1
Y3(AlFe2)2,1
Y3(B3Os4)2,1
Y3(CoGe2)2,2
Y3(CuGe)4,2
Y3(CuSi)4,2
Y3(CuSn)4,1
Y3(FeRu2)2,1
Y3(Ga2Cu)2,2
Y3(SiNi)2,2
Y3(ZnAu2)2,2
Y3Al,19
Y3Al2,7
Y3Al3NiGe2,1
Y3Al7Cu2,1
Y3AlC,2
Y3AlC3,2
Y3AlO6,2
Y3Au2,4
Y3BrO4,1
Y3CBr3,2
Y3Cd,17
Y3Co,18
Y3Co13B2,1
Y3Co2,6
Y3Co2Si3,1
Y3Co6Sn5,1
Y3Cu3Sb4,1
Y3Er,37
Y3Fe2Si3,1
Y3Ga8Ag3,1
Y3Ga8Ni3,2
Y3Ga8Rh3,2
Y3Ga9Cu2,1
Y3Ga9Pt2,1
Y3GaC,3
Y3GaCo3,1
Y3GaO6,1
Y3GaS6,1
Y3Ge4,1
Y3Ge5,2
Y3GeS2,7
Y3H,4
Y3H2,2
Y3Ho,41
Y3HoC8,2
Y3In,14
Y3In5,8
Y3InC,2
Y3Ir,19
Y3IrI3,1
Y3Lu,6
Y3Mg,20
Y3Mg2CrS8,1
Y3Mg2MnS8,1
Y3Mg2TiS8,1
Y3Mg2VS8,1
Y3MnAu5,1
Y3Ni,19
Y3Ni13B2,1
Y3Ni4B4C3,1
Y3Os,20
Y3PbC,2
Y3Pd,7
Y3Pd2,3
Y3Pd4,1
Y3Pt,20
Y3Rh,21
Y3Ru,19
Y3Ru2,6
Y3RuI3,1
Y3SOF5,1
Y3Sb4Au3,1
Y3ScN4,2
Y3Si3Ni,2
Y3Si3Pd2,1
Y3Si3Rh,1
Y3Si3Rh2,2
Y3SiS2,5
Y3SnC,3
Y3Tl,18
Y3Tl5,4
Y3TlC,2
Y3Tm,42
Y3VCo8,1
Y3Zn11,1
Y4(FeB2)3,1
Y4AlGe8,1
Y4AsSe3,7
Y4C4I3Br,1
Y4C5,3
Y4CI5,1
Y4CdS7,1
Y4CrS7,1
Y4Ga12Fe,1
Y4Ga12Pd,2
Y4Ga12Pt,1
Y4Ga6FeGe6,1
Y4GaCo4,1
Y4GeS3,6
Y4MgS7,1
Y4Mn3NiO12,1
Y4MnS7,1
Y4NiSn8,2
Y4OsBr4,1
Y4S3N2,3
Y4Sb3,2
Y4Si5Rh9,1
Y4SiS3,4
Y4ZnGa3,3
Y4Zr3O12,4
Y4ZrSi3,1
Y5(CoTe)2,2
Y5(FeTe)2,2
Y5(GeSb)2,1
Y5(MoO6)2,1
Y5(NiTe)2,3
Y5(ReO6)2,1
Y5(SiSb)2,1
Y5Al3,3
Y5BiPd2,1
Y5BiPt2,1
Y5CuPb3,1
Y5Ga3,3
Y5Ge3,2
Y5Ge3C,1
Y5Ir2,1
Y5Ir3,5
Y5Mg,8
Y5Ni2Bi,1
Y5Ni2Sb,1
Y5Pb3,1
Y5Pt3,5
Y5Ru2,2
Y5S7,1
Y5Sb3,4
Y5SbPd2,1
Y5SbPt2,1
Y5Sc5Si6,1
Y5Si3,4
Y5Si3C,1
Y5Si3H,2
Y5Sn3,2
Y5Tl3,3
Y6C2I7,1
Y6Co2Sn,1
Y6CoBi2,2
Y6CoBr10,1
Y6CoI10,1
Y6CoNi,1
Y6FeSb2,1
Y6GaCo2,1
Y6InCo2,1
Y6IrI10,1
Y6MnBi2,1
Y6NiBr10,1
Y6NiI10,1
Y6O5F8,4
Y6OsI10,1
Y6PdBr10,1
Y6PtI10,1
Y6RhI10,1
Y6RuI10,1
Y6TeO12,1
Y6WO12,1
Y7(TeAu)2,1
Y7Pt3,1
Y7Rh3,2
YAg,29
YAg(WO4)2,3
YAg2,18
YAg3,15
YAgGe,19
YAgHg2,9
YAgO2,9
YAgO3,7
YAgPb,22
YAgSb2,13
YAgSe2,21
YAgSn,26
YAgSn2,4
YAgTe2,18
YAl,33
YAl2,25
YAl2Co,15
YAl2N3,1
YAl2Ni,17
YAl2Pd5,2
YAl3,20
YAl3(BO3)4,2
YAl3Ag,4
YAl3Ni,5
YAl3Ni2,3
YAl4Ni,4
YAl7Cu5,1
YAl7Fe5,1
YAlAg2,11
YAlAu,14
YAlAu2,13
YAlCo,12
YAlCo4,2
YAlCu,11
YAlFe,12
YAlGe,9
YAlNi,17
YAlO3,8
YAlPd,7
YAlPd2,7
YAlPt,10
YAlSi,17
YAs,23
YAsO4,3
YAsPt,8
YAsS,6
YAu,26
YAu2,14
YAu3,15
YAuO2,6
YB12,1
YB2,3
YB2Ir3,2
YB2Mo,3
YB2Os,4
YB2Pd2C,1
YB2Rh2C,1
YB2Rh3,3
YB2Ru,4
YB2Ru3,2
YB4,2
YB4W3,1
YB6,2
YBO3,9
YBPt2,4
YBRh3,2
YBeCu4,2
YBi,9
YBi(OF)2,1
YBi(WO4)2,2
YBi2BrO4,1
YBi2ClO4,1
YBi2IO4,1
YBi3,4
YBiO3,8
YBiPd,5
YBiPd2,5
YBiPt,4
YBiTe3,5
YBr3,27
YBrO,10
YC2,32
YCBr,4
YCCl,2
YCI,3
YCd,29
YCd2,18
YCd3,14
YCdAg2,12
YCdAu,10
YCdAu2,10
YCdHg2,10
YCdPd2,5
YCdPt2,11
YCdRh2,13
YCl,27
YCl3,27
YCo,36
YCo2,20
YCo2(B2Rh)2,1
YCo2B2C,1
YCo3,18
YCo3B2,3
YCo3Ni2,2
YCo4B,3
YCo4Ge,1
YCo4Si,2
YCo5,6
YCoC,4
YCoC2,6
YCoGe,6
YCoGe2,6
YCoNi,6
YCoSi,10
YCoSi2,16
YCoSn,8
YCr2Si2C,1
YCr4(CuO4)3,1
YCr5Fe7,1
YCrFe11,1
YCrO3,6
YCrO4,2
YCrTeO6,3
YCu,27
YCu(WO4)2,2
YCu2,17
YCu2Bi2(SeO2)2,1
YCu3(AgO3)4,1
YCu3(NiO3)4,1
YCu5,7
YCu6ClO8,1
YCu7O12,1
YCuAs2,14
YCuGe,23
YCuO2,6
YCuO3,7
YCuP2,19
YCuPb,22
YCuPbS3,3
YCuS2,9
YCuSb2,14
YCuSe2,25
YCuSi,28
YCuSi2Ni,1
YCuSn,26
YCuTe2,21
YEr,32
YEr(FeO3)2,1
YEr(SnPd2)2,1
YEr3,33
YEr4Al15,2
YErAg2,5
YErAl2,4
YErAl2O6,2
YErAl4,3
YErCd2,3
YErCu2,6
YErHg2,6
YErIn2,8
YErIr2,4
YErMg2,4
YErNi2,7
YErO3,7
YErRh2,4
YErRu2,3
YErTl2,6
YErZn2,4
YF3,14
YFe11Mo,1
YFe11Re,1
YFe12,1
YFe2,22
YFe2SiC,1
YFe3,20
YFe3(BO3)4,4
YFe4(CuO4)3,1
YFe5,5
YFe5Co5Mo2,1
YFe6Co5Re,1
YFe6Co5W,1
YFeCo,7
YFeCo3B,1
YFeGe2,5
YFeNi,8
YFeNi4,4
YFeO3,7
YGa,19
YGa2,8
YGa2Co3,3
YGa2Ni,7
YGa2Ni3,9
YGa2Pd,6
YGa3,8
YGa3Cu,5
YGa3NiGe,1
YGa3Ru,5
YGa4Ni,2
YGa5Co,1
YGa6,2
YGaAg,10
YGaAu,10
YGaAu2,9
YGaCo,6
YGaI,3
YGaIr,6
YGaNi,6
YGaPd,9
YGaPd2,7
YGaPt,8
YGaRh,7
YGaRh2,6
YGe,17
YGe2Ir,6
YGe2Pd,7
YGe2Pt,5
YGe3,4
YGeAu,23
YGeIr,7
YGePd,10
YGePd2,7
YGePt,8
YGeRh,12
YH2,5
YH3,28
YHO2,11
YHSe,5
YHfF7,2
YHfMg14,2
YHfMg6,2
YHg,27
YHg2,17
YHg3,13
YHgPd2,5
YHo,34
YHo3,35
YHo3C8,2
YHoAg2,5
YHoAl2,4
YHoC4,2
YHoCd2,3
YHoCo4,3
YHoCu2,5
YHoHg2,6
YHoIn2,7
YHoIr2,3
YHoMg2,4
YHoRh2,4
YHoRu2,3
YHoZn2,4
YI,23
YI3,13
YIO,5
YIn,32
YIn2Ni,13
YIn3,18
YIn5Co,2
YIn5Rh,1
YIn7Cu5,1
YInAg2,11
YInAu,12
YInAu2,11
YInCo2,13
YInCu,11
YInCu2,10
YInCu4,1
YInNi,12
YInPd,8
YInPd2,6
YInPdAu,1
YInPt,8
YInPt2,11
YInRh,9
YInRh2,14
YIr,33
YIr2,24
YIr3,22
YLu(BIr)8,1
YLu(BRh)8,1
YLu3,6
YLuCd2,3
YLuCr2O8,1
YLuCu2,4
YLuGa6,2
YLuHg2,3
YLuIn2,4
YLuIr2,3
YLuMg2,3
YLuO3,3
YLuRh2,3
YLuRu2,3
YLuTl2,2
YLuZn2,3
YMg,34
YMg(CoNi)2,1
YMg14Al,2
YMg14Bi,2
YMg14Cd,3
YMg14Co,2
YMg14Cu,2
YMg14Ga,2
YMg14Mn,2
YMg14Ni,2
YMg14Sb,2
YMg14Sn,2
YMg14Ti,2
YMg14Zn,2
YMg14Zr,2
YMg15,1
YMg2,29
YMg2Cr3S8,1
YMg2Mn3S8,1
YMg2Sc,14
YMg2Ti3S8,1
YMg3,17
YMg5,8
YMg6Cd,2
YMg6Zn,2
YMg6Zr,3
YMg7,3
YMgAg,11
YMgAg2,11
YMgAl,22
YMgAl4,3
YMgAlGe2,1
YMgAu,9
YMgAu2,9
YMgCd2,10
YMgCrS4,1
YMgCu,39
YMgCu4,2
YMgGa,19
YMgHg2,10
YMgMnS4,1
YMgNi4,1
YMgPd,9
YMgRh2,8
YMgTiS4,1
YMgTl,20
YMgZn,10
YMgZn2,8
YMn12,2
YMn2O4,4
YMn2SiC,1
YMn2SiGe,1
YMn6(Sn2Ge)2,1
YMnAl,11
YMnCo,6
YMnFe,8
YMnGe,6
YMnNi4,1
YMnO3,8
YMnSi,9
YMoC2,4
YMoClO4,3
YMoN3,60
YMoO3,6
YN,17
YNO4,3
YNbO4,5
YNbRu2,4
YNi,31
YNi2,18
YNi2B2C,1
YNi3,17
YNi3Sn2,5
YNi4B,2
YNi5,5
YNiAs,9
YNiBC,1
YNiBi,4
YNiC2,3
YNiGe,9
YNiGe2,5
YNiGe3,4
YNiO3,6
YNiP,15
YNiSb,10
YNiSn,12
YOF,9
YOs2,25
YP,21
YP5,7
YPO4,4
YPPt,15
YPRu2C,1
YPb2,18
YPb3,18
YPbAu,18
YPd,17
YPd2Pb,5
YPd3,8
YPd3S4,1
YPdPb,8
YPt,29
YPt2,23
YPt3,14
YRe2,20
YRe2SiC,1
YReN3,48
YRh,29
YRh2,20
YRh2Pb,10
YRh3C,2
YRh5,7
YRhO3,5
YRu2,26
YS,15
YSF,9
YSb,23
YSb(PbO3)2,3
YSbPd,7
YSbPd2,5
YSbPt,9
YSbTe3,3
YSc,31
YSc(BO3)2,1
YSc3N4,2
YScFe4,1
YScN2,7
YScO2,5
YScO3,8
YScS2,7
YScS3,6
YScSi2O7,1
YScZn2,12
YSe,24
YSe2,18
YSeO3F,2
YSi,29
YSi2,20
YSi2Ni,17
YSi2Rh3,4
YSi2Ru3,1
YSi3Ir,5
YSi3Ni,5
YSiAg,26
YSiAu,24
YSiBRh3,1
YSiIr,12
YSiNi,20
YSiNi4,3
YSiOs2C,1
YSiPd,13
YSiPd2,7
YSiPt,13
YSiPt2,18
YSiRh,11
YSiRu,11
YSiRu2C,1
YSn2,8
YSn3,7
YSnAu,21
YSnAu2,5
YSnF5,1
YSnF7,2
YSnGe,5
YSnIr,8
YSnPd,10
YSnPd2,6
YSnPt,7
YSnPt2,8
YSnRh,9
YSnRh2,5
YTaO4,7
YTaRu2,11
YTe,27
YTe2,20
YTe3,22
YTi4(CuO4)3,1
YTiCo11,1
YTiFe11C,1
YTiGe,3
YTiO3,7
YTiSi,3
YTl,31
YTl(PSe3)2,1
YTl3,16
YTlAg2,10
YTlO2,6
YTlPd,6
YTlS2,8
YTlSe2,19
YTlTe2,27
YTm3,35
YTm3(SnPd2)4,1
YTmAg2,5
YTmAl2,4
YTmCd2,3
YTmCu2,7
YTmHg2,6
YTmIr2,3
YTmMg2,5
YTmO3,10
YTmRh2,4
YTmRu2,3
YTmTe2,11
YTmTl2,8
YTmZn2,3
YV2(FeCo)5,1
YV2BiO8,2
YV4(CuO4)3,1
YVFe11,1
YVFe11H,1
YVO3,7
YVO4,4
YWC2,5
YWN3,46
YZn,31
YZn12,2
YZn2,21
YZn3,17
YZn5,5
YZnAsO,2
YZnCuAs2,1
YZnCuP2,1
YZnGa,31
YZnGe,8
YZnPO,2
YZnPd,7
YZnPd2,8
YZnRh,16
YZnRh2,9
YZnSi,15
YZnSn,9
YZnSn2,5
YZr2Co9,3
YZr2Ni15,1
YZr4O10,1
YZr4O9,1
YZr5O11,1
YZr5O12,1
YZrF7,2
YZrFe4,1
YZrRu2,11
YZrSb,9
Yb,5
Yb(Al2Cu)4,1
Yb(AlC)3,1
Yb(AlFe)6,1
Yb(AlGa)2,2
Yb(AlGe)2,2
Yb(AlSi)2,2
Yb(As2Rh3)2,1
Yb(BiTe2)2,1
Yb(CdAs)2,1
Yb(CdSb)2,1
Yb(CoGe)2,2
Yb(CoP3)4,1
Yb(CoSi)2,2
Yb(CuGe)2,2
Yb(CuS)2,1
Yb(CuSi)2,2
Yb(DyS2)2,1
Yb(ErSe2)2,2
Yb(FeGe)2,1
Yb(FeO2)2,1
Yb(FeP3)4,1
Yb(FeSb3)4,1
Yb(FeSi)2,2
Yb(GeRh)2,2
Yb(GeRu)2,1
Yb(HoSe2)2,2
Yb(LuSe2)2,1
Yb(MgBi)2,1
Yb(MgSb)2,1
Yb(MnAs)2,3
Yb(MnGe)2,2
Yb(MnGe)6,2
Yb(MnSi)2,1
Yb(NdS2)2,2
Yb(NiGe)2,2
Yb(NiP)2,3
Yb(P2Rh3)2,1
Yb(PPd)2,1
Yb(PRu)2,1
Yb(PrS2)2,1
Yb(Sb3Os)4,1
Yb(SiAg)2,1
Yb(SiAu)2,2
Yb(SiNi)2,2
Yb(SiOs)2,1
Yb(SiPd)2,2
Yb(SiPt)2,3
Yb(SiRu)2,2
Yb(TmSe2)2,2
Yb(YSe2)2,2
Yb(ZnAs)2,3
Yb(ZnGa)2,3
Yb(ZnGe)2,1
Yb(ZnP)2,2
Yb(ZnSi)2,1
Yb2(NiB2)3,1
Yb2AgAu,3
Yb2AgBi,1
Yb2AgGe,1
Yb2AgHg,2
Yb2AgIr,1
Yb2AgPb,3
Yb2AgPd,2
Yb2AgPt,2
Yb2AgRh,2
Yb2AgSb,1
Yb2AgSn,2
Yb2Al2O5,1
Yb2Al3Cu,2
Yb2Al3Ga,1
Yb2AlNi2,3
Yb2AlSi2,2
Yb2AsAu,1
Yb2Au,4
Yb2BiAu,1
Yb2CdGa,2
Yb2CdGe,1
Yb2CdGe2,1
Yb2CdHg,3
Yb2CdIn,2
Yb2CdPb,2
Yb2CdPd2,2
Yb2CdSb2,1
Yb2CdSn,2
Yb2CuGe6,2
Yb2CuIr,2
Yb2CuPd,1
Yb2CuRh,3
Yb2GaHg,3
Yb2GaNi2,4
Yb2Ge,4
Yb2Ge3Pd,1
Yb2Ge6Pt,1
Yb2GeAu,1
Yb2HgBi,2
Yb2HgGe,1
Yb2HgPb,3
Yb2InAu2,2
Yb2InCu2,4
Yb2InGa,1
Yb2InGe2,1
Yb2InHg,3
Yb2InPb,2
Yb2InPd2,4
Yb2InSn,2
Yb2Mg,6
Yb2MgIn,1
Yb2MgSi2,1
Yb2MgTl,1
Yb2NiGe6,1
Yb2PbAu2,1
Yb2PdAu,4
Yb2PdPt,3
Yb2PdRh,2
Yb2PtAu,3
Yb2RhAu,1
Yb2Ru,5
Yb2SbAu,1
Yb2Si,4
Yb2Si2O7,1
Yb2Sn,6
Yb2SnGe2,1
Yb2SnHg,2
Yb2Tl,3
Yb2TlCd,3
Yb2TlGa,2
Yb2TlHg,5
Yb2TlIn,3
Yb2TlPb,2
Yb2TlSn,3
Yb2TlZn,2
Yb2ZnAg,3
Yb2ZnGa,1
Yb2ZnGe,1
Yb2ZnHg,2
Yb2ZnIn,1
Yb2ZnIr,1
Yb2ZnPb,1
Yb2ZnRh,2
Yb2ZnSn,1
Yb3(CuGe)4,2
Yb3(CuSi)4,3
Yb3(CuSn)4,1
Yb3(GePd)4,1
Yb3Ag2,1
Yb3Al,4
Yb3Cd,2
Yb3Co,2
Yb3DySb3,2
Yb3Ga8,1
Yb3Ge5,1
Yb3H2Pb,1
Yb3In,3
Yb3In3Ge2Au,1
Yb3Mg,3
Yb3N2,2
Yb3Nd,1
Yb3Ni,2
Yb3Ni7B2,3
Yb3Pb,2
Yb3PbO,1
Yb3Pd,2
Yb3Pr,3
Yb3Si,1
Yb3Si5,1
Yb3Sm,3
Yb3SnH2,1
Yb3SnO,1
Yb4As2O,1
Yb4Ge3Au5,1
Yb4Mn2Sn5,1
Yb4Pt3Au,1
Yb4SmS5,3
Yb5Ag3,1
Yb5As3,2
Yb5Au3,1
Yb5CdCu2,1
Yb5Ir3,1
Yb5Mg,4
Yb5Pt3,1
Yb5Sb3,1
Yb5Sn3,2
Yb7MgPt4,1
YbAg,3
YbAg(MoO4)2,1
YbAg2,4
YbAg2Pb,1
YbAg2Sn,1
YbAg3,2
YbAgAu2,1
YbAgGe,4
YbAgHg2,3
YbAgPb,5
YbAgPd2,2
YbAgS2,4
YbAgSn,7
YbAl2,5
YbAl2Cu,2
YbAl2Cu3,1
YbAl2Ni,1
YbAl3,5
YbAl3Au,1
YbAl7Fe5,1
YbAlAg2,2
YbAlCu,4
YbAlCu4,3
YbAlCu5,1
YbAlGa,2
YbAlHg2,1
YbAlNi,5
YbAlO3,4
YbAlRh,2
YbAlZn2,2
YbAsPd,8
YbAsPt,8
YbAu,3
YbAu3,4
YbAu4,2
YbB2Ir3,1
YbB2Os,1
YbB2Rh3,1
YbB2Ru3,1
YbB6,2
YbBO3,7
YbBRh3,1
YbBi2,3
YbBi2BrO4,1
YbBi2ClO4,1
YbBi2IO4,1
YbBi3,1
YbBiAu,4
YbBiO3,4
YbBiPd,4
YbBiPd2,1
YbBiPt,3
YbBiRh2,1
YbBr2,7
YbC2,4
YbCd,1
YbCd2In,1
YbCd3,4
YbCdAg2,3
YbCdAu2,1
YbCdCu4,2
YbCdGe,4
YbCdHg2,1
YbCdIn,5
YbCdNi4,1
YbCdPb,4
YbCdPd2,2
YbCdSn,4
YbCeAg2,1
YbCeAu2,1
YbCeCd2,1
YbCeCu2,1
YbCeHg2,1
YbCeMg2,1
YbCeRh2,2
YbCeS3,2
YbCeSe3,1
YbCl2,9
YbCo2,3
YbCo3B2,1
YbCoC2,3
YbCoGe,5
YbCoGe2,4
YbCrO4,4
YbCu,3
YbCu2,5
YbCu2Ni3,1
YbCu4Ag,1
YbCu4Au,1
YbCu4Ni,1
YbCu4Pd,1
YbCu5,3
YbCuAs2,3
YbCuBi,2
YbCuGe,6
YbCuPbSe3,2
YbCuPd2,2
YbCuSb,4
YbCuSi,7
YbDyCd2,2
YbDyHg2,1
YbDyPd2,3
YbDyPt2,2
YbDyRh2,3
YbDyZn2,2
YbErHg2,2
YbErPd2,1
YbErPt2,2
YbErRh2,3
YbErSe2,2
YbErZn2,2
YbEu,8
YbEu(SiAu)4,1
YbEuAg2,2
YbEuCd2,1
YbEuGa2,2
YbEuHg2,2
YbEuIn2,2
YbEuMg2,1
YbEuPd2,1
YbEuPt2,1
YbEuTl2,3
YbF2,4
YbFeSi,6
YbGa2,5
YbGa2Ag,3
YbGa2Cu3,1
YbGa2Ni,1
YbGa2Pd,2
YbGa3Au,1
YbGa3Cu,1
YbGa4,1
YbGa4Ni,3
YbGa5Co,1
YbGa6,2
YbGaAu2,2
YbGaCu4,2
YbGaCuO4,1
YbGaGe,3
YbGaNi,3
YbGaPt,4
YbGaRh2,3
YbGd(PO4)2,2
YbGd3F12,1
YbGdRh2,3
YbGdTe2,1
YbGdZn2,2
YbGe3,3
YbGeAu,6
YbGeO3,4
YbGePd,8
YbH2,5
YbH3CN3,1
YbH3Pd,3
YbHfIr2,2
YbHfRh2,2
YbHg,2
YbHg2,4
YbHg3,2
YbHgPb,2
YbHgPd2,2
YbHoCd2,1
YbHoHg2,2
YbHoPd2,1
YbHoPt2,2
YbHoRh2,3
YbHoZn2,1
YbI2,9
YbIn,3
YbIn2Au,1
YbIn2Ni,1
YbIn2Pd,2
YbIn2Pt,1
YbIn2Rh,2
YbIn3,3
YbIn4Pt,2
YbIn4Rh,1
YbIn5Co,1
YbIn5Ir,1
YbIn5Rh,1
YbInAg2,3
YbInAu,4
YbInAu2,2
YbInBr3,1
YbInHg2,2
YbInNi4,1
YbInPd,4
YbInPd2,3
YbInPt,3
YbInRh2,5
YbIr2,3
YbLuAl4,1
YbLuHg2,1
YbLuIn2,1
YbLuPd2,2
YbLuPt2,1
YbLuRh2,3
YbLuTl2,1
YbMg,1
YbMg2,5
YbMg3,3
YbMgCd2,2
YbMgGa4,1
YbMgGe,5
YbMgHg2,2
YbMgIn2,1
YbMgPd,4
YbMgRh2,2
YbMgSn,5
YbMgTl2,3
YbMnSb2,2
YbN2,5
YbNbRu2,2
YbNd3,2
YbNdAg2,2
YbNdAu2,3
YbNdCd2,1
YbNdHg2,2
YbNdO2,1
YbNdPd2,2
YbNdPt2,1
YbNdRh2,3
YbNdZn2,2
YbNi,6
YbNi2,6
YbNi2B2C,1
YbNi2Sn,3
YbNi4Au,1
YbNi4Sn,1
YbNi5,2
YbNiAs,7
YbNiC2,1
YbNiH3,2
YbNiSb,6
YbOs2,3
YbPO4,3
YbPPd,7
YbPPt,6
YbPb3,3
YbPbAu2,1
YbPd,4
YbPd2Au,2
YbPd2Pb,2
YbPd3,3
YbPr3,4
YbPrAg2,2
YbPrAu2,2
YbPrCd2,2
YbPrHg2,2
YbPrMg2,1
YbPrO2,2
YbPrPd2,2
YbPrRh2,2
YbPrSe2,1
YbPrZn2,1
YbPt,6
YbPt2,3
YbPt3,3
YbRh,3
YbRh2,4
YbRh2Pb,2
YbRh3C,1
YbRu3C,1
YbS,3
YbSb2,3
YbSbIr,5
YbSbPd,6
YbSbPd2,1
YbSbPt,7
YbSc(BO3)2,1
YbScAl4,1
YbScO2,2
YbScRh2,3
YbSi,4
YbSi2,5
YbSiAg,2
YbSiAu,7
YbSiO3,6
YbSiPd2,5
YbSm3,3
YbSm3S4,3
YbSm4S5,3
YbSmAg2,2
YbSmAu2,3
YbSmCd2,3
YbSmHg2,1
YbSmPd2,2
YbSmPt2,2
YbSmRh2,2
YbSmS2,2
YbSmZn2,2
YbSn3,4
YbSnAu2,2
YbSnHg,2
YbSnIr,4
YbSnPd2,3
YbSnPt,5
YbSnRh,6
YbSnRh2,3
YbTaRu2,2
YbTe,2
YbTiO3,5
YbTl,2
YbTl2Cd,2
YbTl3,3
YbTlBr3,3
YbTlCd,4
YbTlCu4,1
YbTlHg2,1
YbTlPd,2
YbTlPd2,2
YbTmHg2,3
YbTmPd2,2
YbTmPt2,2
YbTmRh2,2
YbTmS2,2
YbTmSe2,2
YbTmZn2,3
YbYAl4,1
YbYAl6,1
YbYHg2,2
YbYPd2,2
YbYPt2,2
YbYRh2,3
YbYZn2,1
YbZn2,4
YbZn3,4
YbZnAu2,2
YbZnCuAs2,1
YbZnCuP2,1
YbZnCuSi2,1
YbZnGa,5
YbZnGa3,2
YbZnIn,4
YbZnPb,3
YbZnPd,2
YbZnPd2,2
YbZnPt,2
YbZnRh2,2
YbZnSn,4
YbZrF7,1
YbZrIr2,3
YbZrRh2,3
Zn,43
Zn(AgI2)2,5
Zn(AgO2)2,15
Zn(BIr)2,3
Zn(BiO2)2,8
Zn(BiO3)2,2
Zn(CO2)2,1
Zn(CoS2)2,2
Zn(CrS2)2,2
Zn(CrSe2)2,1
Zn(CuO2)2,13
Zn(FeO2)2,14
Zn(GaO2)2,3
Zn(GaS2)2,12
Zn(GaSe2)2,3
Zn(GaTe2)2,4
Zn(HO)2,10
Zn(IO3)2,4
Zn(InAu4)3,2
Zn(InS2)2,10
Zn(InSe2)2,7
Zn(InTe2)2,3
Zn(MoO2)2,12
Zn(NiO2)2,11
Zn(PO3)2,5
Zn(PtO2)3,1
Zn(ReO4)2,2
Zn(RhO2)2,2
Zn(SbO3)2,3
Zn13Co,2
Zn13Fe,3
Zn13Rh,2
Zn2Ag,31
Zn2AgAu,16
Zn2AgWO6,2
Zn2As2O7,9
Zn2BrN,6
Zn2Cr3FeO8,2
Zn2Cr3GaSe8,1
Zn2CrFe3O8,1
Zn2CrN3,1
Zn2CrSbO6,1
Zn2CrWO6,2
Zn2Cu(AsO4)2,1
Zn2CuAu,17
Zn2CuIr,15
Zn2CuIrO6,1
Zn2CuNi,17
Zn2CuPt,16
Zn2CuRh,14
Zn2CuWO6,2
Zn2FeIrO6,1
Zn2FeSbO6,2
Zn2FeWO6,2
Zn2GaAgSe4,3
Zn2GaCuSe4,4
Zn2GaCuTe4,3
Zn2GeS4,3
Zn2GeSe4,4
Zn2IN,5
Zn2In2O5,2
Zn2In2S5,3
Zn2InAgTe4,1
Zn2InCuS4,2
Zn2InCuSe4,3
Zn2InCuTe4,2
Zn2InGaO5,1
Zn2MoN3,1
Zn2MoWO6,4
Zn2NCl,5
Zn2Ni3O5,1
Zn2NiIr,18
Zn2NiRh,14
Zn2NiWO6,2
Zn2P2O7,6
Zn2PHO5,2
Zn2PN3,1
Zn2PdAu,7
Zn2PdPt,7
Zn2PdRh,6
Zn2PtO4,3
Zn2PtRh,16
Zn2RhAu,15
Zn2SbN3,1
Zn2Si2As3P,1
Zn2Si2AsP3,1
Zn2SiGeN4,4
Zn2SiH2O5,2
Zn2SiO4,11
Zn2Sn3O8,4
Zn2SnO4,4
Zn3(GaTe3)2,1
Zn3(InS3)2,1
Zn3(SnPt)2,1
Zn3Ag,20
Zn3Au,23
Zn3Cd,22
Zn3CdGa2(AgS4)2,1
Zn3CdO4,2
Zn3CdS4,4
Zn3CdSe4,5
Zn3Co,19
Zn3Cr,16
Zn3Cu,21
Zn3Ga4Pd7,1
Zn3GaAgS5,1
Zn3In2O6,3
Zn3InAgS5,1
Zn3InCuS5,1
Zn3InGaO6,1
Zn3Ir,16
Zn3Mo3O8,2
Zn3MoN4,3
Zn3N2,5
Zn3Ni,21
Zn3Ni7O10,1
Zn3PBr3,1
Zn3Pd,10
Zn3Pt,20
Zn3Rh,15
Zn3Ru,15
Zn3SbN3,1
Zn3WN4,4
Zn4CdS5,4
Zn4CdSe5,4
Zn4CoSe5,1
Zn4FeS5,1
Zn4FeSe5,1
Zn4InS6,1
Zn4Ni5Ge,1
Zn4Si2H2O9,1
Zn4SnN4,2
Zn5(BRh2)4,1
Zn5Pd3,9
Zn5SeS4,4
Zn5TeSe4,2
Zn6Mo,2
Zn7Mo,1
Zn9Ga3Mo2,1
ZnAg,42
ZnAg2GeO4,2
ZnAg2GeS4,4
ZnAg2SnS4,2
ZnAg2SnSe4,1
ZnAg3,20
ZnAgF3,7
ZnAgF5,4
ZnAgPd2,7
ZnAs,35
ZnAsPt5,1
ZnAu,38
ZnAu3,22
ZnAu4,11
ZnB3Ir4,1
ZnBi2O5,6
ZnBiF5,4
ZnBiF6,2
ZnBiO3,7
ZnBr2,33
ZnCN2,6
ZnCO3,5
ZnCd(GaS2)4,2
ZnCd3S4,4
ZnCd3Se4,5
ZnCdAg2,20
ZnCdAu2,17
ZnCdCu4(SnS4)2,4
ZnCdO2,25
ZnCdPt2,16
ZnCdS2,25
ZnCdSb2,20
ZnCdSe2,38
ZnCdTe2,34
ZnCl2,84
ZnCo,33
ZnCo2,20
ZnCo2Ge,4
ZnCo3,19
ZnCo3C,2
ZnCoF6,5
ZnCr(SiO3)2,1
ZnCr2F12,2
ZnCr2O4,11
ZnCr2O7,1
ZnCr4(CuO4)3,1
ZnCr4CdS8,1
ZnCr4CdSe8,1
ZnCr4CuSe8,1
ZnCr4NiO8,1
ZnCrF5,2
ZnCrF6,3
ZnCrFeO4,1
ZnCrN2,6
ZnCrO4,4
ZnCrPO5,1
ZnCrSiO5,1
ZnCu,43
ZnCu(GeO3)2,3
ZnCu(SeO3)2,2
ZnCu(SiO3)2,2
ZnCu(WO4)2,1
ZnCu2,46
ZnCu2GeS4,4
ZnCu2GeSe4,3
ZnCu2GeTe4,3
ZnCu2Ni,23
ZnCu2O3,3
ZnCu2SiS4,4
ZnCu2SiSe4,3
ZnCu2SiTe4,2
ZnCu2SnS4,3
ZnCu2SnSe4,3
ZnCu2SnSeS3,2
ZnCu2SnTe4,2
ZnCu3,26
ZnCu4(SnSe4)2,1
ZnCu4Sn2HgS8,4
ZnCuAu2,16
ZnCuF4,3
ZnCuNi2,19
ZnCuP2O7,4
ZnCuPd2,5
ZnCuPt2,16
ZnF2,11
ZnFe,30
ZnFe(SiO3)2,2
ZnFe3,20
ZnFe3C,3
ZnFe4CuO8,1
ZnFe4NiO8,2
ZnFe5O8,1
ZnFeCu4(GeS4)2,1
ZnFeF4,3
ZnFeF5,4
ZnFeF6,2
ZnFeO2F5,1
ZnFePO5,2
ZnFeRh2,19
ZnFeSb2,16
ZnGa11Co4,1
ZnGa3,10
ZnGaAsSe,1
ZnGaCo2,6
ZnGaCuSe3,1
ZnGaIr2,5
ZnGaNi2,8
ZnGaPS,1
ZnGaPSe,1
ZnGaRh2,6
ZnGeAs2,6
ZnGeAsP,2
ZnGeN2,8
ZnGeO3,6
ZnGeP2,4
ZnGeRh2,7
ZnH2SO5,2
ZnH2SeO5,2
ZnHIO4,1
ZnHg4Te5,1
ZnHgS2,27
ZnHgSe2,39
ZnHgTe2,41
ZnIn2Cu2S5,1
ZnIn2O4,4
ZnIn2SnAs4,1
ZnIn3,20
ZnIn3AsSe4,1
ZnInGaO4,3
ZnInPd2,5
ZnInRh2,16
ZnIr,31
ZnMo2O7,1
ZnMoF5,3
ZnMoF6,4
ZnMoN2,6
ZnMoO4,7
ZnN6,3
ZnNi,35
ZnNi(GeO3)2,3
ZnNi2Ge,5
ZnNi3,19
ZnNi3(B2O5)2,1
ZnNi3B2,2
ZnNi3C,2
ZnNi3N,27
ZnNi4,10
ZnNi4O5,5
ZnNi9Ge2,3
ZnNi9O10,3
ZnNiF5,3
ZnNiF6,4
ZnNiO2,10
ZnNiSb,6
ZnO,27
ZnP4,6
ZnPPd5,2
ZnPPt5,1
ZnPS3,6
ZnPbF6,5
ZnPbO3,5
ZnPd,14
ZnPd2,7
ZnPd2Au,6
ZnPd3,13
ZnPd4,8
ZnPd5Se,1
ZnPdF6,6
ZnPt,33
ZnPt(CN)4,1
ZnPt3,18
ZnPtF6,5
ZnRe2(MoS4)2,1
ZnRh,28
ZnRh3,21
ZnRhF6,4
ZnRu2W,16
ZnS,104
ZnS2,8
ZnSO4,4
ZnSb,31
ZnSb2,15
ZnSbF5,3
ZnSbF6,2
ZnSe,37
ZnSe2,20
ZnSeO3,5
ZnSeO4,7
ZnSi(AgO2)2,2
ZnSi(AgS2)2,2
ZnSi2NiO6,2
ZnSi2SnO6,2
ZnSiAs2,20
ZnSiAsP,1
ZnSiN2,8
ZnSiNi2,12
ZnSiO3,7
ZnSiP2,19
ZnSiRh2,14
ZnSn(GeO3)2,1
ZnSn2O5,3
ZnSnAs2,5
ZnSnF4,5
ZnSnF6,5
ZnSnN2,7
ZnSnO3,6
ZnSnP2,4
ZnSnRh2,6
ZnSnSb2,7
ZnTe,43
ZnTeMoO6,2
ZnWF5,2
ZnWO4,6
Zr,27
Zr(Al2Fe)4,1
Zr(AlC)4,1
Zr(AlFe)6,1
Zr(CoGe)6,3
Zr(CoSi)2,5
Zr(CuP)2,5
Zr(Fe2P)2,1
Zr(Fe2Si)2,1
Zr(FeGe)6,5
Zr(FeSi)2,4
Zr(FeSn)6,1
Zr(GaFe)6,2
Zr(InBr3)2,8
Zr(MnAl)6,1
Zr(MnGe)6,4
Zr(MnSn)6,1
Zr(MoO4)2,6
Zr(Ni2As)2,1
Zr(Ni2P)2,2
Zr(NiP)2,3
Zr(PS3)2,2
Zr(SiNi)2,6
Zr(SiPd)3,1
Zr(TiGa2)2,1
Zr(TiH2)2,2
Zr(VGa2)2,1
Zr(ZnN)4,2
Zr10(AlSb)3,1
Zr10(GaSb)3,1
Zr10(IrPt)3,1
Zr10Al6O,2
Zr10CrSb5,1
Zr10HN8,1
Zr10NiSnSb4,1
Zr10Sn7,2
Zr2(PdRh)3,1
Zr2(ZnGa)3,2
Zr2Ag,23
Zr2Ag3F14,1
Zr2AgN3,2
Zr2AgPdF11,1
Zr2Al,20
Zr2Al3,3
Zr2Al3C4,3
Zr2Al3Co,3
Zr2Al3Cr,2
Zr2Al3Ni,5
Zr2Al3Zn,5
Zr2Al4C5,1
Zr2AlC,4
Zr2AlCu2,11
Zr2AlFe3,2
Zr2AlN,4
Zr2AlSi,48
Zr2As3S,1
Zr2As3Se,1
Zr2Au,24
Zr2BIr6,2
Zr2Be17,2
Zr2CN,7
Zr2CS,6
Zr2Cd,23
Zr2Co,20
Zr2Co3Mo,2
Zr2CoCuSn2,1
Zr2CoMo3,2
Zr2CoNi,18
Zr2CoOs,9
Zr2CoP,13
Zr2CoS4,2
Zr2CoSi2,7
Zr2Cr3Fe,2
Zr2Cr3Si,1
Zr2CrCo3,1
Zr2CrFe3,3
Zr2CrN3,8
Zr2Cu,20
Zr2CuGe4,2
Zr2CuH2,2
Zr2CuH5,2
Zr2CuOs,9
Zr2CuRe,12
Zr2CuS4,1
Zr2CuSb3,1
Zr2CuSi4,1
Zr2Fe,22
Zr2Fe3Ge,2
Zr2Fe3Si,2
Zr2FeB2Ru5,1
Zr2FeCo3,4
Zr2FeOs,12
Zr2FeS4,1
Zr2Ga,9
Zr2Ga3,3
Zr2Ga3Co,4
Zr2Ga3Cu,4
Zr2Ga3Ni,2
Zr2GaCo3,2
Zr2GaFe3,2
Zr2HBr2,2
Zr2HC,6
Zr2InAu2,4
Zr2InC,5
Zr2InCo2,6
Zr2InN,5
Zr2InNi2,6
Zr2Ir,19
Zr2MnFe3,3
Zr2N,6
Zr2NbMoC4,1
Zr2Ni,18
Zr2Ni2Sn,6
Zr2Ni7,3
Zr2NiAs2,2
Zr2NiP,14
Zr2NiP2,2
Zr2NiS4,4
Zr2NiSe4,1
Zr2O,5
Zr2OsRu,11
Zr2P3S,1
Zr2PbC,6
Zr2Pd,5
Zr2ReRh,11
Zr2Rh,18
Zr2SN2,3
Zr2Sb,25
Zr2SbP,17
Zr2Se3,8
Zr2SeN2,3
Zr2Si,22
Zr2Si4Ni3,1
Zr2SiMo3,1
Zr2SiNi3,2
Zr2Sn,11
Zr2SnC,5
Zr2Te3,7
Zr2Ti(PbO3)3,3
Zr2TiSnO8,1
Zr2TlC,5
Zr2V3Fe,3
Zr2V3Ru,2
Zr2V3Si,1
Zr2VCo3,4
Zr2VNi3,1
Zr2VRe3,2
Zr2Zn,22
Zr2ZnAg2F14,1
Zr3(Al2C3)2,1
Zr3(Cu2Ge)2,1
Zr3(Cu2Si)2,1
Zr3(Cu2Si3)2,1
Zr3(CuSi)4,3
Zr3(MnNi2)2,1
Zr3(Sn2Sb)2,1
Zr3(V2Fe)2,1
Zr3(VNi2)2,1
Zr3Al,26
Zr3Al2,5
Zr3Al3Ni3H2,1
Zr3AlCo8,1
Zr3AlFe8,1
Zr3AlN,3
Zr3As2,4
Zr3Au,14
Zr3Bi,10
Zr3Cd,20
Zr3Co,20
Zr3Co2Si3,2
Zr3CoSe6,1
Zr3Fe,20
Zr3Fe(CuS4)2,1
Zr3Fe2Si3,2
Zr3Fe8Mo,1
Zr3Fe8Si,1
Zr3Ga,9
Zr3Ga2,2
Zr3Ga5,6
Zr3GeO8,2
Zr3HC2,3
Zr3Hg,18
Zr3In,17
Zr3Ir,21
Zr3Mn8Al,2
Zr3Mn8Si,1
Zr3MnCo8,2
Zr3N2,4
Zr3N2O3,4
Zr3N4,4
Zr3NbAl12,1
Zr3NbC4,3
Zr3NbZn8,2
Zr3Ni3Sb4,1
Zr3O,9
Zr3Pb,19
Zr3Pd4,1
Zr3Rh,19
Zr3Rh5,5
Zr3S4,3
Zr3Sb,21
Zr3Sb4Pt3,1
Zr3Sc,19
Zr3Se4,5
Zr3Si2,10
Zr3Sn,8
Zr3TaFe8,1
Zr3Te,24
Zr3Ti(PbO3)4,2
Zr3Ti2Ga3,1
Zr3Ti2Si3,1
Zr3TiCu2,2
Zr3TiFe8,2
Zr3TiMn8,2
Zr3TiO8,1
Zr3TiZn8,2
Zr3Tl,18
Zr3Tl2(CuS4)2,1
Zr3Tl2(CuSe4)2,1
Zr3Zn,22
Zr3Zn2,8
Zr3ZnN,3
Zr4Al11Si,1
Zr4Al3,1
Zr4BN3,1
Zr4C3N,2
Zr4CN3,2
Zr4Co7Ge6,1
Zr4CoNi,3
Zr4CoP,2
Zr4CuNi,6
Zr4CuP,3
Zr4CuPd,4
Zr4CuS8,1
Zr4FeCo,3
Zr4FeNi,3
Zr4FeSe8,1
Zr4GeSb7,1
Zr4In5Co2,1
Zr4MoC5,1
Zr4NbAl3,2
Zr4NbGa3,1
Zr4Ni3As8,1
Zr4NiP,3
Zr4O,4
Zr4Pd,4
Zr4Sc(NiSn)5,1
Zr4Sc5N10,1
Zr4Si3Sb5,1
Zr4WC5,1
Zr5(ZnSi)4,1
Zr5AgPb3,1
Zr5AgSb3,1
Zr5Al3,3
Zr5Al3C,1
Zr5Al3N,1
Zr5Al4,1
Zr5AlNi4,2
Zr5AlPb3,1
Zr5AlSb3,1
Zr5Bi3,3
Zr5CdPb3,1
Zr5CdSb2,1
Zr5Co4Ni,2
Zr5CoSb3,1
Zr5CrSb2,1
Zr5CuBi3,1
Zr5CuPb3,1
Zr5CuSb3,1
Zr5CuSn3,1
Zr5FeSb3,1
Zr5Ga3,3
Zr5Ga4,2
Zr5GaPb3,1
Zr5Ge3,2
Zr5GeSb3,1
Zr5In3Ag,1
Zr5In3Cu,1
Zr5InPb3,1
Zr5Ir2Os,1
Zr5Ir3,5
Zr5NiSb3,1
Zr5Pb3,3
Zr5Pt3,5
Zr5Sb3,4
Zr5Sb3As,1
Zr5Sb3C,1
Zr5Sb3P,1
Zr5Sb3S,1
Zr5Sb3Se,1
Zr5Sb4,3
Zr5Sc5Ga6,1
Zr5Si3,5
Zr5Si3N,1
Zr5SiPb3,1
Zr5SiSb3,1
Zr5SiSn3,1
Zr5Sn,3
Zr5Sn3,2
Zr5Sn3As,1
Zr5Sn3B,1
Zr5Sn3C,1
Zr5Sn3N,1
Zr5Sn3O,1
Zr5Sn3P,1
Zr5Sn3S,1
Zr5Sn3Se,1
Zr5Sn4,1
Zr5SnPb3,1
Zr5Te4,2
Zr5TePb3,1
Zr5Ti5Pb6,1
Zr5V5Si6,1
Zr5ZnPb3,1
Zr5ZnSb3,1
Zr5ZnSn3,1
Zr6Al2Co,1
Zr6Al2Fe,1
Zr6Al2Ni,1
Zr6BI12,1
Zr6CI12,1
Zr6CoAs2,1
Zr6CoBi2,1
Zr6CoSb2,1
Zr6CoSn2,1
Zr6CoTe2,1
Zr6CuBi2,1
Zr6FeBi2,1
Zr6FeSb2,1
Zr6FeSn2,1
Zr6FeTe2,1
Zr6Ga2Co,1
Zr6Ga2Fe,1
Zr6Ga2Ni,1
Zr6MnBi2,1
Zr6MnTe2,1
Zr6NiBi2,1
Zr6NiSb2,1
Zr6NiSn2,1
Zr6NiTe2,1
Zr6O11,1
Zr6P2O,1
Zr6Sb2Pt,1
Zr6Te2Pt,1
Zr6Te2Ru,1
Zr7(NO2)4,2
Zr8AgPd3,1
Zr8Co3Cu,1
Zr9Ni11,1
Zr9Pd11,1
Zr9Pt11,1
ZrAg,32
ZrAg2,20
ZrAl,33
ZrAl2,21
ZrAl2Si,37
ZrAl2Zn,16
ZrAl3,19
ZrAl5Cu7,1
ZrAl5Ni2,3
ZrAl6Mo,1
ZrAlAu2,14
ZrAlCo,13
ZrAlCo2,12
ZrAlCo4,1
ZrAlCr,8
ZrAlCu,50
ZrAlCu2,31
ZrAlFe,11
ZrAlFe4,1
ZrAlMo,9
ZrAlNi,44
ZrAlNi2,28
ZrAlOs,8
ZrAlPd,9
ZrAlPd2,6
ZrAlPt,10
ZrAlRh,11
ZrAlRh2,9
ZrAlRu2,15
ZrAlV,17
ZrAs,28
ZrAs2,22
ZrAsIr,16
ZrAsRu,10
ZrAu,31
ZrAu2,17
ZrAu3,16
ZrAu4,7
ZrB12,1
ZrB2,1
ZrB2Mo3C2,1
ZrB4Ir3,1
ZrB4Mo,2
ZrBRh3,30
ZrBe2,21
ZrBe5,7
ZrBeB,4
ZrBeSi,10
ZrBi,22
ZrBiO4,4
ZrBr,35
ZrBr2,20
ZrBr3,23
ZrBrN,4
ZrC,31
ZrCd,35
ZrCd3,20
ZrCdAg2,14
ZrCdAu2,12
ZrCdCu2,11
ZrCdPd2,4
ZrCdRh2,12
ZrCl,31
ZrCl2,20
ZrCl3,25
ZrCl4,9
ZrCo,29
ZrCo2,19
ZrCo2Sn,3
ZrCo3B2,3
ZrCoBi,3
ZrCoF6,3
ZrCoGe,10
ZrCoH3,6
ZrCoNi,7
ZrCoP,13
ZrCoRe,9
ZrCoSi,14
ZrCoSn,11
ZrCr2,25
ZrCr5P3,1
ZrCrAgS4,18
ZrCrCo,9
ZrCrCuS4,16
ZrCrCuSe4,1
ZrCrF6,6
ZrCrFe,10
ZrCrMo,16
ZrCrO3,3
ZrCrP,17
ZrCrSi,16
ZrCrW,8
ZrCu,34
ZrCu2,17
ZrCu2Hg,9
ZrCu2Te3,2
ZrCu3,18
ZrCu4Ag,1
ZrCu5,7
ZrCuF6,4
ZrCuGe,10
ZrCuGe2,5
ZrCuGeAs,1
ZrCuSi,17
ZrCuSi2,16
ZrCuSiAs,1
ZrCuSiP,1
ZrCuSn,9
ZrF4,8
ZrFe2,23
ZrFeAs,8
ZrFeCo,9
ZrFeF6,3
ZrFeMo,8
ZrFeP,18
ZrFeRe,8
ZrFeSb,9
ZrFeSi,21
ZrFeTe,5
ZrGa,14
ZrGa2,9
ZrGa3,6
ZrGa5Co,1
ZrGa6(FeCo)3,1
ZrGaAu,23
ZrGaCo,8
ZrGaCo2,7
ZrGaCu,28
ZrGaNi,7
ZrGaNi2,5
ZrGaPd2,6
ZrGaPt,8
ZrGaRh,7
ZrGaRh2,6
ZrGaRu2,5
ZrGe,19
ZrGe2,7
ZrGeAs,3
ZrGeIr,13
ZrGeMo,4
ZrGeO4,3
ZrGeOs,10
ZrGePd,8
ZrGePt,8
ZrGeRh,8
ZrGeRu,6
ZrGeRu2,4
ZrGeS,2
ZrGeSb,4
ZrGeSe,2
ZrGeTe,3
ZrGeTe4,2
ZrH,23
ZrH2,8
ZrHg,31
ZrHg3,19
ZrI2,8
ZrI3,7
ZrI4,11
ZrIN,4
ZrIn,29
ZrIn2,18
ZrIn3,17
ZrInAu,24
ZrInAu2,12
ZrInCo2,14
ZrInCu2,11
ZrInCuS4,1
ZrInNi2,13
ZrInNi4,1
ZrInPd2,6
ZrInPt2,12
ZrInRh2,14
ZrIr,34
ZrIr2,26
ZrIr3,22
ZrMn2,23
ZrMn3,17
ZrMn6(GaSn2)2,3
ZrMn6GaSn5,1
ZrMnAl,11
ZrMnCr,9
ZrMnF6,6
ZrMnFe,10
ZrMnGa,7
ZrMnGe,7
ZrMnN2,10
ZrMnNi,9
ZrMnO3,9
ZrMnP,10
ZrMnRh2,9
ZrMnSi,11
ZrMnTlF7,1
ZrMo2,24
ZrMoP,9
ZrMoW,14
ZrMoWO8,2
ZrN,17
ZrNCl,8
ZrNF,5
ZrNb(SiRu)2,1
ZrNb2Pd9,2
ZrNb2VC4,4
ZrNb2ZnO8,1
ZrNb3C4,3
ZrNbAl6,1
ZrNbB2,4
ZrNbB4,3
ZrNbC2,7
ZrNbCN,2
ZrNbCo4,1
ZrNbCr4,1
ZrNbFe4,2
ZrNbN2,12
ZrNbP,4
ZrNbV,18
ZrNi,30
ZrNi2,20
ZrNi2Sb,13
ZrNi2Sn,5
ZrNi3,15
ZrNi4Sn,1
ZrNi5,5
ZrNiAs,14
ZrNiBi,5
ZrNiF6,5
ZrNiGe,9
ZrNiH,3
ZrNiH3,7
ZrNiP2,16
ZrNiSb,10
ZrNiSn,14
ZrO2,27
ZrO2F5,1
ZrOs,33
ZrOs2,24
ZrP,29
ZrP2,22
ZrP2(HO3)2,1
ZrP2O7,3
ZrPOs,11
ZrPRh,13
ZrPRu,9
ZrPbF6,8
ZrPbO3,9
ZrPbS3,4
ZrPd,20
ZrPd2,5
ZrPd3,8
ZrPdF6,3
ZrPt,31
ZrPt3,15
ZrPt8,2
ZrRe2,20
ZrReSi,17
ZrRh,31
ZrRh3,21
ZrRu,32
ZrRu2,23
ZrRu3C,2
ZrS2,17
ZrS3,4
ZrSO,5
ZrSb,37
ZrSbPd,8
ZrSbRh,9
ZrSbRu,13
ZrSbRu2,16
ZrSc,35
ZrSc(NiSn)2,1
ZrSc2,30
ZrScCo2,14
ZrScFe4,2
ZrScMnNi3,1
ZrScOs2,17
ZrScRu2,15
ZrScVNi3,1
ZrSe,37
ZrSe2,27
ZrSe3,21
ZrSi,35
ZrSi2,26
ZrSiAs,10
ZrSiIr,10
ZrSiMo,14
ZrSiNi,23
ZrSiO4,4
ZrSiOs,12
ZrSiPd,9
ZrSiPt,11
ZrSiRu,14
ZrSiRu2,14
ZrSiS,1
ZrSiSe,14
ZrSiTe,9
ZrSn2,8
ZrSnIr,8
ZrSnPd,9
ZrSnPd2,5
ZrSnPt,8
ZrSnRh,10
ZrSnRh2,6
ZrSnRu2,5
ZrSnS3,5
ZrSnTe,3
ZrTa(SiRu)2,1
ZrTaB4,3
ZrTaC2,17
ZrTaCN,2
ZrTaCo4,2
ZrTaCr4,1
ZrTaFe4,2
ZrTaTe4,4
ZrTe,33
ZrTe2,22
ZrTe2Br5,2
ZrTe3,24
ZrTe5,5
ZrTi,21
ZrTi(CrFe)2,1
ZrTi(NiH3)2,3
ZrTi(PbO3)2,3
ZrTi2,5
ZrTi2(PbO3)3,3
ZrTi2Al,7
ZrTi2Ni9,4
ZrTi2O,8
ZrTi3,9
ZrTi3As2,3
ZrTi4Be5,1
ZrTiAs,18
ZrTiAu,4
ZrTiB4,3
ZrTiC2,7
ZrTiCN,2
ZrTiCo4,1
ZrTiCr4,2
ZrTiCu,5
ZrTiCuS4,1
ZrTiF6,1
ZrTiFe4,2
ZrTiMn4,2
ZrTiMo4,1
ZrTiN2,13
ZrTiNi,5
ZrTiNi2,8
ZrTiO4,9
ZrTiPd,5
ZrTiPt,3
ZrTiRh,4
ZrTiS4,4
ZrTiS6,1
ZrTiSe4,2
ZrTiTe4,3
ZrTiW4,1
ZrTiZn4O8,1
ZrTl2PbS4,2
ZrTl2PbSe4,2
ZrTl2S3,3
ZrTlCdF7,1
ZrTlCuS3,2
ZrTlCuSe3,2
ZrV2,9
ZrVCo,5
ZrVCr,10
ZrVCu,3
ZrVCuS4,1
ZrVF6,4
ZrVFe,5
ZrVGe,5
ZrVMo,3
ZrVNi,15
ZrVP,6
ZrVSi,18
ZrVW,2
ZrW2,23
ZrZn,37
ZrZn2,26
ZrZn2Ge,5
ZrZn3,20
ZrZnAu2,12
ZrZnCo2,13
ZrZnCu2,12
ZrZnIr2,11
ZrZnN2,8
ZrZnNi2,11
ZrZnNi4,1
ZrZnPd2,8
ZrZnPt2,13
ZrZnRh2,10
