denominator,model_name,label_view,K,K_effective,n_ranked,stable_n,precision_at_k,recall_at_k,stable_yield_at_k,uncertain_fraction_at_k,false_positive_burden_at_k,DAF_at_k,metric_status
D5_full_complete,ALIGNN-FF,mp_native,100,100,36769,52,0.52,0.003460668175163051,0.52,0.0,0.48,1.2724530813257022,ok
D5_full_complete,ALIGNN-FF,mp_native,300,300,36769,125,0.4166666666666667,0.008318913882603488,0.4166666666666667,0.0,0.5833333333333333,1.0195938151648254,ok
D5_full_complete,ALIGNN-FF,mp_native,500,500,36769,202,0.404,0.013443364834287236,0.404,0.0,0.596,0.9885981631838148,ok
D5_full_complete,ALIGNN-FF,mp_native,1000,1000,36769,404,0.404,0.02688672966857447,0.404,0.0,0.596,0.9885981631838148,ok
D5_full_complete,ALIGNN-FF,mp_native,5000,5000,36769,1694,0.3388,0.11273792093704246,0.3388,0.0,0.6612,0.8290521229868228,ok
D5_full_complete,ALIGNN-FF,mp_native,10000,10000,36769,3413,0.3413,0.2271396246506056,0.3413,0.0,0.6587000000000001,0.8351696858778118,ok
D5_full_complete,ALIGNN-FF,alexmp20_native,100,100,36769,35,0.35,0.0026331628046945533,0.35,0.0,0.65,0.9681876316581403,ok
D5_full_complete,ALIGNN-FF,alexmp20_native,300,300,36769,79,0.2633333333333333,0.005943424616310563,0.2633333333333333,0.0,0.7366666666666667,0.7284459323904102,ok
D5_full_complete,ALIGNN-FF,alexmp20_native,500,500,36769,134,0.268,0.010081251880830575,0.268,0.0,0.732,0.7413551008125189,ok
D5_full_complete,ALIGNN-FF,alexmp20_native,1000,1000,36769,323,0.323,0.024300331026181163,0.323,0.0,0.677,0.8934988715016552,ok
D5_full_complete,ALIGNN-FF,alexmp20_native,5000,5000,36769,1482,0.2964,0.11149563647306651,0.2964,0.0,0.7036,0.8199166114956365,ok
D5_full_complete,ALIGNN-FF,alexmp20_native,10000,10000,36769,3053,0.3053,0.2296870297923563,0.3053,0.0,0.6947,0.844536239843515,ok
D5_full_complete,ALIGNN-FF,alex_pbe_native,100,100,36769,29,0.29,0.002383496342565957,0.29,0.0,0.71,0.8763877701980768,ok
D5_full_complete,ALIGNN-FF,alex_pbe_native,300,300,36769,66,0.22,0.005424508917563902,0.22,0.0,0.78,0.6648458946330238,ok
D5_full_complete,ALIGNN-FF,alex_pbe_native,500,500,36769,119,0.238,0.009780553957425824,0.238,0.0,0.762,0.7192423769211802,ok
D5_full_complete,ALIGNN-FF,alex_pbe_native,1000,1000,36769,299,0.299,0.024574669187145556,0.299,0.0,0.7010000000000001,0.903586011342155,ok
D5_full_complete,ALIGNN-FF,alex_pbe_native,5000,5000,36769,1447,0.2894,0.11892824854113586,0.2894,0.0,0.7106,0.8745745541218048,ok
D5_full_complete,ALIGNN-FF,alex_pbe_native,10000,10000,36769,2917,0.2917,0.23974685625051367,0.2917,0.0,0.7082999999999999,0.8815252157475139,ok
D5_full_complete,ALIGNN-FF,common_pool,100,100,31872,57,0.57,0.0034574790731529783,0.57,0.0,0.43000000000000005,1.1019677301953172,ok
D5_full_complete,ALIGNN-FF,common_pool,300,300,31872,145,0.48333333333333334,0.008795341501880383,0.48333333333333334,0.0,0.5166666666666666,0.934417081159772,ok
D5_full_complete,ALIGNN-FF,common_pool,500,500,31872,240,0.48,0.014557806623802013,0.48,0.0,0.52,0.9279728254276356,ok
D5_full_complete,ALIGNN-FF,common_pool,1000,1000,31872,499,0.499,0.030268106271988355,0.499,0.0,0.501,0.9647050831008128,ok
D5_full_complete,ALIGNN-FF,common_pool,5000,5000,31872,2330,0.466,0.14133203930607788,0.466,0.0,0.534,0.900906951352663,ok
D5_full_complete,ALIGNN-FF,common_pool,10000,10000,31872,4708,0.4708,0.28557563993691615,0.4708,0.0,0.5292,0.9101866796069393,ok
D5_full_complete,ALIGNN-FF,source_union,100,0,0,0,,,,,,,not_evaluable_full_source_union_incomplete
D5_full_complete,ALIGNN-FF,source_union,300,0,0,0,,,,,,,not_evaluable_full_source_union_incomplete
D5_full_complete,ALIGNN-FF,source_union,500,0,0,0,,,,,,,not_evaluable_full_source_union_incomplete
D5_full_complete,ALIGNN-FF,source_union,1000,0,0,0,,,,,,,not_evaluable_full_source_union_incomplete
D5_full_complete,ALIGNN-FF,source_union,5000,0,0,0,,,,,,,not_evaluable_full_source_union_incomplete
D5_full_complete,ALIGNN-FF,source_union,10000,0,0,0,,,,,,,not_evaluable_full_source_union_incomplete
D5_full_complete,ALIGNN-FF,consensus,100,100,24614,37,0.37,0.0039000737851797194,0.37,0.0,0.63,0.9599641614841362,ok
D5_full_complete,ALIGNN-FF,consensus,300,300,24614,90,0.3,0.00948666596395067,0.3,0.0,0.7,0.7783493201222726,ok
D5_full_complete,ALIGNN-FF,consensus,500,500,24614,175,0.35,0.01844629492990408,0.35,0.0,0.65,0.908074206809318,ok
D5_full_complete,ALIGNN-FF,consensus,1000,1000,24614,355,0.355,0.037419626857805414,0.355,0.0,0.645,0.9210466954780225,ok
D5_full_complete,ALIGNN-FF,consensus,5000,5000,24614,1630,0.326,0.17181406134710656,0.326,0.0,0.6739999999999999,0.8458062611995363,ok
D5_full_complete,ALIGNN-FF,consensus,10000,10000,24614,3300,0.33,0.3478444186781912,0.33,0.0,0.6699999999999999,0.8561842521344999,ok
D5_full_complete,ALIGNN-FF,uncertain,100,100,36769,38,0.38,0.0031262854792266557,0.38,0.38,0.62,1.149503907856849,uncertainty_indicator_not_primary_stability_metric
D5_full_complete,ALIGNN-FF,uncertain,300,300,36769,109,0.36333333333333334,0.008967503085150144,0.36333333333333334,0.36333333333333334,0.6366666666666667,1.099087069792952,uncertainty_indicator_not_primary_stability_metric
D5_full_complete,ALIGNN-FF,uncertain,500,500,36769,161,0.322,0.013245577951460304,0.322,0.322,0.6779999999999999,0.9740533113944878,uncertainty_indicator_not_primary_stability_metric
D5_full_complete,ALIGNN-FF,uncertain,1000,1000,36769,311,0.311,0.025586178527354998,0.311,0.311,0.6890000000000001,0.9407781982723159,uncertainty_indicator_not_primary_stability_metric
D5_full_complete,ALIGNN-FF,uncertain,5000,5000,36769,1557,0.3114,0.12809543397778692,0.3114,0.3114,0.6886,0.9419882023858495,uncertainty_indicator_not_primary_stability_metric
D5_full_complete,ALIGNN-FF,uncertain,10000,10000,36769,3067,0.3067,0.2523241464417935,0.3067,0.3067,0.6933,0.9277706540518303,uncertainty_indicator_not_primary_stability_metric
D5_full_complete,ALIGNN-FF,audit_view,100,100,36769,25,0.25,0.002635184989986297,0.25,0.38,0.75,0.9689311689680614,ok
D5_full_complete,ALIGNN-FF,audit_view,300,300,36769,56,0.18666666666666668,0.005902814377569305,0.18666666666666668,0.36333333333333334,0.8133333333333334,0.7234686061628193,ok
D5_full_complete,ALIGNN-FF,audit_view,500,500,36769,102,0.204,0.010751554759144091,0.204,0.322,0.796,0.7906478338779381,ok
D5_full_complete,ALIGNN-FF,audit_view,1000,1000,36769,245,0.245,0.02582481290186571,0.245,0.311,0.755,0.9495525455887002,ok
D5_full_complete,ALIGNN-FF,audit_view,5000,5000,36769,1133,0.2266,0.11942658374617898,0.2266,0.3114,0.7734,0.878239211552651,ok
D5_full_complete,ALIGNN-FF,audit_view,10000,10000,36769,2275,0.2275,0.23980183408875302,0.2275,0.3067,0.7725,0.881727363760936,ok
D5_full_complete,CHGNet,mp_native,100,100,36769,62,0.62,0.00412618128577133,0.62,0.0,0.38,1.5171555969652601,ok
D5_full_complete,CHGNet,mp_native,300,300,36769,162,0.54,0.01078131239185412,0.54,0.0,0.45999999999999996,1.3213935844536138,ok
D5_full_complete,CHGNet,mp_native,500,500,36769,242,0.484,0.016105417276720352,0.484,0.0,0.516,1.1843601756954611,ok
D5_full_complete,CHGNet,mp_native,1000,1000,36769,442,0.442,0.029415679488885932,0.442,0.0,0.558,1.0815851191268469,ok
D5_full_complete,CHGNet,mp_native,5000,5000,36769,1767,0.3534,0.1175961666444829,0.3534,0.0,0.6466000000000001,0.8647786902701983,ok
D5_full_complete,CHGNet,mp_native,10000,10000,36769,3404,0.3404,0.22654066285105817,0.3404,0.0,0.6596,0.8329673632370558,ok
D5_full_complete,CHGNet,alexmp20_native,100,100,36769,42,0.42,0.0031597953656334636,0.42,0.0,0.5800000000000001,1.1618251579897683,ok
D5_full_complete,CHGNet,alexmp20_native,300,300,36769,117,0.39,0.008802287089978935,0.39,0.0,0.61,1.0788376467047849,ok
D5_full_complete,CHGNet,alexmp20_native,500,500,36769,184,0.368,0.013842913030394222,0.368,0.0,0.632,1.0179801384291303,ok
D5_full_complete,CHGNet,alexmp20_native,1000,1000,36769,359,0.359,0.027008727053866987,0.359,0.0,0.641,0.9930838850436353,ok
D5_full_complete,CHGNet,alexmp20_native,5000,5000,36769,1570,0.314,0.11811616009629852,0.314,0.0,0.6859999999999999,0.8686026181161601,ok
D5_full_complete,CHGNet,alexmp20_native,10000,10000,36769,3066,0.3066,0.23066506169124285,0.3066,0.0,0.6934,0.8481323653325309,ok
D5_full_complete,CHGNet,alex_pbe_native,100,100,36769,38,0.38,0.003123202104051944,0.38,0.0,0.62,1.1483701816388592,ok
D5_full_complete,CHGNet,alex_pbe_native,300,300,36769,99,0.33,0.008136763376345854,0.33,0.0,0.6699999999999999,0.9972688419495357,ok
D5_full_complete,CHGNet,alex_pbe_native,500,500,36769,163,0.326,0.013396893235801758,0.326,0.0,0.6739999999999999,0.9851807347743898,ok
D5_full_complete,CHGNet,alex_pbe_native,1000,1000,36769,321,0.321,0.026382838826333525,0.321,0.0,0.679,0.9700706008054575,ok
D5_full_complete,CHGNet,alex_pbe_native,5000,5000,36769,1466,0.2932,0.12048984959316184,0.2932,0.0,0.7068,0.8860582559381935,ok
D5_full_complete,CHGNet,alex_pbe_native,10000,10000,36769,2853,0.2853,0.23448672639105778,0.2853,0.0,0.7147,0.8621842442672804,ok
D5_full_complete,CHGNet,common_pool,100,100,31872,72,0.72,0.004367341987140604,0.72,0.0,0.28,1.3919592381414534,ok
D5_full_complete,CHGNet,common_pool,300,300,31872,186,0.62,0.011282300133446561,0.62,0.0,0.38,1.1986315661773628,ok
D5_full_complete,CHGNet,common_pool,500,500,31872,289,0.578,0.01753002547616159,0.578,0.0,0.42200000000000004,1.1174339439524446,ok
D5_full_complete,CHGNet,common_pool,1000,1000,31872,540,0.54,0.03275506490355453,0.54,0.0,0.45999999999999996,1.04396942860609,ok
D5_full_complete,CHGNet,common_pool,5000,5000,31872,2390,0.478,0.14497149096202838,0.478,0.0,0.522,0.9241062719883538,ok
D5_full_complete,CHGNet,common_pool,10000,10000,31872,4654,0.4654,0.28230013344656074,0.4654,0.0,0.5346,0.8997469853208784,ok
D5_full_complete,CHGNet,source_union,100,0,0,0,,,,,,,not_evaluable_full_source_union_incomplete
D5_full_complete,CHGNet,source_union,300,0,0,0,,,,,,,not_evaluable_full_source_union_incomplete
D5_full_complete,CHGNet,source_union,500,0,0,0,,,,,,,not_evaluable_full_source_union_incomplete
D5_full_complete,CHGNet,source_union,1000,0,0,0,,,,,,,not_evaluable_full_source_union_incomplete
D5_full_complete,CHGNet,source_union,5000,0,0,0,,,,,,,not_evaluable_full_source_union_incomplete
D5_full_complete,CHGNet,source_union,10000,0,0,0,,,,,,,not_evaluable_full_source_union_incomplete
D5_full_complete,CHGNet,consensus,100,100,24614,54,0.54,0.005691999578370402,0.54,0.0,0.45999999999999996,1.4010287762200908,ok
D5_full_complete,CHGNet,consensus,300,300,24614,128,0.4266666666666667,0.01349214714872984,0.4266666666666667,0.0,0.5733333333333333,1.1069856997294545,ok
D5_full_complete,CHGNet,consensus,500,500,24614,207,0.414,0.02181933171708654,0.414,0.0,0.5860000000000001,1.0741220617687361,ok
D5_full_complete,CHGNet,consensus,1000,1000,24614,379,0.379,0.03994940444819226,0.379,0.0,0.621,0.9833146410878044,ok
D5_full_complete,CHGNet,consensus,5000,5000,24614,1635,0.327,0.17234109834510383,0.327,0.0,0.673,0.8484007589332772,ok
D5_full_complete,CHGNet,consensus,10000,10000,24614,3405,0.3405,0.35891219563613364,0.3405,0.0,0.6595,0.8834264783387795,ok
D5_full_complete,CHGNet,uncertain,100,100,36769,39,0.39,0.0032085561497326204,0.39,0.39,0.61,1.1797540106951871,uncertainty_indicator_not_primary_stability_metric
D5_full_complete,CHGNet,uncertain,300,300,36769,114,0.38,0.009378856437679967,0.38,0.38,0.62,1.149503907856849,uncertainty_indicator_not_primary_stability_metric
D5_full_complete,CHGNet,uncertain,500,500,36769,186,0.372,0.01530234471410942,0.372,0.372,0.628,1.1253038255861785,uncertainty_indicator_not_primary_stability_metric
D5_full_complete,CHGNet,uncertain,1000,1000,36769,354,0.354,0.029123817359111476,0.354,0.354,0.646,1.0708536404771698,uncertainty_indicator_not_primary_stability_metric
D5_full_complete,CHGNet,uncertain,5000,5000,36769,1616,0.3232,0.13294940353763884,0.3232,0.3232,0.6768000000000001,0.9776833237350884,uncertainty_indicator_not_primary_stability_metric
D5_full_complete,CHGNet,uncertain,10000,10000,36769,3075,0.3075,0.25298231180584124,0.3075,0.3075,0.6925,0.9301906622788975,uncertainty_indicator_not_primary_stability_metric
D5_full_complete,CHGNet,audit_view,100,100,36769,34,0.34,0.003583851586381364,0.34,0.39,0.6599999999999999,1.3177463897965638,ok
D5_full_complete,CHGNet,audit_view,300,300,36769,85,0.2833333333333333,0.00895962896595341,0.2833333333333333,0.38,0.7166666666666667,1.0981219914971363,ok
D5_full_complete,CHGNet,audit_view,500,500,36769,133,0.266,0.0140191841467271,0.266,0.372,0.734,1.0309427637820174,ok
D5_full_complete,CHGNet,audit_view,1000,1000,36769,261,0.261,0.02751133129545694,0.261,0.354,0.739,1.0115641404026563,ok
D5_full_complete,CHGNet,audit_view,5000,5000,36769,1149,0.2298,0.12111310213977021,0.2298,0.3232,0.7702,0.8906415305154421,ok
D5_full_complete,CHGNet,audit_view,10000,10000,36769,2236,0.2236,0.23569094550437442,0.2236,0.3075,0.7764,0.8666120375250341,ok
D5_full_complete,M3GNet,mp_native,100,100,36769,58,0.58,0.003859976041528018,0.58,0.0,0.42000000000000004,1.4192745907094368,ok
D5_full_complete,M3GNet,mp_native,300,300,36769,159,0.53,0.010581658458671636,0.53,0.0,0.47,1.296923332889658,ok
D5_full_complete,M3GNet,mp_native,500,500,36769,250,0.5,0.016637827765206975,0.5,0.0,0.5,1.2235125781977905,ok
D5_full_complete,M3GNet,mp_native,1000,1000,36769,461,0.461,0.030680154399041662,0.461,0.0,0.5389999999999999,1.128078597098363,ok
D5_full_complete,M3GNet,mp_native,5000,5000,36769,1912,0.3824,0.12724610674830295,0.3824,0.0,0.6175999999999999,0.9357424198056702,ok
D5_full_complete,M3GNet,mp_native,10000,10000,36769,3663,0.3663,0.24377745241581258,0.3663,0.0,0.6336999999999999,0.8963453147877014,ok
D5_full_complete,M3GNet,alexmp20_native,100,100,36769,35,0.35,0.0026331628046945533,0.35,0.0,0.65,0.9681876316581403,ok
D5_full_complete,M3GNet,alexmp20_native,300,300,36769,112,0.37333333333333335,0.00842612097502257,0.37333333333333335,0.0,0.6266666666666667,1.032733473768683,ok
D5_full_complete,M3GNet,alexmp20_native,500,500,36769,189,0.378,0.014219079145350587,0.378,0.0,0.622,1.0456426421907916,ok
D5_full_complete,M3GNet,alexmp20_native,1000,1000,36769,373,0.373,0.02806199217574481,0.373,0.0,0.627,1.031811390309961,ok
D5_full_complete,M3GNet,alexmp20_native,5000,5000,36769,1693,0.3386,0.1273698465242251,0.3386,0.0,0.6614,0.9366523773698466,ok
D5_full_complete,M3GNet,alexmp20_native,10000,10000,36769,3299,0.3299,0.24819440264820944,0.3299,0.0,0.6700999999999999,0.9125859990972015,ok
D5_full_complete,M3GNet,alex_pbe_native,100,100,36769,33,0.33,0.002712254458781951,0.33,0.0,0.6699999999999999,0.9972688419495357,ok
D5_full_complete,M3GNet,alex_pbe_native,300,300,36769,99,0.33,0.008136763376345854,0.33,0.0,0.6699999999999999,0.9972688419495357,ok
D5_full_complete,M3GNet,alex_pbe_native,500,500,36769,169,0.338,0.01389003041012575,0.338,0.0,0.6619999999999999,1.0214450562998276,ok
D5_full_complete,M3GNet,alex_pbe_native,1000,1000,36769,338,0.338,0.0277800608202515,0.338,0.0,0.6619999999999999,1.0214450562998276,ok
D5_full_complete,M3GNet,alex_pbe_native,5000,5000,36769,1558,0.3116,0.1280512862661297,0.3116,0.0,0.6884,0.9416635489438646,ok
D5_full_complete,M3GNet,alex_pbe_native,10000,10000,36769,3034,0.3034,0.24936303114983152,0.3034,0.0,0.6966,0.9168829292348155,ok
D5_full_complete,M3GNet,common_pool,100,100,31872,68,0.68,0.004124711876743904,0.68,0.0,0.31999999999999995,1.3146281693558173,ok
D5_full_complete,M3GNet,common_pool,300,300,31872,185,0.6166666666666667,0.011221642605847385,0.6166666666666667,0.0,0.3833333333333333,1.1921873104452263,ok
D5_full_complete,M3GNet,common_pool,500,500,31872,299,0.598,0.018136600752153342,0.598,0.0,0.402,1.1560994783452627,ok
D5_full_complete,M3GNet,common_pool,1000,1000,31872,553,0.553,0.03354361276234381,0.553,0.0,0.44699999999999995,1.069102025961422,ok
D5_full_complete,M3GNet,common_pool,5000,5000,31872,2520,0.504,0.15285696954992115,0.504,0.0,0.496,0.9743714666990174,ok
D5_full_complete,M3GNet,common_pool,10000,10000,31872,4842,0.4842,0.29370374863520565,0.4842,0.0,0.5158,0.9360925876501275,ok
D5_full_complete,M3GNet,source_union,100,0,0,0,,,,,,,not_evaluable_full_source_union_incomplete
D5_full_complete,M3GNet,source_union,300,0,0,0,,,,,,,not_evaluable_full_source_union_incomplete
D5_full_complete,M3GNet,source_union,500,0,0,0,,,,,,,not_evaluable_full_source_union_incomplete
D5_full_complete,M3GNet,source_union,1000,0,0,0,,,,,,,not_evaluable_full_source_union_incomplete
D5_full_complete,M3GNet,source_union,5000,0,0,0,,,,,,,not_evaluable_full_source_union_incomplete
D5_full_complete,M3GNet,source_union,10000,0,0,0,,,,,,,not_evaluable_full_source_union_incomplete
D5_full_complete,M3GNet,consensus,100,100,24614,50,0.5,0.005270369979972594,0.5,0.0,0.5,1.2972488668704545,ok
D5_full_complete,M3GNet,consensus,300,300,24614,135,0.45,0.014229998945926005,0.45,0.0,0.55,1.167523980183409,ok
D5_full_complete,M3GNet,consensus,500,500,24614,212,0.424,0.0223463687150838,0.424,0.0,0.5760000000000001,1.1000670391061453,ok
D5_full_complete,M3GNet,consensus,1000,1000,24614,413,0.413,0.04353325603457363,0.413,0.0,0.587,1.0715275640349953,ok
D5_full_complete,M3GNet,consensus,5000,5000,24614,1799,0.3598,0.18962791187941394,0.3598,0.0,0.6402,0.933500284599979,ok
D5_full_complete,M3GNet,consensus,10000,10000,24614,3552,0.3552,0.3744070833772531,0.3552,0.0,0.6448,0.9215655950247709,ok
D5_full_complete,M3GNet,uncertain,100,100,36769,39,0.39,0.0032085561497326204,0.39,0.39,0.61,1.1797540106951871,uncertainty_indicator_not_primary_stability_metric
D5_full_complete,M3GNet,uncertain,300,300,36769,113,0.37666666666666665,0.009296585767174003,0.37666666666666665,0.37666666666666665,0.6233333333333333,1.1394205402440696,uncertainty_indicator_not_primary_stability_metric
D5_full_complete,M3GNet,uncertain,500,500,36769,176,0.352,0.014479638009049774,0.352,0.352,0.648,1.0648036199095021,uncertainty_indicator_not_primary_stability_metric
D5_full_complete,M3GNet,uncertain,1000,1000,36769,342,0.342,0.0281365693130399,0.342,0.342,0.6579999999999999,1.0345535170711642,uncertainty_indicator_not_primary_stability_metric
D5_full_complete,M3GNet,uncertain,5000,5000,36769,1638,0.3276,0.13475935828877006,0.3276,0.3276,0.6724,0.9909933689839572,uncertainty_indicator_not_primary_stability_metric
D5_full_complete,M3GNet,uncertain,10000,10000,36769,3129,0.3129,0.2574249280131633,0.3129,0.3129,0.6871,0.9465257178116001,uncertainty_indicator_not_primary_stability_metric
D5_full_complete,M3GNet,audit_view,100,100,36769,31,0.31,0.0032676293875830084,0.31,0.39,0.69,1.2014746495203963,ok
D5_full_complete,M3GNet,audit_view,300,300,36769,86,0.2866666666666667,0.009065036365552863,0.2866666666666667,0.37666666666666665,0.7133333333333334,1.1110410737500438,ok
D5_full_complete,M3GNet,audit_view,500,500,36769,146,0.292,0.015389480341519974,0.292,0.352,0.708,1.1317116053546956,ok
D5_full_complete,M3GNet,audit_view,1000,1000,36769,279,0.279,0.029408664488247076,0.279,0.342,0.721,1.0813271845683567,ok
D5_full_complete,M3GNet,audit_view,5000,5000,36769,1248,0.2496,0.13154843470011596,0.2496,0.3276,0.7504,0.9673808790977125,ok
D5_full_complete,M3GNet,audit_view,10000,10000,36769,2401,0.2401,0.253083166438284,0.2401,0.3129,0.7599,0.9305614946769263,ok
D5_full_complete,MACE-MP,mp_native,100,100,36769,61,0.61,0.004059629974710502,0.61,0.0,0.39,1.4926853454013045,ok
D5_full_complete,MACE-MP,mp_native,300,300,36769,168,0.56,0.011180620258219087,0.56,0.0,0.43999999999999995,1.3703340875815255,ok
D5_full_complete,MACE-MP,mp_native,500,500,36769,265,0.53,0.017636097431119394,0.53,0.0,0.47,1.296923332889658,ok
D5_full_complete,MACE-MP,mp_native,1000,1000,36769,465,0.465,0.030946359643284974,0.465,0.0,0.5349999999999999,1.1378666977239453,ok
D5_full_complete,MACE-MP,mp_native,5000,5000,36769,2044,0.4088,0.13603087980833223,0.4088,0.0,0.5912,1.0003438839345136,ok
D5_full_complete,MACE-MP,mp_native,10000,10000,36769,3819,0.3819,0.25415945694130176,0.3819,0.0,0.6181,0.9345189072274724,ok
D5_full_complete,MACE-MP,alexmp20_native,100,100,36769,42,0.42,0.0031597953656334636,0.42,0.0,0.5800000000000001,1.1618251579897683,ok
D5_full_complete,MACE-MP,alexmp20_native,300,300,36769,124,0.41333333333333333,0.009328919650917845,0.41333333333333333,0.0,0.5866666666666667,1.1433834888153276,ok
D5_full_complete,MACE-MP,alexmp20_native,500,500,36769,205,0.41,0.015422810713210954,0.41,0.0,0.5900000000000001,1.1341626542281071,ok
D5_full_complete,MACE-MP,alexmp20_native,1000,1000,36769,385,0.385,0.028964790851640086,0.385,0.0,0.615,1.0650063948239543,ok
D5_full_complete,MACE-MP,alexmp20_native,5000,5000,36769,1806,0.3612,0.13587120072223893,0.3612,0.0,0.6388,0.9991696358712009,ok
D5_full_complete,MACE-MP,alexmp20_native,10000,10000,36769,3436,0.3436,0.25850135419801384,0.3436,0.0,0.6564,0.9504836292506772,ok
D5_full_complete,MACE-MP,alex_pbe_native,100,100,36769,37,0.37,0.003041012574997945,0.37,0.0,0.63,1.1181499137009945,ok
D5_full_complete,MACE-MP,alex_pbe_native,300,300,36769,106,0.35333333333333333,0.008712090079723843,0.35333333333333333,0.0,0.6466666666666667,1.06778280047122,ok
D5_full_complete,MACE-MP,alex_pbe_native,500,500,36769,177,0.354,0.014547546642557738,0.354,0.0,0.646,1.069797485000411,ok
D5_full_complete,MACE-MP,alex_pbe_native,1000,1000,36769,337,0.337,0.027697871291197503,0.337,0.0,0.663,1.018423029506041,ok
D5_full_complete,MACE-MP,alex_pbe_native,5000,5000,36769,1653,0.3306,0.13585929152625956,0.3306,0.0,0.6694,0.9990820580258076,ok
D5_full_complete,MACE-MP,alex_pbe_native,10000,10000,36769,3165,0.3165,0.26012985945590533,0.3165,0.0,0.6835,0.9564714802334183,ok
D5_full_complete,MACE-MP,common_pool,100,100,31872,71,0.71,0.004306684459541429,0.71,0.0,0.29000000000000004,1.3726264709450442,ok
D5_full_complete,MACE-MP,common_pool,300,300,31872,191,0.6366666666666667,0.011585587771442436,0.6366666666666667,0.0,0.3633333333333333,1.2308528448380445,ok
D5_full_complete,MACE-MP,common_pool,500,500,31872,308,0.616,0.01868251850054592,0.616,0.0,0.384,1.190898459298799,ok
D5_full_complete,MACE-MP,common_pool,1000,1000,31872,565,0.565,0.034271503093533905,0.565,0.0,0.43500000000000005,1.0923013465971128,ok
D5_full_complete,MACE-MP,common_pool,5000,5000,31872,2631,0.5262,0.15958995511342958,0.5262,0.0,0.4738,1.0172902098750456,ok
D5_full_complete,MACE-MP,common_pool,10000,10000,31872,5006,0.5006,0.30365158316147034,0.5006,0.0,0.49939999999999996,0.9677983258522385,ok
D5_full_complete,MACE-MP,source_union,100,0,0,0,,,,,,,not_evaluable_full_source_union_incomplete
D5_full_complete,MACE-MP,source_union,300,0,0,0,,,,,,,not_evaluable_full_source_union_incomplete
D5_full_complete,MACE-MP,source_union,500,0,0,0,,,,,,,not_evaluable_full_source_union_incomplete
D5_full_complete,MACE-MP,source_union,1000,0,0,0,,,,,,,not_evaluable_full_source_union_incomplete
D5_full_complete,MACE-MP,source_union,5000,0,0,0,,,,,,,not_evaluable_full_source_union_incomplete
D5_full_complete,MACE-MP,source_union,10000,0,0,0,,,,,,,not_evaluable_full_source_union_incomplete
D5_full_complete,MACE-MP,consensus,100,100,24614,57,0.57,0.0060082217771687575,0.57,0.0,0.43000000000000005,1.478863708232318,ok
D5_full_complete,MACE-MP,consensus,300,300,24614,142,0.47333333333333333,0.014967850743122168,0.47333333333333333,0.0,0.5266666666666666,1.2280622606373635,ok
D5_full_complete,MACE-MP,consensus,500,500,24614,221,0.442,0.023295035311478866,0.442,0.0,0.558,1.1467679983134818,ok
D5_full_complete,MACE-MP,consensus,1000,1000,24614,410,0.41,0.04321703383577527,0.41,0.0,0.5900000000000001,1.0637440708337724,ok
D5_full_complete,MACE-MP,consensus,5000,5000,24614,1911,0.3822,0.20143354063455254,0.3822,0.0,0.6178,0.9916170338357753,ok
D5_full_complete,MACE-MP,consensus,10000,10000,24614,3629,0.3629,0.3825234531464109,0.3629,0.0,0.6371,0.9415432275745758,ok
D5_full_complete,MACE-MP,uncertain,100,100,36769,39,0.39,0.0032085561497326204,0.39,0.39,0.61,1.1797540106951871,uncertainty_indicator_not_primary_stability_metric
D5_full_complete,MACE-MP,uncertain,300,300,36769,118,0.3933333333333333,0.009707939119703825,0.3933333333333333,0.3933333333333333,0.6066666666666667,1.1898373783079663,uncertainty_indicator_not_primary_stability_metric
D5_full_complete,MACE-MP,uncertain,500,500,36769,178,0.356,0.014644179350061704,0.356,0.356,0.644,1.0769036610448375,uncertainty_indicator_not_primary_stability_metric
D5_full_complete,MACE-MP,uncertain,1000,1000,36769,354,0.354,0.029123817359111476,0.354,0.354,0.646,1.0708536404771698,uncertainty_indicator_not_primary_stability_metric
D5_full_complete,MACE-MP,uncertain,5000,5000,36769,1606,0.3212,0.1321266968325792,0.3212,0.3212,0.6788000000000001,0.9716333031674207,uncertainty_indicator_not_primary_stability_metric
D5_full_complete,MACE-MP,uncertain,10000,10000,36769,3191,0.3191,0.26252570958453314,0.3191,0.3191,0.6809000000000001,0.9652807815713698,uncertainty_indicator_not_primary_stability_metric
D5_full_complete,MACE-MP,audit_view,100,100,36769,34,0.34,0.003583851586381364,0.34,0.39,0.6599999999999999,1.3177463897965638,ok
D5_full_complete,MACE-MP,audit_view,300,300,36769,91,0.30333333333333334,0.009592073363550122,0.30333333333333334,0.3933333333333333,0.6966666666666667,1.1756364850145813,ok
D5_full_complete,MACE-MP,audit_view,500,500,36769,152,0.304,0.016021924739116684,0.304,0.356,0.696,1.1782203014651627,ok
D5_full_complete,MACE-MP,audit_view,1000,1000,36769,277,0.277,0.02919784968904817,0.277,0.354,0.723,1.0735757352166122,ok
D5_full_complete,MACE-MP,audit_view,5000,5000,36769,1346,0.2692,0.14187835986086222,0.2692,0.3212,0.7308,1.0433450827448085,ok
D5_full_complete,MACE-MP,audit_view,10000,10000,36769,2520,0.252,0.2656266469906187,0.252,0.3191,0.748,0.976682618319806,ok
D5_full_complete,MP_common_pool_public_hull_rank,mp_native,100,100,36769,55,0.55,0.0036603221083455345,0.55,0.0,0.44999999999999996,1.3458638360175696,ok
D5_full_complete,MP_common_pool_public_hull_rank,mp_native,300,300,36769,197,0.6566666666666666,0.013110608278983096,0.6566666666666666,0.0,0.3433333333333334,1.6068798526997647,ok
D5_full_complete,MP_common_pool_public_hull_rank,mp_native,500,500,36769,344,0.688,0.022893651004924798,0.688,0.0,0.31200000000000006,1.6835533076001596,ok
D5_full_complete,MP_common_pool_public_hull_rank,mp_native,1000,1000,36769,736,0.736,0.048981764940769335,0.736,0.0,0.264,1.8010105151071476,ok
D5_full_complete,MP_common_pool_public_hull_rank,mp_native,5000,5000,36769,3816,0.7632,0.25395980300811927,0.7632,0.0,0.2368,1.8675695993611074,ok
D5_full_complete,MP_common_pool_public_hull_rank,mp_native,10000,10000,36769,7444,0.7444,0.4954079595368029,0.7444,0.0,0.25560000000000005,1.8215655264208703,ok
D5_full_complete,MP_common_pool_public_hull_rank,alexmp20_native,100,100,36769,46,0.46,0.0034607282575985555,0.46,0.0,0.54,1.272475173036413,ok
D5_full_complete,MP_common_pool_public_hull_rank,alexmp20_native,300,300,36769,169,0.5633333333333334,0.012714414685525128,0.5633333333333334,0.0,0.43666666666666665,1.558321045240245,ok
D5_full_complete,MP_common_pool_public_hull_rank,alexmp20_native,500,500,36769,283,0.566,0.021291002106530243,0.566,0.0,0.43400000000000005,1.5656977129100211,ok
D5_full_complete,MP_common_pool_public_hull_rank,alexmp20_native,1000,1000,36769,624,0.624,0.046945531146554316,0.624,0.0,0.376,1.7261402347276558,ok
D5_full_complete,MP_common_pool_public_hull_rank,alexmp20_native,5000,5000,36769,3231,0.6462,0.2430785434848029,0.6462,0.0,0.3538,1.7875509930785436,ok
D5_full_complete,MP_common_pool_public_hull_rank,alexmp20_native,10000,10000,36769,6418,0.6418,0.48284682515798977,0.6418,0.0,0.35819999999999996,1.775379491423413,ok
D5_full_complete,MP_common_pool_public_hull_rank,alex_pbe_native,100,100,36769,40,0.4,0.0032875811621599408,0.4,0.0,0.6,1.2088107175145888,ok
D5_full_complete,MP_common_pool_public_hull_rank,alex_pbe_native,300,300,36769,153,0.51,0.012574997945261774,0.51,0.0,0.49,1.5412336648311007,ok
D5_full_complete,MP_common_pool_public_hull_rank,alex_pbe_native,500,500,36769,253,0.506,0.020793950850661626,0.506,0.0,0.494,1.5291455576559547,ok
D5_full_complete,MP_common_pool_public_hull_rank,alex_pbe_native,1000,1000,36769,557,0.557,0.04577956768307718,0.557,0.0,0.44299999999999995,1.6832689241390648,ok
D5_full_complete,MP_common_pool_public_hull_rank,alex_pbe_native,5000,5000,36769,2861,0.5722,0.23514424262348976,0.5722,0.0,0.42779999999999996,1.7292037314046194,ok
D5_full_complete,MP_common_pool_public_hull_rank,alex_pbe_native,10000,10000,36769,5619,0.5619,0.46182296375441767,0.5619,0.0,0.43810000000000004,1.6980768554286183,ok
D5_full_complete,MP_common_pool_public_hull_rank,common_pool,100,100,31872,100,1.0,0.006065752759917505,1.0,0.0,0.0,1.9332767196409075,ok
D5_full_complete,MP_common_pool_public_hull_rank,common_pool,300,300,31872,300,1.0,0.018197258279752517,1.0,0.0,0.0,1.9332767196409075,ok
D5_full_complete,MP_common_pool_public_hull_rank,common_pool,500,500,31872,500,1.0,0.03032876379958753,1.0,0.0,0.0,1.9332767196409075,ok
D5_full_complete,MP_common_pool_public_hull_rank,common_pool,1000,1000,31872,1000,1.0,0.06065752759917506,1.0,0.0,0.0,1.9332767196409075,ok
D5_full_complete,MP_common_pool_public_hull_rank,common_pool,5000,5000,31872,5000,1.0,0.30328763799587527,1.0,0.0,0.0,1.9332767196409075,ok
D5_full_complete,MP_common_pool_public_hull_rank,common_pool,10000,10000,31872,10000,1.0,0.6065752759917505,1.0,0.0,0.0,1.9332767196409075,ok
D5_full_complete,MP_common_pool_public_hull_rank,source_union,100,0,0,0,,,,,,,not_evaluable_full_source_union_incomplete
D5_full_complete,MP_common_pool_public_hull_rank,source_union,300,0,0,0,,,,,,,not_evaluable_full_source_union_incomplete
D5_full_complete,MP_common_pool_public_hull_rank,source_union,500,0,0,0,,,,,,,not_evaluable_full_source_union_incomplete
D5_full_complete,MP_common_pool_public_hull_rank,source_union,1000,0,0,0,,,,,,,not_evaluable_full_source_union_incomplete
D5_full_complete,MP_common_pool_public_hull_rank,source_union,5000,0,0,0,,,,,,,not_evaluable_full_source_union_incomplete
D5_full_complete,MP_common_pool_public_hull_rank,source_union,10000,0,0,0,,,,,,,not_evaluable_full_source_union_incomplete
D5_full_complete,MP_common_pool_public_hull_rank,consensus,100,100,24614,100,1.0,0.010540739959945188,1.0,0.0,0.0,2.594497733740909,ok
D5_full_complete,MP_common_pool_public_hull_rank,consensus,300,300,24614,300,1.0,0.031622219879835566,1.0,0.0,0.0,2.594497733740909,ok
D5_full_complete,MP_common_pool_public_hull_rank,consensus,500,500,24614,500,1.0,0.05270369979972594,1.0,0.0,0.0,2.594497733740909,ok
D5_full_complete,MP_common_pool_public_hull_rank,consensus,1000,1000,24614,1000,1.0,0.10540739959945188,1.0,0.0,0.0,2.594497733740909,ok
D5_full_complete,MP_common_pool_public_hull_rank,consensus,5000,5000,24614,5000,1.0,0.5270369979972594,1.0,0.0,0.0,2.594497733740909,ok
D5_full_complete,MP_common_pool_public_hull_rank,consensus,10000,10000,24614,9487,0.9487,1.0,0.9487,0.0,0.05130000000000001,2.4614000000000003,ok
D5_full_complete,MP_common_pool_public_hull_rank,uncertain,100,100,36769,69,0.69,0.005676676264911559,0.69,0.69,0.31000000000000005,2.087257095845331,uncertainty_indicator_not_primary_stability_metric
D5_full_complete,MP_common_pool_public_hull_rank,uncertain,300,300,36769,169,0.5633333333333334,0.013903743315508022,0.5633333333333334,0.5633333333333334,0.43666666666666665,1.7040891265597147,uncertainty_indicator_not_primary_stability_metric
D5_full_complete,MP_common_pool_public_hull_rank,uncertain,500,500,36769,285,0.57,0.023447141094199916,0.57,0.57,0.43000000000000005,1.7242558617852732,uncertainty_indicator_not_primary_stability_metric
D5_full_complete,MP_common_pool_public_hull_rank,uncertain,1000,1000,36769,507,0.507,0.04171122994652406,0.507,0.507,0.493,1.5336802139037433,uncertainty_indicator_not_primary_stability_metric
D5_full_complete,MP_common_pool_public_hull_rank,uncertain,5000,5000,36769,2377,0.4754,0.1955573837926779,0.4754,0.4754,0.5246,1.4380898889345948,uncertainty_indicator_not_primary_stability_metric
D5_full_complete,MP_common_pool_public_hull_rank,uncertain,10000,10000,36769,4888,0.4888,0.4021390374331551,0.4888,0.4888,0.5112,1.478625026737968,uncertainty_indicator_not_primary_stability_metric
D5_full_complete,MP_common_pool_public_hull_rank,audit_view,100,100,36769,31,0.31,0.0032676293875830084,0.31,0.69,0.69,1.2014746495203963,ok
D5_full_complete,MP_common_pool_public_hull_rank,audit_view,300,300,36769,131,0.43666666666666665,0.013808369347528196,0.43666666666666665,0.5633333333333334,0.5633333333333334,1.6923997751308806,ok
D5_full_complete,MP_common_pool_public_hull_rank,audit_view,500,500,36769,215,0.43,0.022662590913882154,0.43,0.57,0.5700000000000001,1.6665616106250658,ok
D5_full_complete,MP_common_pool_public_hull_rank,audit_view,1000,1000,36769,493,0.493,0.05196584800252978,0.493,0.507,0.507,1.9107322652050172,ok
D5_full_complete,MP_common_pool_public_hull_rank,audit_view,5000,5000,36769,2623,0.5246,0.27648360914936226,0.5246,0.4754,0.47540000000000004,2.03320516496258,ok
D5_full_complete,MP_common_pool_public_hull_rank,audit_view,10000,10000,36769,5112,0.5112,0.538842626752398,0.5112,0.4888,0.4888,1.981270454305892,ok
D5_full_complete,MP_source_native_public_hull_rank,mp_native,100,100,36769,100,1.0,0.00665513110608279,1.0,0.0,0.0,2.447025156395581,ok
D5_full_complete,MP_source_native_public_hull_rank,mp_native,300,300,36769,300,1.0,0.01996539331824837,1.0,0.0,0.0,2.447025156395581,ok
D5_full_complete,MP_source_native_public_hull_rank,mp_native,500,500,36769,500,1.0,0.03327565553041395,1.0,0.0,0.0,2.447025156395581,ok
D5_full_complete,MP_source_native_public_hull_rank,mp_native,1000,1000,36769,1000,1.0,0.0665513110608279,1.0,0.0,0.0,2.447025156395581,ok
D5_full_complete,MP_source_native_public_hull_rank,mp_native,5000,5000,36769,5000,1.0,0.3327565553041395,1.0,0.0,0.0,2.447025156395581,ok
D5_full_complete,MP_source_native_public_hull_rank,mp_native,10000,10000,36769,10000,1.0,0.665513110608279,1.0,0.0,0.0,2.447025156395581,ok
D5_full_complete,MP_source_native_public_hull_rank,alexmp20_native,100,100,36769,86,0.86,0.006470057177249473,0.86,0.0,0.14,2.378975323502859,ok
D5_full_complete,MP_source_native_public_hull_rank,alexmp20_native,300,300,36769,258,0.86,0.01941017153174842,0.86,0.0,0.14,2.378975323502859,ok
D5_full_complete,MP_source_native_public_hull_rank,alexmp20_native,500,500,36769,428,0.856,0.03219981944026482,0.856,0.0,0.14400000000000002,2.3679103219981945,ok
D5_full_complete,MP_source_native_public_hull_rank,alexmp20_native,1000,1000,36769,865,0.865,0.0650767378874511,0.865,0.0,0.135,2.39280657538369,ok
D5_full_complete,MP_source_native_public_hull_rank,alexmp20_native,5000,5000,36769,4035,0.807,0.3035660547697863,0.807,0.0,0.19299999999999995,2.232364053566055,ok
D5_full_complete,MP_source_native_public_hull_rank,alexmp20_native,10000,10000,36769,8083,0.8083,0.6081101414384592,0.8083,0.0,0.19169999999999998,2.2359601790550707,ok
D5_full_complete,MP_source_native_public_hull_rank,alex_pbe_native,100,100,36769,73,0.73,0.005999835620941892,0.73,0.0,0.27,2.2060795594641243,ok
D5_full_complete,MP_source_native_public_hull_rank,alex_pbe_native,300,300,36769,235,0.7833333333333333,0.019314539327689652,0.7833333333333333,0.0,0.21666666666666667,2.3672543217994026,ok
D5_full_complete,MP_source_native_public_hull_rank,alex_pbe_native,500,500,36769,386,0.772,0.03172515821484343,0.772,0.0,0.22799999999999998,2.3330046848031563,ok
D5_full_complete,MP_source_native_public_hull_rank,alex_pbe_native,1000,1000,36769,780,0.78,0.06410783266211885,0.78,0.0,0.21999999999999997,2.357180899153448,ok
D5_full_complete,MP_source_native_public_hull_rank,alex_pbe_native,5000,5000,36769,3616,0.7232,0.29719733705925866,0.7232,0.0,0.27680000000000005,2.1855297772663764,ok
D5_full_complete,MP_source_native_public_hull_rank,alex_pbe_native,10000,10000,36769,7187,0.7187,0.5906961453110874,0.7187,0.0,0.2813,2.1719306566943373,ok
D5_full_complete,MP_source_native_public_hull_rank,common_pool,100,100,31872,100,1.0,0.006065752759917505,1.0,0.0,0.0,1.9332767196409075,ok
D5_full_complete,MP_source_native_public_hull_rank,common_pool,300,300,31872,296,0.9866666666666667,0.017954628169355818,0.9866666666666667,0.0,0.013333333333333308,1.907499696712362,ok
D5_full_complete,MP_source_native_public_hull_rank,common_pool,500,500,31872,488,0.976,0.029600873468397428,0.976,0.0,0.02400000000000002,1.8868780783695258,ok
D5_full_complete,MP_source_native_public_hull_rank,common_pool,1000,1000,31872,987,0.987,0.05986897974038578,0.987,0.0,0.013000000000000012,1.9081441222855757,ok
D5_full_complete,MP_source_native_public_hull_rank,common_pool,5000,5000,31872,4950,0.99,0.3002547616159165,0.99,0.0,0.010000000000000009,1.9139439524444986,ok
D5_full_complete,MP_source_native_public_hull_rank,common_pool,10000,10000,31872,9925,0.9925,0.6020259614218124,0.9925,0.0,0.007499999999999951,1.9187771442436008,ok
D5_full_complete,MP_source_native_public_hull_rank,source_union,100,0,0,0,,,,,,,not_evaluable_full_source_union_incomplete
D5_full_complete,MP_source_native_public_hull_rank,source_union,300,0,0,0,,,,,,,not_evaluable_full_source_union_incomplete
D5_full_complete,MP_source_native_public_hull_rank,source_union,500,0,0,0,,,,,,,not_evaluable_full_source_union_incomplete
D5_full_complete,MP_source_native_public_hull_rank,source_union,1000,0,0,0,,,,,,,not_evaluable_full_source_union_incomplete
D5_full_complete,MP_source_native_public_hull_rank,source_union,5000,0,0,0,,,,,,,not_evaluable_full_source_union_incomplete
D5_full_complete,MP_source_native_public_hull_rank,source_union,10000,0,0,0,,,,,,,not_evaluable_full_source_union_incomplete
D5_full_complete,MP_source_native_public_hull_rank,consensus,100,100,24614,100,1.0,0.010540739959945188,1.0,0.0,0.0,2.594497733740909,ok
D5_full_complete,MP_source_native_public_hull_rank,consensus,300,300,24614,300,1.0,0.031622219879835566,1.0,0.0,0.0,2.594497733740909,ok
D5_full_complete,MP_source_native_public_hull_rank,consensus,500,500,24614,500,1.0,0.05270369979972594,1.0,0.0,0.0,2.594497733740909,ok
D5_full_complete,MP_source_native_public_hull_rank,consensus,1000,1000,24614,1000,1.0,0.10540739959945188,1.0,0.0,0.0,2.594497733740909,ok
D5_full_complete,MP_source_native_public_hull_rank,consensus,5000,5000,24614,5000,1.0,0.5270369979972594,1.0,0.0,0.0,2.594497733740909,ok
D5_full_complete,MP_source_native_public_hull_rank,consensus,10000,10000,24614,9487,0.9487,1.0,0.9487,0.0,0.05130000000000001,2.4614000000000003,ok
D5_full_complete,MP_source_native_public_hull_rank,uncertain,100,100,36769,32,0.32,0.0026326614561908677,0.32,0.32,0.6799999999999999,0.9680032908268202,uncertainty_indicator_not_primary_stability_metric
D5_full_complete,MP_source_native_public_hull_rank,uncertain,300,300,36769,95,0.31666666666666665,0.00781571369806664,0.31666666666666665,0.31666666666666665,0.6833333333333333,0.9579199232140407,uncertainty_indicator_not_primary_stability_metric
D5_full_complete,MP_source_native_public_hull_rank,uncertain,500,500,36769,161,0.322,0.013245577951460304,0.322,0.322,0.6779999999999999,0.9740533113944878,uncertainty_indicator_not_primary_stability_metric
D5_full_complete,MP_source_native_public_hull_rank,uncertain,1000,1000,36769,303,0.303,0.02492801316330728,0.303,0.303,0.6970000000000001,0.9165781160016453,uncertainty_indicator_not_primary_stability_metric
D5_full_complete,MP_source_native_public_hull_rank,uncertain,5000,5000,36769,1888,0.3776,0.1553270259152612,0.3776,0.3776,0.6224000000000001,1.1422438831756478,uncertainty_indicator_not_primary_stability_metric
D5_full_complete,MP_source_native_public_hull_rank,uncertain,10000,10000,36769,3706,0.3706,0.3048951048951049,0.3706,0.3706,0.6294,1.121068811188811,uncertainty_indicator_not_primary_stability_metric
D5_full_complete,MP_source_native_public_hull_rank,audit_view,100,100,36769,68,0.68,0.007167703172762728,0.68,0.32,0.31999999999999995,2.6354927795931276,ok
D5_full_complete,MP_source_native_public_hull_rank,audit_view,300,300,36769,205,0.6833333333333333,0.021608516917887635,0.6833333333333333,0.31666666666666665,0.31666666666666665,2.648411861846035,ok
D5_full_complete,MP_source_native_public_hull_rank,audit_view,500,500,36769,339,0.678,0.03573310846421419,0.678,0.322,0.32199999999999995,2.627741330241383,ok
D5_full_complete,MP_source_native_public_hull_rank,audit_view,1000,1000,36769,697,0.697,0.07346895752081796,0.697,0.303,0.30300000000000005,2.701380099082955,ok
D5_full_complete,MP_source_native_public_hull_rank,audit_view,5000,5000,36769,3112,0.6224,0.32802782755349424,0.6224,0.3776,0.37760000000000005,2.4122510382628857,ok
D5_full_complete,MP_source_native_public_hull_rank,audit_view,10000,10000,36769,6294,0.6294,0.6634341730789501,0.6294,0.3706,0.37060000000000004,2.4393811109939914,ok
D5_full_complete,MatterGen_alex_mp20_source_native_public_hull_rank,mp_native,100,100,36769,92,0.92,0.006122720617596167,0.92,0.0,0.07999999999999996,2.251263143883935,ok
D5_full_complete,MatterGen_alex_mp20_source_native_public_hull_rank,mp_native,300,300,36769,280,0.9333333333333333,0.018634367097031812,0.9333333333333333,0.0,0.06666666666666665,2.283890145969209,ok
D5_full_complete,MatterGen_alex_mp20_source_native_public_hull_rank,mp_native,500,500,36769,464,0.928,0.030879808332224146,0.928,0.0,0.07199999999999995,2.270839345135099,ok
D5_full_complete,MatterGen_alex_mp20_source_native_public_hull_rank,mp_native,1000,1000,36769,927,0.927,0.06169306535338746,0.927,0.0,0.07299999999999995,2.268392319978704,ok
D5_full_complete,MatterGen_alex_mp20_source_native_public_hull_rank,mp_native,5000,5000,36769,4500,0.9,0.29948089977372555,0.9,0.0,0.09999999999999998,2.202322640756023,ok
D5_full_complete,MatterGen_alex_mp20_source_native_public_hull_rank,mp_native,10000,10000,36769,9094,0.9094,0.605217622787169,0.9094,0.0,0.09060000000000001,2.2253246772261415,ok
D5_full_complete,MatterGen_alex_mp20_source_native_public_hull_rank,alexmp20_native,100,100,36769,100,1.0,0.007523322299127295,1.0,0.0,0.0,2.766250376166115,ok
D5_full_complete,MatterGen_alex_mp20_source_native_public_hull_rank,alexmp20_native,300,300,36769,300,1.0,0.022569966897381884,1.0,0.0,0.0,2.766250376166115,ok
D5_full_complete,MatterGen_alex_mp20_source_native_public_hull_rank,alexmp20_native,500,500,36769,500,1.0,0.03761661149563647,1.0,0.0,0.0,2.766250376166115,ok
D5_full_complete,MatterGen_alex_mp20_source_native_public_hull_rank,alexmp20_native,1000,1000,36769,1000,1.0,0.07523322299127294,1.0,0.0,0.0,2.766250376166115,ok
D5_full_complete,MatterGen_alex_mp20_source_native_public_hull_rank,alexmp20_native,5000,5000,36769,5000,1.0,0.3761661149563647,1.0,0.0,0.0,2.766250376166115,ok
D5_full_complete,MatterGen_alex_mp20_source_native_public_hull_rank,alexmp20_native,10000,10000,36769,10000,1.0,0.7523322299127294,1.0,0.0,0.0,2.766250376166115,ok
D5_full_complete,MatterGen_alex_mp20_source_native_public_hull_rank,alex_pbe_native,100,100,36769,82,0.82,0.006739541382427878,0.82,0.0,0.18000000000000005,2.4780619709049065,ok
D5_full_complete,MatterGen_alex_mp20_source_native_public_hull_rank,alex_pbe_native,300,300,36769,257,0.8566666666666667,0.02112270896687762,0.8566666666666667,0.0,0.1433333333333333,2.588869620010411,ok
D5_full_complete,MatterGen_alex_mp20_source_native_public_hull_rank,alex_pbe_native,500,500,36769,426,0.852,0.03501273937700337,0.852,0.0,0.14800000000000002,2.574766828306074,ok
D5_full_complete,MatterGen_alex_mp20_source_native_public_hull_rank,alex_pbe_native,1000,1000,36769,856,0.856,0.07035423687022273,0.856,0.0,0.14400000000000002,2.58685493548122,ok
D5_full_complete,MatterGen_alex_mp20_source_native_public_hull_rank,alex_pbe_native,5000,5000,36769,4001,0.8002,0.3288403057450481,0.8002,0.0,0.19979999999999998,2.418225840387935,ok
D5_full_complete,MatterGen_alex_mp20_source_native_public_hull_rank,alex_pbe_native,10000,10000,36769,8155,0.8155,0.6702556094353579,0.8155,0.0,0.1845,2.464462850332868,ok
D5_full_complete,MatterGen_alex_mp20_source_native_public_hull_rank,common_pool,100,100,31872,98,0.98,0.005944437704719156,0.98,0.0,0.020000000000000018,1.8946111852480894,ok
D5_full_complete,MatterGen_alex_mp20_source_native_public_hull_rank,common_pool,300,300,31872,294,0.98,0.017833313114157468,0.98,0.0,0.020000000000000018,1.8946111852480894,ok
D5_full_complete,MatterGen_alex_mp20_source_native_public_hull_rank,common_pool,500,500,31872,492,0.984,0.029843503578794128,0.984,0.0,0.016000000000000014,1.9023442921266531,ok
D5_full_complete,MatterGen_alex_mp20_source_native_public_hull_rank,common_pool,1000,1000,31872,986,0.986,0.059808322212786605,0.986,0.0,0.014000000000000012,1.9062108455659348,ok
D5_full_complete,MatterGen_alex_mp20_source_native_public_hull_rank,common_pool,5000,5000,31872,4888,0.9776,0.2964939949047677,0.9776,0.0,0.022399999999999975,1.8899713211209512,ok
D5_full_complete,MatterGen_alex_mp20_source_native_public_hull_rank,common_pool,10000,10000,31872,9838,0.9838,0.5967487565206843,0.9838,0.0,0.016199999999999992,1.901957636782725,ok
D5_full_complete,MatterGen_alex_mp20_source_native_public_hull_rank,source_union,100,0,0,0,,,,,,,not_evaluable_full_source_union_incomplete
D5_full_complete,MatterGen_alex_mp20_source_native_public_hull_rank,source_union,300,0,0,0,,,,,,,not_evaluable_full_source_union_incomplete
D5_full_complete,MatterGen_alex_mp20_source_native_public_hull_rank,source_union,500,0,0,0,,,,,,,not_evaluable_full_source_union_incomplete
D5_full_complete,MatterGen_alex_mp20_source_native_public_hull_rank,source_union,1000,0,0,0,,,,,,,not_evaluable_full_source_union_incomplete
D5_full_complete,MatterGen_alex_mp20_source_native_public_hull_rank,source_union,5000,0,0,0,,,,,,,not_evaluable_full_source_union_incomplete
D5_full_complete,MatterGen_alex_mp20_source_native_public_hull_rank,source_union,10000,0,0,0,,,,,,,not_evaluable_full_source_union_incomplete
D5_full_complete,MatterGen_alex_mp20_source_native_public_hull_rank,consensus,100,100,24614,100,1.0,0.010540739959945188,1.0,0.0,0.0,2.594497733740909,ok
D5_full_complete,MatterGen_alex_mp20_source_native_public_hull_rank,consensus,300,300,24614,300,1.0,0.031622219879835566,1.0,0.0,0.0,2.594497733740909,ok
D5_full_complete,MatterGen_alex_mp20_source_native_public_hull_rank,consensus,500,500,24614,500,1.0,0.05270369979972594,1.0,0.0,0.0,2.594497733740909,ok
D5_full_complete,MatterGen_alex_mp20_source_native_public_hull_rank,consensus,1000,1000,24614,1000,1.0,0.10540739959945188,1.0,0.0,0.0,2.594497733740909,ok
D5_full_complete,MatterGen_alex_mp20_source_native_public_hull_rank,consensus,5000,5000,24614,5000,1.0,0.5270369979972594,1.0,0.0,0.0,2.594497733740909,ok
D5_full_complete,MatterGen_alex_mp20_source_native_public_hull_rank,consensus,10000,10000,24614,9487,0.9487,1.0,0.9487,0.0,0.05130000000000001,2.4614000000000003,ok
D5_full_complete,MatterGen_alex_mp20_source_native_public_hull_rank,uncertain,100,100,36769,26,0.26,0.0021390374331550803,0.26,0.26,0.74,0.7865026737967914,uncertainty_indicator_not_primary_stability_metric
D5_full_complete,MatterGen_alex_mp20_source_native_public_hull_rank,uncertain,300,300,36769,80,0.26666666666666666,0.00658165364047717,0.26666666666666666,0.26666666666666666,0.7333333333333334,0.8066694090223502,uncertainty_indicator_not_primary_stability_metric
D5_full_complete,MatterGen_alex_mp20_source_native_public_hull_rank,uncertain,500,500,36769,133,0.266,0.010941999177293295,0.266,0.266,0.734,0.8046527354997943,uncertainty_indicator_not_primary_stability_metric
D5_full_complete,MatterGen_alex_mp20_source_native_public_hull_rank,uncertain,1000,1000,36769,253,0.253,0.02081447963800905,0.253,0.253,0.747,0.7653276018099547,uncertainty_indicator_not_primary_stability_metric
D5_full_complete,MatterGen_alex_mp20_source_native_public_hull_rank,uncertain,5000,5000,36769,1614,0.3228,0.1327848621966269,0.3228,0.3228,0.6772,0.9764733196215548,uncertainty_indicator_not_primary_stability_metric
D5_full_complete,MatterGen_alex_mp20_source_native_public_hull_rank,uncertain,10000,10000,36769,2829,0.2829,0.23274372686137393,0.2829,0.2829,0.7171000000000001,0.8557754092965857,uncertainty_indicator_not_primary_stability_metric
D5_full_complete,MatterGen_alex_mp20_source_native_public_hull_rank,audit_view,100,100,36769,74,0.74,0.007800147570359439,0.74,0.26,0.26,2.868036260145462,ok
D5_full_complete,MatterGen_alex_mp20_source_native_public_hull_rank,audit_view,300,300,36769,220,0.7333333333333333,0.023189627911879413,0.7333333333333333,0.26666666666666666,0.2666666666666667,2.8421980956396466,ok
D5_full_complete,MatterGen_alex_mp20_source_native_public_hull_rank,audit_view,500,500,36769,367,0.734,0.03868451565299884,0.734,0.266,0.266,2.8447819120902285,ok
D5_full_complete,MatterGen_alex_mp20_source_native_public_hull_rank,audit_view,1000,1000,36769,747,0.747,0.07873932750079056,0.747,0.253,0.253,2.8951663328765678,ok
D5_full_complete,MatterGen_alex_mp20_source_native_public_hull_rank,audit_view,5000,5000,36769,3386,0.6772,0.35690945504374405,0.6772,0.3228,0.3228,2.624640750500685,ok
D5_full_complete,MatterGen_alex_mp20_source_native_public_hull_rank,audit_view,10000,10000,36769,7171,0.7171,0.7558764625276695,0.7171,0.2829,0.28290000000000004,2.7792821650679875,ok
D5_full_complete,consensus_oracle_proxy,mp_native,100,100,36769,100,1.0,0.00665513110608279,1.0,0.0,0.0,2.447025156395581,ok
D5_full_complete,consensus_oracle_proxy,mp_native,300,300,36769,300,1.0,0.01996539331824837,1.0,0.0,0.0,2.447025156395581,ok
D5_full_complete,consensus_oracle_proxy,mp_native,500,500,36769,500,1.0,0.03327565553041395,1.0,0.0,0.0,2.447025156395581,ok
D5_full_complete,consensus_oracle_proxy,mp_native,1000,1000,36769,1000,1.0,0.0665513110608279,1.0,0.0,0.0,2.447025156395581,ok
D5_full_complete,consensus_oracle_proxy,mp_native,5000,5000,36769,5000,1.0,0.3327565553041395,1.0,0.0,0.0,2.447025156395581,ok
D5_full_complete,consensus_oracle_proxy,mp_native,10000,10000,36769,9487,0.9487,0.6313722880340743,0.9487,0.0,0.05130000000000001,2.3214927658724878,ok
D5_full_complete,consensus_oracle_proxy,alexmp20_native,100,100,36769,100,1.0,0.007523322299127295,1.0,0.0,0.0,2.766250376166115,ok
D5_full_complete,consensus_oracle_proxy,alexmp20_native,300,300,36769,300,1.0,0.022569966897381884,1.0,0.0,0.0,2.766250376166115,ok
D5_full_complete,consensus_oracle_proxy,alexmp20_native,500,500,36769,500,1.0,0.03761661149563647,1.0,0.0,0.0,2.766250376166115,ok
D5_full_complete,consensus_oracle_proxy,alexmp20_native,1000,1000,36769,1000,1.0,0.07523322299127294,1.0,0.0,0.0,2.766250376166115,ok
D5_full_complete,consensus_oracle_proxy,alexmp20_native,5000,5000,36769,5000,1.0,0.3761661149563647,1.0,0.0,0.0,2.766250376166115,ok
D5_full_complete,consensus_oracle_proxy,alexmp20_native,10000,10000,36769,9487,0.9487,0.7137375865182064,0.9487,0.0,0.05130000000000001,2.6243417318687934,ok
D5_full_complete,consensus_oracle_proxy,alex_pbe_native,100,100,36769,100,1.0,0.008218952905399852,1.0,0.0,0.0,3.0220267937864715,ok
D5_full_complete,consensus_oracle_proxy,alex_pbe_native,300,300,36769,300,1.0,0.024656858716199555,1.0,0.0,0.0,3.0220267937864715,ok
D5_full_complete,consensus_oracle_proxy,alex_pbe_native,500,500,36769,500,1.0,0.04109476452699926,1.0,0.0,0.0,3.0220267937864715,ok
D5_full_complete,consensus_oracle_proxy,alex_pbe_native,1000,1000,36769,1000,1.0,0.08218952905399853,1.0,0.0,0.0,3.0220267937864715,ok
D5_full_complete,consensus_oracle_proxy,alex_pbe_native,5000,5000,36769,5000,1.0,0.4109476452699926,1.0,0.0,0.0,3.0220267937864715,ok
D5_full_complete,consensus_oracle_proxy,alex_pbe_native,10000,10000,36769,9487,0.9487,0.779732062135284,0.9487,0.0,0.05130000000000001,2.8669968192652258,ok
D5_full_complete,consensus_oracle_proxy,common_pool,100,100,31872,100,1.0,0.006065752759917505,1.0,0.0,0.0,1.9332767196409075,ok
D5_full_complete,consensus_oracle_proxy,common_pool,300,300,31872,300,1.0,0.018197258279752517,1.0,0.0,0.0,1.9332767196409075,ok
D5_full_complete,consensus_oracle_proxy,common_pool,500,500,31872,500,1.0,0.03032876379958753,1.0,0.0,0.0,1.9332767196409075,ok
D5_full_complete,consensus_oracle_proxy,common_pool,1000,1000,31872,1000,1.0,0.06065752759917506,1.0,0.0,0.0,1.9332767196409075,ok
D5_full_complete,consensus_oracle_proxy,common_pool,5000,5000,31872,5000,1.0,0.30328763799587527,1.0,0.0,0.0,1.9332767196409075,ok
D5_full_complete,consensus_oracle_proxy,common_pool,10000,10000,31872,9487,0.9487,0.5754579643333738,0.9487,0.0,0.05130000000000001,1.834099623923329,ok
D5_full_complete,consensus_oracle_proxy,source_union,100,0,0,0,,,,,,,not_evaluable_full_source_union_incomplete
D5_full_complete,consensus_oracle_proxy,source_union,300,0,0,0,,,,,,,not_evaluable_full_source_union_incomplete
D5_full_complete,consensus_oracle_proxy,source_union,500,0,0,0,,,,,,,not_evaluable_full_source_union_incomplete
D5_full_complete,consensus_oracle_proxy,source_union,1000,0,0,0,,,,,,,not_evaluable_full_source_union_incomplete
D5_full_complete,consensus_oracle_proxy,source_union,5000,0,0,0,,,,,,,not_evaluable_full_source_union_incomplete
D5_full_complete,consensus_oracle_proxy,source_union,10000,0,0,0,,,,,,,not_evaluable_full_source_union_incomplete
D5_full_complete,consensus_oracle_proxy,consensus,100,100,24614,100,1.0,0.010540739959945188,1.0,0.0,0.0,2.594497733740909,ok
D5_full_complete,consensus_oracle_proxy,consensus,300,300,24614,300,1.0,0.031622219879835566,1.0,0.0,0.0,2.594497733740909,ok
D5_full_complete,consensus_oracle_proxy,consensus,500,500,24614,500,1.0,0.05270369979972594,1.0,0.0,0.0,2.594497733740909,ok
D5_full_complete,consensus_oracle_proxy,consensus,1000,1000,24614,1000,1.0,0.10540739959945188,1.0,0.0,0.0,2.594497733740909,ok
D5_full_complete,consensus_oracle_proxy,consensus,5000,5000,24614,5000,1.0,0.5270369979972594,1.0,0.0,0.0,2.594497733740909,ok
D5_full_complete,consensus_oracle_proxy,consensus,10000,10000,24614,9487,0.9487,1.0,0.9487,0.0,0.05130000000000001,2.4614000000000003,ok
D5_full_complete,consensus_oracle_proxy,uncertain,100,100,36769,0,0.0,0.0,0.0,0.0,1.0,0.0,uncertainty_indicator_not_primary_stability_metric
D5_full_complete,consensus_oracle_proxy,uncertain,300,300,36769,0,0.0,0.0,0.0,0.0,1.0,0.0,uncertainty_indicator_not_primary_stability_metric
D5_full_complete,consensus_oracle_proxy,uncertain,500,500,36769,0,0.0,0.0,0.0,0.0,1.0,0.0,uncertainty_indicator_not_primary_stability_metric
D5_full_complete,consensus_oracle_proxy,uncertain,1000,1000,36769,0,0.0,0.0,0.0,0.0,1.0,0.0,uncertainty_indicator_not_primary_stability_metric
D5_full_complete,consensus_oracle_proxy,uncertain,5000,5000,36769,0,0.0,0.0,0.0,0.0,1.0,0.0,uncertainty_indicator_not_primary_stability_metric
D5_full_complete,consensus_oracle_proxy,uncertain,10000,10000,36769,0,0.0,0.0,0.0,0.0,1.0,0.0,uncertainty_indicator_not_primary_stability_metric
D5_full_complete,consensus_oracle_proxy,audit_view,100,100,36769,100,1.0,0.010540739959945188,1.0,0.0,0.0,3.8757246758722457,ok
D5_full_complete,consensus_oracle_proxy,audit_view,300,300,36769,300,1.0,0.031622219879835566,1.0,0.0,0.0,3.8757246758722457,ok
D5_full_complete,consensus_oracle_proxy,audit_view,500,500,36769,500,1.0,0.05270369979972594,1.0,0.0,0.0,3.8757246758722457,ok
D5_full_complete,consensus_oracle_proxy,audit_view,1000,1000,36769,1000,1.0,0.10540739959945188,1.0,0.0,0.0,3.8757246758722457,ok
D5_full_complete,consensus_oracle_proxy,audit_view,5000,5000,36769,5000,1.0,0.5270369979972594,1.0,0.0,0.0,3.8757246758722457,ok
D5_full_complete,consensus_oracle_proxy,audit_view,10000,10000,36769,9487,0.9487,1.0,0.9487,0.0,0.05130000000000001,3.6768999999999994,ok
D5_full_complete,official_Alexandria_PBE_common_pool_public_hull_rank,mp_native,100,100,36769,35,0.35,0.0023292958871289765,0.35,0.0,0.65,0.8564588047384533,ok
D5_full_complete,official_Alexandria_PBE_common_pool_public_hull_rank,mp_native,300,300,36769,148,0.49333333333333335,0.00984959403700253,0.49333333333333335,0.0,0.5066666666666666,1.2071990771551533,ok
D5_full_complete,official_Alexandria_PBE_common_pool_public_hull_rank,mp_native,500,500,36769,289,0.578,0.019233328896579263,0.578,0.0,0.42200000000000004,1.4143805403966458,ok
D5_full_complete,official_Alexandria_PBE_common_pool_public_hull_rank,mp_native,1000,1000,36769,638,0.638,0.0424597364568082,0.638,0.0,0.362,1.5612020497803807,ok
D5_full_complete,official_Alexandria_PBE_common_pool_public_hull_rank,mp_native,5000,5000,36769,3694,0.7388,0.24584054305869826,0.7388,0.0,0.2612,1.8078621855450554,ok
D5_full_complete,official_Alexandria_PBE_common_pool_public_hull_rank,mp_native,10000,10000,36769,6778,0.6778,0.4510847863702915,0.6778,0.0,0.32220000000000004,1.6585936510049248,ok
D5_full_complete,official_Alexandria_PBE_common_pool_public_hull_rank,alexmp20_native,100,100,36769,33,0.33,0.002482696358712007,0.33,0.0,0.6699999999999999,0.912862624134818,ok
D5_full_complete,official_Alexandria_PBE_common_pool_public_hull_rank,alexmp20_native,300,300,36769,137,0.45666666666666667,0.010306951549804393,0.45666666666666667,0.0,0.5433333333333333,1.2632543384491925,ok
D5_full_complete,official_Alexandria_PBE_common_pool_public_hull_rank,alexmp20_native,500,500,36769,247,0.494,0.01858260607884442,0.494,0.0,0.506,1.3665276858260609,ok
D5_full_complete,official_Alexandria_PBE_common_pool_public_hull_rank,alexmp20_native,1000,1000,36769,553,0.553,0.04160397231417394,0.553,0.0,0.44699999999999995,1.5297364580198618,ok
D5_full_complete,official_Alexandria_PBE_common_pool_public_hull_rank,alexmp20_native,5000,5000,36769,3359,0.6718,0.2527083960276858,0.6718,0.0,0.32820000000000005,1.858367002708396,ok
D5_full_complete,official_Alexandria_PBE_common_pool_public_hull_rank,alexmp20_native,10000,10000,36769,6059,0.6059,0.4558380981041228,0.6059,0.0,0.3941,1.6760711029190491,ok
D5_full_complete,official_Alexandria_PBE_common_pool_public_hull_rank,alex_pbe_native,100,100,36769,31,0.31,0.0025478754006739543,0.31,0.0,0.69,0.9368283060738063,ok
D5_full_complete,official_Alexandria_PBE_common_pool_public_hull_rank,alex_pbe_native,300,300,36769,142,0.47333333333333333,0.01167091312566779,0.47333333333333333,0.0,0.5266666666666666,1.4304260157255966,ok
D5_full_complete,official_Alexandria_PBE_common_pool_public_hull_rank,alex_pbe_native,500,500,36769,252,0.504,0.020711761321607628,0.504,0.0,0.496,1.5231015040683817,ok
D5_full_complete,official_Alexandria_PBE_common_pool_public_hull_rank,alex_pbe_native,1000,1000,36769,547,0.547,0.04495767239253719,0.547,0.0,0.45299999999999996,1.6530486562012001,ok
D5_full_complete,official_Alexandria_PBE_common_pool_public_hull_rank,alex_pbe_native,5000,5000,36769,3224,0.6448,0.26497904167009123,0.6448,0.0,0.35519999999999996,1.948602876633517,ok
D5_full_complete,official_Alexandria_PBE_common_pool_public_hull_rank,alex_pbe_native,10000,10000,36769,5704,0.5704,0.46880907372400754,0.5704,0.0,0.4296,1.7237640831758037,ok
D5_full_complete,official_Alexandria_PBE_common_pool_public_hull_rank,common_pool,100,100,31872,100,1.0,0.006065752759917505,1.0,0.0,0.0,1.9332767196409075,ok
D5_full_complete,official_Alexandria_PBE_common_pool_public_hull_rank,common_pool,300,300,31872,300,1.0,0.018197258279752517,1.0,0.0,0.0,1.9332767196409075,ok
D5_full_complete,official_Alexandria_PBE_common_pool_public_hull_rank,common_pool,500,500,31872,500,1.0,0.03032876379958753,1.0,0.0,0.0,1.9332767196409075,ok
D5_full_complete,official_Alexandria_PBE_common_pool_public_hull_rank,common_pool,1000,1000,31872,1000,1.0,0.06065752759917506,1.0,0.0,0.0,1.9332767196409075,ok
D5_full_complete,official_Alexandria_PBE_common_pool_public_hull_rank,common_pool,5000,5000,31872,5000,1.0,0.30328763799587527,1.0,0.0,0.0,1.9332767196409075,ok
D5_full_complete,official_Alexandria_PBE_common_pool_public_hull_rank,common_pool,10000,10000,31872,10000,1.0,0.6065752759917505,1.0,0.0,0.0,1.9332767196409075,ok
D5_full_complete,official_Alexandria_PBE_common_pool_public_hull_rank,source_union,100,0,0,0,,,,,,,not_evaluable_full_source_union_incomplete
D5_full_complete,official_Alexandria_PBE_common_pool_public_hull_rank,source_union,300,0,0,0,,,,,,,not_evaluable_full_source_union_incomplete
D5_full_complete,official_Alexandria_PBE_common_pool_public_hull_rank,source_union,500,0,0,0,,,,,,,not_evaluable_full_source_union_incomplete
D5_full_complete,official_Alexandria_PBE_common_pool_public_hull_rank,source_union,1000,0,0,0,,,,,,,not_evaluable_full_source_union_incomplete
D5_full_complete,official_Alexandria_PBE_common_pool_public_hull_rank,source_union,5000,0,0,0,,,,,,,not_evaluable_full_source_union_incomplete
D5_full_complete,official_Alexandria_PBE_common_pool_public_hull_rank,source_union,10000,0,0,0,,,,,,,not_evaluable_full_source_union_incomplete
D5_full_complete,official_Alexandria_PBE_common_pool_public_hull_rank,consensus,100,100,24614,100,1.0,0.010540739959945188,1.0,0.0,0.0,2.594497733740909,ok
D5_full_complete,official_Alexandria_PBE_common_pool_public_hull_rank,consensus,300,300,24614,300,1.0,0.031622219879835566,1.0,0.0,0.0,2.594497733740909,ok
D5_full_complete,official_Alexandria_PBE_common_pool_public_hull_rank,consensus,500,500,24614,500,1.0,0.05270369979972594,1.0,0.0,0.0,2.594497733740909,ok
D5_full_complete,official_Alexandria_PBE_common_pool_public_hull_rank,consensus,1000,1000,24614,1000,1.0,0.10540739959945188,1.0,0.0,0.0,2.594497733740909,ok
D5_full_complete,official_Alexandria_PBE_common_pool_public_hull_rank,consensus,5000,5000,24614,5000,1.0,0.5270369979972594,1.0,0.0,0.0,2.594497733740909,ok
D5_full_complete,official_Alexandria_PBE_common_pool_public_hull_rank,consensus,10000,10000,24614,9487,0.9487,1.0,0.9487,0.0,0.05130000000000001,2.4614000000000003,ok
D5_full_complete,official_Alexandria_PBE_common_pool_public_hull_rank,uncertain,100,100,36769,78,0.78,0.006417112299465241,0.78,0.78,0.21999999999999997,2.3595080213903743,uncertainty_indicator_not_primary_stability_metric
D5_full_complete,official_Alexandria_PBE_common_pool_public_hull_rank,uncertain,300,300,36769,203,0.6766666666666666,0.016700946112710818,0.6766666666666666,0.6766666666666666,0.32333333333333336,2.0469236253942134,uncertainty_indicator_not_primary_stability_metric
D5_full_complete,official_Alexandria_PBE_common_pool_public_hull_rank,uncertain,500,500,36769,320,0.64,0.02632661456190868,0.64,0.64,0.36,1.9360065816536405,uncertainty_indicator_not_primary_stability_metric
D5_full_complete,official_Alexandria_PBE_common_pool_public_hull_rank,uncertain,1000,1000,36769,611,0.611,0.05026737967914439,0.611,0.611,0.389,1.8482812834224598,uncertainty_indicator_not_primary_stability_metric
D5_full_complete,official_Alexandria_PBE_common_pool_public_hull_rank,uncertain,5000,5000,36769,2490,0.498,0.2048539695598519,0.498,0.498,0.502,1.506455121349239,uncertainty_indicator_not_primary_stability_metric
D5_full_complete,official_Alexandria_PBE_common_pool_public_hull_rank,uncertain,10000,10000,36769,5716,0.5716,0.4702591526120938,0.5716,0.5716,0.4284,1.7290958782394075,uncertainty_indicator_not_primary_stability_metric
D5_full_complete,official_Alexandria_PBE_common_pool_public_hull_rank,audit_view,100,100,36769,22,0.22,0.0023189627911879415,0.22,0.78,0.78,0.8526594286918942,ok
D5_full_complete,official_Alexandria_PBE_common_pool_public_hull_rank,audit_view,300,300,36769,97,0.3233333333333333,0.010224517761146832,0.3233333333333333,0.6766666666666666,0.6766666666666667,1.253150978532026,ok
D5_full_complete,official_Alexandria_PBE_common_pool_public_hull_rank,audit_view,500,500,36769,180,0.36,0.01897333192790134,0.36,0.64,0.64,1.3952608833140085,ok
D5_full_complete,official_Alexandria_PBE_common_pool_public_hull_rank,audit_view,1000,1000,36769,389,0.389,0.04100347844418678,0.389,0.611,0.611,1.5076568989143038,ok
D5_full_complete,official_Alexandria_PBE_common_pool_public_hull_rank,audit_view,5000,5000,36769,2510,0.502,0.2645725729946242,0.502,0.498,0.498,1.9456137872878674,ok
D5_full_complete,official_Alexandria_PBE_common_pool_public_hull_rank,audit_view,10000,10000,36769,4284,0.4284,0.45156529988405186,0.4284,0.5716,0.5716,1.66036045114367,ok
D5_full_complete,official_Alexandria_PBE_source_native_public_hull_rank,mp_native,100,100,36769,94,0.94,0.006255823239717823,0.94,0.0,0.06000000000000005,2.300203647011846,ok
D5_full_complete,official_Alexandria_PBE_source_native_public_hull_rank,mp_native,300,300,36769,284,0.9466666666666667,0.018900572341275124,0.9466666666666667,0.0,0.053333333333333344,2.3165171480544835,ok
D5_full_complete,official_Alexandria_PBE_source_native_public_hull_rank,mp_native,500,500,36769,467,0.934,0.03107946226540663,0.934,0.0,0.06599999999999995,2.2855214960734727,ok
D5_full_complete,official_Alexandria_PBE_source_native_public_hull_rank,mp_native,1000,1000,36769,915,0.915,0.06089444962065753,0.915,0.0,0.08499999999999996,2.2390280181019566,ok
D5_full_complete,official_Alexandria_PBE_source_native_public_hull_rank,mp_native,5000,5000,36769,4356,0.8712,0.28989751098096633,0.8712,0.0,0.12880000000000003,2.1318483162518302,ok
D5_full_complete,official_Alexandria_PBE_source_native_public_hull_rank,mp_native,10000,10000,36769,8884,0.8884,0.591241847464395,0.8884,0.0,0.11160000000000003,2.173937148941834,ok
D5_full_complete,official_Alexandria_PBE_source_native_public_hull_rank,alexmp20_native,100,100,36769,98,0.98,0.007372855853144749,0.98,0.0,0.020000000000000018,2.7109253686427928,ok
D5_full_complete,official_Alexandria_PBE_source_native_public_hull_rank,alexmp20_native,300,300,36769,289,0.9633333333333334,0.021742401444477883,0.9633333333333334,0.0,0.036666666666666625,2.664821195706691,ok
D5_full_complete,official_Alexandria_PBE_source_native_public_hull_rank,alexmp20_native,500,500,36769,478,0.956,0.03596148058982847,0.956,0.0,0.04400000000000004,2.644535359614806,ok
D5_full_complete,official_Alexandria_PBE_source_native_public_hull_rank,alexmp20_native,1000,1000,36769,934,0.934,0.07026783027384893,0.934,0.0,0.06599999999999995,2.583677851339152,ok
D5_full_complete,official_Alexandria_PBE_source_native_public_hull_rank,alexmp20_native,5000,5000,36769,4394,0.8788,0.33057478182365335,0.8788,0.0,0.12119999999999997,2.430980830574782,ok
D5_full_complete,official_Alexandria_PBE_source_native_public_hull_rank,alexmp20_native,10000,10000,36769,8893,0.8893,0.6690490520613903,0.8893,0.0,0.11070000000000002,2.460026459524526,ok
D5_full_complete,official_Alexandria_PBE_source_native_public_hull_rank,alex_pbe_native,100,100,36769,100,1.0,0.008218952905399852,1.0,0.0,0.0,3.0220267937864715,ok
D5_full_complete,official_Alexandria_PBE_source_native_public_hull_rank,alex_pbe_native,300,300,36769,300,1.0,0.024656858716199555,1.0,0.0,0.0,3.0220267937864715,ok
D5_full_complete,official_Alexandria_PBE_source_native_public_hull_rank,alex_pbe_native,500,500,36769,500,1.0,0.04109476452699926,1.0,0.0,0.0,3.0220267937864715,ok
D5_full_complete,official_Alexandria_PBE_source_native_public_hull_rank,alex_pbe_native,1000,1000,36769,1000,1.0,0.08218952905399853,1.0,0.0,0.0,3.0220267937864715,ok
D5_full_complete,official_Alexandria_PBE_source_native_public_hull_rank,alex_pbe_native,5000,5000,36769,5000,1.0,0.4109476452699926,1.0,0.0,0.0,3.0220267937864715,ok
D5_full_complete,official_Alexandria_PBE_source_native_public_hull_rank,alex_pbe_native,10000,10000,36769,10000,1.0,0.8218952905399852,1.0,0.0,0.0,3.0220267937864715,ok
D5_full_complete,official_Alexandria_PBE_source_native_public_hull_rank,common_pool,100,100,31872,100,1.0,0.006065752759917505,1.0,0.0,0.0,1.9332767196409075,ok
D5_full_complete,official_Alexandria_PBE_source_native_public_hull_rank,common_pool,300,300,31872,299,0.9966666666666667,0.018136600752153342,0.9966666666666667,0.0,0.0033333333333332993,1.9268324639087713,ok
D5_full_complete,official_Alexandria_PBE_source_native_public_hull_rank,common_pool,500,500,31872,499,0.998,0.030268106271988355,0.998,0.0,0.0020000000000000018,1.9294101662016256,ok
D5_full_complete,official_Alexandria_PBE_source_native_public_hull_rank,common_pool,1000,1000,31872,999,0.999,0.06059687007157588,0.999,0.0,0.0010000000000000009,1.9313434429212666,ok
D5_full_complete,official_Alexandria_PBE_source_native_public_hull_rank,common_pool,5000,5000,31872,4997,0.9994,0.30310566541307776,0.9994,0.0,0.0006000000000000449,1.9321167536091228,ok
D5_full_complete,official_Alexandria_PBE_source_native_public_hull_rank,common_pool,10000,10000,31872,9996,0.9996,0.6063326458813538,0.9996,0.0,0.00039999999999995595,1.9325034089530513,ok
D5_full_complete,official_Alexandria_PBE_source_native_public_hull_rank,source_union,100,0,0,0,,,,,,,not_evaluable_full_source_union_incomplete
D5_full_complete,official_Alexandria_PBE_source_native_public_hull_rank,source_union,300,0,0,0,,,,,,,not_evaluable_full_source_union_incomplete
D5_full_complete,official_Alexandria_PBE_source_native_public_hull_rank,source_union,500,0,0,0,,,,,,,not_evaluable_full_source_union_incomplete
D5_full_complete,official_Alexandria_PBE_source_native_public_hull_rank,source_union,1000,0,0,0,,,,,,,not_evaluable_full_source_union_incomplete
D5_full_complete,official_Alexandria_PBE_source_native_public_hull_rank,source_union,5000,0,0,0,,,,,,,not_evaluable_full_source_union_incomplete
D5_full_complete,official_Alexandria_PBE_source_native_public_hull_rank,source_union,10000,0,0,0,,,,,,,not_evaluable_full_source_union_incomplete
D5_full_complete,official_Alexandria_PBE_source_native_public_hull_rank,consensus,100,100,24614,100,1.0,0.010540739959945188,1.0,0.0,0.0,2.594497733740909,ok
D5_full_complete,official_Alexandria_PBE_source_native_public_hull_rank,consensus,300,300,24614,300,1.0,0.031622219879835566,1.0,0.0,0.0,2.594497733740909,ok
D5_full_complete,official_Alexandria_PBE_source_native_public_hull_rank,consensus,500,500,24614,500,1.0,0.05270369979972594,1.0,0.0,0.0,2.594497733740909,ok
D5_full_complete,official_Alexandria_PBE_source_native_public_hull_rank,consensus,1000,1000,24614,1000,1.0,0.10540739959945188,1.0,0.0,0.0,2.594497733740909,ok
D5_full_complete,official_Alexandria_PBE_source_native_public_hull_rank,consensus,5000,5000,24614,5000,1.0,0.5270369979972594,1.0,0.0,0.0,2.594497733740909,ok
D5_full_complete,official_Alexandria_PBE_source_native_public_hull_rank,consensus,10000,10000,24614,9487,0.9487,1.0,0.9487,0.0,0.05130000000000001,2.4614000000000003,ok
D5_full_complete,official_Alexandria_PBE_source_native_public_hull_rank,uncertain,100,100,36769,12,0.12,0.0009872480460715754,0.12,0.12,0.88,0.3630012340600576,uncertainty_indicator_not_primary_stability_metric
D5_full_complete,official_Alexandria_PBE_source_native_public_hull_rank,uncertain,300,300,36769,53,0.17666666666666667,0.004360345536816125,0.17666666666666667,0.17666666666666667,0.8233333333333334,0.5344184834773069,uncertainty_indicator_not_primary_stability_metric
D5_full_complete,official_Alexandria_PBE_source_native_public_hull_rank,uncertain,500,500,36769,85,0.17,0.006993006993006993,0.17,0.17,0.83,0.5142517482517482,uncertainty_indicator_not_primary_stability_metric
D5_full_complete,official_Alexandria_PBE_source_native_public_hull_rank,uncertain,1000,1000,36769,187,0.187,0.015384615384615385,0.187,0.187,0.813,0.5656769230769231,uncertainty_indicator_not_primary_stability_metric
D5_full_complete,official_Alexandria_PBE_source_native_public_hull_rank,uncertain,5000,5000,36769,1270,0.254,0.10448375154257507,0.254,0.254,0.746,0.7683526120937886,uncertainty_indicator_not_primary_stability_metric
D5_full_complete,official_Alexandria_PBE_source_native_public_hull_rank,uncertain,10000,10000,36769,2191,0.2191,0.1802550390785685,0.2191,0.2191,0.7809,0.6627797531879884,uncertainty_indicator_not_primary_stability_metric
D5_full_complete,official_Alexandria_PBE_source_native_public_hull_rank,audit_view,100,100,36769,88,0.88,0.009275851164751766,0.88,0.12,0.12,3.4106377147675766,ok
D5_full_complete,official_Alexandria_PBE_source_native_public_hull_rank,audit_view,300,300,36769,247,0.8233333333333334,0.026035627701064615,0.8233333333333334,0.17666666666666667,0.17666666666666664,3.1910133164681493,ok
D5_full_complete,official_Alexandria_PBE_source_native_public_hull_rank,audit_view,500,500,36769,415,0.83,0.04374407083377253,0.83,0.17,0.17000000000000004,3.216851480973964,ok
D5_full_complete,official_Alexandria_PBE_source_native_public_hull_rank,audit_view,1000,1000,36769,813,0.813,0.08569621587435437,0.813,0.187,0.18700000000000006,3.1509641614841355,ok
D5_full_complete,official_Alexandria_PBE_source_native_public_hull_rank,audit_view,5000,5000,36769,3730,0.746,0.3931696005059555,0.746,0.254,0.254,2.8912906082006953,ok
D5_full_complete,official_Alexandria_PBE_source_native_public_hull_rank,audit_view,10000,10000,36769,7809,0.7809,0.8231263834721197,0.7809,0.2191,0.21909999999999996,3.026553399388637,ok
D5_full_complete,prevalence_dummy,mp_native,100,100,36769,40,0.4,0.002662052442433116,0.4,0.0,0.6,0.9788100625582324,ok
D5_full_complete,prevalence_dummy,mp_native,300,300,36769,119,0.39666666666666667,0.00791960601623852,0.39666666666666667,0.0,0.6033333333333333,0.9706533120369139,ok
D5_full_complete,prevalence_dummy,mp_native,500,500,36769,238,0.476,0.01583921203247704,0.476,0.0,0.524,1.1647839744442965,ok
D5_full_complete,prevalence_dummy,mp_native,1000,1000,36769,451,0.451,0.030014641288433383,0.451,0.0,0.5489999999999999,1.103608345534407,ok
D5_full_complete,prevalence_dummy,mp_native,5000,5000,36769,2180,0.436,0.14508185811260482,0.436,0.0,0.5640000000000001,1.0669029681884734,ok
D5_full_complete,prevalence_dummy,mp_native,10000,10000,36769,3793,0.3793,0.2524291228537202,0.3793,0.0,0.6207,0.928156641820844,ok
D5_full_complete,prevalence_dummy,alexmp20_native,100,100,36769,38,0.38,0.002858862473668372,0.38,0.0,0.62,1.0511751429431238,ok
D5_full_complete,prevalence_dummy,alexmp20_native,300,300,36769,109,0.36333333333333334,0.008200421306048752,0.36333333333333334,0.0,0.6366666666666667,1.005070970007022,ok
D5_full_complete,prevalence_dummy,alexmp20_native,500,500,36769,217,0.434,0.016325609389106228,0.434,0.0,0.5660000000000001,1.2005526632560939,ok
D5_full_complete,prevalence_dummy,alexmp20_native,1000,1000,36769,421,0.421,0.03167318687932591,0.421,0.0,0.579,1.1645914083659343,ok
D5_full_complete,prevalence_dummy,alexmp20_native,5000,5000,36769,1974,0.3948,0.1485103821847728,0.3948,0.0,0.6052,1.0921156485103822,ok
D5_full_complete,prevalence_dummy,alexmp20_native,10000,10000,36769,3344,0.3344,0.25157989768281674,0.3344,0.0,0.6656,0.9250341257899488,ok
D5_full_complete,prevalence_dummy,alex_pbe_native,100,100,36769,29,0.29,0.002383496342565957,0.29,0.0,0.71,0.8763877701980768,ok
D5_full_complete,prevalence_dummy,alex_pbe_native,300,300,36769,93,0.31,0.0076436262020218625,0.31,0.0,0.69,0.9368283060738063,ok
D5_full_complete,prevalence_dummy,alex_pbe_native,500,500,36769,193,0.386,0.015862579107421716,0.386,0.0,0.614,1.1665023424015781,ok
D5_full_complete,prevalence_dummy,alex_pbe_native,1000,1000,36769,378,0.378,0.03106764198241144,0.378,0.0,0.622,1.1423261280512864,ok
D5_full_complete,prevalence_dummy,alex_pbe_native,5000,5000,36769,1836,0.3672,0.15089997534314128,0.3672,0.0,0.6328,1.1096882386783926,ok
D5_full_complete,prevalence_dummy,alex_pbe_native,10000,10000,36769,3089,0.3089,0.2538834552478014,0.3089,0.0,0.6911,0.9335040766006412,ok
D5_full_complete,prevalence_dummy,common_pool,100,100,31872,53,0.53,0.003214848962756278,0.53,0.0,0.47,1.0246366614096811,ok
D5_full_complete,prevalence_dummy,common_pool,300,300,31872,151,0.5033333333333333,0.009159286667475433,0.5033333333333333,0.0,0.4966666666666667,0.9730826155525901,ok
D5_full_complete,prevalence_dummy,common_pool,500,500,31872,275,0.55,0.01668082008977314,0.55,0.0,0.44999999999999996,1.0633021958024993,ok
D5_full_complete,prevalence_dummy,common_pool,1000,1000,31872,434,0.434,0.026325366978041977,0.434,0.0,0.5660000000000001,0.8390420963241538,ok
D5_full_complete,prevalence_dummy,common_pool,5000,5000,31872,2526,0.5052,0.1532209147155162,0.5052,0.0,0.4948,0.9766913987625865,ok
D5_full_complete,prevalence_dummy,common_pool,10000,10000,31872,5113,0.5113,0.31014193861458206,0.5113,0.0,0.4887,0.988484386752396,ok
D5_full_complete,prevalence_dummy,source_union,100,0,0,0,,,,,,,not_evaluable_full_source_union_incomplete
D5_full_complete,prevalence_dummy,source_union,300,0,0,0,,,,,,,not_evaluable_full_source_union_incomplete
D5_full_complete,prevalence_dummy,source_union,500,0,0,0,,,,,,,not_evaluable_full_source_union_incomplete
D5_full_complete,prevalence_dummy,source_union,1000,0,0,0,,,,,,,not_evaluable_full_source_union_incomplete
D5_full_complete,prevalence_dummy,source_union,5000,0,0,0,,,,,,,not_evaluable_full_source_union_incomplete
D5_full_complete,prevalence_dummy,source_union,10000,0,0,0,,,,,,,not_evaluable_full_source_union_incomplete
D5_full_complete,prevalence_dummy,consensus,100,100,24614,41,0.41,0.004321703383577527,0.41,0.0,0.5900000000000001,1.0637440708337724,ok
D5_full_complete,prevalence_dummy,consensus,300,300,24614,129,0.43,0.013597554548329293,0.43,0.0,0.5700000000000001,1.1156340255085908,ok
D5_full_complete,prevalence_dummy,consensus,500,500,24614,198,0.396,0.020870665120691474,0.396,0.0,0.604,1.0274211025614,ok
D5_full_complete,prevalence_dummy,consensus,1000,1000,24614,311,0.311,0.03278170127542954,0.311,0.0,0.6890000000000001,0.8068887951934226,ok
D5_full_complete,prevalence_dummy,consensus,5000,5000,24614,1972,0.3944,0.2078633920101191,0.3944,0.0,0.6056,1.0232699061874144,ok
D5_full_complete,prevalence_dummy,consensus,10000,10000,24614,3360,0.336,0.3541688626541583,0.336,0.0,0.6639999999999999,0.8717512385369454,ok
D5_full_complete,prevalence_dummy,uncertain,100,100,36769,31,0.31,0.0025503907856849035,0.31,0.31,0.69,0.9377531879884821,uncertainty_indicator_not_primary_stability_metric
D5_full_complete,prevalence_dummy,uncertain,300,300,36769,81,0.27,0.006663924310983134,0.27,0.27,0.73,0.8167527766351296,uncertainty_indicator_not_primary_stability_metric
D5_full_complete,prevalence_dummy,uncertain,500,500,36769,141,0.282,0.011600164541341012,0.282,0.282,0.718,0.8530529000411352,uncertainty_indicator_not_primary_stability_metric
D5_full_complete,prevalence_dummy,uncertain,1000,1000,36769,257,0.257,0.021143562320032908,0.257,0.257,0.743,0.77742764294529,uncertainty_indicator_not_primary_stability_metric
D5_full_complete,prevalence_dummy,uncertain,5000,5000,36769,1356,0.2712,0.11155902920608803,0.2712,0.2712,0.7288,0.8203827889757301,uncertainty_indicator_not_primary_stability_metric
D5_full_complete,prevalence_dummy,uncertain,10000,10000,36769,3235,0.3235,0.26614561908679557,0.3235,0.3235,0.6765,0.9785908268202386,uncertainty_indicator_not_primary_stability_metric
D5_full_complete,prevalence_dummy,audit_view,100,100,36769,25,0.25,0.002635184989986297,0.25,0.31,0.75,0.9689311689680614,ok
D5_full_complete,prevalence_dummy,audit_view,300,300,36769,82,0.2733333333333333,0.008643406767155054,0.2733333333333333,0.27,0.7266666666666667,1.0593647447384138,ok
D5_full_complete,prevalence_dummy,audit_view,500,500,36769,161,0.322,0.016970591335511754,0.322,0.282,0.6779999999999999,1.247983345630863,ok
D5_full_complete,prevalence_dummy,audit_view,1000,1000,36769,310,0.31,0.032676293875830084,0.31,0.257,0.69,1.2014746495203963,ok
D5_full_complete,prevalence_dummy,audit_view,5000,5000,36769,1445,0.289,0.15231369242120796,0.289,0.2712,0.7110000000000001,1.120084431327079,ok
D5_full_complete,prevalence_dummy,audit_view,10000,10000,36769,2362,0.2362,0.24897227785390535,0.2362,0.3235,0.7638,0.9154461684410244,ok
D5_full_complete,random_baseline,mp_native,100,100,36769,40,0.4,0.002662052442433116,0.4,0.0,0.6,0.9788100625582324,ok
D5_full_complete,random_baseline,mp_native,300,300,36769,115,0.38333333333333336,0.0076534007719952085,0.38333333333333336,0.0,0.6166666666666667,0.9380263099516395,ok
D5_full_complete,random_baseline,mp_native,500,500,36769,191,0.382,0.012711300412618129,0.382,0.0,0.618,0.934763609743112,ok
D5_full_complete,random_baseline,mp_native,1000,1000,36769,386,0.386,0.02568880606947957,0.386,0.0,0.614,0.9445517103686943,ok
D5_full_complete,random_baseline,mp_native,5000,5000,36769,2019,0.4038,0.13436709703181152,0.4038,0.0,0.5962000000000001,0.9881087581525356,ok
D5_full_complete,random_baseline,mp_native,10000,10000,36769,4067,0.4067,0.2706641820843871,0.4067,0.0,0.5932999999999999,0.9952051311060828,ok
D5_full_complete,random_baseline,alexmp20_native,100,100,36769,37,0.37,0.002783629250677099,0.37,0.0,0.63,1.0235126391814626,ok
D5_full_complete,random_baseline,alexmp20_native,300,300,36769,102,0.34,0.00767378874510984,0.34,0.0,0.6599999999999999,0.9405251278964792,ok
D5_full_complete,random_baseline,alexmp20_native,500,500,36769,176,0.352,0.013241047246464039,0.352,0.0,0.648,0.9737201324104725,ok
D5_full_complete,random_baseline,alexmp20_native,1000,1000,36769,346,0.346,0.026030695154980438,0.346,0.0,0.654,0.9571226301534758,ok
D5_full_complete,random_baseline,alexmp20_native,5000,5000,36769,1819,0.3638,0.1368492326211255,0.3638,0.0,0.6362,1.0063618868492328,ok
D5_full_complete,random_baseline,alexmp20_native,10000,10000,36769,3608,0.3608,0.2714414685525128,0.3608,0.0,0.6392,0.9980631357207344,ok
D5_full_complete,random_baseline,alex_pbe_native,100,100,36769,36,0.36,0.0029588230459439467,0.36,0.0,0.64,1.0879296457631298,ok
D5_full_complete,random_baseline,alex_pbe_native,300,300,36769,96,0.32,0.007890194789183859,0.32,0.0,0.6799999999999999,0.967048574011671,ok
D5_full_complete,random_baseline,alex_pbe_native,500,500,36769,161,0.322,0.013232514177693762,0.322,0.0,0.6779999999999999,0.973092627599244,ok
D5_full_complete,random_baseline,alex_pbe_native,1000,1000,36769,315,0.315,0.025889701652009534,0.315,0.0,0.685,0.9519384400427386,ok
D5_full_complete,random_baseline,alex_pbe_native,5000,5000,36769,1634,0.3268,0.1342976904742336,0.3268,0.0,0.6732,0.9875983562094189,ok
D5_full_complete,random_baseline,alex_pbe_native,10000,10000,36769,3293,0.3293,0.2706501191748171,0.3293,0.0,0.6707000000000001,0.9951534231938851,ok
D5_full_complete,random_baseline,common_pool,100,100,31872,47,0.47,0.0028509037971612278,0.47,0.0,0.53,0.9086400582312265,ok
D5_full_complete,random_baseline,common_pool,300,300,31872,146,0.4866666666666667,0.00885599902947956,0.4866666666666667,0.0,0.5133333333333333,0.9408613368919084,ok
D5_full_complete,random_baseline,common_pool,500,500,31872,239,0.478,0.014497149096202838,0.478,0.0,0.522,0.9241062719883538,ok
D5_full_complete,random_baseline,common_pool,1000,1000,31872,490,0.49,0.029722188523595778,0.49,0.0,0.51,0.9473055926240447,ok
D5_full_complete,random_baseline,common_pool,5000,5000,31872,2568,0.5136,0.15576853087468154,0.5136,0.0,0.48640000000000005,0.99293092320757,ok
D5_full_complete,random_baseline,common_pool,10000,10000,31872,5136,0.5136,0.3115370617493631,0.5136,0.0,0.48640000000000005,0.99293092320757,ok
D5_full_complete,random_baseline,source_union,100,0,0,0,,,,,,,not_evaluable_full_source_union_incomplete
D5_full_complete,random_baseline,source_union,300,0,0,0,,,,,,,not_evaluable_full_source_union_incomplete
D5_full_complete,random_baseline,source_union,500,0,0,0,,,,,,,not_evaluable_full_source_union_incomplete
D5_full_complete,random_baseline,source_union,1000,0,0,0,,,,,,,not_evaluable_full_source_union_incomplete
D5_full_complete,random_baseline,source_union,5000,0,0,0,,,,,,,not_evaluable_full_source_union_incomplete
D5_full_complete,random_baseline,source_union,10000,0,0,0,,,,,,,not_evaluable_full_source_union_incomplete
D5_full_complete,random_baseline,consensus,100,100,24614,40,0.4,0.004216295983978075,0.4,0.0,0.6,1.0377990934963635,ok
D5_full_complete,random_baseline,consensus,300,300,24614,113,0.37666666666666665,0.011911036154738062,0.37666666666666665,0.0,0.6233333333333333,0.977260813042409,ok
D5_full_complete,random_baseline,consensus,500,500,24614,176,0.352,0.018551702329503532,0.352,0.0,0.648,0.9132632022767998,ok
D5_full_complete,random_baseline,consensus,1000,1000,24614,390,0.39,0.04110888584378623,0.39,0.0,0.61,1.0118541161589545,ok
D5_full_complete,random_baseline,consensus,5000,5000,24614,1930,0.386,0.20343628122694213,0.386,0.0,0.614,1.0014761252239908,ok
D5_full_complete,random_baseline,consensus,10000,10000,24614,3848,0.3848,0.4056076736586908,0.3848,0.0,0.6152,0.9983627279435017,ok
D5_full_complete,random_baseline,uncertain,100,100,36769,24,0.24,0.001974496092143151,0.24,0.24,0.76,0.7260024681201152,uncertainty_indicator_not_primary_stability_metric
D5_full_complete,random_baseline,uncertain,300,300,36769,92,0.30666666666666664,0.007568901686548745,0.30666666666666664,0.30666666666666664,0.6933333333333334,0.9276698203757026,uncertainty_indicator_not_primary_stability_metric
D5_full_complete,random_baseline,uncertain,500,500,36769,152,0.304,0.012505141916906623,0.304,0.304,0.696,0.9196031262854791,uncertainty_indicator_not_primary_stability_metric
D5_full_complete,random_baseline,uncertain,1000,1000,36769,312,0.312,0.025668449197860963,0.312,0.312,0.688,0.9438032085561496,uncertainty_indicator_not_primary_stability_metric
D5_full_complete,random_baseline,uncertain,5000,5000,36769,1617,0.3234,0.1330316742081448,0.3234,0.3234,0.6766,0.9782883257918552,uncertainty_indicator_not_primary_stability_metric
D5_full_complete,random_baseline,uncertain,10000,10000,36769,3269,0.3269,0.2689428218839984,0.3269,0.3269,0.6731,0.9888758617852735,uncertainty_indicator_not_primary_stability_metric
D5_full_complete,random_baseline,audit_view,100,100,36769,30,0.3,0.0031622219879835563,0.3,0.24,0.7,1.1627174027616738,ok
D5_full_complete,random_baseline,audit_view,300,300,36769,77,0.25666666666666665,0.008116369769157795,0.25666666666666665,0.30666666666666664,0.7433333333333334,0.9947693334738764,ok
D5_full_complete,random_baseline,audit_view,500,500,36769,131,0.262,0.013808369347528196,0.262,0.304,0.738,1.0154398650785286,ok
D5_full_complete,random_baseline,audit_view,1000,1000,36769,251,0.251,0.02645725729946242,0.251,0.312,0.749,0.9728068936439337,ok
D5_full_complete,random_baseline,audit_view,5000,5000,36769,1299,0.2598,0.136924212079688,0.2598,0.3234,0.7402,1.0069132707916093,ok
D5_full_complete,random_baseline,audit_view,10000,10000,36769,2588,0.2588,0.2727943501633815,0.2588,0.3269,0.7412000000000001,1.003037546115737,ok
D5_family_complete,ALIGNN-FF,mp_native,100,100,36802,52,0.52,0.0034588266595716377,0.52,0.0,0.48,1.2729173872555541,ok
D5_family_complete,ALIGNN-FF,mp_native,300,300,36802,125,0.4166666666666667,0.00831448716243182,0.4166666666666667,0.0,0.5833333333333333,1.0199658551727195,ok
D5_family_complete,ALIGNN-FF,mp_native,500,500,36802,202,0.404,0.013436211254489823,0.404,0.0,0.596,0.988958893175469,ok
D5_family_complete,ALIGNN-FF,mp_native,1000,1000,36802,404,0.404,0.026872422508979647,0.404,0.0,0.596,0.988958893175469,ok
D5_family_complete,ALIGNN-FF,mp_native,5000,5000,36802,1695,0.339,0.1127444459225755,0.339,0.0,0.661,0.8298442197685247,ok
D5_family_complete,ALIGNN-FF,mp_native,10000,10000,36802,3412,0.3412,0.22695224158573898,0.3412,0.0,0.6588,0.8352296394838367,ok
D5_family_complete,ALIGNN-FF,alexmp20_native,100,100,36802,35,0.35,0.002631578947368421,0.35,0.0,0.65,0.9684736842105263,ok
D5_family_complete,ALIGNN-FF,alexmp20_native,300,300,36802,79,0.2633333333333333,0.00593984962406015,0.2633333333333333,0.0,0.7366666666666667,0.7286611528822055,ok
D5_family_complete,ALIGNN-FF,alexmp20_native,500,500,36802,134,0.268,0.010075187969924812,0.268,0.0,0.732,0.7415741353383459,ok
D5_family_complete,ALIGNN-FF,alexmp20_native,1000,1000,36802,323,0.323,0.024285714285714285,0.323,0.0,0.677,0.8937628571428572,ok
D5_family_complete,ALIGNN-FF,alexmp20_native,5000,5000,36802,1483,0.2966,0.11150375939849624,0.2966,0.0,0.7034,0.8207122706766917,ok
D5_family_complete,ALIGNN-FF,alexmp20_native,10000,10000,36802,3052,0.3052,0.2294736842105263,0.3052,0.0,0.6948,0.844509052631579,ok
D5_family_complete,ALIGNN-FF,alex_pbe_native,100,100,36802,29,0.29,0.0023817345597897505,0.29,0.0,0.71,0.8765259526938238,ok
D5_family_complete,ALIGNN-FF,alex_pbe_native,300,300,36802,66,0.22,0.005420499342969776,0.22,0.0,0.78,0.6649507227332457,ok
D5_family_complete,ALIGNN-FF,alex_pbe_native,500,500,36802,119,0.238,0.009773324572930354,0.238,0.0,0.762,0.7193557818659658,ok
D5_family_complete,ALIGNN-FF,alex_pbe_native,1000,1000,36802,299,0.299,0.024556504599211562,0.299,0.0,0.7010000000000001,0.9037284822601839,ok
D5_family_complete,ALIGNN-FF,alex_pbe_native,5000,5000,36802,1447,0.2894,0.11884034165571616,0.2894,0.0,0.7106,0.8747124507227332,ok
D5_family_complete,ALIGNN-FF,alex_pbe_native,10000,10000,36802,2919,0.2919,0.23973390275952694,0.2919,0.0,0.7081,0.8822687089356109,ok
D5_family_complete,ALIGNN-FF,common_pool,100,100,31873,57,0.57,0.0034574790731529783,0.57,0.0,0.43000000000000005,1.1020023049860488,ok
D5_family_complete,ALIGNN-FF,common_pool,300,300,31873,145,0.48333333333333334,0.008795341501880383,0.48333333333333334,0.0,0.5166666666666666,0.9344463989647782,ok
D5_family_complete,ALIGNN-FF,common_pool,500,500,31873,240,0.48,0.014557806623802013,0.48,0.0,0.52,0.9280019410408832,ok
D5_family_complete,ALIGNN-FF,common_pool,1000,1000,31873,499,0.499,0.030268106271988355,0.499,0.0,0.501,0.9647353512070849,ok
D5_family_complete,ALIGNN-FF,common_pool,5000,5000,31873,2330,0.466,0.14133203930607788,0.466,0.0,0.534,0.9009352177605242,ok
D5_family_complete,ALIGNN-FF,common_pool,10000,10000,31873,4708,0.4708,0.28557563993691615,0.4708,0.0,0.5292,0.9102152371709329,ok
D5_family_complete,ALIGNN-FF,source_union,100,0,0,0,,,,,,,not_evaluable_full_source_union_incomplete
D5_family_complete,ALIGNN-FF,source_union,300,0,0,0,,,,,,,not_evaluable_full_source_union_incomplete
D5_family_complete,ALIGNN-FF,source_union,500,0,0,0,,,,,,,not_evaluable_full_source_union_incomplete
D5_family_complete,ALIGNN-FF,source_union,1000,0,0,0,,,,,,,not_evaluable_full_source_union_incomplete
D5_family_complete,ALIGNN-FF,source_union,5000,0,0,0,,,,,,,not_evaluable_full_source_union_incomplete
D5_family_complete,ALIGNN-FF,source_union,10000,0,0,0,,,,,,,not_evaluable_full_source_union_incomplete
D5_family_complete,ALIGNN-FF,consensus,100,100,24615,37,0.37,0.0039000737851797194,0.37,0.0,0.63,0.960003162221988,ok
D5_family_complete,ALIGNN-FF,consensus,300,300,24615,90,0.3,0.00948666596395067,0.3,0.0,0.7,0.7783809423421524,ok
D5_family_complete,ALIGNN-FF,consensus,500,500,24615,175,0.35,0.01844629492990408,0.35,0.0,0.65,0.9081110993991778,ok
D5_family_complete,ALIGNN-FF,consensus,1000,1000,24615,355,0.355,0.037419626857805414,0.355,0.0,0.645,0.9210841151048803,ok
D5_family_complete,ALIGNN-FF,consensus,5000,5000,24615,1630,0.326,0.17181406134710656,0.326,0.0,0.6739999999999999,0.8458406240118057,ok
D5_family_complete,ALIGNN-FF,consensus,10000,10000,24615,3300,0.33,0.3478444186781912,0.33,0.0,0.6699999999999999,0.8562190365763677,ok
D5_family_complete,ALIGNN-FF,uncertain,100,100,36802,38,0.38,0.0031180766390416018,0.38,0.38,0.62,1.1475145647000902,uncertainty_indicator_not_primary_stability_metric
D5_family_complete,ALIGNN-FF,uncertain,300,300,36802,109,0.36333333333333334,0.008943956675145647,0.36333333333333334,0.36333333333333334,0.6366666666666667,1.0971849785290337,uncertainty_indicator_not_primary_stability_metric
D5_family_complete,ALIGNN-FF,uncertain,500,500,36802,161,0.322,0.013210798391728892,0.322,0.322,0.6779999999999999,0.9723676048248133,uncertainty_indicator_not_primary_stability_metric
D5_family_complete,ALIGNN-FF,uncertain,1000,1000,36802,311,0.311,0.025518995651103635,0.311,0.311,0.6890000000000001,0.939150077951916,uncertainty_indicator_not_primary_stability_metric
D5_family_complete,ALIGNN-FF,uncertain,5000,5000,36802,1562,0.3124,0.128169360794289,0.3124,0.3124,0.6876,0.9433777631902848,uncertainty_indicator_not_primary_stability_metric
D5_family_complete,ALIGNN-FF,uncertain,10000,10000,36802,3075,0.3075,0.25231804381718226,0.3075,0.3075,0.6925,0.928580864855994,uncertainty_indicator_not_primary_stability_metric
D5_family_complete,ALIGNN-FF,audit_view,100,100,36802,25,0.25,0.002635184989986297,0.25,0.38,0.75,0.969800780014757,ok
D5_family_complete,ALIGNN-FF,audit_view,300,300,36802,56,0.18666666666666668,0.005902814377569305,0.18666666666666668,0.36333333333333334,0.8133333333333334,0.7241179157443519,ok
D5_family_complete,ALIGNN-FF,audit_view,500,500,36802,102,0.204,0.010751554759144091,0.204,0.322,0.796,0.7913574364920417,ok
D5_family_complete,ALIGNN-FF,audit_view,1000,1000,36802,245,0.245,0.02582481290186571,0.245,0.311,0.755,0.9504047644144619,ok
D5_family_complete,ALIGNN-FF,audit_view,5000,5000,36802,1132,0.2264,0.11932117634657953,0.2264,0.3124,0.7736000000000001,0.8782515863813639,ok
D5_family_complete,ALIGNN-FF,audit_view,10000,10000,36802,2273,0.2273,0.23959101928955412,0.2273,0.3075,0.7726999999999999,0.881742869189417,ok
D5_family_complete,CHGNet,mp_native,100,100,36801,62,0.62,0.004123985632566184,0.62,0.0,0.38,1.517667952640681,ok
D5_family_complete,CHGNet,mp_native,300,300,36801,162,0.54,0.01077557536251164,0.54,0.0,0.45999999999999996,1.321839829719303,ok
D5_family_complete,CHGNet,mp_native,500,500,36801,242,0.484,0.016096847146468005,0.484,0.0,0.516,1.184760143674338,ok
D5_family_complete,CHGNet,mp_native,1000,1000,36801,442,0.442,0.02940002660635892,0.442,0.0,0.558,1.0819503791406146,ok
D5_family_complete,CHGNet,mp_native,5000,5000,36801,1766,0.3532,0.11746707463083678,0.3532,0.0,0.6468,0.8645811626978848,ok
D5_family_complete,CHGNet,mp_native,10000,10000,36801,3404,0.3404,0.22642011440734336,0.3404,0.0,0.6596,0.8332486630304642,ok
D5_family_complete,CHGNet,alexmp20_native,100,100,36801,42,0.42,0.003157894736842105,0.42,0.0,0.5800000000000001,1.1621368421052631,ok
D5_family_complete,CHGNet,alexmp20_native,300,300,36801,117,0.39,0.008796992481203008,0.39,0.0,0.61,1.0791270676691729,ok
D5_family_complete,CHGNet,alexmp20_native,500,500,36801,184,0.368,0.013834586466165413,0.368,0.0,0.632,1.0182532330827068,ok
D5_family_complete,CHGNet,alexmp20_native,1000,1000,36801,359,0.359,0.02699248120300752,0.359,0.0,0.641,0.9933503007518796,ok
D5_family_complete,CHGNet,alexmp20_native,5000,5000,36801,1570,0.314,0.11804511278195488,0.314,0.0,0.6859999999999999,0.8688356390977443,ok
D5_family_complete,CHGNet,alexmp20_native,10000,10000,36801,3067,0.3067,0.2306015037593985,0.3067,0.0,0.6933,0.8486365939849623,ok
D5_family_complete,CHGNet,alex_pbe_native,100,100,36801,38,0.38,0.0031208935611038106,0.38,0.0,0.62,1.1485200394218134,ok
D5_family_complete,CHGNet,alex_pbe_native,300,300,36801,99,0.33,0.008130749014454665,0.33,0.0,0.6699999999999999,0.9973989816031538,ok
D5_family_complete,CHGNet,alex_pbe_native,500,500,36801,163,0.326,0.013386990801576872,0.326,0.0,0.6739999999999999,0.985309296977661,ok
D5_family_complete,CHGNet,alex_pbe_native,1000,1000,36801,321,0.321,0.026363337713534822,0.321,0.0,0.679,0.9701971911957951,ok
D5_family_complete,CHGNet,alex_pbe_native,5000,5000,36801,1466,0.2932,0.12040078843626807,0.2932,0.0,0.7068,0.8861738830486203,ok
D5_family_complete,CHGNet,alex_pbe_native,10000,10000,36801,2853,0.2853,0.23431340341655715,0.2853,0.0,0.7147,0.862296755913272,ok
D5_family_complete,CHGNet,common_pool,100,100,31872,72,0.72,0.004367341987140604,0.72,0.0,0.28,1.3919592381414534,ok
D5_family_complete,CHGNet,common_pool,300,300,31872,186,0.62,0.011282300133446561,0.62,0.0,0.38,1.1986315661773628,ok
D5_family_complete,CHGNet,common_pool,500,500,31872,289,0.578,0.01753002547616159,0.578,0.0,0.42200000000000004,1.1174339439524446,ok
D5_family_complete,CHGNet,common_pool,1000,1000,31872,540,0.54,0.03275506490355453,0.54,0.0,0.45999999999999996,1.04396942860609,ok
D5_family_complete,CHGNet,common_pool,5000,5000,31872,2390,0.478,0.14497149096202838,0.478,0.0,0.522,0.9241062719883538,ok
D5_family_complete,CHGNet,common_pool,10000,10000,31872,4654,0.4654,0.28230013344656074,0.4654,0.0,0.5346,0.8997469853208784,ok
D5_family_complete,CHGNet,source_union,100,0,0,0,,,,,,,not_evaluable_full_source_union_incomplete
D5_family_complete,CHGNet,source_union,300,0,0,0,,,,,,,not_evaluable_full_source_union_incomplete
D5_family_complete,CHGNet,source_union,500,0,0,0,,,,,,,not_evaluable_full_source_union_incomplete
D5_family_complete,CHGNet,source_union,1000,0,0,0,,,,,,,not_evaluable_full_source_union_incomplete
D5_family_complete,CHGNet,source_union,5000,0,0,0,,,,,,,not_evaluable_full_source_union_incomplete
D5_family_complete,CHGNet,source_union,10000,0,0,0,,,,,,,not_evaluable_full_source_union_incomplete
D5_family_complete,CHGNet,consensus,100,100,24614,54,0.54,0.005691999578370402,0.54,0.0,0.45999999999999996,1.4010287762200908,ok
D5_family_complete,CHGNet,consensus,300,300,24614,128,0.4266666666666667,0.01349214714872984,0.4266666666666667,0.0,0.5733333333333333,1.1069856997294545,ok
D5_family_complete,CHGNet,consensus,500,500,24614,207,0.414,0.02181933171708654,0.414,0.0,0.5860000000000001,1.0741220617687361,ok
D5_family_complete,CHGNet,consensus,1000,1000,24614,379,0.379,0.03994940444819226,0.379,0.0,0.621,0.9833146410878044,ok
D5_family_complete,CHGNet,consensus,5000,5000,24614,1635,0.327,0.17234109834510383,0.327,0.0,0.673,0.8484007589332772,ok
D5_family_complete,CHGNet,consensus,10000,10000,24614,3405,0.3405,0.35891219563613364,0.3405,0.0,0.6595,0.8834264783387795,ok
D5_family_complete,CHGNet,uncertain,100,100,36801,39,0.39,0.0032001312874374334,0.39,0.39,0.61,1.1776803150898498,uncertainty_indicator_not_primary_stability_metric
D5_family_complete,CHGNet,uncertain,300,300,36801,114,0.38,0.009354229917124805,0.38,0.38,0.62,1.1474833839336998,uncertainty_indicator_not_primary_stability_metric
D5_family_complete,CHGNet,uncertain,500,500,36801,186,0.372,0.015262164601624682,0.372,0.372,0.628,1.1233258390087797,uncertainty_indicator_not_primary_stability_metric
D5_family_complete,CHGNet,uncertain,1000,1000,36801,354,0.354,0.029047345532124395,0.354,0.354,0.646,1.0689713629277098,uncertainty_indicator_not_primary_stability_metric
D5_family_complete,CHGNet,uncertain,5000,5000,36801,1620,0.324,0.13292853040124722,0.324,0.324,0.6759999999999999,0.9783805694592599,uncertainty_indicator_not_primary_stability_metric
D5_family_complete,CHGNet,uncertain,10000,10000,36801,3086,0.3086,0.2532206449495364,0.3086,0.3086,0.6914,0.9318772954787888,uncertainty_indicator_not_primary_stability_metric
D5_family_complete,CHGNet,audit_view,100,100,36801,34,0.34,0.003583851586381364,0.34,0.39,0.6599999999999999,1.3188932223042058,ok
D5_family_complete,CHGNet,audit_view,300,300,36801,85,0.2833333333333333,0.00895962896595341,0.2833333333333333,0.38,0.7166666666666667,1.0990776852535047,ok
D5_family_complete,CHGNet,audit_view,500,500,36801,133,0.266,0.0140191841467271,0.266,0.372,0.734,1.0318399915674081,ok
D5_family_complete,CHGNet,audit_view,1000,1000,36801,261,0.261,0.02751133129545694,0.261,0.354,0.739,1.012444503004111,ok
D5_family_complete,CHGNet,audit_view,5000,5000,36801,1147,0.2294,0.1209022873405713,0.2294,0.324,0.7706,0.8898650152840729,ok
D5_family_complete,CHGNet,audit_view,10000,10000,36801,2232,0.2232,0.2352693159059766,0.2232,0.3086,0.7767999999999999,0.8658146094655845,ok
D5_family_complete,M3GNet,mp_native,100,100,36802,58,0.58,0.003857922043368365,0.58,0.0,0.42000000000000004,1.4197924704004257,ok
D5_family_complete,M3GNet,mp_native,300,300,36802,159,0.53,0.010576027670613277,0.53,0.0,0.47,1.2973965677796995,ok
D5_family_complete,M3GNet,mp_native,500,500,36802,250,0.5,0.01662897432486364,0.5,0.0,0.5,1.2239590262072635,ok
D5_family_complete,M3GNet,mp_native,1000,1000,36802,461,0.461,0.030663828655048558,0.461,0.0,0.5389999999999999,1.128490222163097,ok
D5_family_complete,M3GNet,mp_native,5000,5000,36802,1911,0.3822,0.1271118797392577,0.3822,0.0,0.6178,0.9355942796328321,ok
D5_family_complete,M3GNet,mp_native,10000,10000,36802,3661,0.3661,0.2435147000133032,0.3661,0.0,0.6339,0.8961827989889583,ok
D5_family_complete,M3GNet,alexmp20_native,100,100,36802,35,0.35,0.002631578947368421,0.35,0.0,0.65,0.9684736842105263,ok
D5_family_complete,M3GNet,alexmp20_native,300,300,36802,112,0.37333333333333335,0.008421052631578947,0.37333333333333335,0.0,0.6266666666666667,1.033038596491228,ok
D5_family_complete,M3GNet,alexmp20_native,500,500,36802,189,0.378,0.014210526315789474,0.378,0.0,0.622,1.0459515789473686,ok
D5_family_complete,M3GNet,alexmp20_native,1000,1000,36802,373,0.373,0.028045112781954887,0.373,0.0,0.627,1.0321162406015039,ok
D5_family_complete,M3GNet,alexmp20_native,5000,5000,36802,1692,0.3384,0.12721804511278195,0.3384,0.0,0.6616,0.9363756992481203,ok
D5_family_complete,M3GNet,alexmp20_native,10000,10000,36802,3297,0.3297,0.24789473684210525,0.3297,0.0,0.6703,0.9123022105263158,ok
D5_family_complete,M3GNet,alex_pbe_native,100,100,36802,33,0.33,0.002710249671484888,0.33,0.0,0.6699999999999999,0.9974260840998687,ok
D5_family_complete,M3GNet,alex_pbe_native,300,300,36802,99,0.33,0.008130749014454665,0.33,0.0,0.6699999999999999,0.9974260840998687,ok
D5_family_complete,M3GNet,alex_pbe_native,500,500,36802,169,0.338,0.01387976346911958,0.338,0.0,0.6619999999999999,1.0216061103810776,ok
D5_family_complete,M3GNet,alex_pbe_native,1000,1000,36802,338,0.338,0.02775952693823916,0.338,0.0,0.6619999999999999,1.0216061103810776,ok
D5_family_complete,M3GNet,alex_pbe_native,5000,5000,36802,1557,0.3114,0.12787450722733246,0.3114,0.0,0.6886,0.9412075229960578,ok
D5_family_complete,M3GNet,alex_pbe_native,10000,10000,36802,3032,0.3032,0.2490144546649146,0.3032,0.0,0.6968,0.9164229960578187,ok
D5_family_complete,M3GNet,common_pool,100,100,31873,68,0.68,0.004124711876743904,0.68,0.0,0.31999999999999995,1.3146694164745847,ok
D5_family_complete,M3GNet,common_pool,300,300,31873,185,0.6166666666666667,0.011221642605847385,0.6166666666666667,0.0,0.3833333333333333,1.1922247159205792,ok
D5_family_complete,M3GNet,common_pool,500,500,31873,299,0.598,0.018136600752153342,0.598,0.0,0.402,1.156135751546767,ok
D5_family_complete,M3GNet,common_pool,1000,1000,31873,553,0.553,0.03354361276234381,0.553,0.0,0.44699999999999995,1.0691355695741842,ok
D5_family_complete,M3GNet,common_pool,5000,5000,31873,2520,0.504,0.15285696954992115,0.504,0.0,0.496,0.9744020380929274,ok
D5_family_complete,M3GNet,common_pool,10000,10000,31873,4842,0.4842,0.29370374863520565,0.4842,0.0,0.5158,0.936121958024991,ok
D5_family_complete,M3GNet,source_union,100,0,0,0,,,,,,,not_evaluable_full_source_union_incomplete
D5_family_complete,M3GNet,source_union,300,0,0,0,,,,,,,not_evaluable_full_source_union_incomplete
D5_family_complete,M3GNet,source_union,500,0,0,0,,,,,,,not_evaluable_full_source_union_incomplete
D5_family_complete,M3GNet,source_union,1000,0,0,0,,,,,,,not_evaluable_full_source_union_incomplete
D5_family_complete,M3GNet,source_union,5000,0,0,0,,,,,,,not_evaluable_full_source_union_incomplete
D5_family_complete,M3GNet,source_union,10000,0,0,0,,,,,,,not_evaluable_full_source_union_incomplete
D5_family_complete,M3GNet,consensus,100,100,24615,50,0.5,0.005270369979972594,0.5,0.0,0.5,1.297301570570254,ok
D5_family_complete,M3GNet,consensus,300,300,24615,135,0.45,0.014229998945926005,0.45,0.0,0.55,1.1675714135132287,ok
D5_family_complete,M3GNet,consensus,500,500,24615,212,0.424,0.0223463687150838,0.424,0.0,0.5760000000000001,1.1001117318435754,ok
D5_family_complete,M3GNet,consensus,1000,1000,24615,413,0.413,0.04353325603457363,0.413,0.0,0.587,1.0715710972910297,ok
D5_family_complete,M3GNet,consensus,5000,5000,24615,1799,0.3598,0.18962791187941394,0.3598,0.0,0.6402,0.9335382101823548,ok
D5_family_complete,M3GNet,consensus,10000,10000,24615,3552,0.3552,0.3744070833772531,0.3552,0.0,0.6448,0.9216030357331085,ok
D5_family_complete,M3GNet,uncertain,100,100,36802,39,0.39,0.0032001312874374334,0.39,0.39,0.61,1.1777123164027241,uncertainty_indicator_not_primary_stability_metric
D5_family_complete,M3GNet,uncertain,300,300,36802,113,0.37666666666666665,0.009272175268728974,0.37666666666666665,0.37666666666666665,0.6233333333333333,1.137448647465879,uncertainty_indicator_not_primary_stability_metric
D5_family_complete,M3GNet,uncertain,500,500,36802,176,0.352,0.014441618117666366,0.352,0.352,0.648,1.0629608599327152,uncertainty_indicator_not_primary_stability_metric
D5_family_complete,M3GNet,uncertain,1000,1000,36802,342,0.342,0.028062689751374416,0.342,0.342,0.6579999999999999,1.0327631082300812,uncertainty_indicator_not_primary_stability_metric
D5_family_complete,M3GNet,uncertain,5000,5000,36802,1643,0.3286,0.13481578731435137,0.3286,0.3286,0.6714,0.9922981209485517,uncertainty_indicator_not_primary_stability_metric
D5_family_complete,M3GNet,uncertain,10000,10000,36802,3134,0.3134,0.2571592680725363,0.3134,0.3134,0.6866,0.9463975383605481,uncertainty_indicator_not_primary_stability_metric
D5_family_complete,M3GNet,audit_view,100,100,36802,31,0.31,0.0032676293875830084,0.31,0.39,0.69,1.2025529672182986,ok
D5_family_complete,M3GNet,audit_view,300,300,36802,86,0.2866666666666667,0.009065036365552863,0.2866666666666667,0.37666666666666665,0.7133333333333334,1.1120382277502547,ok
D5_family_complete,M3GNet,audit_view,500,500,36802,146,0.292,0.015389480341519974,0.292,0.352,0.708,1.132727311057236,ok
D5_family_complete,M3GNet,audit_view,1000,1000,36802,279,0.279,0.029408664488247076,0.279,0.342,0.721,1.0822976704964689,ok
D5_family_complete,M3GNet,audit_view,5000,5000,36802,1245,0.249,0.13123221250131759,0.249,0.3286,0.751,0.9659215768946979,ok
D5_family_complete,M3GNet,audit_view,10000,10000,36802,2398,0.2398,0.2527669442394856,0.2398,0.3134,0.7602,0.9302329081901549,ok
D5_family_complete,MACE-MP,mp_native,100,100,36802,61,0.61,0.004057469735266729,0.61,0.0,0.39,1.4932300119728614,ok
D5_family_complete,MACE-MP,mp_native,300,300,36802,168,0.56,0.011174670746308367,0.56,0.0,0.43999999999999995,1.3708341093521352,ok
D5_family_complete,MACE-MP,mp_native,500,500,36802,265,0.53,0.017626712784355462,0.53,0.0,0.47,1.2973965677796995,ok
D5_family_complete,MACE-MP,mp_native,1000,1000,36802,465,0.465,0.030929892244246374,0.465,0.0,0.5349999999999999,1.138281894372755,ok
D5_family_complete,MACE-MP,mp_native,5000,5000,36802,2044,0.4088,0.13595849408008515,0.4088,0.0,0.5912,1.0007088998270586,ok
D5_family_complete,MACE-MP,mp_native,10000,10000,36802,3818,0.3818,0.25395769588931755,0.3818,0.0,0.6182000000000001,0.9346151124118663,ok
D5_family_complete,MACE-MP,alexmp20_native,100,100,36802,42,0.42,0.003157894736842105,0.42,0.0,0.5800000000000001,1.1621684210526315,ok
D5_family_complete,MACE-MP,alexmp20_native,300,300,36802,124,0.41333333333333333,0.009323308270676692,0.41333333333333333,0.0,0.5866666666666667,1.1437213032581455,ok
D5_family_complete,MACE-MP,alexmp20_native,500,500,36802,205,0.41,0.015413533834586466,0.41,0.0,0.5900000000000001,1.1344977443609023,ok
D5_family_complete,MACE-MP,alexmp20_native,1000,1000,36802,385,0.385,0.02894736842105263,0.385,0.0,0.615,1.065321052631579,ok
D5_family_complete,MACE-MP,alexmp20_native,5000,5000,36802,1806,0.3612,0.13578947368421052,0.3612,0.0,0.6388,0.9994648421052633,ok
D5_family_complete,MACE-MP,alexmp20_native,10000,10000,36802,3436,0.3436,0.25834586466165416,0.3436,0.0,0.6564,0.9507644511278196,ok
D5_family_complete,MACE-MP,alex_pbe_native,100,100,36802,37,0.37,0.0030387647831800263,0.37,0.0,0.63,1.1183262155059133,ok
D5_family_complete,MACE-MP,alex_pbe_native,300,300,36802,106,0.35333333333333333,0.008705650459921156,0.35333333333333333,0.0,0.6466666666666667,1.0679511607533947,ok
D5_family_complete,MACE-MP,alex_pbe_native,500,500,36802,177,0.354,0.014536793692509856,0.354,0.0,0.646,1.0699661629434953,ok
D5_family_complete,MACE-MP,alex_pbe_native,1000,1000,36802,337,0.337,0.027677398160315374,0.337,0.0,0.663,1.0185836070959264,ok
D5_family_complete,MACE-MP,alex_pbe_native,5000,5000,36802,1653,0.3306,0.13575886990801578,0.3306,0.0,0.6694,0.9992395860709592,ok
D5_family_complete,MACE-MP,alex_pbe_native,10000,10000,36802,3164,0.3164,0.25985545335085414,0.3164,0.0,0.6836,0.9563200394218134,ok
D5_family_complete,MACE-MP,common_pool,100,100,31873,71,0.71,0.004306684459541429,0.71,0.0,0.29000000000000004,1.3726695377896396,ok
D5_family_complete,MACE-MP,common_pool,300,300,31873,191,0.6366666666666667,0.011585587771442436,0.6366666666666667,0.0,0.3633333333333333,1.2308914634639494,ok
D5_family_complete,MACE-MP,common_pool,500,500,31873,308,0.616,0.01868251850054592,0.616,0.0,0.384,1.1909358243358001,ok
D5_family_complete,MACE-MP,common_pool,1000,1000,31873,565,0.565,0.034271503093533905,0.565,0.0,0.43500000000000005,1.0923356181002062,ok
D5_family_complete,MACE-MP,common_pool,5000,5000,31873,2631,0.5262,0.15958995511342958,0.5262,0.0,0.4738,1.0173221278660682,ok
D5_family_complete,MACE-MP,common_pool,10000,10000,31873,5006,0.5006,0.30365158316147034,0.5006,0.0,0.49939999999999996,0.9678286910105546,ok
D5_family_complete,MACE-MP,source_union,100,0,0,0,,,,,,,not_evaluable_full_source_union_incomplete
D5_family_complete,MACE-MP,source_union,300,0,0,0,,,,,,,not_evaluable_full_source_union_incomplete
D5_family_complete,MACE-MP,source_union,500,0,0,0,,,,,,,not_evaluable_full_source_union_incomplete
D5_family_complete,MACE-MP,source_union,1000,0,0,0,,,,,,,not_evaluable_full_source_union_incomplete
D5_family_complete,MACE-MP,source_union,5000,0,0,0,,,,,,,not_evaluable_full_source_union_incomplete
D5_family_complete,MACE-MP,source_union,10000,0,0,0,,,,,,,not_evaluable_full_source_union_incomplete
D5_family_complete,MACE-MP,consensus,100,100,24615,57,0.57,0.0060082217771687575,0.57,0.0,0.43000000000000005,1.4789237904500896,ok
D5_family_complete,MACE-MP,consensus,300,300,24615,142,0.47333333333333333,0.014967850743122168,0.47333333333333333,0.0,0.5266666666666666,1.2281121534731738,ok
D5_family_complete,MACE-MP,consensus,500,500,24615,221,0.442,0.023295035311478866,0.442,0.0,0.558,1.1468145883841045,ok
D5_family_complete,MACE-MP,consensus,1000,1000,24615,410,0.41,0.04321703383577527,0.41,0.0,0.5900000000000001,1.0637872878676082,ok
D5_family_complete,MACE-MP,consensus,5000,5000,24615,1911,0.3822,0.20143354063455254,0.3822,0.0,0.6178,0.9916573205439021,ok
D5_family_complete,MACE-MP,consensus,10000,10000,24615,3629,0.3629,0.3825234531464109,0.3629,0.0,0.6371,0.9415814799198904,ok
D5_family_complete,MACE-MP,uncertain,100,100,36802,39,0.39,0.0032001312874374334,0.39,0.39,0.61,1.1777123164027241,uncertainty_indicator_not_primary_stability_metric
D5_family_complete,MACE-MP,uncertain,300,300,36802,118,0.3933333333333333,0.009682448510708132,0.3933333333333333,0.3933333333333333,0.6066666666666667,1.1877782336369354,uncertainty_indicator_not_primary_stability_metric
D5_family_complete,MACE-MP,uncertain,500,500,36802,178,0.356,0.01460572741445803,0.356,0.356,0.644,1.0750399606137686,uncertainty_indicator_not_primary_stability_metric
D5_family_complete,MACE-MP,uncertain,1000,1000,36802,354,0.354,0.029047345532124395,0.354,0.354,0.646,1.0690004102732418,uncertainty_indicator_not_primary_stability_metric
D5_family_complete,MACE-MP,uncertain,5000,5000,36802,1609,0.3218,0.1320259292688931,0.3218,0.3218,0.6782,0.9717636497907606,uncertainty_indicator_not_primary_stability_metric
D5_family_complete,MACE-MP,uncertain,10000,10000,36802,3198,0.3198,0.26241076556986953,0.3198,0.3198,0.6802,0.9657240994502337,uncertainty_indicator_not_primary_stability_metric
D5_family_complete,MACE-MP,audit_view,100,100,36802,34,0.34,0.003583851586381364,0.34,0.39,0.6599999999999999,1.3189290608200697,ok
D5_family_complete,MACE-MP,audit_view,300,300,36802,91,0.30333333333333334,0.009592073363550122,0.30333333333333334,0.3933333333333333,0.6966666666666667,1.176691613084572,ok
D5_family_complete,MACE-MP,audit_view,500,500,36802,152,0.304,0.016021924739116684,0.304,0.356,0.696,1.1792777484979444,ok
D5_family_complete,MACE-MP,audit_view,1000,1000,36802,277,0.277,0.02919784968904817,0.277,0.354,0.723,1.074539264256351,ok
D5_family_complete,MACE-MP,audit_view,5000,5000,36802,1344,0.2688,0.14166754506166332,0.2688,0.3218,0.7312000000000001,1.0427297986718667,ok
D5_family_complete,MACE-MP,audit_view,10000,10000,36802,2517,0.2517,0.2653104247918204,0.2517,0.3198,0.7483,0.9763954253188573,ok
D5_family_complete,MP_common_pool_public_hull_rank,mp_native,100,100,36770,55,0.55,0.0036603221083455345,0.55,0.0,0.44999999999999996,1.345900439238653,ok
D5_family_complete,MP_common_pool_public_hull_rank,mp_native,300,300,36770,197,0.6566666666666666,0.013110608278983096,0.6566666666666666,0.0,0.3433333333333334,1.6069235547273615,ok
D5_family_complete,MP_common_pool_public_hull_rank,mp_native,500,500,36770,344,0.688,0.022893651004924798,0.688,0.0,0.31200000000000006,1.6835990949021695,ok
D5_family_complete,MP_common_pool_public_hull_rank,mp_native,1000,1000,36770,736,0.736,0.048981764940769335,0.736,0.0,0.264,1.8010594968720883,ok
D5_family_complete,MP_common_pool_public_hull_rank,mp_native,5000,5000,36770,3816,0.7632,0.25395980300811927,0.7632,0.0,0.2368,1.867620391321709,ok
D5_family_complete,MP_common_pool_public_hull_rank,mp_native,10000,10000,36770,7444,0.7444,0.4954079595368029,0.7444,0.0,0.25560000000000005,1.821615067216824,ok
D5_family_complete,MP_common_pool_public_hull_rank,alexmp20_native,100,100,36770,46,0.46,0.0034607282575985555,0.46,0.0,0.54,1.2725097803189889,ok
D5_family_complete,MP_common_pool_public_hull_rank,alexmp20_native,300,300,36770,169,0.5633333333333334,0.012714414685525128,0.5633333333333334,0.0,0.43666666666666665,1.55836342662253,ok
D5_family_complete,MP_common_pool_public_hull_rank,alexmp20_native,500,500,36770,283,0.566,0.021291002106530243,0.566,0.0,0.43400000000000005,1.5657402949142338,ok
D5_family_complete,MP_common_pool_public_hull_rank,alexmp20_native,1000,1000,36770,624,0.624,0.046945531146554316,0.624,0.0,0.376,1.7261871802588022,ok
D5_family_complete,MP_common_pool_public_hull_rank,alexmp20_native,5000,5000,36770,3231,0.6462,0.2430785434848029,0.6462,0.0,0.3538,1.7875996087872403,ok
D5_family_complete,MP_common_pool_public_hull_rank,alexmp20_native,10000,10000,36770,6418,0.6418,0.48284682515798977,0.6418,0.0,0.35819999999999996,1.7754277761059285,ok
D5_family_complete,MP_common_pool_public_hull_rank,alex_pbe_native,100,100,36770,40,0.4,0.0032875811621599408,0.4,0.0,0.6,1.2088435933262103,ok
D5_family_complete,MP_common_pool_public_hull_rank,alex_pbe_native,300,300,36770,153,0.51,0.012574997945261774,0.51,0.0,0.49,1.541275581490918,ok
D5_family_complete,MP_common_pool_public_hull_rank,alex_pbe_native,500,500,36770,253,0.506,0.020793950850661626,0.506,0.0,0.494,1.529187145557656,ok
D5_family_complete,MP_common_pool_public_hull_rank,alex_pbe_native,1000,1000,36770,557,0.557,0.04577956768307718,0.557,0.0,0.44299999999999995,1.683314703706748,ok
D5_family_complete,MP_common_pool_public_hull_rank,alex_pbe_native,5000,5000,36770,2861,0.5722,0.23514424262348976,0.5722,0.0,0.42779999999999996,1.729250760253144,ok
D5_family_complete,MP_common_pool_public_hull_rank,alex_pbe_native,10000,10000,36770,5619,0.5619,0.46182296375441767,0.5619,0.0,0.43810000000000004,1.6981230377249936,ok
D5_family_complete,MP_common_pool_public_hull_rank,common_pool,100,100,31873,100,1.0,0.006065752759917505,1.0,0.0,0.0,1.9333373771685067,ok
D5_family_complete,MP_common_pool_public_hull_rank,common_pool,300,300,31873,300,1.0,0.018197258279752517,1.0,0.0,0.0,1.9333373771685067,ok
D5_family_complete,MP_common_pool_public_hull_rank,common_pool,500,500,31873,500,1.0,0.03032876379958753,1.0,0.0,0.0,1.9333373771685067,ok
D5_family_complete,MP_common_pool_public_hull_rank,common_pool,1000,1000,31873,1000,1.0,0.06065752759917506,1.0,0.0,0.0,1.9333373771685067,ok
D5_family_complete,MP_common_pool_public_hull_rank,common_pool,5000,5000,31873,5000,1.0,0.30328763799587527,1.0,0.0,0.0,1.9333373771685067,ok
D5_family_complete,MP_common_pool_public_hull_rank,common_pool,10000,10000,31873,10000,1.0,0.6065752759917505,1.0,0.0,0.0,1.9333373771685067,ok
D5_family_complete,MP_common_pool_public_hull_rank,source_union,100,0,0,0,,,,,,,not_evaluable_full_source_union_incomplete
D5_family_complete,MP_common_pool_public_hull_rank,source_union,300,0,0,0,,,,,,,not_evaluable_full_source_union_incomplete
D5_family_complete,MP_common_pool_public_hull_rank,source_union,500,0,0,0,,,,,,,not_evaluable_full_source_union_incomplete
D5_family_complete,MP_common_pool_public_hull_rank,source_union,1000,0,0,0,,,,,,,not_evaluable_full_source_union_incomplete
D5_family_complete,MP_common_pool_public_hull_rank,source_union,5000,0,0,0,,,,,,,not_evaluable_full_source_union_incomplete
D5_family_complete,MP_common_pool_public_hull_rank,source_union,10000,0,0,0,,,,,,,not_evaluable_full_source_union_incomplete
D5_family_complete,MP_common_pool_public_hull_rank,consensus,100,100,24615,100,1.0,0.010540739959945188,1.0,0.0,0.0,2.594603141140508,ok
D5_family_complete,MP_common_pool_public_hull_rank,consensus,300,300,24615,300,1.0,0.031622219879835566,1.0,0.0,0.0,2.594603141140508,ok
D5_family_complete,MP_common_pool_public_hull_rank,consensus,500,500,24615,500,1.0,0.05270369979972594,1.0,0.0,0.0,2.594603141140508,ok
D5_family_complete,MP_common_pool_public_hull_rank,consensus,1000,1000,24615,1000,1.0,0.10540739959945188,1.0,0.0,0.0,2.594603141140508,ok
D5_family_complete,MP_common_pool_public_hull_rank,consensus,5000,5000,24615,5000,1.0,0.5270369979972594,1.0,0.0,0.0,2.594603141140508,ok
D5_family_complete,MP_common_pool_public_hull_rank,consensus,10000,10000,24615,9487,0.9487,1.0,0.9487,0.0,0.05130000000000001,2.4615,ok
D5_family_complete,MP_common_pool_public_hull_rank,uncertain,100,100,36770,69,0.69,0.005676676264911559,0.69,0.69,0.31000000000000005,2.08731386260798,uncertainty_indicator_not_primary_stability_metric
D5_family_complete,MP_common_pool_public_hull_rank,uncertain,300,300,36770,169,0.5633333333333334,0.013903743315508022,0.5633333333333334,0.5633333333333334,0.43666666666666665,1.7041354723707667,uncertainty_indicator_not_primary_stability_metric
D5_family_complete,MP_common_pool_public_hull_rank,uncertain,500,500,36770,285,0.57,0.023447141094199916,0.57,0.57,0.43000000000000005,1.7243027560674618,uncertainty_indicator_not_primary_stability_metric
D5_family_complete,MP_common_pool_public_hull_rank,uncertain,1000,1000,36770,507,0.507,0.04171122994652406,0.507,0.507,0.493,1.53372192513369,uncertainty_indicator_not_primary_stability_metric
D5_family_complete,MP_common_pool_public_hull_rank,uncertain,5000,5000,36770,2377,0.4754,0.1955573837926779,0.4754,0.4754,0.5246,1.4381290004113534,uncertainty_indicator_not_primary_stability_metric
D5_family_complete,MP_common_pool_public_hull_rank,uncertain,10000,10000,36770,4888,0.4888,0.4021390374331551,0.4888,0.4888,0.5112,1.4786652406417113,uncertainty_indicator_not_primary_stability_metric
D5_family_complete,MP_common_pool_public_hull_rank,audit_view,100,100,36770,31,0.31,0.0032676293875830084,0.31,0.69,0.69,1.201507325814272,ok
D5_family_complete,MP_common_pool_public_hull_rank,audit_view,300,300,36770,131,0.43666666666666665,0.013808369347528196,0.43666666666666665,0.5633333333333334,0.5633333333333334,1.692445803028706,ok
D5_family_complete,MP_common_pool_public_hull_rank,audit_view,500,500,36770,215,0.43,0.022662590913882154,0.43,0.57,0.5700000000000001,1.6666069358068936,ok
D5_family_complete,MP_common_pool_public_hull_rank,audit_view,1000,1000,36770,493,0.493,0.05196584800252978,0.493,0.507,0.507,1.9107842310530199,ok
D5_family_complete,MP_common_pool_public_hull_rank,audit_view,5000,5000,36770,2623,0.5246,0.27648360914936226,0.5246,0.4754,0.47540000000000004,2.03326046168441,ok
D5_family_complete,MP_common_pool_public_hull_rank,audit_view,10000,10000,36770,5112,0.5112,0.538842626752398,0.5112,0.4888,0.4888,1.9813243385685675,ok
D5_family_complete,MP_source_native_public_hull_rank,mp_native,100,100,36802,100,1.0,0.006651589729945457,1.0,0.0,0.0,2.447918052414527,ok
D5_family_complete,MP_source_native_public_hull_rank,mp_native,300,300,36802,300,1.0,0.01995476918983637,1.0,0.0,0.0,2.447918052414527,ok
D5_family_complete,MP_source_native_public_hull_rank,mp_native,500,500,36802,500,1.0,0.03325794864972728,1.0,0.0,0.0,2.447918052414527,ok
D5_family_complete,MP_source_native_public_hull_rank,mp_native,1000,1000,36802,1000,1.0,0.06651589729945456,1.0,0.0,0.0,2.447918052414527,ok
D5_family_complete,MP_source_native_public_hull_rank,mp_native,5000,5000,36802,5000,1.0,0.33257948649727287,1.0,0.0,0.0,2.447918052414527,ok
D5_family_complete,MP_source_native_public_hull_rank,mp_native,10000,10000,36802,10000,1.0,0.6651589729945457,1.0,0.0,0.0,2.447918052414527,ok
D5_family_complete,MP_source_native_public_hull_rank,alexmp20_native,100,100,36802,86,0.86,0.006466165413533834,0.86,0.0,0.14,2.379678195488722,ok
D5_family_complete,MP_source_native_public_hull_rank,alexmp20_native,300,300,36802,258,0.86,0.019398496240601505,0.86,0.0,0.14,2.379678195488722,ok
D5_family_complete,MP_source_native_public_hull_rank,alexmp20_native,500,500,36802,428,0.856,0.032180451127819545,0.856,0.0,0.14400000000000002,2.3686099248120303,ok
D5_family_complete,MP_source_native_public_hull_rank,alexmp20_native,1000,1000,36802,864,0.864,0.0649624060150376,0.864,0.0,0.136,2.3907464661654134,ok
D5_family_complete,MP_source_native_public_hull_rank,alexmp20_native,5000,5000,36802,4033,0.8066,0.3032330827067669,0.8066,0.0,0.19340000000000002,2.231916781954887,ok
D5_family_complete,MP_source_native_public_hull_rank,alexmp20_native,10000,10000,36802,8082,0.8082,0.6076691729323308,0.8082,0.0,0.19179999999999997,2.2363440902255642,ok
D5_family_complete,MP_source_native_public_hull_rank,alex_pbe_native,100,100,36802,73,0.73,0.005995400788436268,0.73,0.0,0.27,2.206427398160315,ok
D5_family_complete,MP_source_native_public_hull_rank,alex_pbe_native,300,300,36802,235,0.7833333333333333,0.019300262812089356,0.7833333333333333,0.0,0.21666666666666667,2.3676275733683747,ok
D5_family_complete,MP_source_native_public_hull_rank,alex_pbe_native,500,500,36802,386,0.772,0.03170170827858081,0.772,0.0,0.22799999999999998,2.3333725361366624,ok
D5_family_complete,MP_source_native_public_hull_rank,alex_pbe_native,1000,1000,36802,779,0.779,0.06397831800262813,0.779,0.0,0.22099999999999997,2.35453005913272,ok
D5_family_complete,MP_source_native_public_hull_rank,alex_pbe_native,5000,5000,36802,3614,0.7228,0.29681340341655715,0.7228,0.0,0.2772,2.1846653745072273,ok
D5_family_complete,MP_source_native_public_hull_rank,alex_pbe_native,10000,10000,36802,7186,0.7186,0.5901773981603153,0.7186,0.0,0.2814,2.1719708607095924,ok
D5_family_complete,MP_source_native_public_hull_rank,common_pool,100,100,31873,100,1.0,0.006065752759917505,1.0,0.0,0.0,1.9333373771685067,ok
D5_family_complete,MP_source_native_public_hull_rank,common_pool,300,300,31873,296,0.9866666666666667,0.017954628169355818,0.9866666666666667,0.0,0.013333333333333308,1.9075595454729266,ok
D5_family_complete,MP_source_native_public_hull_rank,common_pool,500,500,31873,488,0.976,0.029600873468397428,0.976,0.0,0.02400000000000002,1.8869372801164626,ok
D5_family_complete,MP_source_native_public_hull_rank,common_pool,1000,1000,31873,987,0.987,0.05986897974038578,0.987,0.0,0.013000000000000012,1.9082039912653161,ok
D5_family_complete,MP_source_native_public_hull_rank,common_pool,5000,5000,31873,4950,0.99,0.3002547616159165,0.99,0.0,0.010000000000000009,1.9140040033968215,ok
D5_family_complete,MP_source_native_public_hull_rank,common_pool,10000,10000,31873,9925,0.9925,0.6020259614218124,0.9925,0.0,0.007499999999999951,1.918837346839743,ok
D5_family_complete,MP_source_native_public_hull_rank,source_union,100,0,0,0,,,,,,,not_evaluable_full_source_union_incomplete
D5_family_complete,MP_source_native_public_hull_rank,source_union,300,0,0,0,,,,,,,not_evaluable_full_source_union_incomplete
D5_family_complete,MP_source_native_public_hull_rank,source_union,500,0,0,0,,,,,,,not_evaluable_full_source_union_incomplete
D5_family_complete,MP_source_native_public_hull_rank,source_union,1000,0,0,0,,,,,,,not_evaluable_full_source_union_incomplete
D5_family_complete,MP_source_native_public_hull_rank,source_union,5000,0,0,0,,,,,,,not_evaluable_full_source_union_incomplete
D5_family_complete,MP_source_native_public_hull_rank,source_union,10000,0,0,0,,,,,,,not_evaluable_full_source_union_incomplete
D5_family_complete,MP_source_native_public_hull_rank,consensus,100,100,24615,100,1.0,0.010540739959945188,1.0,0.0,0.0,2.594603141140508,ok
D5_family_complete,MP_source_native_public_hull_rank,consensus,300,300,24615,300,1.0,0.031622219879835566,1.0,0.0,0.0,2.594603141140508,ok
D5_family_complete,MP_source_native_public_hull_rank,consensus,500,500,24615,500,1.0,0.05270369979972594,1.0,0.0,0.0,2.594603141140508,ok
D5_family_complete,MP_source_native_public_hull_rank,consensus,1000,1000,24615,1000,1.0,0.10540739959945188,1.0,0.0,0.0,2.594603141140508,ok
D5_family_complete,MP_source_native_public_hull_rank,consensus,5000,5000,24615,5000,1.0,0.5270369979972594,1.0,0.0,0.0,2.594603141140508,ok
D5_family_complete,MP_source_native_public_hull_rank,consensus,10000,10000,24615,9487,0.9487,1.0,0.9487,0.0,0.05130000000000001,2.4615,ok
D5_family_complete,MP_source_native_public_hull_rank,uncertain,100,100,36802,32,0.32,0.002625748748666612,0.32,0.32,0.6799999999999999,0.9663280544842865,uncertainty_indicator_not_primary_stability_metric
D5_family_complete,MP_source_native_public_hull_rank,uncertain,300,300,36802,95,0.31666666666666665,0.007795191597604004,0.31666666666666665,0.31666666666666665,0.6833333333333333,0.9562621372500751,uncertainty_indicator_not_primary_stability_metric
D5_family_complete,MP_source_native_public_hull_rank,uncertain,500,500,36802,161,0.322,0.013210798391728892,0.322,0.322,0.6779999999999999,0.9723676048248133,uncertainty_indicator_not_primary_stability_metric
D5_family_complete,MP_source_native_public_hull_rank,uncertain,1000,1000,36802,304,0.304,0.024944613112332814,0.304,0.304,0.696,0.9180116517600722,uncertainty_indicator_not_primary_stability_metric
D5_family_complete,MP_source_native_public_hull_rank,uncertain,5000,5000,36802,1890,0.378,0.15508328546812178,0.378,0.378,0.622,1.1414750143595633,uncertainty_indicator_not_primary_stability_metric
D5_family_complete,MP_source_native_public_hull_rank,uncertain,10000,10000,36802,3711,0.3711,0.30450480019693116,0.3711,0.3711,0.6289,1.120638565684746,uncertainty_indicator_not_primary_stability_metric
D5_family_complete,MP_source_native_public_hull_rank,audit_view,100,100,36802,68,0.68,0.007167703172762728,0.68,0.32,0.31999999999999995,2.6378581216401393,ok
D5_family_complete,MP_source_native_public_hull_rank,audit_view,300,300,36802,205,0.6833333333333333,0.021608516917887635,0.6833333333333333,0.31666666666666665,0.31666666666666665,2.6507887987070027,ok
D5_family_complete,MP_source_native_public_hull_rank,audit_view,500,500,36802,339,0.678,0.03573310846421419,0.678,0.322,0.32199999999999995,2.630099715400021,ok
D5_family_complete,MP_source_native_public_hull_rank,audit_view,1000,1000,36802,696,0.696,0.07336355012121851,0.696,0.304,0.30400000000000005,2.699925371561083,ok
D5_family_complete,MP_source_native_public_hull_rank,audit_view,5000,5000,36802,3110,0.622,0.32781701275429537,0.622,0.378,0.378,2.4128643406767156,ok
D5_family_complete,MP_source_native_public_hull_rank,audit_view,10000,10000,36802,6289,0.6289,0.6629071360809529,0.6289,0.3711,0.3711,2.4396308422051227,ok
D5_family_complete,MatterGen_alex_mp20_source_native_public_hull_rank,mp_native,100,100,36802,92,0.92,0.0061194625515498206,0.92,0.0,0.07999999999999996,2.252084608221365,ok
D5_family_complete,MatterGen_alex_mp20_source_native_public_hull_rank,mp_native,300,300,36802,280,0.9333333333333333,0.01862445124384728,0.9333333333333333,0.0,0.06666666666666665,2.284723515586892,ok
D5_family_complete,MatterGen_alex_mp20_source_native_public_hull_rank,mp_native,500,500,36802,464,0.928,0.03086337634694692,0.928,0.0,0.07199999999999995,2.2716679526406813,ok
D5_family_complete,MatterGen_alex_mp20_source_native_public_hull_rank,mp_native,1000,1000,36802,926,0.926,0.061593720899294935,0.926,0.0,0.07399999999999995,2.266772116535852,ok
D5_family_complete,MatterGen_alex_mp20_source_native_public_hull_rank,mp_native,5000,5000,36802,4499,0.8998,0.2992550219502461,0.8998,0.0,0.10019999999999996,2.2026366635625916,ok
D5_family_complete,MatterGen_alex_mp20_source_native_public_hull_rank,mp_native,10000,10000,36802,9094,0.9094,0.6048955700412398,0.9094,0.0,0.09060000000000001,2.226136676865771,ok
D5_family_complete,MatterGen_alex_mp20_source_native_public_hull_rank,alexmp20_native,100,100,36802,100,1.0,0.007518796992481203,1.0,0.0,0.0,2.7670676691729326,ok
D5_family_complete,MatterGen_alex_mp20_source_native_public_hull_rank,alexmp20_native,300,300,36802,300,1.0,0.022556390977443608,1.0,0.0,0.0,2.7670676691729326,ok
D5_family_complete,MatterGen_alex_mp20_source_native_public_hull_rank,alexmp20_native,500,500,36802,500,1.0,0.03759398496240601,1.0,0.0,0.0,2.7670676691729326,ok
D5_family_complete,MatterGen_alex_mp20_source_native_public_hull_rank,alexmp20_native,1000,1000,36802,1000,1.0,0.07518796992481203,1.0,0.0,0.0,2.7670676691729326,ok
D5_family_complete,MatterGen_alex_mp20_source_native_public_hull_rank,alexmp20_native,5000,5000,36802,5000,1.0,0.37593984962406013,1.0,0.0,0.0,2.7670676691729326,ok
D5_family_complete,MatterGen_alex_mp20_source_native_public_hull_rank,alexmp20_native,10000,10000,36802,10000,1.0,0.7518796992481203,1.0,0.0,0.0,2.7670676691729326,ok
D5_family_complete,MatterGen_alex_mp20_source_native_public_hull_rank,alex_pbe_native,100,100,36802,82,0.82,0.006734559789750329,0.82,0.0,0.18000000000000005,2.4784526938239155,ok
D5_family_complete,MatterGen_alex_mp20_source_native_public_hull_rank,alex_pbe_native,300,300,36802,257,0.8566666666666667,0.021107095926412616,0.8566666666666667,0.0,0.1433333333333333,2.589277814279457,ok
D5_family_complete,MatterGen_alex_mp20_source_native_public_hull_rank,alex_pbe_native,500,500,36802,426,0.852,0.03498685939553219,0.852,0.0,0.14800000000000002,2.5751727989487514,ok
D5_family_complete,MatterGen_alex_mp20_source_native_public_hull_rank,alex_pbe_native,1000,1000,36802,855,0.855,0.07022010512483574,0.855,0.0,0.14500000000000002,2.5842403088042047,ok
D5_family_complete,MatterGen_alex_mp20_source_native_public_hull_rank,alex_pbe_native,5000,5000,36802,4000,0.8,0.328515111695138,0.8,0.0,0.19999999999999996,2.4180026281208935,ok
D5_family_complete,MatterGen_alex_mp20_source_native_public_hull_rank,alex_pbe_native,10000,10000,36802,8154,0.8154,0.6696780551905388,0.8154,0.0,0.1846,2.464549178712221,ok
D5_family_complete,MatterGen_alex_mp20_source_native_public_hull_rank,common_pool,100,100,31873,98,0.98,0.005944437704719156,0.98,0.0,0.020000000000000018,1.8946706296251365,ok
D5_family_complete,MatterGen_alex_mp20_source_native_public_hull_rank,common_pool,300,300,31873,294,0.98,0.017833313114157468,0.98,0.0,0.020000000000000018,1.8946706296251365,ok
D5_family_complete,MatterGen_alex_mp20_source_native_public_hull_rank,common_pool,500,500,31873,492,0.984,0.029843503578794128,0.984,0.0,0.016000000000000014,1.9024039791338105,ok
D5_family_complete,MatterGen_alex_mp20_source_native_public_hull_rank,common_pool,1000,1000,31873,986,0.986,0.059808322212786605,0.986,0.0,0.014000000000000012,1.9062706538881475,ok
D5_family_complete,MatterGen_alex_mp20_source_native_public_hull_rank,common_pool,5000,5000,31873,4888,0.9776,0.2964939949047677,0.9776,0.0,0.022399999999999975,1.8900306199199322,ok
D5_family_complete,MatterGen_alex_mp20_source_native_public_hull_rank,common_pool,10000,10000,31873,9838,0.9838,0.5967487565206843,0.9838,0.0,0.016199999999999992,1.902017311658377,ok
D5_family_complete,MatterGen_alex_mp20_source_native_public_hull_rank,source_union,100,0,0,0,,,,,,,not_evaluable_full_source_union_incomplete
D5_family_complete,MatterGen_alex_mp20_source_native_public_hull_rank,source_union,300,0,0,0,,,,,,,not_evaluable_full_source_union_incomplete
D5_family_complete,MatterGen_alex_mp20_source_native_public_hull_rank,source_union,500,0,0,0,,,,,,,not_evaluable_full_source_union_incomplete
D5_family_complete,MatterGen_alex_mp20_source_native_public_hull_rank,source_union,1000,0,0,0,,,,,,,not_evaluable_full_source_union_incomplete
D5_family_complete,MatterGen_alex_mp20_source_native_public_hull_rank,source_union,5000,0,0,0,,,,,,,not_evaluable_full_source_union_incomplete
D5_family_complete,MatterGen_alex_mp20_source_native_public_hull_rank,source_union,10000,0,0,0,,,,,,,not_evaluable_full_source_union_incomplete
D5_family_complete,MatterGen_alex_mp20_source_native_public_hull_rank,consensus,100,100,24615,100,1.0,0.010540739959945188,1.0,0.0,0.0,2.594603141140508,ok
D5_family_complete,MatterGen_alex_mp20_source_native_public_hull_rank,consensus,300,300,24615,300,1.0,0.031622219879835566,1.0,0.0,0.0,2.594603141140508,ok
D5_family_complete,MatterGen_alex_mp20_source_native_public_hull_rank,consensus,500,500,24615,500,1.0,0.05270369979972594,1.0,0.0,0.0,2.594603141140508,ok
D5_family_complete,MatterGen_alex_mp20_source_native_public_hull_rank,consensus,1000,1000,24615,1000,1.0,0.10540739959945188,1.0,0.0,0.0,2.594603141140508,ok
D5_family_complete,MatterGen_alex_mp20_source_native_public_hull_rank,consensus,5000,5000,24615,5000,1.0,0.5270369979972594,1.0,0.0,0.0,2.594603141140508,ok
D5_family_complete,MatterGen_alex_mp20_source_native_public_hull_rank,consensus,10000,10000,24615,9487,0.9487,1.0,0.9487,0.0,0.05130000000000001,2.4615,ok
D5_family_complete,MatterGen_alex_mp20_source_native_public_hull_rank,uncertain,100,100,36802,26,0.26,0.0021334208582916223,0.26,0.26,0.74,0.7851415442684828,uncertainty_indicator_not_primary_stability_metric
D5_family_complete,MatterGen_alex_mp20_source_native_public_hull_rank,uncertain,300,300,36802,80,0.26666666666666666,0.00656437187166653,0.26666666666666666,0.26666666666666666,0.7333333333333334,0.8052733787369054,uncertainty_indicator_not_primary_stability_metric
D5_family_complete,MatterGen_alex_mp20_source_native_public_hull_rank,uncertain,500,500,36802,133,0.266,0.010913268236645606,0.266,0.266,0.734,0.8032601952900632,uncertainty_indicator_not_primary_stability_metric
D5_family_complete,MatterGen_alex_mp20_source_native_public_hull_rank,uncertain,1000,1000,36802,254,0.254,0.020841880692541233,0.254,0.254,0.746,0.7670228932469024,uncertainty_indicator_not_primary_stability_metric
D5_family_complete,MatterGen_alex_mp20_source_native_public_hull_rank,uncertain,5000,5000,36802,1616,0.3232,0.1326003118076639,0.3232,0.3232,0.6768000000000001,0.9759913350291293,uncertainty_indicator_not_primary_stability_metric
D5_family_complete,MatterGen_alex_mp20_source_native_public_hull_rank,uncertain,10000,10000,36802,2834,0.2834,0.23254287355378683,0.2834,0.2834,0.7166,0.8558042832526461,uncertainty_indicator_not_primary_stability_metric
D5_family_complete,MatterGen_alex_mp20_source_native_public_hull_rank,audit_view,100,100,36802,74,0.74,0.007800147570359439,0.74,0.26,0.26,2.8706103088436805,ok
D5_family_complete,MatterGen_alex_mp20_source_native_public_hull_rank,audit_view,300,300,36802,220,0.7333333333333333,0.023189627911879413,0.7333333333333333,0.26666666666666666,0.2666666666666667,2.844748954709954,ok
D5_family_complete,MatterGen_alex_mp20_source_native_public_hull_rank,audit_view,500,500,36802,367,0.734,0.03868451565299884,0.734,0.266,0.266,2.8473350901233263,ok
D5_family_complete,MatterGen_alex_mp20_source_native_public_hull_rank,audit_view,1000,1000,36802,746,0.746,0.07863392010119111,0.746,0.254,0.254,2.8938855275640347,ok
D5_family_complete,MatterGen_alex_mp20_source_native_public_hull_rank,audit_view,5000,5000,36802,3384,0.6768,0.3566986402445452,0.6768,0.3232,0.32320000000000004,2.62544467165595,ok
D5_family_complete,MatterGen_alex_mp20_source_native_public_hull_rank,audit_view,10000,10000,36802,7166,0.7166,0.7553494255296722,0.7166,0.2834,0.2834,2.7798369558342997,ok
D5_family_complete,consensus_oracle_proxy,mp_native,100,100,36802,100,1.0,0.006651589729945457,1.0,0.0,0.0,2.447918052414527,ok
D5_family_complete,consensus_oracle_proxy,mp_native,300,300,36802,300,1.0,0.01995476918983637,1.0,0.0,0.0,2.447918052414527,ok
D5_family_complete,consensus_oracle_proxy,mp_native,500,500,36802,500,1.0,0.03325794864972728,1.0,0.0,0.0,2.447918052414527,ok
D5_family_complete,consensus_oracle_proxy,mp_native,1000,1000,36802,1000,1.0,0.06651589729945456,1.0,0.0,0.0,2.447918052414527,ok
D5_family_complete,consensus_oracle_proxy,mp_native,5000,5000,36802,5000,1.0,0.33257948649727287,1.0,0.0,0.0,2.447918052414527,ok
D5_family_complete,consensus_oracle_proxy,mp_native,10000,10000,36802,9487,0.9487,0.6310363176799255,0.9487,0.0,0.05130000000000001,2.322339856325662,ok
D5_family_complete,consensus_oracle_proxy,alexmp20_native,100,100,36802,100,1.0,0.007518796992481203,1.0,0.0,0.0,2.7670676691729326,ok
D5_family_complete,consensus_oracle_proxy,alexmp20_native,300,300,36802,300,1.0,0.022556390977443608,1.0,0.0,0.0,2.7670676691729326,ok
D5_family_complete,consensus_oracle_proxy,alexmp20_native,500,500,36802,500,1.0,0.03759398496240601,1.0,0.0,0.0,2.7670676691729326,ok
D5_family_complete,consensus_oracle_proxy,alexmp20_native,1000,1000,36802,1000,1.0,0.07518796992481203,1.0,0.0,0.0,2.7670676691729326,ok
D5_family_complete,consensus_oracle_proxy,alexmp20_native,5000,5000,36802,5000,1.0,0.37593984962406013,1.0,0.0,0.0,2.7670676691729326,ok
D5_family_complete,consensus_oracle_proxy,alexmp20_native,10000,10000,36802,9487,0.9487,0.7133082706766918,0.9487,0.0,0.05130000000000001,2.625117097744361,ok
D5_family_complete,consensus_oracle_proxy,alex_pbe_native,100,100,36802,100,1.0,0.00821287779237845,1.0,0.0,0.0,3.022503285151117,ok
D5_family_complete,consensus_oracle_proxy,alex_pbe_native,300,300,36802,300,1.0,0.024638633377135347,1.0,0.0,0.0,3.022503285151117,ok
D5_family_complete,consensus_oracle_proxy,alex_pbe_native,500,500,36802,500,1.0,0.04106438896189225,1.0,0.0,0.0,3.022503285151117,ok
D5_family_complete,consensus_oracle_proxy,alex_pbe_native,1000,1000,36802,1000,1.0,0.0821287779237845,1.0,0.0,0.0,3.022503285151117,ok
D5_family_complete,consensus_oracle_proxy,alex_pbe_native,5000,5000,36802,5000,1.0,0.41064388961892245,1.0,0.0,0.0,3.022503285151117,ok
D5_family_complete,consensus_oracle_proxy,alex_pbe_native,10000,10000,36802,9487,0.9487,0.7791557161629435,0.9487,0.0,0.05130000000000001,2.8674488666228646,ok
D5_family_complete,consensus_oracle_proxy,common_pool,100,100,31873,100,1.0,0.006065752759917505,1.0,0.0,0.0,1.9333373771685067,ok
D5_family_complete,consensus_oracle_proxy,common_pool,300,300,31873,300,1.0,0.018197258279752517,1.0,0.0,0.0,1.9333373771685067,ok
D5_family_complete,consensus_oracle_proxy,common_pool,500,500,31873,500,1.0,0.03032876379958753,1.0,0.0,0.0,1.9333373771685067,ok
D5_family_complete,consensus_oracle_proxy,common_pool,1000,1000,31873,1000,1.0,0.06065752759917506,1.0,0.0,0.0,1.9333373771685067,ok
D5_family_complete,consensus_oracle_proxy,common_pool,5000,5000,31873,5000,1.0,0.30328763799587527,1.0,0.0,0.0,1.9333373771685067,ok
D5_family_complete,consensus_oracle_proxy,common_pool,10000,10000,31873,9487,0.9487,0.5754579643333738,0.9487,0.0,0.05130000000000001,1.8341571697197623,ok
D5_family_complete,consensus_oracle_proxy,source_union,100,0,0,0,,,,,,,not_evaluable_full_source_union_incomplete
D5_family_complete,consensus_oracle_proxy,source_union,300,0,0,0,,,,,,,not_evaluable_full_source_union_incomplete
D5_family_complete,consensus_oracle_proxy,source_union,500,0,0,0,,,,,,,not_evaluable_full_source_union_incomplete
D5_family_complete,consensus_oracle_proxy,source_union,1000,0,0,0,,,,,,,not_evaluable_full_source_union_incomplete
D5_family_complete,consensus_oracle_proxy,source_union,5000,0,0,0,,,,,,,not_evaluable_full_source_union_incomplete
D5_family_complete,consensus_oracle_proxy,source_union,10000,0,0,0,,,,,,,not_evaluable_full_source_union_incomplete
D5_family_complete,consensus_oracle_proxy,consensus,100,100,24615,100,1.0,0.010540739959945188,1.0,0.0,0.0,2.594603141140508,ok
D5_family_complete,consensus_oracle_proxy,consensus,300,300,24615,300,1.0,0.031622219879835566,1.0,0.0,0.0,2.594603141140508,ok
D5_family_complete,consensus_oracle_proxy,consensus,500,500,24615,500,1.0,0.05270369979972594,1.0,0.0,0.0,2.594603141140508,ok
D5_family_complete,consensus_oracle_proxy,consensus,1000,1000,24615,1000,1.0,0.10540739959945188,1.0,0.0,0.0,2.594603141140508,ok
D5_family_complete,consensus_oracle_proxy,consensus,5000,5000,24615,5000,1.0,0.5270369979972594,1.0,0.0,0.0,2.594603141140508,ok
D5_family_complete,consensus_oracle_proxy,consensus,10000,10000,24615,9487,0.9487,1.0,0.9487,0.0,0.05130000000000001,2.4615,ok
D5_family_complete,consensus_oracle_proxy,uncertain,100,100,36802,0,0.0,0.0,0.0,0.0,1.0,0.0,uncertainty_indicator_not_primary_stability_metric
D5_family_complete,consensus_oracle_proxy,uncertain,300,300,36802,0,0.0,0.0,0.0,0.0,1.0,0.0,uncertainty_indicator_not_primary_stability_metric
D5_family_complete,consensus_oracle_proxy,uncertain,500,500,36802,0,0.0,0.0,0.0,0.0,1.0,0.0,uncertainty_indicator_not_primary_stability_metric
D5_family_complete,consensus_oracle_proxy,uncertain,1000,1000,36802,0,0.0,0.0,0.0,0.0,1.0,0.0,uncertainty_indicator_not_primary_stability_metric
D5_family_complete,consensus_oracle_proxy,uncertain,5000,5000,36802,0,0.0,0.0,0.0,0.0,1.0,0.0,uncertainty_indicator_not_primary_stability_metric
D5_family_complete,consensus_oracle_proxy,uncertain,10000,10000,36802,0,0.0,0.0,0.0,0.0,1.0,0.0,uncertainty_indicator_not_primary_stability_metric
D5_family_complete,consensus_oracle_proxy,audit_view,100,100,36802,100,1.0,0.010540739959945188,1.0,0.0,0.0,3.879203120059028,ok
D5_family_complete,consensus_oracle_proxy,audit_view,300,300,36802,300,1.0,0.031622219879835566,1.0,0.0,0.0,3.879203120059028,ok
D5_family_complete,consensus_oracle_proxy,audit_view,500,500,36802,500,1.0,0.05270369979972594,1.0,0.0,0.0,3.879203120059028,ok
D5_family_complete,consensus_oracle_proxy,audit_view,1000,1000,36802,1000,1.0,0.10540739959945188,1.0,0.0,0.0,3.879203120059028,ok
D5_family_complete,consensus_oracle_proxy,audit_view,5000,5000,36802,5000,1.0,0.5270369979972594,1.0,0.0,0.0,3.879203120059028,ok
D5_family_complete,consensus_oracle_proxy,audit_view,10000,10000,36802,9487,0.9487,1.0,0.9487,0.0,0.05130000000000001,3.6801999999999997,ok
D5_family_complete,official_Alexandria_PBE_common_pool_public_hull_rank,mp_native,100,100,36802,35,0.35,0.00232805640548091,0.35,0.0,0.65,0.8567713183450844,ok
D5_family_complete,official_Alexandria_PBE_common_pool_public_hull_rank,mp_native,300,300,36802,148,0.49333333333333335,0.009844352800319277,0.49333333333333335,0.0,0.5066666666666666,1.2076395725245,ok
D5_family_complete,official_Alexandria_PBE_common_pool_public_hull_rank,mp_native,500,500,36802,289,0.578,0.01922309431954237,0.578,0.0,0.42200000000000004,1.4148966342955964,ok
D5_family_complete,official_Alexandria_PBE_common_pool_public_hull_rank,mp_native,1000,1000,36802,638,0.638,0.04243714247705201,0.638,0.0,0.362,1.5617717174404682,ok
D5_family_complete,official_Alexandria_PBE_common_pool_public_hull_rank,mp_native,5000,5000,36802,3692,0.7384,0.24557669282958627,0.7384,0.0,0.26160000000000005,1.8075426899028866,ok
D5_family_complete,official_Alexandria_PBE_common_pool_public_hull_rank,mp_native,10000,10000,36802,6775,0.6775,0.4506452042038047,0.6775,0.0,0.3225,1.658464480510842,ok
D5_family_complete,official_Alexandria_PBE_common_pool_public_hull_rank,alexmp20_native,100,100,36802,33,0.33,0.002481203007518797,0.33,0.0,0.6699999999999999,0.9131323308270678,ok
D5_family_complete,official_Alexandria_PBE_common_pool_public_hull_rank,alexmp20_native,300,300,36802,137,0.45666666666666667,0.010300751879699248,0.45666666666666667,0.0,0.5433333333333333,1.2636275689223058,ok
D5_family_complete,official_Alexandria_PBE_common_pool_public_hull_rank,alexmp20_native,500,500,36802,247,0.494,0.018571428571428572,0.494,0.0,0.506,1.3669314285714287,ok
D5_family_complete,official_Alexandria_PBE_common_pool_public_hull_rank,alexmp20_native,1000,1000,36802,553,0.553,0.041578947368421056,0.553,0.0,0.44699999999999995,1.5301884210526318,ok
D5_family_complete,official_Alexandria_PBE_common_pool_public_hull_rank,alexmp20_native,5000,5000,36802,3357,0.6714,0.25240601503759397,0.6714,0.0,0.3286,1.857809233082707,ok
D5_family_complete,official_Alexandria_PBE_common_pool_public_hull_rank,alexmp20_native,10000,10000,36802,6055,0.6055,0.45526315789473687,0.6055,0.0,0.39449999999999996,1.6754594736842108,ok
D5_family_complete,official_Alexandria_PBE_common_pool_public_hull_rank,alex_pbe_native,100,100,36802,31,0.31,0.002545992115637319,0.31,0.0,0.69,0.9369760183968462,ok
D5_family_complete,official_Alexandria_PBE_common_pool_public_hull_rank,alex_pbe_native,300,300,36802,142,0.47333333333333333,0.011662286465177397,0.47333333333333333,0.0,0.5266666666666666,1.4306515549715286,ok
D5_family_complete,official_Alexandria_PBE_common_pool_public_hull_rank,alex_pbe_native,500,500,36802,252,0.504,0.020696452036793694,0.504,0.0,0.496,1.523341655716163,ok
D5_family_complete,official_Alexandria_PBE_common_pool_public_hull_rank,alex_pbe_native,1000,1000,36802,547,0.547,0.04492444152431012,0.547,0.0,0.45299999999999996,1.653309296977661,ok
D5_family_complete,official_Alexandria_PBE_common_pool_public_hull_rank,alex_pbe_native,5000,5000,36802,3224,0.6448,0.2647831800262812,0.6448,0.0,0.35519999999999996,1.9489101182654402,ok
D5_family_complete,official_Alexandria_PBE_common_pool_public_hull_rank,alex_pbe_native,10000,10000,36802,5702,0.5702,0.4682982917214192,0.5702,0.0,0.42979999999999996,1.723431373193167,ok
D5_family_complete,official_Alexandria_PBE_common_pool_public_hull_rank,common_pool,100,100,31873,100,1.0,0.006065752759917505,1.0,0.0,0.0,1.9333373771685067,ok
D5_family_complete,official_Alexandria_PBE_common_pool_public_hull_rank,common_pool,300,300,31873,300,1.0,0.018197258279752517,1.0,0.0,0.0,1.9333373771685067,ok
D5_family_complete,official_Alexandria_PBE_common_pool_public_hull_rank,common_pool,500,500,31873,500,1.0,0.03032876379958753,1.0,0.0,0.0,1.9333373771685067,ok
D5_family_complete,official_Alexandria_PBE_common_pool_public_hull_rank,common_pool,1000,1000,31873,1000,1.0,0.06065752759917506,1.0,0.0,0.0,1.9333373771685067,ok
D5_family_complete,official_Alexandria_PBE_common_pool_public_hull_rank,common_pool,5000,5000,31873,5000,1.0,0.30328763799587527,1.0,0.0,0.0,1.9333373771685067,ok
D5_family_complete,official_Alexandria_PBE_common_pool_public_hull_rank,common_pool,10000,10000,31873,10000,1.0,0.6065752759917505,1.0,0.0,0.0,1.9333373771685067,ok
D5_family_complete,official_Alexandria_PBE_common_pool_public_hull_rank,source_union,100,0,0,0,,,,,,,not_evaluable_full_source_union_incomplete
D5_family_complete,official_Alexandria_PBE_common_pool_public_hull_rank,source_union,300,0,0,0,,,,,,,not_evaluable_full_source_union_incomplete
D5_family_complete,official_Alexandria_PBE_common_pool_public_hull_rank,source_union,500,0,0,0,,,,,,,not_evaluable_full_source_union_incomplete
D5_family_complete,official_Alexandria_PBE_common_pool_public_hull_rank,source_union,1000,0,0,0,,,,,,,not_evaluable_full_source_union_incomplete
D5_family_complete,official_Alexandria_PBE_common_pool_public_hull_rank,source_union,5000,0,0,0,,,,,,,not_evaluable_full_source_union_incomplete
D5_family_complete,official_Alexandria_PBE_common_pool_public_hull_rank,source_union,10000,0,0,0,,,,,,,not_evaluable_full_source_union_incomplete
D5_family_complete,official_Alexandria_PBE_common_pool_public_hull_rank,consensus,100,100,24615,100,1.0,0.010540739959945188,1.0,0.0,0.0,2.594603141140508,ok
D5_family_complete,official_Alexandria_PBE_common_pool_public_hull_rank,consensus,300,300,24615,300,1.0,0.031622219879835566,1.0,0.0,0.0,2.594603141140508,ok
D5_family_complete,official_Alexandria_PBE_common_pool_public_hull_rank,consensus,500,500,24615,500,1.0,0.05270369979972594,1.0,0.0,0.0,2.594603141140508,ok
D5_family_complete,official_Alexandria_PBE_common_pool_public_hull_rank,consensus,1000,1000,24615,1000,1.0,0.10540739959945188,1.0,0.0,0.0,2.594603141140508,ok
D5_family_complete,official_Alexandria_PBE_common_pool_public_hull_rank,consensus,5000,5000,24615,5000,1.0,0.5270369979972594,1.0,0.0,0.0,2.594603141140508,ok
D5_family_complete,official_Alexandria_PBE_common_pool_public_hull_rank,consensus,10000,10000,24615,9487,0.9487,1.0,0.9487,0.0,0.05130000000000001,2.4615,ok
D5_family_complete,official_Alexandria_PBE_common_pool_public_hull_rank,uncertain,100,100,36802,78,0.78,0.006400262574874867,0.78,0.78,0.21999999999999997,2.3554246328054482,uncertainty_indicator_not_primary_stability_metric
D5_family_complete,official_Alexandria_PBE_common_pool_public_hull_rank,uncertain,300,300,36802,203,0.6766666666666666,0.01665709362435382,0.6766666666666666,0.6766666666666666,0.32333333333333336,2.0433811985448975,uncertainty_indicator_not_primary_stability_metric
D5_family_complete,official_Alexandria_PBE_common_pool_public_hull_rank,uncertain,500,500,36802,320,0.64,0.02625748748666612,0.64,0.64,0.36,1.932656108968573,uncertainty_indicator_not_primary_stability_metric
D5_family_complete,official_Alexandria_PBE_common_pool_public_hull_rank,uncertain,1000,1000,36802,611,0.611,0.05013539016985312,0.611,0.611,0.389,1.8450826290309346,uncertainty_indicator_not_primary_stability_metric
D5_family_complete,official_Alexandria_PBE_common_pool_public_hull_rank,uncertain,5000,5000,36802,2491,0.4982,0.20439812915401656,0.4982,0.4982,0.5018,1.5044519898252235,uncertainty_indicator_not_primary_stability_metric
D5_family_complete,official_Alexandria_PBE_common_pool_public_hull_rank,uncertain,10000,10000,36802,5721,0.5721,0.4694346434725527,0.5721,0.5721,0.42789999999999995,1.7276133749076885,uncertainty_indicator_not_primary_stability_metric
D5_family_complete,official_Alexandria_PBE_common_pool_public_hull_rank,audit_view,100,100,36802,22,0.22,0.0023189627911879415,0.22,0.78,0.78,0.8534246864129862,ok
D5_family_complete,official_Alexandria_PBE_common_pool_public_hull_rank,audit_view,300,300,36802,97,0.3233333333333333,0.010224517761146832,0.3233333333333333,0.6766666666666666,0.6766666666666667,1.2542756754857523,ok
D5_family_complete,official_Alexandria_PBE_common_pool_public_hull_rank,audit_view,500,500,36802,180,0.36,0.01897333192790134,0.36,0.64,0.64,1.39651312322125,ok
D5_family_complete,official_Alexandria_PBE_common_pool_public_hull_rank,audit_view,1000,1000,36802,389,0.389,0.04100347844418678,0.389,0.611,0.611,1.5090100137029618,ok
D5_family_complete,official_Alexandria_PBE_common_pool_public_hull_rank,audit_view,5000,5000,36802,2509,0.5018,0.26446716559502476,0.5018,0.4982,0.4982,1.9465841256456204,ok
D5_family_complete,official_Alexandria_PBE_common_pool_public_hull_rank,audit_view,10000,10000,36802,4279,0.4279,0.4510382628860546,0.4279,0.5721,0.5721,1.6599110150732581,ok
D5_family_complete,official_Alexandria_PBE_source_native_public_hull_rank,mp_native,100,100,36802,94,0.94,0.006252494346148729,0.94,0.0,0.06000000000000005,2.3010429692696555,ok
D5_family_complete,official_Alexandria_PBE_source_native_public_hull_rank,mp_native,300,300,36802,284,0.9466666666666667,0.0188905148330451,0.9466666666666667,0.0,0.053333333333333344,2.317362422952419,ok
D5_family_complete,official_Alexandria_PBE_source_native_public_hull_rank,mp_native,500,500,36802,467,0.934,0.031062924038845283,0.934,0.0,0.06599999999999995,2.286355460955168,ok
D5_family_complete,official_Alexandria_PBE_source_native_public_hull_rank,mp_native,1000,1000,36802,915,0.915,0.06086204602900093,0.915,0.0,0.08499999999999996,2.239845017959292,ok
D5_family_complete,official_Alexandria_PBE_source_native_public_hull_rank,mp_native,5000,5000,36802,4354,0.8708,0.2896102168418252,0.8708,0.0,0.12919999999999998,2.13164704004257,ok
D5_family_complete,official_Alexandria_PBE_source_native_public_hull_rank,mp_native,10000,10000,36802,8882,0.8882,0.5907941998137555,0.8882,0.0,0.11180000000000001,2.174240814154583,ok
D5_family_complete,official_Alexandria_PBE_source_native_public_hull_rank,alexmp20_native,100,100,36802,98,0.98,0.007368421052631579,0.98,0.0,0.020000000000000018,2.7117263157894738,ok
D5_family_complete,official_Alexandria_PBE_source_native_public_hull_rank,alexmp20_native,300,300,36802,289,0.9633333333333334,0.021729323308270678,0.9633333333333334,0.0,0.036666666666666625,2.6656085213032585,ok
D5_family_complete,official_Alexandria_PBE_source_native_public_hull_rank,alexmp20_native,500,500,36802,478,0.956,0.035939849624060154,0.956,0.0,0.04400000000000004,2.6453166917293234,ok
D5_family_complete,official_Alexandria_PBE_source_native_public_hull_rank,alexmp20_native,1000,1000,36802,934,0.934,0.07022556390977444,0.934,0.0,0.06599999999999995,2.5844412030075192,ok
D5_family_complete,official_Alexandria_PBE_source_native_public_hull_rank,alexmp20_native,5000,5000,36802,4393,0.8786,0.33030075187969926,0.8786,0.0,0.12139999999999995,2.4311456541353387,ok
D5_family_complete,official_Alexandria_PBE_source_native_public_hull_rank,alexmp20_native,10000,10000,36802,8894,0.8894,0.6687218045112782,0.8894,0.0,0.11060000000000003,2.461029984962406,ok
D5_family_complete,official_Alexandria_PBE_source_native_public_hull_rank,alex_pbe_native,100,100,36802,100,1.0,0.00821287779237845,1.0,0.0,0.0,3.022503285151117,ok
D5_family_complete,official_Alexandria_PBE_source_native_public_hull_rank,alex_pbe_native,300,300,36802,300,1.0,0.024638633377135347,1.0,0.0,0.0,3.022503285151117,ok
D5_family_complete,official_Alexandria_PBE_source_native_public_hull_rank,alex_pbe_native,500,500,36802,500,1.0,0.04106438896189225,1.0,0.0,0.0,3.022503285151117,ok
D5_family_complete,official_Alexandria_PBE_source_native_public_hull_rank,alex_pbe_native,1000,1000,36802,1000,1.0,0.0821287779237845,1.0,0.0,0.0,3.022503285151117,ok
D5_family_complete,official_Alexandria_PBE_source_native_public_hull_rank,alex_pbe_native,5000,5000,36802,5000,1.0,0.41064388961892245,1.0,0.0,0.0,3.022503285151117,ok
D5_family_complete,official_Alexandria_PBE_source_native_public_hull_rank,alex_pbe_native,10000,10000,36802,10000,1.0,0.8212877792378449,1.0,0.0,0.0,3.022503285151117,ok
D5_family_complete,official_Alexandria_PBE_source_native_public_hull_rank,common_pool,100,100,31873,100,1.0,0.006065752759917505,1.0,0.0,0.0,1.9333373771685067,ok
D5_family_complete,official_Alexandria_PBE_source_native_public_hull_rank,common_pool,300,300,31873,299,0.9966666666666667,0.018136600752153342,0.9966666666666667,0.0,0.0033333333333332993,1.9268929192446118,ok
D5_family_complete,official_Alexandria_PBE_source_native_public_hull_rank,common_pool,500,500,31873,499,0.998,0.030268106271988355,0.998,0.0,0.0020000000000000018,1.9294707024141697,ok
D5_family_complete,official_Alexandria_PBE_source_native_public_hull_rank,common_pool,1000,1000,31873,999,0.999,0.06059687007157588,0.999,0.0,0.0010000000000000009,1.9314040397913381,ok
D5_family_complete,official_Alexandria_PBE_source_native_public_hull_rank,common_pool,5000,5000,31873,4997,0.9994,0.30310566541307776,0.9994,0.0,0.0006000000000000449,1.9321773747422055,ok
D5_family_complete,official_Alexandria_PBE_source_native_public_hull_rank,common_pool,10000,10000,31873,9996,0.9996,0.6063326458813538,0.9996,0.0,0.00039999999999995595,1.9325640422176393,ok
D5_family_complete,official_Alexandria_PBE_source_native_public_hull_rank,source_union,100,0,0,0,,,,,,,not_evaluable_full_source_union_incomplete
D5_family_complete,official_Alexandria_PBE_source_native_public_hull_rank,source_union,300,0,0,0,,,,,,,not_evaluable_full_source_union_incomplete
D5_family_complete,official_Alexandria_PBE_source_native_public_hull_rank,source_union,500,0,0,0,,,,,,,not_evaluable_full_source_union_incomplete
D5_family_complete,official_Alexandria_PBE_source_native_public_hull_rank,source_union,1000,0,0,0,,,,,,,not_evaluable_full_source_union_incomplete
D5_family_complete,official_Alexandria_PBE_source_native_public_hull_rank,source_union,5000,0,0,0,,,,,,,not_evaluable_full_source_union_incomplete
D5_family_complete,official_Alexandria_PBE_source_native_public_hull_rank,source_union,10000,0,0,0,,,,,,,not_evaluable_full_source_union_incomplete
D5_family_complete,official_Alexandria_PBE_source_native_public_hull_rank,consensus,100,100,24615,100,1.0,0.010540739959945188,1.0,0.0,0.0,2.594603141140508,ok
D5_family_complete,official_Alexandria_PBE_source_native_public_hull_rank,consensus,300,300,24615,300,1.0,0.031622219879835566,1.0,0.0,0.0,2.594603141140508,ok
D5_family_complete,official_Alexandria_PBE_source_native_public_hull_rank,consensus,500,500,24615,500,1.0,0.05270369979972594,1.0,0.0,0.0,2.594603141140508,ok
D5_family_complete,official_Alexandria_PBE_source_native_public_hull_rank,consensus,1000,1000,24615,1000,1.0,0.10540739959945188,1.0,0.0,0.0,2.594603141140508,ok
D5_family_complete,official_Alexandria_PBE_source_native_public_hull_rank,consensus,5000,5000,24615,5000,1.0,0.5270369979972594,1.0,0.0,0.0,2.594603141140508,ok
D5_family_complete,official_Alexandria_PBE_source_native_public_hull_rank,consensus,10000,10000,24615,9487,0.9487,1.0,0.9487,0.0,0.05130000000000001,2.4615,ok
D5_family_complete,official_Alexandria_PBE_source_native_public_hull_rank,uncertain,100,100,36802,12,0.12,0.0009846557807499795,0.12,0.12,0.88,0.3623730204316074,uncertainty_indicator_not_primary_stability_metric
D5_family_complete,official_Alexandria_PBE_source_native_public_hull_rank,uncertain,300,300,36802,53,0.17666666666666667,0.004348896364979076,0.17666666666666667,0.17666666666666667,0.8233333333333334,0.5334936134131998,uncertainty_indicator_not_primary_stability_metric
D5_family_complete,official_Alexandria_PBE_source_native_public_hull_rank,uncertain,500,500,36802,85,0.17,0.006974645113645688,0.17,0.17,0.83,0.5133617789447772,uncertainty_indicator_not_primary_stability_metric
D5_family_complete,official_Alexandria_PBE_source_native_public_hull_rank,uncertain,1000,1000,36802,187,0.187,0.015344219250020514,0.187,0.187,0.813,0.5646979568392549,uncertainty_indicator_not_primary_stability_metric
D5_family_complete,official_Alexandria_PBE_source_native_public_hull_rank,uncertain,5000,5000,36802,1272,0.2544,0.10437351275949783,0.2544,0.2544,0.7456,0.7682308033150078,uncertainty_indicator_not_primary_stability_metric
D5_family_complete,official_Alexandria_PBE_source_native_public_hull_rank,uncertain,10000,10000,36802,2196,0.2196,0.18019200787724624,0.2196,0.2196,0.7804,0.6631426273898415,uncertainty_indicator_not_primary_stability_metric
D5_family_complete,official_Alexandria_PBE_source_native_public_hull_rank,audit_view,100,100,36802,88,0.88,0.009275851164751766,0.88,0.12,0.12,3.4136987456519448,ok
D5_family_complete,official_Alexandria_PBE_source_native_public_hull_rank,audit_view,300,300,36802,247,0.8233333333333334,0.026035627701064615,0.8233333333333334,0.17666666666666667,0.17666666666666664,3.1938772355152665,ok
D5_family_complete,official_Alexandria_PBE_source_native_public_hull_rank,audit_view,500,500,36802,415,0.83,0.04374407083377253,0.83,0.17,0.17000000000000004,3.219738589648993,ok
D5_family_complete,official_Alexandria_PBE_source_native_public_hull_rank,audit_view,1000,1000,36802,813,0.813,0.08569621587435437,0.813,0.187,0.18700000000000006,3.1537921366079895,ok
D5_family_complete,official_Alexandria_PBE_source_native_public_hull_rank,audit_view,5000,5000,36802,3728,0.7456,0.39295878570675663,0.7456,0.2544,0.25439999999999996,2.8923338463160113,ok
D5_family_complete,official_Alexandria_PBE_source_native_public_hull_rank,audit_view,10000,10000,36802,7804,0.7804,0.8225993464741225,0.7804,0.2196,0.21960000000000002,3.0273301148940654,ok
D5_family_complete,prevalence_dummy,mp_native,100,100,36802,40,0.4,0.002660635891978183,0.4,0.0,0.6,0.9791672209658109,ok
D5_family_complete,prevalence_dummy,mp_native,300,300,36802,119,0.39666666666666667,0.007915391778635093,0.39666666666666667,0.0,0.6033333333333333,0.9710074941244291,ok
D5_family_complete,prevalence_dummy,mp_native,500,500,36802,238,0.476,0.015830783557270186,0.476,0.0,0.524,1.1652089929493148,ok
D5_family_complete,prevalence_dummy,mp_native,1000,1000,36802,451,0.451,0.029998669682054013,0.451,0.0,0.5489999999999999,1.1040110416389517,ok
D5_family_complete,prevalence_dummy,mp_native,5000,5000,36802,2177,0.4354,0.1448051084209126,0.4354,0.0,0.5646,1.065823520021285,ok
D5_family_complete,prevalence_dummy,mp_native,10000,10000,36802,3788,0.3788,0.2519622189703339,0.3788,0.0,0.6212,0.9272713582546229,ok
D5_family_complete,prevalence_dummy,alexmp20_native,100,100,36802,38,0.38,0.002857142857142857,0.38,0.0,0.62,1.0514857142857144,ok
D5_family_complete,prevalence_dummy,alexmp20_native,300,300,36802,109,0.36333333333333334,0.008195488721804511,0.36333333333333334,0.0,0.6366666666666667,1.005367919799499,ok
D5_family_complete,prevalence_dummy,alexmp20_native,500,500,36802,217,0.434,0.01631578947368421,0.434,0.0,0.5660000000000001,1.2009073684210527,ok
D5_family_complete,prevalence_dummy,alexmp20_native,1000,1000,36802,421,0.421,0.031654135338345865,0.421,0.0,0.579,1.1649354887218046,ok
D5_family_complete,prevalence_dummy,alexmp20_native,5000,5000,36802,1968,0.3936,0.14796992481203008,0.3936,0.0,0.6064,1.0891178345864663,ok
D5_family_complete,prevalence_dummy,alexmp20_native,10000,10000,36802,3339,0.3339,0.25105263157894736,0.3339,0.0,0.6661,0.9239238947368421,ok
D5_family_complete,prevalence_dummy,alex_pbe_native,100,100,36802,29,0.29,0.0023817345597897505,0.29,0.0,0.71,0.8765259526938238,ok
D5_family_complete,prevalence_dummy,alex_pbe_native,300,300,36802,93,0.31,0.007637976346911958,0.31,0.0,0.69,0.9369760183968462,ok
D5_family_complete,prevalence_dummy,alex_pbe_native,500,500,36802,193,0.386,0.015850854139290407,0.386,0.0,0.614,1.1666862680683312,ok
D5_family_complete,prevalence_dummy,alex_pbe_native,1000,1000,36802,378,0.378,0.03104467805519054,0.378,0.0,0.622,1.1425062417871221,ok
D5_family_complete,prevalence_dummy,alex_pbe_native,5000,5000,36802,1829,0.3658,0.15021353482260183,0.3658,0.0,0.6342,1.1056317017082786,ok
D5_family_complete,prevalence_dummy,alex_pbe_native,10000,10000,36802,3085,0.3085,0.2533672798948752,0.3085,0.0,0.6915,0.9324422634691195,ok
D5_family_complete,prevalence_dummy,common_pool,100,100,31873,53,0.53,0.003214848962756278,0.53,0.0,0.47,1.0246688098993086,ok
D5_family_complete,prevalence_dummy,common_pool,300,300,31873,151,0.5033333333333333,0.009159286667475433,0.5033333333333333,0.0,0.4966666666666667,0.9731131465081483,ok
D5_family_complete,prevalence_dummy,common_pool,500,500,31873,275,0.55,0.01668082008977314,0.55,0.0,0.44999999999999996,1.0633355574426788,ok
D5_family_complete,prevalence_dummy,common_pool,1000,1000,31873,434,0.434,0.026325366978041977,0.434,0.0,0.5660000000000001,0.8390684216911319,ok
D5_family_complete,prevalence_dummy,common_pool,5000,5000,31873,2526,0.5052,0.1532209147155162,0.5052,0.0,0.4948,0.9767220429455296,ok
D5_family_complete,prevalence_dummy,common_pool,10000,10000,31873,5112,0.5112,0.3100812810869829,0.5112,0.0,0.4888,0.9883220672085405,ok
D5_family_complete,prevalence_dummy,source_union,100,0,0,0,,,,,,,not_evaluable_full_source_union_incomplete
D5_family_complete,prevalence_dummy,source_union,300,0,0,0,,,,,,,not_evaluable_full_source_union_incomplete
D5_family_complete,prevalence_dummy,source_union,500,0,0,0,,,,,,,not_evaluable_full_source_union_incomplete
D5_family_complete,prevalence_dummy,source_union,1000,0,0,0,,,,,,,not_evaluable_full_source_union_incomplete
D5_family_complete,prevalence_dummy,source_union,5000,0,0,0,,,,,,,not_evaluable_full_source_union_incomplete
D5_family_complete,prevalence_dummy,source_union,10000,0,0,0,,,,,,,not_evaluable_full_source_union_incomplete
D5_family_complete,prevalence_dummy,consensus,100,100,24615,41,0.41,0.004321703383577527,0.41,0.0,0.5900000000000001,1.0637872878676082,ok
D5_family_complete,prevalence_dummy,consensus,300,300,24615,129,0.43,0.013597554548329293,0.43,0.0,0.5700000000000001,1.1156793506904186,ok
D5_family_complete,prevalence_dummy,consensus,500,500,24615,198,0.396,0.020870665120691474,0.396,0.0,0.604,1.0274628438916413,ok
D5_family_complete,prevalence_dummy,consensus,1000,1000,24615,311,0.311,0.03278170127542954,0.311,0.0,0.6890000000000001,0.806921576894698,ok
D5_family_complete,prevalence_dummy,consensus,5000,5000,24615,1972,0.3944,0.2078633920101191,0.3944,0.0,0.6056,1.0233114788658164,ok
D5_family_complete,prevalence_dummy,consensus,10000,10000,24615,3360,0.336,0.3541688626541583,0.336,0.0,0.6639999999999999,0.8717866554232108,ok
D5_family_complete,prevalence_dummy,uncertain,100,100,36802,31,0.31,0.0025436941002707804,0.31,0.31,0.69,0.9361303027816525,uncertainty_indicator_not_primary_stability_metric
D5_family_complete,prevalence_dummy,uncertain,300,300,36802,81,0.27,0.006646426520062362,0.27,0.27,0.73,0.8153392959711168,uncertainty_indicator_not_primary_stability_metric
D5_family_complete,prevalence_dummy,uncertain,500,500,36802,141,0.282,0.01156970542381226,0.282,0.282,0.718,0.8515765980142774,uncertainty_indicator_not_primary_stability_metric
D5_family_complete,prevalence_dummy,uncertain,1000,1000,36802,257,0.257,0.021088044637728728,0.257,0.257,0.743,0.7760822187576926,uncertainty_indicator_not_primary_stability_metric
D5_family_complete,prevalence_dummy,uncertain,5000,5000,36802,1360,0.272,0.11159432181833101,0.272,0.272,0.728,0.8213788463116436,uncertainty_indicator_not_primary_stability_metric
D5_family_complete,prevalence_dummy,uncertain,10000,10000,36802,3243,0.3243,0.26610322474768194,0.3243,0.3243,0.6757,0.979313087716419,uncertainty_indicator_not_primary_stability_metric
D5_family_complete,prevalence_dummy,audit_view,100,100,36802,25,0.25,0.002635184989986297,0.25,0.31,0.75,0.969800780014757,ok
D5_family_complete,prevalence_dummy,audit_view,300,300,36802,82,0.2733333333333333,0.008643406767155054,0.2733333333333333,0.27,0.7266666666666667,1.060315519482801,ok
D5_family_complete,prevalence_dummy,audit_view,500,500,36802,161,0.322,0.016970591335511754,0.322,0.282,0.6779999999999999,1.249103404659007,ok
D5_family_complete,prevalence_dummy,audit_view,1000,1000,36802,310,0.31,0.032676293875830084,0.31,0.257,0.69,1.2025529672182986,ok
D5_family_complete,prevalence_dummy,audit_view,5000,5000,36802,1441,0.2882,0.15189206282281015,0.2882,0.272,0.7118,1.1179863392010119,ok
D5_family_complete,prevalence_dummy,audit_view,10000,10000,36802,2356,0.2356,0.24833983345630864,0.2356,0.3243,0.7644,0.913940255085907,ok
D5_family_complete,random_baseline,mp_native,100,100,36802,40,0.4,0.002660635891978183,0.4,0.0,0.6,0.9791672209658109,ok
D5_family_complete,random_baseline,mp_native,300,300,36802,114,0.38,0.007582812292137821,0.38,0.0,0.62,0.9302088599175203,ok
D5_family_complete,random_baseline,mp_native,500,500,36802,191,0.382,0.012704536384195823,0.382,0.0,0.618,0.9351046960223494,ok
D5_family_complete,random_baseline,mp_native,1000,1000,36802,385,0.385,0.02560862046029001,0.385,0.0,0.615,0.9424484501795929,ok
D5_family_complete,random_baseline,mp_native,5000,5000,36802,2018,0.4036,0.13422908075029932,0.4036,0.0,0.5964,0.9879797259545031,ok
D5_family_complete,random_baseline,mp_native,10000,10000,36802,4066,0.4066,0.27045363841958225,0.4066,0.0,0.5933999999999999,0.9953234801117468,ok
D5_family_complete,random_baseline,alexmp20_native,100,100,36802,37,0.37,0.0027819548872180452,0.37,0.0,0.63,1.023815037593985,ok
D5_family_complete,random_baseline,alexmp20_native,300,300,36802,101,0.33666666666666667,0.007593984962406015,0.33666666666666667,0.0,0.6633333333333333,0.931579448621554,ok
D5_family_complete,random_baseline,alexmp20_native,500,500,36802,175,0.35,0.013157894736842105,0.35,0.0,0.65,0.9684736842105263,ok
D5_family_complete,random_baseline,alexmp20_native,1000,1000,36802,345,0.345,0.02593984962406015,0.345,0.0,0.655,0.9546383458646617,ok
D5_family_complete,random_baseline,alexmp20_native,5000,5000,36802,1819,0.3638,0.1367669172932331,0.3638,0.0,0.6362,1.0066592180451128,ok
D5_family_complete,random_baseline,alexmp20_native,10000,10000,36802,3607,0.3607,0.271203007518797,0.3607,0.0,0.6393,0.9980813082706768,ok
D5_family_complete,random_baseline,alex_pbe_native,100,100,36802,36,0.36,0.002956636005256242,0.36,0.0,0.64,1.088101182654402,ok
D5_family_complete,random_baseline,alex_pbe_native,300,300,36802,95,0.31666666666666665,0.007802233902759527,0.31666666666666665,0.0,0.6833333333333333,0.9571260402978536,ok
D5_family_complete,random_baseline,alex_pbe_native,500,500,36802,160,0.32,0.013140604467805518,0.32,0.0,0.6799999999999999,0.9672010512483574,ok
D5_family_complete,random_baseline,alex_pbe_native,1000,1000,36802,314,0.314,0.025788436268068333,0.314,0.0,0.6859999999999999,0.9490660315374507,ok
D5_family_complete,random_baseline,alex_pbe_native,5000,5000,36802,1634,0.3268,0.13419842312746386,0.3268,0.0,0.6732,0.9877540735873849,ok
D5_family_complete,random_baseline,alex_pbe_native,10000,10000,36802,3293,0.3293,0.2704500657030223,0.3293,0.0,0.6707000000000001,0.9953103318002627,ok
D5_family_complete,random_baseline,common_pool,100,100,31873,47,0.47,0.0028509037971612278,0.47,0.0,0.53,0.9086685672691981,ok
D5_family_complete,random_baseline,common_pool,300,300,31873,146,0.4866666666666667,0.00885599902947956,0.4866666666666667,0.0,0.5133333333333333,0.9408908568886734,ok
D5_family_complete,random_baseline,common_pool,500,500,31873,239,0.478,0.014497149096202838,0.478,0.0,0.522,0.9241352662865462,ok
D5_family_complete,random_baseline,common_pool,1000,1000,31873,490,0.49,0.029722188523595778,0.49,0.0,0.51,0.9473353148125683,ok
D5_family_complete,random_baseline,common_pool,5000,5000,31873,2568,0.5136,0.15576853087468154,0.5136,0.0,0.48640000000000005,0.9929620769137449,ok
D5_family_complete,random_baseline,common_pool,10000,10000,31873,5136,0.5136,0.3115370617493631,0.5136,0.0,0.48640000000000005,0.9929620769137449,ok
D5_family_complete,random_baseline,source_union,100,0,0,0,,,,,,,not_evaluable_full_source_union_incomplete
D5_family_complete,random_baseline,source_union,300,0,0,0,,,,,,,not_evaluable_full_source_union_incomplete
D5_family_complete,random_baseline,source_union,500,0,0,0,,,,,,,not_evaluable_full_source_union_incomplete
D5_family_complete,random_baseline,source_union,1000,0,0,0,,,,,,,not_evaluable_full_source_union_incomplete
D5_family_complete,random_baseline,source_union,5000,0,0,0,,,,,,,not_evaluable_full_source_union_incomplete
D5_family_complete,random_baseline,source_union,10000,0,0,0,,,,,,,not_evaluable_full_source_union_incomplete
D5_family_complete,random_baseline,consensus,100,100,24615,40,0.4,0.004216295983978075,0.4,0.0,0.6,1.0378412564562034,ok
D5_family_complete,random_baseline,consensus,300,300,24615,113,0.37666666666666665,0.011911036154738062,0.37666666666666665,0.0,0.6233333333333333,0.977300516496258,ok
D5_family_complete,random_baseline,consensus,500,500,24615,176,0.352,0.018551702329503532,0.352,0.0,0.648,0.9133003056814588,ok
D5_family_complete,random_baseline,consensus,1000,1000,24615,390,0.39,0.04110888584378623,0.39,0.0,0.61,1.0118952250447981,ok
D5_family_complete,random_baseline,consensus,5000,5000,24615,1930,0.386,0.20343628122694213,0.386,0.0,0.614,1.001516812480236,ok
D5_family_complete,random_baseline,consensus,10000,10000,24615,3848,0.3848,0.4056076736586908,0.3848,0.0,0.6152,0.9984032887108675,ok
D5_family_complete,random_baseline,uncertain,100,100,36802,24,0.24,0.001969311561499959,0.24,0.24,0.76,0.7247460408632148,uncertainty_indicator_not_primary_stability_metric
D5_family_complete,random_baseline,uncertain,300,300,36802,93,0.31,0.007631082300812341,0.31,0.31,0.69,0.9361303027816525,uncertainty_indicator_not_primary_stability_metric
D5_family_complete,random_baseline,uncertain,500,500,36802,152,0.304,0.012472306556166407,0.304,0.304,0.696,0.9180116517600722,uncertainty_indicator_not_primary_stability_metric
D5_family_complete,random_baseline,uncertain,1000,1000,36802,313,0.313,0.0256831049478953,0.313,0.313,0.687,0.9451896282924427,uncertainty_indicator_not_primary_stability_metric
D5_family_complete,random_baseline,uncertain,5000,5000,36802,1617,0.3234,0.13268236645605974,0.3234,0.3234,0.6766,0.9765952900631821,uncertainty_indicator_not_primary_stability_metric
D5_family_complete,random_baseline,uncertain,10000,10000,36802,3276,0.3276,0.2688110281447444,0.3276,0.3276,0.6724,0.9892783457782883,uncertainty_indicator_not_primary_stability_metric
D5_family_complete,random_baseline,audit_view,100,100,36802,30,0.3,0.0031622219879835563,0.3,0.24,0.7,1.1637609360177084,ok
D5_family_complete,random_baseline,audit_view,300,300,36802,76,0.25333333333333335,0.008010962369558342,0.25333333333333335,0.31,0.7466666666666666,0.9827314570816205,ok
D5_family_complete,random_baseline,audit_view,500,500,36802,131,0.262,0.013808369347528196,0.262,0.304,0.738,1.0163512174554654,ok
D5_family_complete,random_baseline,audit_view,1000,1000,36802,250,0.25,0.02635184989986297,0.25,0.313,0.75,0.969800780014757,ok
D5_family_complete,random_baseline,audit_view,5000,5000,36802,1299,0.2598,0.136924212079688,0.2598,0.3234,0.7402,1.0078169705913353,ok
D5_family_complete,random_baseline,audit_view,10000,10000,36802,2586,0.2586,0.27258353536418256,0.2586,0.3276,0.7414000000000001,1.0031619268472647,ok
D5_max_coverage_union,ALIGNN-FF,mp_native,100,100,36802,52,0.52,0.0034588266595716377,0.52,0.0,0.48,1.2729173872555541,ok
D5_max_coverage_union,ALIGNN-FF,mp_native,300,300,36802,125,0.4166666666666667,0.00831448716243182,0.4166666666666667,0.0,0.5833333333333333,1.0199658551727195,ok
D5_max_coverage_union,ALIGNN-FF,mp_native,500,500,36802,202,0.404,0.013436211254489823,0.404,0.0,0.596,0.988958893175469,ok
D5_max_coverage_union,ALIGNN-FF,mp_native,1000,1000,36802,404,0.404,0.026872422508979647,0.404,0.0,0.596,0.988958893175469,ok
D5_max_coverage_union,ALIGNN-FF,mp_native,5000,5000,36802,1695,0.339,0.1127444459225755,0.339,0.0,0.661,0.8298442197685247,ok
D5_max_coverage_union,ALIGNN-FF,mp_native,10000,10000,36802,3412,0.3412,0.22695224158573898,0.3412,0.0,0.6588,0.8352296394838367,ok
D5_max_coverage_union,ALIGNN-FF,alexmp20_native,100,100,36802,35,0.35,0.002631578947368421,0.35,0.0,0.65,0.9684736842105263,ok
D5_max_coverage_union,ALIGNN-FF,alexmp20_native,300,300,36802,79,0.2633333333333333,0.00593984962406015,0.2633333333333333,0.0,0.7366666666666667,0.7286611528822055,ok
D5_max_coverage_union,ALIGNN-FF,alexmp20_native,500,500,36802,134,0.268,0.010075187969924812,0.268,0.0,0.732,0.7415741353383459,ok
D5_max_coverage_union,ALIGNN-FF,alexmp20_native,1000,1000,36802,323,0.323,0.024285714285714285,0.323,0.0,0.677,0.8937628571428572,ok
D5_max_coverage_union,ALIGNN-FF,alexmp20_native,5000,5000,36802,1483,0.2966,0.11150375939849624,0.2966,0.0,0.7034,0.8207122706766917,ok
D5_max_coverage_union,ALIGNN-FF,alexmp20_native,10000,10000,36802,3052,0.3052,0.2294736842105263,0.3052,0.0,0.6948,0.844509052631579,ok
D5_max_coverage_union,ALIGNN-FF,alex_pbe_native,100,100,36802,29,0.29,0.0023817345597897505,0.29,0.0,0.71,0.8765259526938238,ok
D5_max_coverage_union,ALIGNN-FF,alex_pbe_native,300,300,36802,66,0.22,0.005420499342969776,0.22,0.0,0.78,0.6649507227332457,ok
D5_max_coverage_union,ALIGNN-FF,alex_pbe_native,500,500,36802,119,0.238,0.009773324572930354,0.238,0.0,0.762,0.7193557818659658,ok
D5_max_coverage_union,ALIGNN-FF,alex_pbe_native,1000,1000,36802,299,0.299,0.024556504599211562,0.299,0.0,0.7010000000000001,0.9037284822601839,ok
D5_max_coverage_union,ALIGNN-FF,alex_pbe_native,5000,5000,36802,1447,0.2894,0.11884034165571616,0.2894,0.0,0.7106,0.8747124507227332,ok
D5_max_coverage_union,ALIGNN-FF,alex_pbe_native,10000,10000,36802,2919,0.2919,0.23973390275952694,0.2919,0.0,0.7081,0.8822687089356109,ok
D5_max_coverage_union,ALIGNN-FF,common_pool,100,100,31873,57,0.57,0.0034574790731529783,0.57,0.0,0.43000000000000005,1.1020023049860488,ok
D5_max_coverage_union,ALIGNN-FF,common_pool,300,300,31873,145,0.48333333333333334,0.008795341501880383,0.48333333333333334,0.0,0.5166666666666666,0.9344463989647782,ok
D5_max_coverage_union,ALIGNN-FF,common_pool,500,500,31873,240,0.48,0.014557806623802013,0.48,0.0,0.52,0.9280019410408832,ok
D5_max_coverage_union,ALIGNN-FF,common_pool,1000,1000,31873,499,0.499,0.030268106271988355,0.499,0.0,0.501,0.9647353512070849,ok
D5_max_coverage_union,ALIGNN-FF,common_pool,5000,5000,31873,2330,0.466,0.14133203930607788,0.466,0.0,0.534,0.9009352177605242,ok
D5_max_coverage_union,ALIGNN-FF,common_pool,10000,10000,31873,4708,0.4708,0.28557563993691615,0.4708,0.0,0.5292,0.9102152371709329,ok
D5_max_coverage_union,ALIGNN-FF,source_union,100,0,0,0,,,,,,,not_evaluable_full_source_union_incomplete
D5_max_coverage_union,ALIGNN-FF,source_union,300,0,0,0,,,,,,,not_evaluable_full_source_union_incomplete
D5_max_coverage_union,ALIGNN-FF,source_union,500,0,0,0,,,,,,,not_evaluable_full_source_union_incomplete
D5_max_coverage_union,ALIGNN-FF,source_union,1000,0,0,0,,,,,,,not_evaluable_full_source_union_incomplete
D5_max_coverage_union,ALIGNN-FF,source_union,5000,0,0,0,,,,,,,not_evaluable_full_source_union_incomplete
D5_max_coverage_union,ALIGNN-FF,source_union,10000,0,0,0,,,,,,,not_evaluable_full_source_union_incomplete
D5_max_coverage_union,ALIGNN-FF,consensus,100,100,24615,37,0.37,0.0039000737851797194,0.37,0.0,0.63,0.960003162221988,ok
D5_max_coverage_union,ALIGNN-FF,consensus,300,300,24615,90,0.3,0.00948666596395067,0.3,0.0,0.7,0.7783809423421524,ok
D5_max_coverage_union,ALIGNN-FF,consensus,500,500,24615,175,0.35,0.01844629492990408,0.35,0.0,0.65,0.9081110993991778,ok
D5_max_coverage_union,ALIGNN-FF,consensus,1000,1000,24615,355,0.355,0.037419626857805414,0.355,0.0,0.645,0.9210841151048803,ok
D5_max_coverage_union,ALIGNN-FF,consensus,5000,5000,24615,1630,0.326,0.17181406134710656,0.326,0.0,0.6739999999999999,0.8458406240118057,ok
D5_max_coverage_union,ALIGNN-FF,consensus,10000,10000,24615,3300,0.33,0.3478444186781912,0.33,0.0,0.6699999999999999,0.8562190365763677,ok
D5_max_coverage_union,ALIGNN-FF,uncertain,100,100,36802,38,0.38,0.0031180766390416018,0.38,0.38,0.62,1.1475145647000902,uncertainty_indicator_not_primary_stability_metric
D5_max_coverage_union,ALIGNN-FF,uncertain,300,300,36802,109,0.36333333333333334,0.008943956675145647,0.36333333333333334,0.36333333333333334,0.6366666666666667,1.0971849785290337,uncertainty_indicator_not_primary_stability_metric
D5_max_coverage_union,ALIGNN-FF,uncertain,500,500,36802,161,0.322,0.013210798391728892,0.322,0.322,0.6779999999999999,0.9723676048248133,uncertainty_indicator_not_primary_stability_metric
D5_max_coverage_union,ALIGNN-FF,uncertain,1000,1000,36802,311,0.311,0.025518995651103635,0.311,0.311,0.6890000000000001,0.939150077951916,uncertainty_indicator_not_primary_stability_metric
D5_max_coverage_union,ALIGNN-FF,uncertain,5000,5000,36802,1562,0.3124,0.128169360794289,0.3124,0.3124,0.6876,0.9433777631902848,uncertainty_indicator_not_primary_stability_metric
D5_max_coverage_union,ALIGNN-FF,uncertain,10000,10000,36802,3075,0.3075,0.25231804381718226,0.3075,0.3075,0.6925,0.928580864855994,uncertainty_indicator_not_primary_stability_metric
D5_max_coverage_union,ALIGNN-FF,audit_view,100,100,36802,25,0.25,0.002635184989986297,0.25,0.38,0.75,0.969800780014757,ok
D5_max_coverage_union,ALIGNN-FF,audit_view,300,300,36802,56,0.18666666666666668,0.005902814377569305,0.18666666666666668,0.36333333333333334,0.8133333333333334,0.7241179157443519,ok
D5_max_coverage_union,ALIGNN-FF,audit_view,500,500,36802,102,0.204,0.010751554759144091,0.204,0.322,0.796,0.7913574364920417,ok
D5_max_coverage_union,ALIGNN-FF,audit_view,1000,1000,36802,245,0.245,0.02582481290186571,0.245,0.311,0.755,0.9504047644144619,ok
D5_max_coverage_union,ALIGNN-FF,audit_view,5000,5000,36802,1132,0.2264,0.11932117634657953,0.2264,0.3124,0.7736000000000001,0.8782515863813639,ok
D5_max_coverage_union,ALIGNN-FF,audit_view,10000,10000,36802,2273,0.2273,0.23959101928955412,0.2273,0.3075,0.7726999999999999,0.881742869189417,ok
D5_max_coverage_union,CHGNet,mp_native,100,100,36801,62,0.62,0.004123985632566184,0.62,0.0,0.38,1.517667952640681,ok
D5_max_coverage_union,CHGNet,mp_native,300,300,36801,162,0.54,0.01077557536251164,0.54,0.0,0.45999999999999996,1.321839829719303,ok
D5_max_coverage_union,CHGNet,mp_native,500,500,36801,242,0.484,0.016096847146468005,0.484,0.0,0.516,1.184760143674338,ok
D5_max_coverage_union,CHGNet,mp_native,1000,1000,36801,442,0.442,0.02940002660635892,0.442,0.0,0.558,1.0819503791406146,ok
D5_max_coverage_union,CHGNet,mp_native,5000,5000,36801,1766,0.3532,0.11746707463083678,0.3532,0.0,0.6468,0.8645811626978848,ok
D5_max_coverage_union,CHGNet,mp_native,10000,10000,36801,3404,0.3404,0.22642011440734336,0.3404,0.0,0.6596,0.8332486630304642,ok
D5_max_coverage_union,CHGNet,alexmp20_native,100,100,36801,42,0.42,0.003157894736842105,0.42,0.0,0.5800000000000001,1.1621368421052631,ok
D5_max_coverage_union,CHGNet,alexmp20_native,300,300,36801,117,0.39,0.008796992481203008,0.39,0.0,0.61,1.0791270676691729,ok
D5_max_coverage_union,CHGNet,alexmp20_native,500,500,36801,184,0.368,0.013834586466165413,0.368,0.0,0.632,1.0182532330827068,ok
D5_max_coverage_union,CHGNet,alexmp20_native,1000,1000,36801,359,0.359,0.02699248120300752,0.359,0.0,0.641,0.9933503007518796,ok
D5_max_coverage_union,CHGNet,alexmp20_native,5000,5000,36801,1570,0.314,0.11804511278195488,0.314,0.0,0.6859999999999999,0.8688356390977443,ok
D5_max_coverage_union,CHGNet,alexmp20_native,10000,10000,36801,3067,0.3067,0.2306015037593985,0.3067,0.0,0.6933,0.8486365939849623,ok
D5_max_coverage_union,CHGNet,alex_pbe_native,100,100,36801,38,0.38,0.0031208935611038106,0.38,0.0,0.62,1.1485200394218134,ok
D5_max_coverage_union,CHGNet,alex_pbe_native,300,300,36801,99,0.33,0.008130749014454665,0.33,0.0,0.6699999999999999,0.9973989816031538,ok
D5_max_coverage_union,CHGNet,alex_pbe_native,500,500,36801,163,0.326,0.013386990801576872,0.326,0.0,0.6739999999999999,0.985309296977661,ok
D5_max_coverage_union,CHGNet,alex_pbe_native,1000,1000,36801,321,0.321,0.026363337713534822,0.321,0.0,0.679,0.9701971911957951,ok
D5_max_coverage_union,CHGNet,alex_pbe_native,5000,5000,36801,1466,0.2932,0.12040078843626807,0.2932,0.0,0.7068,0.8861738830486203,ok
D5_max_coverage_union,CHGNet,alex_pbe_native,10000,10000,36801,2853,0.2853,0.23431340341655715,0.2853,0.0,0.7147,0.862296755913272,ok
D5_max_coverage_union,CHGNet,common_pool,100,100,31872,72,0.72,0.004367341987140604,0.72,0.0,0.28,1.3919592381414534,ok
D5_max_coverage_union,CHGNet,common_pool,300,300,31872,186,0.62,0.011282300133446561,0.62,0.0,0.38,1.1986315661773628,ok
D5_max_coverage_union,CHGNet,common_pool,500,500,31872,289,0.578,0.01753002547616159,0.578,0.0,0.42200000000000004,1.1174339439524446,ok
D5_max_coverage_union,CHGNet,common_pool,1000,1000,31872,540,0.54,0.03275506490355453,0.54,0.0,0.45999999999999996,1.04396942860609,ok
D5_max_coverage_union,CHGNet,common_pool,5000,5000,31872,2390,0.478,0.14497149096202838,0.478,0.0,0.522,0.9241062719883538,ok
D5_max_coverage_union,CHGNet,common_pool,10000,10000,31872,4654,0.4654,0.28230013344656074,0.4654,0.0,0.5346,0.8997469853208784,ok
D5_max_coverage_union,CHGNet,source_union,100,0,0,0,,,,,,,not_evaluable_full_source_union_incomplete
D5_max_coverage_union,CHGNet,source_union,300,0,0,0,,,,,,,not_evaluable_full_source_union_incomplete
D5_max_coverage_union,CHGNet,source_union,500,0,0,0,,,,,,,not_evaluable_full_source_union_incomplete
D5_max_coverage_union,CHGNet,source_union,1000,0,0,0,,,,,,,not_evaluable_full_source_union_incomplete
D5_max_coverage_union,CHGNet,source_union,5000,0,0,0,,,,,,,not_evaluable_full_source_union_incomplete
D5_max_coverage_union,CHGNet,source_union,10000,0,0,0,,,,,,,not_evaluable_full_source_union_incomplete
D5_max_coverage_union,CHGNet,consensus,100,100,24614,54,0.54,0.005691999578370402,0.54,0.0,0.45999999999999996,1.4010287762200908,ok
D5_max_coverage_union,CHGNet,consensus,300,300,24614,128,0.4266666666666667,0.01349214714872984,0.4266666666666667,0.0,0.5733333333333333,1.1069856997294545,ok
D5_max_coverage_union,CHGNet,consensus,500,500,24614,207,0.414,0.02181933171708654,0.414,0.0,0.5860000000000001,1.0741220617687361,ok
D5_max_coverage_union,CHGNet,consensus,1000,1000,24614,379,0.379,0.03994940444819226,0.379,0.0,0.621,0.9833146410878044,ok
D5_max_coverage_union,CHGNet,consensus,5000,5000,24614,1635,0.327,0.17234109834510383,0.327,0.0,0.673,0.8484007589332772,ok
D5_max_coverage_union,CHGNet,consensus,10000,10000,24614,3405,0.3405,0.35891219563613364,0.3405,0.0,0.6595,0.8834264783387795,ok
D5_max_coverage_union,CHGNet,uncertain,100,100,36801,39,0.39,0.0032001312874374334,0.39,0.39,0.61,1.1776803150898498,uncertainty_indicator_not_primary_stability_metric
D5_max_coverage_union,CHGNet,uncertain,300,300,36801,114,0.38,0.009354229917124805,0.38,0.38,0.62,1.1474833839336998,uncertainty_indicator_not_primary_stability_metric
D5_max_coverage_union,CHGNet,uncertain,500,500,36801,186,0.372,0.015262164601624682,0.372,0.372,0.628,1.1233258390087797,uncertainty_indicator_not_primary_stability_metric
D5_max_coverage_union,CHGNet,uncertain,1000,1000,36801,354,0.354,0.029047345532124395,0.354,0.354,0.646,1.0689713629277098,uncertainty_indicator_not_primary_stability_metric
D5_max_coverage_union,CHGNet,uncertain,5000,5000,36801,1620,0.324,0.13292853040124722,0.324,0.324,0.6759999999999999,0.9783805694592599,uncertainty_indicator_not_primary_stability_metric
D5_max_coverage_union,CHGNet,uncertain,10000,10000,36801,3086,0.3086,0.2532206449495364,0.3086,0.3086,0.6914,0.9318772954787888,uncertainty_indicator_not_primary_stability_metric
D5_max_coverage_union,CHGNet,audit_view,100,100,36801,34,0.34,0.003583851586381364,0.34,0.39,0.6599999999999999,1.3188932223042058,ok
D5_max_coverage_union,CHGNet,audit_view,300,300,36801,85,0.2833333333333333,0.00895962896595341,0.2833333333333333,0.38,0.7166666666666667,1.0990776852535047,ok
D5_max_coverage_union,CHGNet,audit_view,500,500,36801,133,0.266,0.0140191841467271,0.266,0.372,0.734,1.0318399915674081,ok
D5_max_coverage_union,CHGNet,audit_view,1000,1000,36801,261,0.261,0.02751133129545694,0.261,0.354,0.739,1.012444503004111,ok
D5_max_coverage_union,CHGNet,audit_view,5000,5000,36801,1147,0.2294,0.1209022873405713,0.2294,0.324,0.7706,0.8898650152840729,ok
D5_max_coverage_union,CHGNet,audit_view,10000,10000,36801,2232,0.2232,0.2352693159059766,0.2232,0.3086,0.7767999999999999,0.8658146094655845,ok
D5_max_coverage_union,M3GNet,mp_native,100,100,36802,58,0.58,0.003857922043368365,0.58,0.0,0.42000000000000004,1.4197924704004257,ok
D5_max_coverage_union,M3GNet,mp_native,300,300,36802,159,0.53,0.010576027670613277,0.53,0.0,0.47,1.2973965677796995,ok
D5_max_coverage_union,M3GNet,mp_native,500,500,36802,250,0.5,0.01662897432486364,0.5,0.0,0.5,1.2239590262072635,ok
D5_max_coverage_union,M3GNet,mp_native,1000,1000,36802,461,0.461,0.030663828655048558,0.461,0.0,0.5389999999999999,1.128490222163097,ok
D5_max_coverage_union,M3GNet,mp_native,5000,5000,36802,1911,0.3822,0.1271118797392577,0.3822,0.0,0.6178,0.9355942796328321,ok
D5_max_coverage_union,M3GNet,mp_native,10000,10000,36802,3661,0.3661,0.2435147000133032,0.3661,0.0,0.6339,0.8961827989889583,ok
D5_max_coverage_union,M3GNet,alexmp20_native,100,100,36802,35,0.35,0.002631578947368421,0.35,0.0,0.65,0.9684736842105263,ok
D5_max_coverage_union,M3GNet,alexmp20_native,300,300,36802,112,0.37333333333333335,0.008421052631578947,0.37333333333333335,0.0,0.6266666666666667,1.033038596491228,ok
D5_max_coverage_union,M3GNet,alexmp20_native,500,500,36802,189,0.378,0.014210526315789474,0.378,0.0,0.622,1.0459515789473686,ok
D5_max_coverage_union,M3GNet,alexmp20_native,1000,1000,36802,373,0.373,0.028045112781954887,0.373,0.0,0.627,1.0321162406015039,ok
D5_max_coverage_union,M3GNet,alexmp20_native,5000,5000,36802,1692,0.3384,0.12721804511278195,0.3384,0.0,0.6616,0.9363756992481203,ok
D5_max_coverage_union,M3GNet,alexmp20_native,10000,10000,36802,3297,0.3297,0.24789473684210525,0.3297,0.0,0.6703,0.9123022105263158,ok
D5_max_coverage_union,M3GNet,alex_pbe_native,100,100,36802,33,0.33,0.002710249671484888,0.33,0.0,0.6699999999999999,0.9974260840998687,ok
D5_max_coverage_union,M3GNet,alex_pbe_native,300,300,36802,99,0.33,0.008130749014454665,0.33,0.0,0.6699999999999999,0.9974260840998687,ok
D5_max_coverage_union,M3GNet,alex_pbe_native,500,500,36802,169,0.338,0.01387976346911958,0.338,0.0,0.6619999999999999,1.0216061103810776,ok
D5_max_coverage_union,M3GNet,alex_pbe_native,1000,1000,36802,338,0.338,0.02775952693823916,0.338,0.0,0.6619999999999999,1.0216061103810776,ok
D5_max_coverage_union,M3GNet,alex_pbe_native,5000,5000,36802,1557,0.3114,0.12787450722733246,0.3114,0.0,0.6886,0.9412075229960578,ok
D5_max_coverage_union,M3GNet,alex_pbe_native,10000,10000,36802,3032,0.3032,0.2490144546649146,0.3032,0.0,0.6968,0.9164229960578187,ok
D5_max_coverage_union,M3GNet,common_pool,100,100,31873,68,0.68,0.004124711876743904,0.68,0.0,0.31999999999999995,1.3146694164745847,ok
D5_max_coverage_union,M3GNet,common_pool,300,300,31873,185,0.6166666666666667,0.011221642605847385,0.6166666666666667,0.0,0.3833333333333333,1.1922247159205792,ok
D5_max_coverage_union,M3GNet,common_pool,500,500,31873,299,0.598,0.018136600752153342,0.598,0.0,0.402,1.156135751546767,ok
D5_max_coverage_union,M3GNet,common_pool,1000,1000,31873,553,0.553,0.03354361276234381,0.553,0.0,0.44699999999999995,1.0691355695741842,ok
D5_max_coverage_union,M3GNet,common_pool,5000,5000,31873,2520,0.504,0.15285696954992115,0.504,0.0,0.496,0.9744020380929274,ok
D5_max_coverage_union,M3GNet,common_pool,10000,10000,31873,4842,0.4842,0.29370374863520565,0.4842,0.0,0.5158,0.936121958024991,ok
D5_max_coverage_union,M3GNet,source_union,100,0,0,0,,,,,,,not_evaluable_full_source_union_incomplete
D5_max_coverage_union,M3GNet,source_union,300,0,0,0,,,,,,,not_evaluable_full_source_union_incomplete
D5_max_coverage_union,M3GNet,source_union,500,0,0,0,,,,,,,not_evaluable_full_source_union_incomplete
D5_max_coverage_union,M3GNet,source_union,1000,0,0,0,,,,,,,not_evaluable_full_source_union_incomplete
D5_max_coverage_union,M3GNet,source_union,5000,0,0,0,,,,,,,not_evaluable_full_source_union_incomplete
D5_max_coverage_union,M3GNet,source_union,10000,0,0,0,,,,,,,not_evaluable_full_source_union_incomplete
D5_max_coverage_union,M3GNet,consensus,100,100,24615,50,0.5,0.005270369979972594,0.5,0.0,0.5,1.297301570570254,ok
D5_max_coverage_union,M3GNet,consensus,300,300,24615,135,0.45,0.014229998945926005,0.45,0.0,0.55,1.1675714135132287,ok
D5_max_coverage_union,M3GNet,consensus,500,500,24615,212,0.424,0.0223463687150838,0.424,0.0,0.5760000000000001,1.1001117318435754,ok
D5_max_coverage_union,M3GNet,consensus,1000,1000,24615,413,0.413,0.04353325603457363,0.413,0.0,0.587,1.0715710972910297,ok
D5_max_coverage_union,M3GNet,consensus,5000,5000,24615,1799,0.3598,0.18962791187941394,0.3598,0.0,0.6402,0.9335382101823548,ok
D5_max_coverage_union,M3GNet,consensus,10000,10000,24615,3552,0.3552,0.3744070833772531,0.3552,0.0,0.6448,0.9216030357331085,ok
D5_max_coverage_union,M3GNet,uncertain,100,100,36802,39,0.39,0.0032001312874374334,0.39,0.39,0.61,1.1777123164027241,uncertainty_indicator_not_primary_stability_metric
D5_max_coverage_union,M3GNet,uncertain,300,300,36802,113,0.37666666666666665,0.009272175268728974,0.37666666666666665,0.37666666666666665,0.6233333333333333,1.137448647465879,uncertainty_indicator_not_primary_stability_metric
D5_max_coverage_union,M3GNet,uncertain,500,500,36802,176,0.352,0.014441618117666366,0.352,0.352,0.648,1.0629608599327152,uncertainty_indicator_not_primary_stability_metric
D5_max_coverage_union,M3GNet,uncertain,1000,1000,36802,342,0.342,0.028062689751374416,0.342,0.342,0.6579999999999999,1.0327631082300812,uncertainty_indicator_not_primary_stability_metric
D5_max_coverage_union,M3GNet,uncertain,5000,5000,36802,1643,0.3286,0.13481578731435137,0.3286,0.3286,0.6714,0.9922981209485517,uncertainty_indicator_not_primary_stability_metric
D5_max_coverage_union,M3GNet,uncertain,10000,10000,36802,3134,0.3134,0.2571592680725363,0.3134,0.3134,0.6866,0.9463975383605481,uncertainty_indicator_not_primary_stability_metric
D5_max_coverage_union,M3GNet,audit_view,100,100,36802,31,0.31,0.0032676293875830084,0.31,0.39,0.69,1.2025529672182986,ok
D5_max_coverage_union,M3GNet,audit_view,300,300,36802,86,0.2866666666666667,0.009065036365552863,0.2866666666666667,0.37666666666666665,0.7133333333333334,1.1120382277502547,ok
D5_max_coverage_union,M3GNet,audit_view,500,500,36802,146,0.292,0.015389480341519974,0.292,0.352,0.708,1.132727311057236,ok
D5_max_coverage_union,M3GNet,audit_view,1000,1000,36802,279,0.279,0.029408664488247076,0.279,0.342,0.721,1.0822976704964689,ok
D5_max_coverage_union,M3GNet,audit_view,5000,5000,36802,1245,0.249,0.13123221250131759,0.249,0.3286,0.751,0.9659215768946979,ok
D5_max_coverage_union,M3GNet,audit_view,10000,10000,36802,2398,0.2398,0.2527669442394856,0.2398,0.3134,0.7602,0.9302329081901549,ok
D5_max_coverage_union,MACE-MP,mp_native,100,100,36802,61,0.61,0.004057469735266729,0.61,0.0,0.39,1.4932300119728614,ok
D5_max_coverage_union,MACE-MP,mp_native,300,300,36802,168,0.56,0.011174670746308367,0.56,0.0,0.43999999999999995,1.3708341093521352,ok
D5_max_coverage_union,MACE-MP,mp_native,500,500,36802,265,0.53,0.017626712784355462,0.53,0.0,0.47,1.2973965677796995,ok
D5_max_coverage_union,MACE-MP,mp_native,1000,1000,36802,465,0.465,0.030929892244246374,0.465,0.0,0.5349999999999999,1.138281894372755,ok
D5_max_coverage_union,MACE-MP,mp_native,5000,5000,36802,2044,0.4088,0.13595849408008515,0.4088,0.0,0.5912,1.0007088998270586,ok
D5_max_coverage_union,MACE-MP,mp_native,10000,10000,36802,3818,0.3818,0.25395769588931755,0.3818,0.0,0.6182000000000001,0.9346151124118663,ok
D5_max_coverage_union,MACE-MP,alexmp20_native,100,100,36802,42,0.42,0.003157894736842105,0.42,0.0,0.5800000000000001,1.1621684210526315,ok
D5_max_coverage_union,MACE-MP,alexmp20_native,300,300,36802,124,0.41333333333333333,0.009323308270676692,0.41333333333333333,0.0,0.5866666666666667,1.1437213032581455,ok
D5_max_coverage_union,MACE-MP,alexmp20_native,500,500,36802,205,0.41,0.015413533834586466,0.41,0.0,0.5900000000000001,1.1344977443609023,ok
D5_max_coverage_union,MACE-MP,alexmp20_native,1000,1000,36802,385,0.385,0.02894736842105263,0.385,0.0,0.615,1.065321052631579,ok
D5_max_coverage_union,MACE-MP,alexmp20_native,5000,5000,36802,1806,0.3612,0.13578947368421052,0.3612,0.0,0.6388,0.9994648421052633,ok
D5_max_coverage_union,MACE-MP,alexmp20_native,10000,10000,36802,3436,0.3436,0.25834586466165416,0.3436,0.0,0.6564,0.9507644511278196,ok
D5_max_coverage_union,MACE-MP,alex_pbe_native,100,100,36802,37,0.37,0.0030387647831800263,0.37,0.0,0.63,1.1183262155059133,ok
D5_max_coverage_union,MACE-MP,alex_pbe_native,300,300,36802,106,0.35333333333333333,0.008705650459921156,0.35333333333333333,0.0,0.6466666666666667,1.0679511607533947,ok
D5_max_coverage_union,MACE-MP,alex_pbe_native,500,500,36802,177,0.354,0.014536793692509856,0.354,0.0,0.646,1.0699661629434953,ok
D5_max_coverage_union,MACE-MP,alex_pbe_native,1000,1000,36802,337,0.337,0.027677398160315374,0.337,0.0,0.663,1.0185836070959264,ok
D5_max_coverage_union,MACE-MP,alex_pbe_native,5000,5000,36802,1653,0.3306,0.13575886990801578,0.3306,0.0,0.6694,0.9992395860709592,ok
D5_max_coverage_union,MACE-MP,alex_pbe_native,10000,10000,36802,3164,0.3164,0.25985545335085414,0.3164,0.0,0.6836,0.9563200394218134,ok
D5_max_coverage_union,MACE-MP,common_pool,100,100,31873,71,0.71,0.004306684459541429,0.71,0.0,0.29000000000000004,1.3726695377896396,ok
D5_max_coverage_union,MACE-MP,common_pool,300,300,31873,191,0.6366666666666667,0.011585587771442436,0.6366666666666667,0.0,0.3633333333333333,1.2308914634639494,ok
D5_max_coverage_union,MACE-MP,common_pool,500,500,31873,308,0.616,0.01868251850054592,0.616,0.0,0.384,1.1909358243358001,ok
D5_max_coverage_union,MACE-MP,common_pool,1000,1000,31873,565,0.565,0.034271503093533905,0.565,0.0,0.43500000000000005,1.0923356181002062,ok
D5_max_coverage_union,MACE-MP,common_pool,5000,5000,31873,2631,0.5262,0.15958995511342958,0.5262,0.0,0.4738,1.0173221278660682,ok
D5_max_coverage_union,MACE-MP,common_pool,10000,10000,31873,5006,0.5006,0.30365158316147034,0.5006,0.0,0.49939999999999996,0.9678286910105546,ok
D5_max_coverage_union,MACE-MP,source_union,100,0,0,0,,,,,,,not_evaluable_full_source_union_incomplete
D5_max_coverage_union,MACE-MP,source_union,300,0,0,0,,,,,,,not_evaluable_full_source_union_incomplete
D5_max_coverage_union,MACE-MP,source_union,500,0,0,0,,,,,,,not_evaluable_full_source_union_incomplete
D5_max_coverage_union,MACE-MP,source_union,1000,0,0,0,,,,,,,not_evaluable_full_source_union_incomplete
D5_max_coverage_union,MACE-MP,source_union,5000,0,0,0,,,,,,,not_evaluable_full_source_union_incomplete
D5_max_coverage_union,MACE-MP,source_union,10000,0,0,0,,,,,,,not_evaluable_full_source_union_incomplete
D5_max_coverage_union,MACE-MP,consensus,100,100,24615,57,0.57,0.0060082217771687575,0.57,0.0,0.43000000000000005,1.4789237904500896,ok
D5_max_coverage_union,MACE-MP,consensus,300,300,24615,142,0.47333333333333333,0.014967850743122168,0.47333333333333333,0.0,0.5266666666666666,1.2281121534731738,ok
D5_max_coverage_union,MACE-MP,consensus,500,500,24615,221,0.442,0.023295035311478866,0.442,0.0,0.558,1.1468145883841045,ok
D5_max_coverage_union,MACE-MP,consensus,1000,1000,24615,410,0.41,0.04321703383577527,0.41,0.0,0.5900000000000001,1.0637872878676082,ok
D5_max_coverage_union,MACE-MP,consensus,5000,5000,24615,1911,0.3822,0.20143354063455254,0.3822,0.0,0.6178,0.9916573205439021,ok
D5_max_coverage_union,MACE-MP,consensus,10000,10000,24615,3629,0.3629,0.3825234531464109,0.3629,0.0,0.6371,0.9415814799198904,ok
D5_max_coverage_union,MACE-MP,uncertain,100,100,36802,39,0.39,0.0032001312874374334,0.39,0.39,0.61,1.1777123164027241,uncertainty_indicator_not_primary_stability_metric
D5_max_coverage_union,MACE-MP,uncertain,300,300,36802,118,0.3933333333333333,0.009682448510708132,0.3933333333333333,0.3933333333333333,0.6066666666666667,1.1877782336369354,uncertainty_indicator_not_primary_stability_metric
D5_max_coverage_union,MACE-MP,uncertain,500,500,36802,178,0.356,0.01460572741445803,0.356,0.356,0.644,1.0750399606137686,uncertainty_indicator_not_primary_stability_metric
D5_max_coverage_union,MACE-MP,uncertain,1000,1000,36802,354,0.354,0.029047345532124395,0.354,0.354,0.646,1.0690004102732418,uncertainty_indicator_not_primary_stability_metric
D5_max_coverage_union,MACE-MP,uncertain,5000,5000,36802,1609,0.3218,0.1320259292688931,0.3218,0.3218,0.6782,0.9717636497907606,uncertainty_indicator_not_primary_stability_metric
D5_max_coverage_union,MACE-MP,uncertain,10000,10000,36802,3198,0.3198,0.26241076556986953,0.3198,0.3198,0.6802,0.9657240994502337,uncertainty_indicator_not_primary_stability_metric
D5_max_coverage_union,MACE-MP,audit_view,100,100,36802,34,0.34,0.003583851586381364,0.34,0.39,0.6599999999999999,1.3189290608200697,ok
D5_max_coverage_union,MACE-MP,audit_view,300,300,36802,91,0.30333333333333334,0.009592073363550122,0.30333333333333334,0.3933333333333333,0.6966666666666667,1.176691613084572,ok
D5_max_coverage_union,MACE-MP,audit_view,500,500,36802,152,0.304,0.016021924739116684,0.304,0.356,0.696,1.1792777484979444,ok
D5_max_coverage_union,MACE-MP,audit_view,1000,1000,36802,277,0.277,0.02919784968904817,0.277,0.354,0.723,1.074539264256351,ok
D5_max_coverage_union,MACE-MP,audit_view,5000,5000,36802,1344,0.2688,0.14166754506166332,0.2688,0.3218,0.7312000000000001,1.0427297986718667,ok
D5_max_coverage_union,MACE-MP,audit_view,10000,10000,36802,2517,0.2517,0.2653104247918204,0.2517,0.3198,0.7483,0.9763954253188573,ok
D5_max_coverage_union,MP_common_pool_public_hull_rank,mp_native,100,100,36770,55,0.55,0.0036603221083455345,0.55,0.0,0.44999999999999996,1.345900439238653,ok
D5_max_coverage_union,MP_common_pool_public_hull_rank,mp_native,300,300,36770,197,0.6566666666666666,0.013110608278983096,0.6566666666666666,0.0,0.3433333333333334,1.6069235547273615,ok
D5_max_coverage_union,MP_common_pool_public_hull_rank,mp_native,500,500,36770,344,0.688,0.022893651004924798,0.688,0.0,0.31200000000000006,1.6835990949021695,ok
D5_max_coverage_union,MP_common_pool_public_hull_rank,mp_native,1000,1000,36770,736,0.736,0.048981764940769335,0.736,0.0,0.264,1.8010594968720883,ok
D5_max_coverage_union,MP_common_pool_public_hull_rank,mp_native,5000,5000,36770,3816,0.7632,0.25395980300811927,0.7632,0.0,0.2368,1.867620391321709,ok
D5_max_coverage_union,MP_common_pool_public_hull_rank,mp_native,10000,10000,36770,7444,0.7444,0.4954079595368029,0.7444,0.0,0.25560000000000005,1.821615067216824,ok
D5_max_coverage_union,MP_common_pool_public_hull_rank,alexmp20_native,100,100,36770,46,0.46,0.0034607282575985555,0.46,0.0,0.54,1.2725097803189889,ok
D5_max_coverage_union,MP_common_pool_public_hull_rank,alexmp20_native,300,300,36770,169,0.5633333333333334,0.012714414685525128,0.5633333333333334,0.0,0.43666666666666665,1.55836342662253,ok
D5_max_coverage_union,MP_common_pool_public_hull_rank,alexmp20_native,500,500,36770,283,0.566,0.021291002106530243,0.566,0.0,0.43400000000000005,1.5657402949142338,ok
D5_max_coverage_union,MP_common_pool_public_hull_rank,alexmp20_native,1000,1000,36770,624,0.624,0.046945531146554316,0.624,0.0,0.376,1.7261871802588022,ok
D5_max_coverage_union,MP_common_pool_public_hull_rank,alexmp20_native,5000,5000,36770,3231,0.6462,0.2430785434848029,0.6462,0.0,0.3538,1.7875996087872403,ok
D5_max_coverage_union,MP_common_pool_public_hull_rank,alexmp20_native,10000,10000,36770,6418,0.6418,0.48284682515798977,0.6418,0.0,0.35819999999999996,1.7754277761059285,ok
D5_max_coverage_union,MP_common_pool_public_hull_rank,alex_pbe_native,100,100,36770,40,0.4,0.0032875811621599408,0.4,0.0,0.6,1.2088435933262103,ok
D5_max_coverage_union,MP_common_pool_public_hull_rank,alex_pbe_native,300,300,36770,153,0.51,0.012574997945261774,0.51,0.0,0.49,1.541275581490918,ok
D5_max_coverage_union,MP_common_pool_public_hull_rank,alex_pbe_native,500,500,36770,253,0.506,0.020793950850661626,0.506,0.0,0.494,1.529187145557656,ok
D5_max_coverage_union,MP_common_pool_public_hull_rank,alex_pbe_native,1000,1000,36770,557,0.557,0.04577956768307718,0.557,0.0,0.44299999999999995,1.683314703706748,ok
D5_max_coverage_union,MP_common_pool_public_hull_rank,alex_pbe_native,5000,5000,36770,2861,0.5722,0.23514424262348976,0.5722,0.0,0.42779999999999996,1.729250760253144,ok
D5_max_coverage_union,MP_common_pool_public_hull_rank,alex_pbe_native,10000,10000,36770,5619,0.5619,0.46182296375441767,0.5619,0.0,0.43810000000000004,1.6981230377249936,ok
D5_max_coverage_union,MP_common_pool_public_hull_rank,common_pool,100,100,31873,100,1.0,0.006065752759917505,1.0,0.0,0.0,1.9333373771685067,ok
D5_max_coverage_union,MP_common_pool_public_hull_rank,common_pool,300,300,31873,300,1.0,0.018197258279752517,1.0,0.0,0.0,1.9333373771685067,ok
D5_max_coverage_union,MP_common_pool_public_hull_rank,common_pool,500,500,31873,500,1.0,0.03032876379958753,1.0,0.0,0.0,1.9333373771685067,ok
D5_max_coverage_union,MP_common_pool_public_hull_rank,common_pool,1000,1000,31873,1000,1.0,0.06065752759917506,1.0,0.0,0.0,1.9333373771685067,ok
D5_max_coverage_union,MP_common_pool_public_hull_rank,common_pool,5000,5000,31873,5000,1.0,0.30328763799587527,1.0,0.0,0.0,1.9333373771685067,ok
D5_max_coverage_union,MP_common_pool_public_hull_rank,common_pool,10000,10000,31873,10000,1.0,0.6065752759917505,1.0,0.0,0.0,1.9333373771685067,ok
D5_max_coverage_union,MP_common_pool_public_hull_rank,source_union,100,0,0,0,,,,,,,not_evaluable_full_source_union_incomplete
D5_max_coverage_union,MP_common_pool_public_hull_rank,source_union,300,0,0,0,,,,,,,not_evaluable_full_source_union_incomplete
D5_max_coverage_union,MP_common_pool_public_hull_rank,source_union,500,0,0,0,,,,,,,not_evaluable_full_source_union_incomplete
D5_max_coverage_union,MP_common_pool_public_hull_rank,source_union,1000,0,0,0,,,,,,,not_evaluable_full_source_union_incomplete
D5_max_coverage_union,MP_common_pool_public_hull_rank,source_union,5000,0,0,0,,,,,,,not_evaluable_full_source_union_incomplete
D5_max_coverage_union,MP_common_pool_public_hull_rank,source_union,10000,0,0,0,,,,,,,not_evaluable_full_source_union_incomplete
D5_max_coverage_union,MP_common_pool_public_hull_rank,consensus,100,100,24615,100,1.0,0.010540739959945188,1.0,0.0,0.0,2.594603141140508,ok
D5_max_coverage_union,MP_common_pool_public_hull_rank,consensus,300,300,24615,300,1.0,0.031622219879835566,1.0,0.0,0.0,2.594603141140508,ok
D5_max_coverage_union,MP_common_pool_public_hull_rank,consensus,500,500,24615,500,1.0,0.05270369979972594,1.0,0.0,0.0,2.594603141140508,ok
D5_max_coverage_union,MP_common_pool_public_hull_rank,consensus,1000,1000,24615,1000,1.0,0.10540739959945188,1.0,0.0,0.0,2.594603141140508,ok
D5_max_coverage_union,MP_common_pool_public_hull_rank,consensus,5000,5000,24615,5000,1.0,0.5270369979972594,1.0,0.0,0.0,2.594603141140508,ok
D5_max_coverage_union,MP_common_pool_public_hull_rank,consensus,10000,10000,24615,9487,0.9487,1.0,0.9487,0.0,0.05130000000000001,2.4615,ok
D5_max_coverage_union,MP_common_pool_public_hull_rank,uncertain,100,100,36770,69,0.69,0.005676676264911559,0.69,0.69,0.31000000000000005,2.08731386260798,uncertainty_indicator_not_primary_stability_metric
D5_max_coverage_union,MP_common_pool_public_hull_rank,uncertain,300,300,36770,169,0.5633333333333334,0.013903743315508022,0.5633333333333334,0.5633333333333334,0.43666666666666665,1.7041354723707667,uncertainty_indicator_not_primary_stability_metric
D5_max_coverage_union,MP_common_pool_public_hull_rank,uncertain,500,500,36770,285,0.57,0.023447141094199916,0.57,0.57,0.43000000000000005,1.7243027560674618,uncertainty_indicator_not_primary_stability_metric
D5_max_coverage_union,MP_common_pool_public_hull_rank,uncertain,1000,1000,36770,507,0.507,0.04171122994652406,0.507,0.507,0.493,1.53372192513369,uncertainty_indicator_not_primary_stability_metric
D5_max_coverage_union,MP_common_pool_public_hull_rank,uncertain,5000,5000,36770,2377,0.4754,0.1955573837926779,0.4754,0.4754,0.5246,1.4381290004113534,uncertainty_indicator_not_primary_stability_metric
D5_max_coverage_union,MP_common_pool_public_hull_rank,uncertain,10000,10000,36770,4888,0.4888,0.4021390374331551,0.4888,0.4888,0.5112,1.4786652406417113,uncertainty_indicator_not_primary_stability_metric
D5_max_coverage_union,MP_common_pool_public_hull_rank,audit_view,100,100,36770,31,0.31,0.0032676293875830084,0.31,0.69,0.69,1.201507325814272,ok
D5_max_coverage_union,MP_common_pool_public_hull_rank,audit_view,300,300,36770,131,0.43666666666666665,0.013808369347528196,0.43666666666666665,0.5633333333333334,0.5633333333333334,1.692445803028706,ok
D5_max_coverage_union,MP_common_pool_public_hull_rank,audit_view,500,500,36770,215,0.43,0.022662590913882154,0.43,0.57,0.5700000000000001,1.6666069358068936,ok
D5_max_coverage_union,MP_common_pool_public_hull_rank,audit_view,1000,1000,36770,493,0.493,0.05196584800252978,0.493,0.507,0.507,1.9107842310530199,ok
D5_max_coverage_union,MP_common_pool_public_hull_rank,audit_view,5000,5000,36770,2623,0.5246,0.27648360914936226,0.5246,0.4754,0.47540000000000004,2.03326046168441,ok
D5_max_coverage_union,MP_common_pool_public_hull_rank,audit_view,10000,10000,36770,5112,0.5112,0.538842626752398,0.5112,0.4888,0.4888,1.9813243385685675,ok
D5_max_coverage_union,MP_source_native_public_hull_rank,mp_native,100,100,36802,100,1.0,0.006651589729945457,1.0,0.0,0.0,2.447918052414527,ok
D5_max_coverage_union,MP_source_native_public_hull_rank,mp_native,300,300,36802,300,1.0,0.01995476918983637,1.0,0.0,0.0,2.447918052414527,ok
D5_max_coverage_union,MP_source_native_public_hull_rank,mp_native,500,500,36802,500,1.0,0.03325794864972728,1.0,0.0,0.0,2.447918052414527,ok
D5_max_coverage_union,MP_source_native_public_hull_rank,mp_native,1000,1000,36802,1000,1.0,0.06651589729945456,1.0,0.0,0.0,2.447918052414527,ok
D5_max_coverage_union,MP_source_native_public_hull_rank,mp_native,5000,5000,36802,5000,1.0,0.33257948649727287,1.0,0.0,0.0,2.447918052414527,ok
D5_max_coverage_union,MP_source_native_public_hull_rank,mp_native,10000,10000,36802,10000,1.0,0.6651589729945457,1.0,0.0,0.0,2.447918052414527,ok
D5_max_coverage_union,MP_source_native_public_hull_rank,alexmp20_native,100,100,36802,86,0.86,0.006466165413533834,0.86,0.0,0.14,2.379678195488722,ok
D5_max_coverage_union,MP_source_native_public_hull_rank,alexmp20_native,300,300,36802,258,0.86,0.019398496240601505,0.86,0.0,0.14,2.379678195488722,ok
D5_max_coverage_union,MP_source_native_public_hull_rank,alexmp20_native,500,500,36802,428,0.856,0.032180451127819545,0.856,0.0,0.14400000000000002,2.3686099248120303,ok
D5_max_coverage_union,MP_source_native_public_hull_rank,alexmp20_native,1000,1000,36802,864,0.864,0.0649624060150376,0.864,0.0,0.136,2.3907464661654134,ok
D5_max_coverage_union,MP_source_native_public_hull_rank,alexmp20_native,5000,5000,36802,4033,0.8066,0.3032330827067669,0.8066,0.0,0.19340000000000002,2.231916781954887,ok
D5_max_coverage_union,MP_source_native_public_hull_rank,alexmp20_native,10000,10000,36802,8082,0.8082,0.6076691729323308,0.8082,0.0,0.19179999999999997,2.2363440902255642,ok
D5_max_coverage_union,MP_source_native_public_hull_rank,alex_pbe_native,100,100,36802,73,0.73,0.005995400788436268,0.73,0.0,0.27,2.206427398160315,ok
D5_max_coverage_union,MP_source_native_public_hull_rank,alex_pbe_native,300,300,36802,235,0.7833333333333333,0.019300262812089356,0.7833333333333333,0.0,0.21666666666666667,2.3676275733683747,ok
D5_max_coverage_union,MP_source_native_public_hull_rank,alex_pbe_native,500,500,36802,386,0.772,0.03170170827858081,0.772,0.0,0.22799999999999998,2.3333725361366624,ok
D5_max_coverage_union,MP_source_native_public_hull_rank,alex_pbe_native,1000,1000,36802,779,0.779,0.06397831800262813,0.779,0.0,0.22099999999999997,2.35453005913272,ok
D5_max_coverage_union,MP_source_native_public_hull_rank,alex_pbe_native,5000,5000,36802,3614,0.7228,0.29681340341655715,0.7228,0.0,0.2772,2.1846653745072273,ok
D5_max_coverage_union,MP_source_native_public_hull_rank,alex_pbe_native,10000,10000,36802,7186,0.7186,0.5901773981603153,0.7186,0.0,0.2814,2.1719708607095924,ok
D5_max_coverage_union,MP_source_native_public_hull_rank,common_pool,100,100,31873,100,1.0,0.006065752759917505,1.0,0.0,0.0,1.9333373771685067,ok
D5_max_coverage_union,MP_source_native_public_hull_rank,common_pool,300,300,31873,296,0.9866666666666667,0.017954628169355818,0.9866666666666667,0.0,0.013333333333333308,1.9075595454729266,ok
D5_max_coverage_union,MP_source_native_public_hull_rank,common_pool,500,500,31873,488,0.976,0.029600873468397428,0.976,0.0,0.02400000000000002,1.8869372801164626,ok
D5_max_coverage_union,MP_source_native_public_hull_rank,common_pool,1000,1000,31873,987,0.987,0.05986897974038578,0.987,0.0,0.013000000000000012,1.9082039912653161,ok
D5_max_coverage_union,MP_source_native_public_hull_rank,common_pool,5000,5000,31873,4950,0.99,0.3002547616159165,0.99,0.0,0.010000000000000009,1.9140040033968215,ok
D5_max_coverage_union,MP_source_native_public_hull_rank,common_pool,10000,10000,31873,9925,0.9925,0.6020259614218124,0.9925,0.0,0.007499999999999951,1.918837346839743,ok
D5_max_coverage_union,MP_source_native_public_hull_rank,source_union,100,0,0,0,,,,,,,not_evaluable_full_source_union_incomplete
D5_max_coverage_union,MP_source_native_public_hull_rank,source_union,300,0,0,0,,,,,,,not_evaluable_full_source_union_incomplete
D5_max_coverage_union,MP_source_native_public_hull_rank,source_union,500,0,0,0,,,,,,,not_evaluable_full_source_union_incomplete
D5_max_coverage_union,MP_source_native_public_hull_rank,source_union,1000,0,0,0,,,,,,,not_evaluable_full_source_union_incomplete
D5_max_coverage_union,MP_source_native_public_hull_rank,source_union,5000,0,0,0,,,,,,,not_evaluable_full_source_union_incomplete
D5_max_coverage_union,MP_source_native_public_hull_rank,source_union,10000,0,0,0,,,,,,,not_evaluable_full_source_union_incomplete
D5_max_coverage_union,MP_source_native_public_hull_rank,consensus,100,100,24615,100,1.0,0.010540739959945188,1.0,0.0,0.0,2.594603141140508,ok
D5_max_coverage_union,MP_source_native_public_hull_rank,consensus,300,300,24615,300,1.0,0.031622219879835566,1.0,0.0,0.0,2.594603141140508,ok
D5_max_coverage_union,MP_source_native_public_hull_rank,consensus,500,500,24615,500,1.0,0.05270369979972594,1.0,0.0,0.0,2.594603141140508,ok
D5_max_coverage_union,MP_source_native_public_hull_rank,consensus,1000,1000,24615,1000,1.0,0.10540739959945188,1.0,0.0,0.0,2.594603141140508,ok
D5_max_coverage_union,MP_source_native_public_hull_rank,consensus,5000,5000,24615,5000,1.0,0.5270369979972594,1.0,0.0,0.0,2.594603141140508,ok
D5_max_coverage_union,MP_source_native_public_hull_rank,consensus,10000,10000,24615,9487,0.9487,1.0,0.9487,0.0,0.05130000000000001,2.4615,ok
D5_max_coverage_union,MP_source_native_public_hull_rank,uncertain,100,100,36802,32,0.32,0.002625748748666612,0.32,0.32,0.6799999999999999,0.9663280544842865,uncertainty_indicator_not_primary_stability_metric
D5_max_coverage_union,MP_source_native_public_hull_rank,uncertain,300,300,36802,95,0.31666666666666665,0.007795191597604004,0.31666666666666665,0.31666666666666665,0.6833333333333333,0.9562621372500751,uncertainty_indicator_not_primary_stability_metric
D5_max_coverage_union,MP_source_native_public_hull_rank,uncertain,500,500,36802,161,0.322,0.013210798391728892,0.322,0.322,0.6779999999999999,0.9723676048248133,uncertainty_indicator_not_primary_stability_metric
D5_max_coverage_union,MP_source_native_public_hull_rank,uncertain,1000,1000,36802,304,0.304,0.024944613112332814,0.304,0.304,0.696,0.9180116517600722,uncertainty_indicator_not_primary_stability_metric
D5_max_coverage_union,MP_source_native_public_hull_rank,uncertain,5000,5000,36802,1890,0.378,0.15508328546812178,0.378,0.378,0.622,1.1414750143595633,uncertainty_indicator_not_primary_stability_metric
D5_max_coverage_union,MP_source_native_public_hull_rank,uncertain,10000,10000,36802,3711,0.3711,0.30450480019693116,0.3711,0.3711,0.6289,1.120638565684746,uncertainty_indicator_not_primary_stability_metric
D5_max_coverage_union,MP_source_native_public_hull_rank,audit_view,100,100,36802,68,0.68,0.007167703172762728,0.68,0.32,0.31999999999999995,2.6378581216401393,ok
D5_max_coverage_union,MP_source_native_public_hull_rank,audit_view,300,300,36802,205,0.6833333333333333,0.021608516917887635,0.6833333333333333,0.31666666666666665,0.31666666666666665,2.6507887987070027,ok
D5_max_coverage_union,MP_source_native_public_hull_rank,audit_view,500,500,36802,339,0.678,0.03573310846421419,0.678,0.322,0.32199999999999995,2.630099715400021,ok
D5_max_coverage_union,MP_source_native_public_hull_rank,audit_view,1000,1000,36802,696,0.696,0.07336355012121851,0.696,0.304,0.30400000000000005,2.699925371561083,ok
D5_max_coverage_union,MP_source_native_public_hull_rank,audit_view,5000,5000,36802,3110,0.622,0.32781701275429537,0.622,0.378,0.378,2.4128643406767156,ok
D5_max_coverage_union,MP_source_native_public_hull_rank,audit_view,10000,10000,36802,6289,0.6289,0.6629071360809529,0.6289,0.3711,0.3711,2.4396308422051227,ok
D5_max_coverage_union,MatterGen_alex_mp20_source_native_public_hull_rank,mp_native,100,100,36802,92,0.92,0.0061194625515498206,0.92,0.0,0.07999999999999996,2.252084608221365,ok
D5_max_coverage_union,MatterGen_alex_mp20_source_native_public_hull_rank,mp_native,300,300,36802,280,0.9333333333333333,0.01862445124384728,0.9333333333333333,0.0,0.06666666666666665,2.284723515586892,ok
D5_max_coverage_union,MatterGen_alex_mp20_source_native_public_hull_rank,mp_native,500,500,36802,464,0.928,0.03086337634694692,0.928,0.0,0.07199999999999995,2.2716679526406813,ok
D5_max_coverage_union,MatterGen_alex_mp20_source_native_public_hull_rank,mp_native,1000,1000,36802,926,0.926,0.061593720899294935,0.926,0.0,0.07399999999999995,2.266772116535852,ok
D5_max_coverage_union,MatterGen_alex_mp20_source_native_public_hull_rank,mp_native,5000,5000,36802,4499,0.8998,0.2992550219502461,0.8998,0.0,0.10019999999999996,2.2026366635625916,ok
D5_max_coverage_union,MatterGen_alex_mp20_source_native_public_hull_rank,mp_native,10000,10000,36802,9094,0.9094,0.6048955700412398,0.9094,0.0,0.09060000000000001,2.226136676865771,ok
D5_max_coverage_union,MatterGen_alex_mp20_source_native_public_hull_rank,alexmp20_native,100,100,36802,100,1.0,0.007518796992481203,1.0,0.0,0.0,2.7670676691729326,ok
D5_max_coverage_union,MatterGen_alex_mp20_source_native_public_hull_rank,alexmp20_native,300,300,36802,300,1.0,0.022556390977443608,1.0,0.0,0.0,2.7670676691729326,ok
D5_max_coverage_union,MatterGen_alex_mp20_source_native_public_hull_rank,alexmp20_native,500,500,36802,500,1.0,0.03759398496240601,1.0,0.0,0.0,2.7670676691729326,ok
D5_max_coverage_union,MatterGen_alex_mp20_source_native_public_hull_rank,alexmp20_native,1000,1000,36802,1000,1.0,0.07518796992481203,1.0,0.0,0.0,2.7670676691729326,ok
D5_max_coverage_union,MatterGen_alex_mp20_source_native_public_hull_rank,alexmp20_native,5000,5000,36802,5000,1.0,0.37593984962406013,1.0,0.0,0.0,2.7670676691729326,ok
D5_max_coverage_union,MatterGen_alex_mp20_source_native_public_hull_rank,alexmp20_native,10000,10000,36802,10000,1.0,0.7518796992481203,1.0,0.0,0.0,2.7670676691729326,ok
D5_max_coverage_union,MatterGen_alex_mp20_source_native_public_hull_rank,alex_pbe_native,100,100,36802,82,0.82,0.006734559789750329,0.82,0.0,0.18000000000000005,2.4784526938239155,ok
D5_max_coverage_union,MatterGen_alex_mp20_source_native_public_hull_rank,alex_pbe_native,300,300,36802,257,0.8566666666666667,0.021107095926412616,0.8566666666666667,0.0,0.1433333333333333,2.589277814279457,ok
D5_max_coverage_union,MatterGen_alex_mp20_source_native_public_hull_rank,alex_pbe_native,500,500,36802,426,0.852,0.03498685939553219,0.852,0.0,0.14800000000000002,2.5751727989487514,ok
D5_max_coverage_union,MatterGen_alex_mp20_source_native_public_hull_rank,alex_pbe_native,1000,1000,36802,855,0.855,0.07022010512483574,0.855,0.0,0.14500000000000002,2.5842403088042047,ok
D5_max_coverage_union,MatterGen_alex_mp20_source_native_public_hull_rank,alex_pbe_native,5000,5000,36802,4000,0.8,0.328515111695138,0.8,0.0,0.19999999999999996,2.4180026281208935,ok
D5_max_coverage_union,MatterGen_alex_mp20_source_native_public_hull_rank,alex_pbe_native,10000,10000,36802,8154,0.8154,0.6696780551905388,0.8154,0.0,0.1846,2.464549178712221,ok
D5_max_coverage_union,MatterGen_alex_mp20_source_native_public_hull_rank,common_pool,100,100,31873,98,0.98,0.005944437704719156,0.98,0.0,0.020000000000000018,1.8946706296251365,ok
D5_max_coverage_union,MatterGen_alex_mp20_source_native_public_hull_rank,common_pool,300,300,31873,294,0.98,0.017833313114157468,0.98,0.0,0.020000000000000018,1.8946706296251365,ok
D5_max_coverage_union,MatterGen_alex_mp20_source_native_public_hull_rank,common_pool,500,500,31873,492,0.984,0.029843503578794128,0.984,0.0,0.016000000000000014,1.9024039791338105,ok
D5_max_coverage_union,MatterGen_alex_mp20_source_native_public_hull_rank,common_pool,1000,1000,31873,986,0.986,0.059808322212786605,0.986,0.0,0.014000000000000012,1.9062706538881475,ok
D5_max_coverage_union,MatterGen_alex_mp20_source_native_public_hull_rank,common_pool,5000,5000,31873,4888,0.9776,0.2964939949047677,0.9776,0.0,0.022399999999999975,1.8900306199199322,ok
D5_max_coverage_union,MatterGen_alex_mp20_source_native_public_hull_rank,common_pool,10000,10000,31873,9838,0.9838,0.5967487565206843,0.9838,0.0,0.016199999999999992,1.902017311658377,ok
D5_max_coverage_union,MatterGen_alex_mp20_source_native_public_hull_rank,source_union,100,0,0,0,,,,,,,not_evaluable_full_source_union_incomplete
D5_max_coverage_union,MatterGen_alex_mp20_source_native_public_hull_rank,source_union,300,0,0,0,,,,,,,not_evaluable_full_source_union_incomplete
D5_max_coverage_union,MatterGen_alex_mp20_source_native_public_hull_rank,source_union,500,0,0,0,,,,,,,not_evaluable_full_source_union_incomplete
D5_max_coverage_union,MatterGen_alex_mp20_source_native_public_hull_rank,source_union,1000,0,0,0,,,,,,,not_evaluable_full_source_union_incomplete
D5_max_coverage_union,MatterGen_alex_mp20_source_native_public_hull_rank,source_union,5000,0,0,0,,,,,,,not_evaluable_full_source_union_incomplete
D5_max_coverage_union,MatterGen_alex_mp20_source_native_public_hull_rank,source_union,10000,0,0,0,,,,,,,not_evaluable_full_source_union_incomplete
D5_max_coverage_union,MatterGen_alex_mp20_source_native_public_hull_rank,consensus,100,100,24615,100,1.0,0.010540739959945188,1.0,0.0,0.0,2.594603141140508,ok
D5_max_coverage_union,MatterGen_alex_mp20_source_native_public_hull_rank,consensus,300,300,24615,300,1.0,0.031622219879835566,1.0,0.0,0.0,2.594603141140508,ok
D5_max_coverage_union,MatterGen_alex_mp20_source_native_public_hull_rank,consensus,500,500,24615,500,1.0,0.05270369979972594,1.0,0.0,0.0,2.594603141140508,ok
D5_max_coverage_union,MatterGen_alex_mp20_source_native_public_hull_rank,consensus,1000,1000,24615,1000,1.0,0.10540739959945188,1.0,0.0,0.0,2.594603141140508,ok
D5_max_coverage_union,MatterGen_alex_mp20_source_native_public_hull_rank,consensus,5000,5000,24615,5000,1.0,0.5270369979972594,1.0,0.0,0.0,2.594603141140508,ok
D5_max_coverage_union,MatterGen_alex_mp20_source_native_public_hull_rank,consensus,10000,10000,24615,9487,0.9487,1.0,0.9487,0.0,0.05130000000000001,2.4615,ok
D5_max_coverage_union,MatterGen_alex_mp20_source_native_public_hull_rank,uncertain,100,100,36802,26,0.26,0.0021334208582916223,0.26,0.26,0.74,0.7851415442684828,uncertainty_indicator_not_primary_stability_metric
D5_max_coverage_union,MatterGen_alex_mp20_source_native_public_hull_rank,uncertain,300,300,36802,80,0.26666666666666666,0.00656437187166653,0.26666666666666666,0.26666666666666666,0.7333333333333334,0.8052733787369054,uncertainty_indicator_not_primary_stability_metric
D5_max_coverage_union,MatterGen_alex_mp20_source_native_public_hull_rank,uncertain,500,500,36802,133,0.266,0.010913268236645606,0.266,0.266,0.734,0.8032601952900632,uncertainty_indicator_not_primary_stability_metric
D5_max_coverage_union,MatterGen_alex_mp20_source_native_public_hull_rank,uncertain,1000,1000,36802,254,0.254,0.020841880692541233,0.254,0.254,0.746,0.7670228932469024,uncertainty_indicator_not_primary_stability_metric
D5_max_coverage_union,MatterGen_alex_mp20_source_native_public_hull_rank,uncertain,5000,5000,36802,1616,0.3232,0.1326003118076639,0.3232,0.3232,0.6768000000000001,0.9759913350291293,uncertainty_indicator_not_primary_stability_metric
D5_max_coverage_union,MatterGen_alex_mp20_source_native_public_hull_rank,uncertain,10000,10000,36802,2834,0.2834,0.23254287355378683,0.2834,0.2834,0.7166,0.8558042832526461,uncertainty_indicator_not_primary_stability_metric
D5_max_coverage_union,MatterGen_alex_mp20_source_native_public_hull_rank,audit_view,100,100,36802,74,0.74,0.007800147570359439,0.74,0.26,0.26,2.8706103088436805,ok
D5_max_coverage_union,MatterGen_alex_mp20_source_native_public_hull_rank,audit_view,300,300,36802,220,0.7333333333333333,0.023189627911879413,0.7333333333333333,0.26666666666666666,0.2666666666666667,2.844748954709954,ok
D5_max_coverage_union,MatterGen_alex_mp20_source_native_public_hull_rank,audit_view,500,500,36802,367,0.734,0.03868451565299884,0.734,0.266,0.266,2.8473350901233263,ok
D5_max_coverage_union,MatterGen_alex_mp20_source_native_public_hull_rank,audit_view,1000,1000,36802,746,0.746,0.07863392010119111,0.746,0.254,0.254,2.8938855275640347,ok
D5_max_coverage_union,MatterGen_alex_mp20_source_native_public_hull_rank,audit_view,5000,5000,36802,3384,0.6768,0.3566986402445452,0.6768,0.3232,0.32320000000000004,2.62544467165595,ok
D5_max_coverage_union,MatterGen_alex_mp20_source_native_public_hull_rank,audit_view,10000,10000,36802,7166,0.7166,0.7553494255296722,0.7166,0.2834,0.2834,2.7798369558342997,ok
D5_max_coverage_union,consensus_oracle_proxy,mp_native,100,100,36802,100,1.0,0.006651589729945457,1.0,0.0,0.0,2.447918052414527,ok
D5_max_coverage_union,consensus_oracle_proxy,mp_native,300,300,36802,300,1.0,0.01995476918983637,1.0,0.0,0.0,2.447918052414527,ok
D5_max_coverage_union,consensus_oracle_proxy,mp_native,500,500,36802,500,1.0,0.03325794864972728,1.0,0.0,0.0,2.447918052414527,ok
D5_max_coverage_union,consensus_oracle_proxy,mp_native,1000,1000,36802,1000,1.0,0.06651589729945456,1.0,0.0,0.0,2.447918052414527,ok
D5_max_coverage_union,consensus_oracle_proxy,mp_native,5000,5000,36802,5000,1.0,0.33257948649727287,1.0,0.0,0.0,2.447918052414527,ok
D5_max_coverage_union,consensus_oracle_proxy,mp_native,10000,10000,36802,9487,0.9487,0.6310363176799255,0.9487,0.0,0.05130000000000001,2.322339856325662,ok
D5_max_coverage_union,consensus_oracle_proxy,alexmp20_native,100,100,36802,100,1.0,0.007518796992481203,1.0,0.0,0.0,2.7670676691729326,ok
D5_max_coverage_union,consensus_oracle_proxy,alexmp20_native,300,300,36802,300,1.0,0.022556390977443608,1.0,0.0,0.0,2.7670676691729326,ok
D5_max_coverage_union,consensus_oracle_proxy,alexmp20_native,500,500,36802,500,1.0,0.03759398496240601,1.0,0.0,0.0,2.7670676691729326,ok
D5_max_coverage_union,consensus_oracle_proxy,alexmp20_native,1000,1000,36802,1000,1.0,0.07518796992481203,1.0,0.0,0.0,2.7670676691729326,ok
D5_max_coverage_union,consensus_oracle_proxy,alexmp20_native,5000,5000,36802,5000,1.0,0.37593984962406013,1.0,0.0,0.0,2.7670676691729326,ok
D5_max_coverage_union,consensus_oracle_proxy,alexmp20_native,10000,10000,36802,9487,0.9487,0.7133082706766918,0.9487,0.0,0.05130000000000001,2.625117097744361,ok
D5_max_coverage_union,consensus_oracle_proxy,alex_pbe_native,100,100,36802,100,1.0,0.00821287779237845,1.0,0.0,0.0,3.022503285151117,ok
D5_max_coverage_union,consensus_oracle_proxy,alex_pbe_native,300,300,36802,300,1.0,0.024638633377135347,1.0,0.0,0.0,3.022503285151117,ok
D5_max_coverage_union,consensus_oracle_proxy,alex_pbe_native,500,500,36802,500,1.0,0.04106438896189225,1.0,0.0,0.0,3.022503285151117,ok
D5_max_coverage_union,consensus_oracle_proxy,alex_pbe_native,1000,1000,36802,1000,1.0,0.0821287779237845,1.0,0.0,0.0,3.022503285151117,ok
D5_max_coverage_union,consensus_oracle_proxy,alex_pbe_native,5000,5000,36802,5000,1.0,0.41064388961892245,1.0,0.0,0.0,3.022503285151117,ok
D5_max_coverage_union,consensus_oracle_proxy,alex_pbe_native,10000,10000,36802,9487,0.9487,0.7791557161629435,0.9487,0.0,0.05130000000000001,2.8674488666228646,ok
D5_max_coverage_union,consensus_oracle_proxy,common_pool,100,100,31873,100,1.0,0.006065752759917505,1.0,0.0,0.0,1.9333373771685067,ok
D5_max_coverage_union,consensus_oracle_proxy,common_pool,300,300,31873,300,1.0,0.018197258279752517,1.0,0.0,0.0,1.9333373771685067,ok
D5_max_coverage_union,consensus_oracle_proxy,common_pool,500,500,31873,500,1.0,0.03032876379958753,1.0,0.0,0.0,1.9333373771685067,ok
D5_max_coverage_union,consensus_oracle_proxy,common_pool,1000,1000,31873,1000,1.0,0.06065752759917506,1.0,0.0,0.0,1.9333373771685067,ok
D5_max_coverage_union,consensus_oracle_proxy,common_pool,5000,5000,31873,5000,1.0,0.30328763799587527,1.0,0.0,0.0,1.9333373771685067,ok
D5_max_coverage_union,consensus_oracle_proxy,common_pool,10000,10000,31873,9487,0.9487,0.5754579643333738,0.9487,0.0,0.05130000000000001,1.8341571697197623,ok
D5_max_coverage_union,consensus_oracle_proxy,source_union,100,0,0,0,,,,,,,not_evaluable_full_source_union_incomplete
D5_max_coverage_union,consensus_oracle_proxy,source_union,300,0,0,0,,,,,,,not_evaluable_full_source_union_incomplete
D5_max_coverage_union,consensus_oracle_proxy,source_union,500,0,0,0,,,,,,,not_evaluable_full_source_union_incomplete
D5_max_coverage_union,consensus_oracle_proxy,source_union,1000,0,0,0,,,,,,,not_evaluable_full_source_union_incomplete
D5_max_coverage_union,consensus_oracle_proxy,source_union,5000,0,0,0,,,,,,,not_evaluable_full_source_union_incomplete
D5_max_coverage_union,consensus_oracle_proxy,source_union,10000,0,0,0,,,,,,,not_evaluable_full_source_union_incomplete
D5_max_coverage_union,consensus_oracle_proxy,consensus,100,100,24615,100,1.0,0.010540739959945188,1.0,0.0,0.0,2.594603141140508,ok
D5_max_coverage_union,consensus_oracle_proxy,consensus,300,300,24615,300,1.0,0.031622219879835566,1.0,0.0,0.0,2.594603141140508,ok
D5_max_coverage_union,consensus_oracle_proxy,consensus,500,500,24615,500,1.0,0.05270369979972594,1.0,0.0,0.0,2.594603141140508,ok
D5_max_coverage_union,consensus_oracle_proxy,consensus,1000,1000,24615,1000,1.0,0.10540739959945188,1.0,0.0,0.0,2.594603141140508,ok
D5_max_coverage_union,consensus_oracle_proxy,consensus,5000,5000,24615,5000,1.0,0.5270369979972594,1.0,0.0,0.0,2.594603141140508,ok
D5_max_coverage_union,consensus_oracle_proxy,consensus,10000,10000,24615,9487,0.9487,1.0,0.9487,0.0,0.05130000000000001,2.4615,ok
D5_max_coverage_union,consensus_oracle_proxy,uncertain,100,100,36802,0,0.0,0.0,0.0,0.0,1.0,0.0,uncertainty_indicator_not_primary_stability_metric
D5_max_coverage_union,consensus_oracle_proxy,uncertain,300,300,36802,0,0.0,0.0,0.0,0.0,1.0,0.0,uncertainty_indicator_not_primary_stability_metric
D5_max_coverage_union,consensus_oracle_proxy,uncertain,500,500,36802,0,0.0,0.0,0.0,0.0,1.0,0.0,uncertainty_indicator_not_primary_stability_metric
D5_max_coverage_union,consensus_oracle_proxy,uncertain,1000,1000,36802,0,0.0,0.0,0.0,0.0,1.0,0.0,uncertainty_indicator_not_primary_stability_metric
D5_max_coverage_union,consensus_oracle_proxy,uncertain,5000,5000,36802,0,0.0,0.0,0.0,0.0,1.0,0.0,uncertainty_indicator_not_primary_stability_metric
D5_max_coverage_union,consensus_oracle_proxy,uncertain,10000,10000,36802,0,0.0,0.0,0.0,0.0,1.0,0.0,uncertainty_indicator_not_primary_stability_metric
D5_max_coverage_union,consensus_oracle_proxy,audit_view,100,100,36802,100,1.0,0.010540739959945188,1.0,0.0,0.0,3.879203120059028,ok
D5_max_coverage_union,consensus_oracle_proxy,audit_view,300,300,36802,300,1.0,0.031622219879835566,1.0,0.0,0.0,3.879203120059028,ok
D5_max_coverage_union,consensus_oracle_proxy,audit_view,500,500,36802,500,1.0,0.05270369979972594,1.0,0.0,0.0,3.879203120059028,ok
D5_max_coverage_union,consensus_oracle_proxy,audit_view,1000,1000,36802,1000,1.0,0.10540739959945188,1.0,0.0,0.0,3.879203120059028,ok
D5_max_coverage_union,consensus_oracle_proxy,audit_view,5000,5000,36802,5000,1.0,0.5270369979972594,1.0,0.0,0.0,3.879203120059028,ok
D5_max_coverage_union,consensus_oracle_proxy,audit_view,10000,10000,36802,9487,0.9487,1.0,0.9487,0.0,0.05130000000000001,3.6801999999999997,ok
D5_max_coverage_union,official_Alexandria_PBE_common_pool_public_hull_rank,mp_native,100,100,36802,35,0.35,0.00232805640548091,0.35,0.0,0.65,0.8567713183450844,ok
D5_max_coverage_union,official_Alexandria_PBE_common_pool_public_hull_rank,mp_native,300,300,36802,148,0.49333333333333335,0.009844352800319277,0.49333333333333335,0.0,0.5066666666666666,1.2076395725245,ok
D5_max_coverage_union,official_Alexandria_PBE_common_pool_public_hull_rank,mp_native,500,500,36802,289,0.578,0.01922309431954237,0.578,0.0,0.42200000000000004,1.4148966342955964,ok
D5_max_coverage_union,official_Alexandria_PBE_common_pool_public_hull_rank,mp_native,1000,1000,36802,638,0.638,0.04243714247705201,0.638,0.0,0.362,1.5617717174404682,ok
D5_max_coverage_union,official_Alexandria_PBE_common_pool_public_hull_rank,mp_native,5000,5000,36802,3692,0.7384,0.24557669282958627,0.7384,0.0,0.26160000000000005,1.8075426899028866,ok
D5_max_coverage_union,official_Alexandria_PBE_common_pool_public_hull_rank,mp_native,10000,10000,36802,6775,0.6775,0.4506452042038047,0.6775,0.0,0.3225,1.658464480510842,ok
D5_max_coverage_union,official_Alexandria_PBE_common_pool_public_hull_rank,alexmp20_native,100,100,36802,33,0.33,0.002481203007518797,0.33,0.0,0.6699999999999999,0.9131323308270678,ok
D5_max_coverage_union,official_Alexandria_PBE_common_pool_public_hull_rank,alexmp20_native,300,300,36802,137,0.45666666666666667,0.010300751879699248,0.45666666666666667,0.0,0.5433333333333333,1.2636275689223058,ok
D5_max_coverage_union,official_Alexandria_PBE_common_pool_public_hull_rank,alexmp20_native,500,500,36802,247,0.494,0.018571428571428572,0.494,0.0,0.506,1.3669314285714287,ok
D5_max_coverage_union,official_Alexandria_PBE_common_pool_public_hull_rank,alexmp20_native,1000,1000,36802,553,0.553,0.041578947368421056,0.553,0.0,0.44699999999999995,1.5301884210526318,ok
D5_max_coverage_union,official_Alexandria_PBE_common_pool_public_hull_rank,alexmp20_native,5000,5000,36802,3357,0.6714,0.25240601503759397,0.6714,0.0,0.3286,1.857809233082707,ok
D5_max_coverage_union,official_Alexandria_PBE_common_pool_public_hull_rank,alexmp20_native,10000,10000,36802,6055,0.6055,0.45526315789473687,0.6055,0.0,0.39449999999999996,1.6754594736842108,ok
D5_max_coverage_union,official_Alexandria_PBE_common_pool_public_hull_rank,alex_pbe_native,100,100,36802,31,0.31,0.002545992115637319,0.31,0.0,0.69,0.9369760183968462,ok
D5_max_coverage_union,official_Alexandria_PBE_common_pool_public_hull_rank,alex_pbe_native,300,300,36802,142,0.47333333333333333,0.011662286465177397,0.47333333333333333,0.0,0.5266666666666666,1.4306515549715286,ok
D5_max_coverage_union,official_Alexandria_PBE_common_pool_public_hull_rank,alex_pbe_native,500,500,36802,252,0.504,0.020696452036793694,0.504,0.0,0.496,1.523341655716163,ok
D5_max_coverage_union,official_Alexandria_PBE_common_pool_public_hull_rank,alex_pbe_native,1000,1000,36802,547,0.547,0.04492444152431012,0.547,0.0,0.45299999999999996,1.653309296977661,ok
D5_max_coverage_union,official_Alexandria_PBE_common_pool_public_hull_rank,alex_pbe_native,5000,5000,36802,3224,0.6448,0.2647831800262812,0.6448,0.0,0.35519999999999996,1.9489101182654402,ok
D5_max_coverage_union,official_Alexandria_PBE_common_pool_public_hull_rank,alex_pbe_native,10000,10000,36802,5702,0.5702,0.4682982917214192,0.5702,0.0,0.42979999999999996,1.723431373193167,ok
D5_max_coverage_union,official_Alexandria_PBE_common_pool_public_hull_rank,common_pool,100,100,31873,100,1.0,0.006065752759917505,1.0,0.0,0.0,1.9333373771685067,ok
D5_max_coverage_union,official_Alexandria_PBE_common_pool_public_hull_rank,common_pool,300,300,31873,300,1.0,0.018197258279752517,1.0,0.0,0.0,1.9333373771685067,ok
D5_max_coverage_union,official_Alexandria_PBE_common_pool_public_hull_rank,common_pool,500,500,31873,500,1.0,0.03032876379958753,1.0,0.0,0.0,1.9333373771685067,ok
D5_max_coverage_union,official_Alexandria_PBE_common_pool_public_hull_rank,common_pool,1000,1000,31873,1000,1.0,0.06065752759917506,1.0,0.0,0.0,1.9333373771685067,ok
D5_max_coverage_union,official_Alexandria_PBE_common_pool_public_hull_rank,common_pool,5000,5000,31873,5000,1.0,0.30328763799587527,1.0,0.0,0.0,1.9333373771685067,ok
D5_max_coverage_union,official_Alexandria_PBE_common_pool_public_hull_rank,common_pool,10000,10000,31873,10000,1.0,0.6065752759917505,1.0,0.0,0.0,1.9333373771685067,ok
D5_max_coverage_union,official_Alexandria_PBE_common_pool_public_hull_rank,source_union,100,0,0,0,,,,,,,not_evaluable_full_source_union_incomplete
D5_max_coverage_union,official_Alexandria_PBE_common_pool_public_hull_rank,source_union,300,0,0,0,,,,,,,not_evaluable_full_source_union_incomplete
D5_max_coverage_union,official_Alexandria_PBE_common_pool_public_hull_rank,source_union,500,0,0,0,,,,,,,not_evaluable_full_source_union_incomplete
D5_max_coverage_union,official_Alexandria_PBE_common_pool_public_hull_rank,source_union,1000,0,0,0,,,,,,,not_evaluable_full_source_union_incomplete
D5_max_coverage_union,official_Alexandria_PBE_common_pool_public_hull_rank,source_union,5000,0,0,0,,,,,,,not_evaluable_full_source_union_incomplete
D5_max_coverage_union,official_Alexandria_PBE_common_pool_public_hull_rank,source_union,10000,0,0,0,,,,,,,not_evaluable_full_source_union_incomplete
D5_max_coverage_union,official_Alexandria_PBE_common_pool_public_hull_rank,consensus,100,100,24615,100,1.0,0.010540739959945188,1.0,0.0,0.0,2.594603141140508,ok
D5_max_coverage_union,official_Alexandria_PBE_common_pool_public_hull_rank,consensus,300,300,24615,300,1.0,0.031622219879835566,1.0,0.0,0.0,2.594603141140508,ok
D5_max_coverage_union,official_Alexandria_PBE_common_pool_public_hull_rank,consensus,500,500,24615,500,1.0,0.05270369979972594,1.0,0.0,0.0,2.594603141140508,ok
D5_max_coverage_union,official_Alexandria_PBE_common_pool_public_hull_rank,consensus,1000,1000,24615,1000,1.0,0.10540739959945188,1.0,0.0,0.0,2.594603141140508,ok
D5_max_coverage_union,official_Alexandria_PBE_common_pool_public_hull_rank,consensus,5000,5000,24615,5000,1.0,0.5270369979972594,1.0,0.0,0.0,2.594603141140508,ok
D5_max_coverage_union,official_Alexandria_PBE_common_pool_public_hull_rank,consensus,10000,10000,24615,9487,0.9487,1.0,0.9487,0.0,0.05130000000000001,2.4615,ok
D5_max_coverage_union,official_Alexandria_PBE_common_pool_public_hull_rank,uncertain,100,100,36802,78,0.78,0.006400262574874867,0.78,0.78,0.21999999999999997,2.3554246328054482,uncertainty_indicator_not_primary_stability_metric
D5_max_coverage_union,official_Alexandria_PBE_common_pool_public_hull_rank,uncertain,300,300,36802,203,0.6766666666666666,0.01665709362435382,0.6766666666666666,0.6766666666666666,0.32333333333333336,2.0433811985448975,uncertainty_indicator_not_primary_stability_metric
D5_max_coverage_union,official_Alexandria_PBE_common_pool_public_hull_rank,uncertain,500,500,36802,320,0.64,0.02625748748666612,0.64,0.64,0.36,1.932656108968573,uncertainty_indicator_not_primary_stability_metric
D5_max_coverage_union,official_Alexandria_PBE_common_pool_public_hull_rank,uncertain,1000,1000,36802,611,0.611,0.05013539016985312,0.611,0.611,0.389,1.8450826290309346,uncertainty_indicator_not_primary_stability_metric
D5_max_coverage_union,official_Alexandria_PBE_common_pool_public_hull_rank,uncertain,5000,5000,36802,2491,0.4982,0.20439812915401656,0.4982,0.4982,0.5018,1.5044519898252235,uncertainty_indicator_not_primary_stability_metric
D5_max_coverage_union,official_Alexandria_PBE_common_pool_public_hull_rank,uncertain,10000,10000,36802,5721,0.5721,0.4694346434725527,0.5721,0.5721,0.42789999999999995,1.7276133749076885,uncertainty_indicator_not_primary_stability_metric
D5_max_coverage_union,official_Alexandria_PBE_common_pool_public_hull_rank,audit_view,100,100,36802,22,0.22,0.0023189627911879415,0.22,0.78,0.78,0.8534246864129862,ok
D5_max_coverage_union,official_Alexandria_PBE_common_pool_public_hull_rank,audit_view,300,300,36802,97,0.3233333333333333,0.010224517761146832,0.3233333333333333,0.6766666666666666,0.6766666666666667,1.2542756754857523,ok
D5_max_coverage_union,official_Alexandria_PBE_common_pool_public_hull_rank,audit_view,500,500,36802,180,0.36,0.01897333192790134,0.36,0.64,0.64,1.39651312322125,ok
D5_max_coverage_union,official_Alexandria_PBE_common_pool_public_hull_rank,audit_view,1000,1000,36802,389,0.389,0.04100347844418678,0.389,0.611,0.611,1.5090100137029618,ok
D5_max_coverage_union,official_Alexandria_PBE_common_pool_public_hull_rank,audit_view,5000,5000,36802,2509,0.5018,0.26446716559502476,0.5018,0.4982,0.4982,1.9465841256456204,ok
D5_max_coverage_union,official_Alexandria_PBE_common_pool_public_hull_rank,audit_view,10000,10000,36802,4279,0.4279,0.4510382628860546,0.4279,0.5721,0.5721,1.6599110150732581,ok
D5_max_coverage_union,official_Alexandria_PBE_source_native_public_hull_rank,mp_native,100,100,36802,94,0.94,0.006252494346148729,0.94,0.0,0.06000000000000005,2.3010429692696555,ok
D5_max_coverage_union,official_Alexandria_PBE_source_native_public_hull_rank,mp_native,300,300,36802,284,0.9466666666666667,0.0188905148330451,0.9466666666666667,0.0,0.053333333333333344,2.317362422952419,ok
D5_max_coverage_union,official_Alexandria_PBE_source_native_public_hull_rank,mp_native,500,500,36802,467,0.934,0.031062924038845283,0.934,0.0,0.06599999999999995,2.286355460955168,ok
D5_max_coverage_union,official_Alexandria_PBE_source_native_public_hull_rank,mp_native,1000,1000,36802,915,0.915,0.06086204602900093,0.915,0.0,0.08499999999999996,2.239845017959292,ok
D5_max_coverage_union,official_Alexandria_PBE_source_native_public_hull_rank,mp_native,5000,5000,36802,4354,0.8708,0.2896102168418252,0.8708,0.0,0.12919999999999998,2.13164704004257,ok
D5_max_coverage_union,official_Alexandria_PBE_source_native_public_hull_rank,mp_native,10000,10000,36802,8882,0.8882,0.5907941998137555,0.8882,0.0,0.11180000000000001,2.174240814154583,ok
D5_max_coverage_union,official_Alexandria_PBE_source_native_public_hull_rank,alexmp20_native,100,100,36802,98,0.98,0.007368421052631579,0.98,0.0,0.020000000000000018,2.7117263157894738,ok
D5_max_coverage_union,official_Alexandria_PBE_source_native_public_hull_rank,alexmp20_native,300,300,36802,289,0.9633333333333334,0.021729323308270678,0.9633333333333334,0.0,0.036666666666666625,2.6656085213032585,ok
D5_max_coverage_union,official_Alexandria_PBE_source_native_public_hull_rank,alexmp20_native,500,500,36802,478,0.956,0.035939849624060154,0.956,0.0,0.04400000000000004,2.6453166917293234,ok
D5_max_coverage_union,official_Alexandria_PBE_source_native_public_hull_rank,alexmp20_native,1000,1000,36802,934,0.934,0.07022556390977444,0.934,0.0,0.06599999999999995,2.5844412030075192,ok
D5_max_coverage_union,official_Alexandria_PBE_source_native_public_hull_rank,alexmp20_native,5000,5000,36802,4393,0.8786,0.33030075187969926,0.8786,0.0,0.12139999999999995,2.4311456541353387,ok
D5_max_coverage_union,official_Alexandria_PBE_source_native_public_hull_rank,alexmp20_native,10000,10000,36802,8894,0.8894,0.6687218045112782,0.8894,0.0,0.11060000000000003,2.461029984962406,ok
D5_max_coverage_union,official_Alexandria_PBE_source_native_public_hull_rank,alex_pbe_native,100,100,36802,100,1.0,0.00821287779237845,1.0,0.0,0.0,3.022503285151117,ok
D5_max_coverage_union,official_Alexandria_PBE_source_native_public_hull_rank,alex_pbe_native,300,300,36802,300,1.0,0.024638633377135347,1.0,0.0,0.0,3.022503285151117,ok
D5_max_coverage_union,official_Alexandria_PBE_source_native_public_hull_rank,alex_pbe_native,500,500,36802,500,1.0,0.04106438896189225,1.0,0.0,0.0,3.022503285151117,ok
D5_max_coverage_union,official_Alexandria_PBE_source_native_public_hull_rank,alex_pbe_native,1000,1000,36802,1000,1.0,0.0821287779237845,1.0,0.0,0.0,3.022503285151117,ok
D5_max_coverage_union,official_Alexandria_PBE_source_native_public_hull_rank,alex_pbe_native,5000,5000,36802,5000,1.0,0.41064388961892245,1.0,0.0,0.0,3.022503285151117,ok
D5_max_coverage_union,official_Alexandria_PBE_source_native_public_hull_rank,alex_pbe_native,10000,10000,36802,10000,1.0,0.8212877792378449,1.0,0.0,0.0,3.022503285151117,ok
D5_max_coverage_union,official_Alexandria_PBE_source_native_public_hull_rank,common_pool,100,100,31873,100,1.0,0.006065752759917505,1.0,0.0,0.0,1.9333373771685067,ok
D5_max_coverage_union,official_Alexandria_PBE_source_native_public_hull_rank,common_pool,300,300,31873,299,0.9966666666666667,0.018136600752153342,0.9966666666666667,0.0,0.0033333333333332993,1.9268929192446118,ok
D5_max_coverage_union,official_Alexandria_PBE_source_native_public_hull_rank,common_pool,500,500,31873,499,0.998,0.030268106271988355,0.998,0.0,0.0020000000000000018,1.9294707024141697,ok
D5_max_coverage_union,official_Alexandria_PBE_source_native_public_hull_rank,common_pool,1000,1000,31873,999,0.999,0.06059687007157588,0.999,0.0,0.0010000000000000009,1.9314040397913381,ok
D5_max_coverage_union,official_Alexandria_PBE_source_native_public_hull_rank,common_pool,5000,5000,31873,4997,0.9994,0.30310566541307776,0.9994,0.0,0.0006000000000000449,1.9321773747422055,ok
D5_max_coverage_union,official_Alexandria_PBE_source_native_public_hull_rank,common_pool,10000,10000,31873,9996,0.9996,0.6063326458813538,0.9996,0.0,0.00039999999999995595,1.9325640422176393,ok
D5_max_coverage_union,official_Alexandria_PBE_source_native_public_hull_rank,source_union,100,0,0,0,,,,,,,not_evaluable_full_source_union_incomplete
D5_max_coverage_union,official_Alexandria_PBE_source_native_public_hull_rank,source_union,300,0,0,0,,,,,,,not_evaluable_full_source_union_incomplete
D5_max_coverage_union,official_Alexandria_PBE_source_native_public_hull_rank,source_union,500,0,0,0,,,,,,,not_evaluable_full_source_union_incomplete
D5_max_coverage_union,official_Alexandria_PBE_source_native_public_hull_rank,source_union,1000,0,0,0,,,,,,,not_evaluable_full_source_union_incomplete
D5_max_coverage_union,official_Alexandria_PBE_source_native_public_hull_rank,source_union,5000,0,0,0,,,,,,,not_evaluable_full_source_union_incomplete
D5_max_coverage_union,official_Alexandria_PBE_source_native_public_hull_rank,source_union,10000,0,0,0,,,,,,,not_evaluable_full_source_union_incomplete
D5_max_coverage_union,official_Alexandria_PBE_source_native_public_hull_rank,consensus,100,100,24615,100,1.0,0.010540739959945188,1.0,0.0,0.0,2.594603141140508,ok
D5_max_coverage_union,official_Alexandria_PBE_source_native_public_hull_rank,consensus,300,300,24615,300,1.0,0.031622219879835566,1.0,0.0,0.0,2.594603141140508,ok
D5_max_coverage_union,official_Alexandria_PBE_source_native_public_hull_rank,consensus,500,500,24615,500,1.0,0.05270369979972594,1.0,0.0,0.0,2.594603141140508,ok
D5_max_coverage_union,official_Alexandria_PBE_source_native_public_hull_rank,consensus,1000,1000,24615,1000,1.0,0.10540739959945188,1.0,0.0,0.0,2.594603141140508,ok
D5_max_coverage_union,official_Alexandria_PBE_source_native_public_hull_rank,consensus,5000,5000,24615,5000,1.0,0.5270369979972594,1.0,0.0,0.0,2.594603141140508,ok
D5_max_coverage_union,official_Alexandria_PBE_source_native_public_hull_rank,consensus,10000,10000,24615,9487,0.9487,1.0,0.9487,0.0,0.05130000000000001,2.4615,ok
D5_max_coverage_union,official_Alexandria_PBE_source_native_public_hull_rank,uncertain,100,100,36802,12,0.12,0.0009846557807499795,0.12,0.12,0.88,0.3623730204316074,uncertainty_indicator_not_primary_stability_metric
D5_max_coverage_union,official_Alexandria_PBE_source_native_public_hull_rank,uncertain,300,300,36802,53,0.17666666666666667,0.004348896364979076,0.17666666666666667,0.17666666666666667,0.8233333333333334,0.5334936134131998,uncertainty_indicator_not_primary_stability_metric
D5_max_coverage_union,official_Alexandria_PBE_source_native_public_hull_rank,uncertain,500,500,36802,85,0.17,0.006974645113645688,0.17,0.17,0.83,0.5133617789447772,uncertainty_indicator_not_primary_stability_metric
D5_max_coverage_union,official_Alexandria_PBE_source_native_public_hull_rank,uncertain,1000,1000,36802,187,0.187,0.015344219250020514,0.187,0.187,0.813,0.5646979568392549,uncertainty_indicator_not_primary_stability_metric
D5_max_coverage_union,official_Alexandria_PBE_source_native_public_hull_rank,uncertain,5000,5000,36802,1272,0.2544,0.10437351275949783,0.2544,0.2544,0.7456,0.7682308033150078,uncertainty_indicator_not_primary_stability_metric
D5_max_coverage_union,official_Alexandria_PBE_source_native_public_hull_rank,uncertain,10000,10000,36802,2196,0.2196,0.18019200787724624,0.2196,0.2196,0.7804,0.6631426273898415,uncertainty_indicator_not_primary_stability_metric
D5_max_coverage_union,official_Alexandria_PBE_source_native_public_hull_rank,audit_view,100,100,36802,88,0.88,0.009275851164751766,0.88,0.12,0.12,3.4136987456519448,ok
D5_max_coverage_union,official_Alexandria_PBE_source_native_public_hull_rank,audit_view,300,300,36802,247,0.8233333333333334,0.026035627701064615,0.8233333333333334,0.17666666666666667,0.17666666666666664,3.1938772355152665,ok
D5_max_coverage_union,official_Alexandria_PBE_source_native_public_hull_rank,audit_view,500,500,36802,415,0.83,0.04374407083377253,0.83,0.17,0.17000000000000004,3.219738589648993,ok
D5_max_coverage_union,official_Alexandria_PBE_source_native_public_hull_rank,audit_view,1000,1000,36802,813,0.813,0.08569621587435437,0.813,0.187,0.18700000000000006,3.1537921366079895,ok
D5_max_coverage_union,official_Alexandria_PBE_source_native_public_hull_rank,audit_view,5000,5000,36802,3728,0.7456,0.39295878570675663,0.7456,0.2544,0.25439999999999996,2.8923338463160113,ok
D5_max_coverage_union,official_Alexandria_PBE_source_native_public_hull_rank,audit_view,10000,10000,36802,7804,0.7804,0.8225993464741225,0.7804,0.2196,0.21960000000000002,3.0273301148940654,ok
D5_max_coverage_union,prevalence_dummy,mp_native,100,100,36802,40,0.4,0.002660635891978183,0.4,0.0,0.6,0.9791672209658109,ok
D5_max_coverage_union,prevalence_dummy,mp_native,300,300,36802,119,0.39666666666666667,0.007915391778635093,0.39666666666666667,0.0,0.6033333333333333,0.9710074941244291,ok
D5_max_coverage_union,prevalence_dummy,mp_native,500,500,36802,238,0.476,0.015830783557270186,0.476,0.0,0.524,1.1652089929493148,ok
D5_max_coverage_union,prevalence_dummy,mp_native,1000,1000,36802,451,0.451,0.029998669682054013,0.451,0.0,0.5489999999999999,1.1040110416389517,ok
D5_max_coverage_union,prevalence_dummy,mp_native,5000,5000,36802,2177,0.4354,0.1448051084209126,0.4354,0.0,0.5646,1.065823520021285,ok
D5_max_coverage_union,prevalence_dummy,mp_native,10000,10000,36802,3788,0.3788,0.2519622189703339,0.3788,0.0,0.6212,0.9272713582546229,ok
D5_max_coverage_union,prevalence_dummy,alexmp20_native,100,100,36802,38,0.38,0.002857142857142857,0.38,0.0,0.62,1.0514857142857144,ok
D5_max_coverage_union,prevalence_dummy,alexmp20_native,300,300,36802,109,0.36333333333333334,0.008195488721804511,0.36333333333333334,0.0,0.6366666666666667,1.005367919799499,ok
D5_max_coverage_union,prevalence_dummy,alexmp20_native,500,500,36802,217,0.434,0.01631578947368421,0.434,0.0,0.5660000000000001,1.2009073684210527,ok
D5_max_coverage_union,prevalence_dummy,alexmp20_native,1000,1000,36802,421,0.421,0.031654135338345865,0.421,0.0,0.579,1.1649354887218046,ok
D5_max_coverage_union,prevalence_dummy,alexmp20_native,5000,5000,36802,1968,0.3936,0.14796992481203008,0.3936,0.0,0.6064,1.0891178345864663,ok
D5_max_coverage_union,prevalence_dummy,alexmp20_native,10000,10000,36802,3339,0.3339,0.25105263157894736,0.3339,0.0,0.6661,0.9239238947368421,ok
D5_max_coverage_union,prevalence_dummy,alex_pbe_native,100,100,36802,29,0.29,0.0023817345597897505,0.29,0.0,0.71,0.8765259526938238,ok
D5_max_coverage_union,prevalence_dummy,alex_pbe_native,300,300,36802,93,0.31,0.007637976346911958,0.31,0.0,0.69,0.9369760183968462,ok
D5_max_coverage_union,prevalence_dummy,alex_pbe_native,500,500,36802,193,0.386,0.015850854139290407,0.386,0.0,0.614,1.1666862680683312,ok
D5_max_coverage_union,prevalence_dummy,alex_pbe_native,1000,1000,36802,378,0.378,0.03104467805519054,0.378,0.0,0.622,1.1425062417871221,ok
D5_max_coverage_union,prevalence_dummy,alex_pbe_native,5000,5000,36802,1829,0.3658,0.15021353482260183,0.3658,0.0,0.6342,1.1056317017082786,ok
D5_max_coverage_union,prevalence_dummy,alex_pbe_native,10000,10000,36802,3085,0.3085,0.2533672798948752,0.3085,0.0,0.6915,0.9324422634691195,ok
D5_max_coverage_union,prevalence_dummy,common_pool,100,100,31873,53,0.53,0.003214848962756278,0.53,0.0,0.47,1.0246688098993086,ok
D5_max_coverage_union,prevalence_dummy,common_pool,300,300,31873,151,0.5033333333333333,0.009159286667475433,0.5033333333333333,0.0,0.4966666666666667,0.9731131465081483,ok
D5_max_coverage_union,prevalence_dummy,common_pool,500,500,31873,275,0.55,0.01668082008977314,0.55,0.0,0.44999999999999996,1.0633355574426788,ok
D5_max_coverage_union,prevalence_dummy,common_pool,1000,1000,31873,434,0.434,0.026325366978041977,0.434,0.0,0.5660000000000001,0.8390684216911319,ok
D5_max_coverage_union,prevalence_dummy,common_pool,5000,5000,31873,2526,0.5052,0.1532209147155162,0.5052,0.0,0.4948,0.9767220429455296,ok
D5_max_coverage_union,prevalence_dummy,common_pool,10000,10000,31873,5112,0.5112,0.3100812810869829,0.5112,0.0,0.4888,0.9883220672085405,ok
D5_max_coverage_union,prevalence_dummy,source_union,100,0,0,0,,,,,,,not_evaluable_full_source_union_incomplete
D5_max_coverage_union,prevalence_dummy,source_union,300,0,0,0,,,,,,,not_evaluable_full_source_union_incomplete
D5_max_coverage_union,prevalence_dummy,source_union,500,0,0,0,,,,,,,not_evaluable_full_source_union_incomplete
D5_max_coverage_union,prevalence_dummy,source_union,1000,0,0,0,,,,,,,not_evaluable_full_source_union_incomplete
D5_max_coverage_union,prevalence_dummy,source_union,5000,0,0,0,,,,,,,not_evaluable_full_source_union_incomplete
D5_max_coverage_union,prevalence_dummy,source_union,10000,0,0,0,,,,,,,not_evaluable_full_source_union_incomplete
D5_max_coverage_union,prevalence_dummy,consensus,100,100,24615,41,0.41,0.004321703383577527,0.41,0.0,0.5900000000000001,1.0637872878676082,ok
D5_max_coverage_union,prevalence_dummy,consensus,300,300,24615,129,0.43,0.013597554548329293,0.43,0.0,0.5700000000000001,1.1156793506904186,ok
D5_max_coverage_union,prevalence_dummy,consensus,500,500,24615,198,0.396,0.020870665120691474,0.396,0.0,0.604,1.0274628438916413,ok
D5_max_coverage_union,prevalence_dummy,consensus,1000,1000,24615,311,0.311,0.03278170127542954,0.311,0.0,0.6890000000000001,0.806921576894698,ok
D5_max_coverage_union,prevalence_dummy,consensus,5000,5000,24615,1972,0.3944,0.2078633920101191,0.3944,0.0,0.6056,1.0233114788658164,ok
D5_max_coverage_union,prevalence_dummy,consensus,10000,10000,24615,3360,0.336,0.3541688626541583,0.336,0.0,0.6639999999999999,0.8717866554232108,ok
D5_max_coverage_union,prevalence_dummy,uncertain,100,100,36802,31,0.31,0.0025436941002707804,0.31,0.31,0.69,0.9361303027816525,uncertainty_indicator_not_primary_stability_metric
D5_max_coverage_union,prevalence_dummy,uncertain,300,300,36802,81,0.27,0.006646426520062362,0.27,0.27,0.73,0.8153392959711168,uncertainty_indicator_not_primary_stability_metric
D5_max_coverage_union,prevalence_dummy,uncertain,500,500,36802,141,0.282,0.01156970542381226,0.282,0.282,0.718,0.8515765980142774,uncertainty_indicator_not_primary_stability_metric
D5_max_coverage_union,prevalence_dummy,uncertain,1000,1000,36802,257,0.257,0.021088044637728728,0.257,0.257,0.743,0.7760822187576926,uncertainty_indicator_not_primary_stability_metric
D5_max_coverage_union,prevalence_dummy,uncertain,5000,5000,36802,1360,0.272,0.11159432181833101,0.272,0.272,0.728,0.8213788463116436,uncertainty_indicator_not_primary_stability_metric
D5_max_coverage_union,prevalence_dummy,uncertain,10000,10000,36802,3243,0.3243,0.26610322474768194,0.3243,0.3243,0.6757,0.979313087716419,uncertainty_indicator_not_primary_stability_metric
D5_max_coverage_union,prevalence_dummy,audit_view,100,100,36802,25,0.25,0.002635184989986297,0.25,0.31,0.75,0.969800780014757,ok
D5_max_coverage_union,prevalence_dummy,audit_view,300,300,36802,82,0.2733333333333333,0.008643406767155054,0.2733333333333333,0.27,0.7266666666666667,1.060315519482801,ok
D5_max_coverage_union,prevalence_dummy,audit_view,500,500,36802,161,0.322,0.016970591335511754,0.322,0.282,0.6779999999999999,1.249103404659007,ok
D5_max_coverage_union,prevalence_dummy,audit_view,1000,1000,36802,310,0.31,0.032676293875830084,0.31,0.257,0.69,1.2025529672182986,ok
D5_max_coverage_union,prevalence_dummy,audit_view,5000,5000,36802,1441,0.2882,0.15189206282281015,0.2882,0.272,0.7118,1.1179863392010119,ok
D5_max_coverage_union,prevalence_dummy,audit_view,10000,10000,36802,2356,0.2356,0.24833983345630864,0.2356,0.3243,0.7644,0.913940255085907,ok
D5_max_coverage_union,random_baseline,mp_native,100,100,36802,40,0.4,0.002660635891978183,0.4,0.0,0.6,0.9791672209658109,ok
D5_max_coverage_union,random_baseline,mp_native,300,300,36802,114,0.38,0.007582812292137821,0.38,0.0,0.62,0.9302088599175203,ok
D5_max_coverage_union,random_baseline,mp_native,500,500,36802,191,0.382,0.012704536384195823,0.382,0.0,0.618,0.9351046960223494,ok
D5_max_coverage_union,random_baseline,mp_native,1000,1000,36802,385,0.385,0.02560862046029001,0.385,0.0,0.615,0.9424484501795929,ok
D5_max_coverage_union,random_baseline,mp_native,5000,5000,36802,2018,0.4036,0.13422908075029932,0.4036,0.0,0.5964,0.9879797259545031,ok
D5_max_coverage_union,random_baseline,mp_native,10000,10000,36802,4066,0.4066,0.27045363841958225,0.4066,0.0,0.5933999999999999,0.9953234801117468,ok
D5_max_coverage_union,random_baseline,alexmp20_native,100,100,36802,37,0.37,0.0027819548872180452,0.37,0.0,0.63,1.023815037593985,ok
D5_max_coverage_union,random_baseline,alexmp20_native,300,300,36802,101,0.33666666666666667,0.007593984962406015,0.33666666666666667,0.0,0.6633333333333333,0.931579448621554,ok
D5_max_coverage_union,random_baseline,alexmp20_native,500,500,36802,175,0.35,0.013157894736842105,0.35,0.0,0.65,0.9684736842105263,ok
D5_max_coverage_union,random_baseline,alexmp20_native,1000,1000,36802,345,0.345,0.02593984962406015,0.345,0.0,0.655,0.9546383458646617,ok
D5_max_coverage_union,random_baseline,alexmp20_native,5000,5000,36802,1819,0.3638,0.1367669172932331,0.3638,0.0,0.6362,1.0066592180451128,ok
D5_max_coverage_union,random_baseline,alexmp20_native,10000,10000,36802,3607,0.3607,0.271203007518797,0.3607,0.0,0.6393,0.9980813082706768,ok
D5_max_coverage_union,random_baseline,alex_pbe_native,100,100,36802,36,0.36,0.002956636005256242,0.36,0.0,0.64,1.088101182654402,ok
D5_max_coverage_union,random_baseline,alex_pbe_native,300,300,36802,95,0.31666666666666665,0.007802233902759527,0.31666666666666665,0.0,0.6833333333333333,0.9571260402978536,ok
D5_max_coverage_union,random_baseline,alex_pbe_native,500,500,36802,160,0.32,0.013140604467805518,0.32,0.0,0.6799999999999999,0.9672010512483574,ok
D5_max_coverage_union,random_baseline,alex_pbe_native,1000,1000,36802,314,0.314,0.025788436268068333,0.314,0.0,0.6859999999999999,0.9490660315374507,ok
D5_max_coverage_union,random_baseline,alex_pbe_native,5000,5000,36802,1634,0.3268,0.13419842312746386,0.3268,0.0,0.6732,0.9877540735873849,ok
D5_max_coverage_union,random_baseline,alex_pbe_native,10000,10000,36802,3293,0.3293,0.2704500657030223,0.3293,0.0,0.6707000000000001,0.9953103318002627,ok
D5_max_coverage_union,random_baseline,common_pool,100,100,31873,47,0.47,0.0028509037971612278,0.47,0.0,0.53,0.9086685672691981,ok
D5_max_coverage_union,random_baseline,common_pool,300,300,31873,146,0.4866666666666667,0.00885599902947956,0.4866666666666667,0.0,0.5133333333333333,0.9408908568886734,ok
D5_max_coverage_union,random_baseline,common_pool,500,500,31873,239,0.478,0.014497149096202838,0.478,0.0,0.522,0.9241352662865462,ok
D5_max_coverage_union,random_baseline,common_pool,1000,1000,31873,490,0.49,0.029722188523595778,0.49,0.0,0.51,0.9473353148125683,ok
D5_max_coverage_union,random_baseline,common_pool,5000,5000,31873,2568,0.5136,0.15576853087468154,0.5136,0.0,0.48640000000000005,0.9929620769137449,ok
D5_max_coverage_union,random_baseline,common_pool,10000,10000,31873,5136,0.5136,0.3115370617493631,0.5136,0.0,0.48640000000000005,0.9929620769137449,ok
D5_max_coverage_union,random_baseline,source_union,100,0,0,0,,,,,,,not_evaluable_full_source_union_incomplete
D5_max_coverage_union,random_baseline,source_union,300,0,0,0,,,,,,,not_evaluable_full_source_union_incomplete
D5_max_coverage_union,random_baseline,source_union,500,0,0,0,,,,,,,not_evaluable_full_source_union_incomplete
D5_max_coverage_union,random_baseline,source_union,1000,0,0,0,,,,,,,not_evaluable_full_source_union_incomplete
D5_max_coverage_union,random_baseline,source_union,5000,0,0,0,,,,,,,not_evaluable_full_source_union_incomplete
D5_max_coverage_union,random_baseline,source_union,10000,0,0,0,,,,,,,not_evaluable_full_source_union_incomplete
D5_max_coverage_union,random_baseline,consensus,100,100,24615,40,0.4,0.004216295983978075,0.4,0.0,0.6,1.0378412564562034,ok
D5_max_coverage_union,random_baseline,consensus,300,300,24615,113,0.37666666666666665,0.011911036154738062,0.37666666666666665,0.0,0.6233333333333333,0.977300516496258,ok
D5_max_coverage_union,random_baseline,consensus,500,500,24615,176,0.352,0.018551702329503532,0.352,0.0,0.648,0.9133003056814588,ok
D5_max_coverage_union,random_baseline,consensus,1000,1000,24615,390,0.39,0.04110888584378623,0.39,0.0,0.61,1.0118952250447981,ok
D5_max_coverage_union,random_baseline,consensus,5000,5000,24615,1930,0.386,0.20343628122694213,0.386,0.0,0.614,1.001516812480236,ok
D5_max_coverage_union,random_baseline,consensus,10000,10000,24615,3848,0.3848,0.4056076736586908,0.3848,0.0,0.6152,0.9984032887108675,ok
D5_max_coverage_union,random_baseline,uncertain,100,100,36802,24,0.24,0.001969311561499959,0.24,0.24,0.76,0.7247460408632148,uncertainty_indicator_not_primary_stability_metric
D5_max_coverage_union,random_baseline,uncertain,300,300,36802,93,0.31,0.007631082300812341,0.31,0.31,0.69,0.9361303027816525,uncertainty_indicator_not_primary_stability_metric
D5_max_coverage_union,random_baseline,uncertain,500,500,36802,152,0.304,0.012472306556166407,0.304,0.304,0.696,0.9180116517600722,uncertainty_indicator_not_primary_stability_metric
D5_max_coverage_union,random_baseline,uncertain,1000,1000,36802,313,0.313,0.0256831049478953,0.313,0.313,0.687,0.9451896282924427,uncertainty_indicator_not_primary_stability_metric
D5_max_coverage_union,random_baseline,uncertain,5000,5000,36802,1617,0.3234,0.13268236645605974,0.3234,0.3234,0.6766,0.9765952900631821,uncertainty_indicator_not_primary_stability_metric
D5_max_coverage_union,random_baseline,uncertain,10000,10000,36802,3276,0.3276,0.2688110281447444,0.3276,0.3276,0.6724,0.9892783457782883,uncertainty_indicator_not_primary_stability_metric
D5_max_coverage_union,random_baseline,audit_view,100,100,36802,30,0.3,0.0031622219879835563,0.3,0.24,0.7,1.1637609360177084,ok
D5_max_coverage_union,random_baseline,audit_view,300,300,36802,76,0.25333333333333335,0.008010962369558342,0.25333333333333335,0.31,0.7466666666666666,0.9827314570816205,ok
D5_max_coverage_union,random_baseline,audit_view,500,500,36802,131,0.262,0.013808369347528196,0.262,0.304,0.738,1.0163512174554654,ok
D5_max_coverage_union,random_baseline,audit_view,1000,1000,36802,250,0.25,0.02635184989986297,0.25,0.313,0.75,0.969800780014757,ok
D5_max_coverage_union,random_baseline,audit_view,5000,5000,36802,1299,0.2598,0.136924212079688,0.2598,0.3234,0.7402,1.0078169705913353,ok
D5_max_coverage_union,random_baseline,audit_view,10000,10000,36802,2586,0.2586,0.27258353536418256,0.2586,0.3276,0.7414000000000001,1.0031619268472647,ok
