threshold_meV_per_atom,metric,model_a,model_b,coordinate_endpoint,pairwise_margin_a_minus_b_ci_low_95,pairwise_margin_a_minus_b_median,pairwise_margin_a_minus_b_ci_high_95,difference_in_differences_vs_mp_ci_low_95,difference_in_differences_vs_mp_median,difference_in_differences_vs_mp_ci_high_95
0,ap,ALIGNN-FF,CHGNet,alex_pbe_matched_pool_coordinate,-0.14647282814763796,-0.14013946889962864,-0.13374999426770454,-0.028255127762277777,-0.023041911722371466,-0.017837510015187387
0,ap,ALIGNN-FF,CHGNet,alex_pbe_source_coordinate,-0.11257876167920484,-0.10585948065851161,-0.09949808485019888,0.005712734700937352,0.011043182500967752,0.016692984851185037
0,ap,ALIGNN-FF,CHGNet,alexmp20_source_coordinate,-0.11982859562984007,-0.11266784143546371,-0.1064911313239151,-0.0005510746811388939,0.004264215674644356,0.008879825745576827
0,ap,ALIGNN-FF,CHGNet,mp_matched_pool_coordinate,-0.1375984631454106,-0.13139569180485694,-0.12499834984882248,-0.01950181820601512,-0.014462335199049381,-0.009287217126907074
0,ap,ALIGNN-FF,CHGNet,mp_source_coordinate,-0.12350720247776086,-0.11698451838740526,-0.11065469888610553,0.0,0.0,0.0
0,ap,ALIGNN-FF,M3GNet,alex_pbe_matched_pool_coordinate,-0.1176174488105503,-0.11166395777223831,-0.10578549872271392,-0.0175049416242808,-0.012026719730177271,-0.0066948060904896915
0,ap,ALIGNN-FF,M3GNet,alex_pbe_source_coordinate,-0.10157187739008221,-0.09443614979790485,-0.0883877830637876,-0.0004656742275270185,0.005051965918035889,0.010791379407443473
0,ap,ALIGNN-FF,M3GNet,alexmp20_source_coordinate,-0.10450789190167299,-0.09753093499479731,-0.09144297988238996,-0.0024824560222810404,0.002062494480875865,0.006877725606498881
0,ap,ALIGNN-FF,M3GNet,mp_matched_pool_coordinate,-0.11022013729880493,-0.10400739489836397,-0.09796934125504159,-0.009452258796303212,-0.004371829396237759,0.0008287297013536404
0,ap,ALIGNN-FF,M3GNet,mp_source_coordinate,-0.10580659717628324,-0.09952369238742742,-0.09345350833068301,0.0,0.0,0.0
0,ap,ALIGNN-FF,MACE-MP,alex_pbe_matched_pool_coordinate,-0.1713728573516835,-0.1648695508186968,-0.1580341092046374,-0.014118809923527483,-0.008958167425006158,-0.0035636928806885185
0,ap,ALIGNN-FF,MACE-MP,alex_pbe_source_coordinate,-0.1574073876538501,-0.15068889465956906,-0.14370105191475463,-0.000633711249304096,0.005135663385757744,0.010793745999517244
0,ap,ALIGNN-FF,MACE-MP,alexmp20_source_coordinate,-0.16169068878952306,-0.1548157212923702,-0.14827851726961824,-0.003980117818087711,0.0009626586643048385,0.005542228918580571
0,ap,ALIGNN-FF,MACE-MP,mp_matched_pool_coordinate,-0.1629017821481339,-0.15638236044961684,-0.14978272535196105,-0.005442989403532467,-0.00046651965351707236,0.004804262284248542
0,ap,ALIGNN-FF,MACE-MP,mp_source_coordinate,-0.16268384604588298,-0.1559772832134793,-0.14889471096218157,0.0,0.0,0.0
0,ap,CHGNet,M3GNet,alex_pbe_matched_pool_coordinate,0.02533153630706506,0.028310879841703274,0.03138797393451597,0.007575165886931914,0.010991180990171767,0.014104519349224678
0,ap,CHGNet,M3GNet,alex_pbe_source_coordinate,0.007449766428840193,0.011360701197705103,0.015354275303466676,-0.009724258061230071,-0.006025329055854567,-0.002421043680067299
0,ap,CHGNet,M3GNet,alexmp20_source_coordinate,0.011329742373545773,0.01518677616855807,0.01883631036916252,-0.005224092008231365,-0.0022297008903733873,0.0006740224502890697
0,ap,CHGNet,M3GNet,mp_matched_pool_coordinate,0.023816156593033978,0.02746057622936754,0.030886027435554145,0.006934161684341108,0.010052445886605088,0.012952324360551184
0,ap,CHGNet,M3GNet,mp_source_coordinate,0.013677775801989731,0.01738819921662077,0.021133726951765734,0.0,0.0,0.0
0,ap,CHGNet,MACE-MP,alex_pbe_matched_pool_coordinate,-0.026883297778804584,-0.02470647636626333,-0.022730585175323472,0.011405585273672424,0.014166452973987664,0.01709616133521456
0,ap,CHGNet,MACE-MP,alex_pbe_source_coordinate,-0.04788377341531263,-0.0448725334643697,-0.04201897215720364,-0.009151261413158945,-0.0060647788474079145,-0.00301285170035375
0,ap,CHGNet,MACE-MP,alexmp20_source_coordinate,-0.04504978329448211,-0.04211977810883388,-0.03929349298934636,-0.005752442332736307,-0.003295999826421092,-0.0007241619126475392
0,ap,CHGNet,MACE-MP,mp_matched_pool_coordinate,-0.02757622798885024,-0.024930397125263515,-0.022374078060639686,0.011370108128528697,0.013902390572992473,0.016555202025038823
0,ap,CHGNet,MACE-MP,mp_source_coordinate,-0.04180886046965638,-0.03879785218245707,-0.03600373729005064,0.0,0.0,0.0
0,ap,M3GNet,MACE-MP,alex_pbe_matched_pool_coordinate,-0.056317454340280834,-0.05314130258196398,-0.049844214293422034,-0.00042084718039719633,0.003096216621225223,0.006492667337083737
0,ap,M3GNet,MACE-MP,alex_pbe_source_coordinate,-0.06017451192729397,-0.056204643878632665,-0.052094345900901444,-0.0035261333866852735,9.209555734207564e-05,0.003628640749768351
0,ap,M3GNet,MACE-MP,alexmp20_source_coordinate,-0.06149014877108447,-0.05719874826845728,-0.05334565291029342,-0.004281550509607568,-0.0010558514142976483,0.0020168918263276142
0,ap,M3GNet,MACE-MP,mp_matched_pool_coordinate,-0.055991466027745386,-0.05236324973089179,-0.04876716928515232,0.0006365184208941499,0.00391415474984258,0.006960589264537869
0,ap,M3GNet,MACE-MP,mp_source_coordinate,-0.05998252497739489,-0.05633947173781417,-0.0521373913438896,0.0,0.0,0.0
0,auroc,ALIGNN-FF,CHGNet,alex_pbe_matched_pool_coordinate,-0.17951317060789976,-0.17318571244083908,-0.167037803892659,-0.04552862708567022,-0.04076343911808683,-0.03568908356999976
0,auroc,ALIGNN-FF,CHGNet,alex_pbe_source_coordinate,-0.12818082191626445,-0.1218251763785353,-0.11598523691775328,0.006022180753116818,0.010741002774412645,0.015314976554235244
0,auroc,ALIGNN-FF,CHGNet,alexmp20_source_coordinate,-0.13455517096899441,-0.12839746762608634,-0.1223006974341503,0.00010275758039827731,0.004074418918659006,0.008384111209408338
0,auroc,ALIGNN-FF,CHGNet,mp_matched_pool_coordinate,-0.1517241235145516,-0.1457697259144054,-0.14014342422091056,-0.017414104288913133,-0.013256523924357055,-0.008991412636493177
0,auroc,ALIGNN-FF,CHGNet,mp_source_coordinate,-0.13821230738931153,-0.13260699727584396,-0.12690888827506683,0.0,0.0,0.0
0,auroc,ALIGNN-FF,M3GNet,alex_pbe_matched_pool_coordinate,-0.13651991241063902,-0.1303759442923607,-0.12369969532966171,-0.03230996376356607,-0.027270313130893786,-0.022020876292610184
0,auroc,ALIGNN-FF,M3GNet,alex_pbe_source_coordinate,-0.10252865813492963,-0.09587016237085261,-0.08980462342150548,0.0018850486283067207,0.007166361387083486,0.01206210585403166
0,auroc,ALIGNN-FF,M3GNet,alexmp20_source_coordinate,-0.106969055502872,-0.10059248750333916,-0.09423442074695458,-0.0018455737468854537,0.0024432131001804747,0.006684881280206854
0,auroc,ALIGNN-FF,M3GNet,mp_matched_pool_coordinate,-0.11571788340604196,-0.10965289639502068,-0.10394151283006152,-0.011133564915754712,-0.006840558548614872,-0.002228553992091637
0,auroc,ALIGNN-FF,M3GNet,mp_source_coordinate,-0.10909297509658426,-0.10311831745783478,-0.09724577223402854,0.0,0.0,0.0
0,auroc,ALIGNN-FF,MACE-MP,alex_pbe_matched_pool_coordinate,-0.20613766397059613,-0.1995784177789,-0.19321767657754527,-0.03598864593298014,-0.031059714090912627,-0.025945657083006998
0,auroc,ALIGNN-FF,MACE-MP,alex_pbe_source_coordinate,-0.16748441531008157,-0.16117199065112903,-0.1553216172078446,0.0026066942629556443,0.007269390872276182,0.011965446649892299
0,auroc,ALIGNN-FF,MACE-MP,alexmp20_source_coordinate,-0.17129461542082838,-0.16518947636460857,-0.1595746680933701,-0.0006789195254947117,0.0032581295330773585,0.0072664596169049085
0,auroc,ALIGNN-FF,MACE-MP,mp_matched_pool_coordinate,-0.1776481452509688,-0.17189604453830137,-0.16597818896271266,-0.00752529769802752,-0.00334111943055615,0.0013247519675746993
0,auroc,ALIGNN-FF,MACE-MP,mp_source_coordinate,-0.1743887251025263,-0.16841039204960395,-0.16277845992495674,0.0,0.0,0.0
0,auroc,CHGNet,M3GNet,alex_pbe_matched_pool_coordinate,0.03927009441760147,0.04292406231629908,0.04649329679943564,0.010231049832379904,0.013365228231893789,0.016514233982938747
0,auroc,CHGNet,M3GNet,alex_pbe_source_coordinate,0.022213302417041933,0.025848183873958264,0.029581535448743382,-0.007020038807095702,-0.003675207817519288,-0.00030779247580274295
0,auroc,CHGNet,M3GNet,alexmp20_source_coordinate,0.023924660206419555,0.027714919457037468,0.0312803597115655,-0.004510756149918832,-0.0016837623007024405,0.000970940328859595
0,auroc,CHGNet,M3GNet,mp_matched_pool_coordinate,0.03225935048165513,0.03588781570292554,0.03948183431203199,0.003772225780847199,0.006376303257099425,0.009151713122061469
0,auroc,CHGNet,M3GNet,mp_source_coordinate,0.0258786653749674,0.029471867766255655,0.033190621452094095,0.0,0.0,0.0
0,auroc,CHGNet,MACE-MP,alex_pbe_matched_pool_coordinate,-0.029236213905963503,-0.026346048575196124,-0.023237972229779122,0.006796192408478785,0.009615627750220845,0.012773349793165528
0,auroc,CHGNet,MACE-MP,alex_pbe_source_coordinate,-0.04237113815589723,-0.03947962473341843,-0.03650345563583799,-0.006271507817972794,-0.0035604495256577606,-0.000674567461602906
0,auroc,CHGNet,MACE-MP,alexmp20_source_coordinate,-0.039593481836207076,-0.036786051059322256,-0.033892011395165296,-0.0031713634702707216,-0.0009166677904714482,0.0015168383218956579
0,auroc,CHGNet,MACE-MP,mp_matched_pool_coordinate,-0.02908911475043868,-0.026046242329499647,-0.02325386414616775,0.007563622779775026,0.009819782683135825,0.012135504503987257
0,auroc,CHGNet,MACE-MP,mp_source_coordinate,-0.038723429130023024,-0.03598287448651555,-0.033238795743971844,0.0,0.0,0.0
0,auroc,M3GNet,MACE-MP,alex_pbe_matched_pool_coordinate,-0.07311883647916405,-0.06924531955930624,-0.06505728527738704,-0.007212412419176748,-0.003808027151319948,-0.000290284166658897
0,auroc,M3GNet,MACE-MP,alex_pbe_source_coordinate,-0.06926511315974129,-0.06532062143932144,-0.061168488870046694,-0.0031988562348425594,0.000169144249862474,0.003384582337207986
0,auroc,M3GNet,MACE-MP,alexmp20_source_coordinate,-0.06837342138238196,-0.0646137046474517,-0.060673438286615373,-0.002123978605653004,0.0007562427093681934,0.0035322666897129734
0,auroc,M3GNet,MACE-MP,mp_matched_pool_coordinate,-0.0658090263477919,-0.06197899000941176,-0.058007834815958136,0.0006849323523927004,0.0035261381691875093,0.006244044561037231
0,auroc,M3GNet,MACE-MP,mp_source_coordinate,-0.06942129815599904,-0.06535357780260759,-0.06144541296331672,0.0,0.0,0.0
0,expected_stable_hits_at_100,ALIGNN-FF,CHGNet,alex_pbe_matched_pool_coordinate,0.0,0.0,0.0,-3.0249999999999986,1.0,7.0
0,expected_stable_hits_at_100,ALIGNN-FF,CHGNet,alex_pbe_source_coordinate,-8.0,-3.0,3.0,-8.0,-2.0,4.0
0,expected_stable_hits_at_100,ALIGNN-FF,CHGNet,alexmp20_source_coordinate,-6.0,1.0,7.0,-3.0,1.0,11.0
0,expected_stable_hits_at_100,ALIGNN-FF,CHGNet,mp_matched_pool_coordinate,0.0,0.0,0.0,-3.0249999999999986,1.0,7.0
0,expected_stable_hits_at_100,ALIGNN-FF,CHGNet,mp_source_coordinate,-7.0,-1.0,3.0249999999999773,0.0,0.0,0.0
0,expected_stable_hits_at_100,ALIGNN-FF,M3GNet,alex_pbe_matched_pool_coordinate,0.0,0.0,0.0,-2.0,2.0,8.0
0,expected_stable_hits_at_100,ALIGNN-FF,M3GNet,alex_pbe_source_coordinate,-9.024999999999999,-4.0,1.0,-8.0,-2.0,4.024999999999977
0,expected_stable_hits_at_100,ALIGNN-FF,M3GNet,alexmp20_source_coordinate,-7.0,-1.0,5.0,-4.0,1.0,10.0
0,expected_stable_hits_at_100,ALIGNN-FF,M3GNet,mp_matched_pool_coordinate,0.0,0.0,0.0,-2.0,2.0,8.0
0,expected_stable_hits_at_100,ALIGNN-FF,M3GNet,mp_source_coordinate,-8.0,-2.0,2.0,0.0,0.0,0.0
0,expected_stable_hits_at_100,ALIGNN-FF,MACE-MP,alex_pbe_matched_pool_coordinate,0.0,0.0,0.0,-4.0,1.0,6.0
0,expected_stable_hits_at_100,ALIGNN-FF,MACE-MP,alex_pbe_source_coordinate,-8.0,-3.0,3.0,-9.0,-2.0,6.0
0,expected_stable_hits_at_100,ALIGNN-FF,MACE-MP,alexmp20_source_coordinate,-5.0,0.0,4.0,-4.0,1.0,6.0
0,expected_stable_hits_at_100,ALIGNN-FF,MACE-MP,mp_matched_pool_coordinate,0.0,0.0,0.0,-4.0,1.0,6.0
0,expected_stable_hits_at_100,ALIGNN-FF,MACE-MP,mp_source_coordinate,-6.0,-1.0,4.0,0.0,0.0,0.0
0,expected_stable_hits_at_100,CHGNet,M3GNet,alex_pbe_matched_pool_coordinate,0.0,0.0,0.0,-4.0,1.0,5.0
0,expected_stable_hits_at_100,CHGNet,M3GNet,alex_pbe_source_coordinate,-6.0,-1.0,4.0,-4.0,0.0,4.0
0,expected_stable_hits_at_100,CHGNet,M3GNet,alexmp20_source_coordinate,-5.0,-1.0,3.0,-5.0,0.0,4.0
0,expected_stable_hits_at_100,CHGNet,M3GNet,mp_matched_pool_coordinate,0.0,0.0,0.0,-4.0,1.0,5.0
0,expected_stable_hits_at_100,CHGNet,M3GNet,mp_source_coordinate,-5.0,-1.0,4.0,0.0,0.0,0.0
0,expected_stable_hits_at_100,CHGNet,MACE-MP,alex_pbe_matched_pool_coordinate,0.0,0.0,0.0,-6.0,0.0,4.0
0,expected_stable_hits_at_100,CHGNet,MACE-MP,alex_pbe_source_coordinate,-4.0,0.0,5.0,-4.0,0.0,5.0
0,expected_stable_hits_at_100,CHGNet,MACE-MP,alexmp20_source_coordinate,-5.0,-1.0,5.0,-9.0,-1.0,3.0
0,expected_stable_hits_at_100,CHGNet,MACE-MP,mp_matched_pool_coordinate,0.0,0.0,0.0,-6.0,0.0,4.0
0,expected_stable_hits_at_100,CHGNet,MACE-MP,mp_source_coordinate,-4.0,0.0,6.0,0.0,0.0,0.0
0,expected_stable_hits_at_100,M3GNet,MACE-MP,alex_pbe_matched_pool_coordinate,0.0,0.0,0.0,-6.0,-1.0,3.0
0,expected_stable_hits_at_100,M3GNet,MACE-MP,alex_pbe_source_coordinate,-4.0,2.0,6.0,-4.0,0.0,5.0
0,expected_stable_hits_at_100,M3GNet,MACE-MP,alexmp20_source_coordinate,-4.0,0.0,5.024999999999977,-9.0,0.0,4.0
0,expected_stable_hits_at_100,M3GNet,MACE-MP,mp_matched_pool_coordinate,0.0,0.0,0.0,-6.0,-1.0,3.0
0,expected_stable_hits_at_100,M3GNet,MACE-MP,mp_source_coordinate,-3.0,1.0,6.0,0.0,0.0,0.0
0,expected_stable_hits_at_1000,ALIGNN-FF,CHGNet,alex_pbe_matched_pool_coordinate,-37.025,-26.0,-17.0,-29.0,-7.0,14.0
0,expected_stable_hits_at_1000,ALIGNN-FF,CHGNet,alex_pbe_source_coordinate,-47.0,-23.0,1.0,-26.0,-3.0,19.0
0,expected_stable_hits_at_1000,ALIGNN-FF,CHGNet,alexmp20_source_coordinate,-54.0,-30.0,-6.0,-28.025,-10.0,10.0
0,expected_stable_hits_at_1000,ALIGNN-FF,CHGNet,mp_matched_pool_coordinate,-56.0,-40.0,-25.0,-39.0,-20.0,-1.9750000000000227
0,expected_stable_hits_at_1000,ALIGNN-FF,CHGNet,mp_source_coordinate,-42.0,-20.0,3.0,0.0,0.0,0.0
0,expected_stable_hits_at_1000,ALIGNN-FF,M3GNet,alex_pbe_matched_pool_coordinate,-37.0,-26.0,-16.0,-2.0,18.0,38.0
0,expected_stable_hits_at_1000,ALIGNN-FF,M3GNet,alex_pbe_source_coordinate,-75.0,-50.0,-26.0,-31.0,-6.0,16.0
0,expected_stable_hits_at_1000,ALIGNN-FF,M3GNet,alexmp20_source_coordinate,-84.0,-60.0,-36.0,-37.0,-17.0,4.0
0,expected_stable_hits_at_1000,ALIGNN-FF,M3GNet,mp_matched_pool_coordinate,-59.0,-42.0,-27.0,-16.0,1.0,19.0
0,expected_stable_hits_at_1000,ALIGNN-FF,M3GNet,mp_source_coordinate,-65.0,-44.0,-24.0,0.0,0.0,0.0
0,expected_stable_hits_at_1000,ALIGNN-FF,MACE-MP,alex_pbe_matched_pool_coordinate,-35.0,-23.0,-13.0,5.975000000000001,26.0,46.0
0,expected_stable_hits_at_1000,ALIGNN-FF,MACE-MP,alex_pbe_source_coordinate,-68.025,-45.0,-21.0,-18.0,4.0,26.0
0,expected_stable_hits_at_1000,ALIGNN-FF,MACE-MP,alexmp20_source_coordinate,-78.0,-53.0,-29.0,-23.0,-4.0,15.0
0,expected_stable_hits_at_1000,ALIGNN-FF,MACE-MP,mp_matched_pool_coordinate,-57.0,-40.0,-25.0,-10.0,9.0,26.0
0,expected_stable_hits_at_1000,ALIGNN-FF,MACE-MP,mp_source_coordinate,-70.0,-49.0,-27.0,0.0,0.0,0.0
0,expected_stable_hits_at_1000,CHGNet,M3GNet,alex_pbe_matched_pool_coordinate,-2.0,1.0,3.0,12.0,25.0,39.0
0,expected_stable_hits_at_1000,CHGNet,M3GNet,alex_pbe_source_coordinate,-44.0,-28.0,-11.0,-19.0,-3.0,12.024999999999977
0,expected_stable_hits_at_1000,CHGNet,M3GNet,alexmp20_source_coordinate,-45.0,-31.0,-15.0,-18.0,-6.0,6.0
0,expected_stable_hits_at_1000,CHGNet,M3GNet,mp_matched_pool_coordinate,-8.0,-2.0,3.0,9.0,22.0,34.0
0,expected_stable_hits_at_1000,CHGNet,M3GNet,mp_source_coordinate,-38.0,-24.0,-11.0,0.0,0.0,0.0
0,expected_stable_hits_at_1000,CHGNet,MACE-MP,alex_pbe_matched_pool_coordinate,0.0,3.0,8.0,21.0,33.0,46.0
0,expected_stable_hits_at_1000,CHGNet,MACE-MP,alex_pbe_source_coordinate,-36.0,-22.0,-7.0,-7.0,7.0,22.0
0,expected_stable_hits_at_1000,CHGNet,MACE-MP,alexmp20_source_coordinate,-37.0,-23.0,-8.975000000000023,-4.0,6.0,18.0
0,expected_stable_hits_at_1000,CHGNet,MACE-MP,mp_matched_pool_coordinate,-6.0,0.0,5.0,18.0,29.0,42.0
0,expected_stable_hits_at_1000,CHGNet,MACE-MP,mp_source_coordinate,-43.0,-29.0,-18.0,0.0,0.0,0.0
0,expected_stable_hits_at_1000,M3GNet,MACE-MP,alex_pbe_matched_pool_coordinate,-1.0,3.0,7.0,-6.0,8.0,23.0
0,expected_stable_hits_at_1000,M3GNet,MACE-MP,alex_pbe_source_coordinate,-10.0,5.0,21.0,-3.0249999999999986,10.0,26.0
0,expected_stable_hits_at_1000,M3GNet,MACE-MP,alexmp20_source_coordinate,-8.0,8.0,23.0,2.0,13.0,24.0
0,expected_stable_hits_at_1000,M3GNet,MACE-MP,mp_matched_pool_coordinate,-4.0,2.0,9.0,-4.0,7.0,20.0
0,expected_stable_hits_at_1000,M3GNet,MACE-MP,mp_source_coordinate,-20.0,-5.0,8.024999999999977,0.0,0.0,0.0
0,expected_stable_hits_at_300,ALIGNN-FF,CHGNet,alex_pbe_matched_pool_coordinate,0.0,0.0,0.0,-9.0,-1.0,6.0
0,expected_stable_hits_at_300,ALIGNN-FF,CHGNet,alex_pbe_source_coordinate,-6.0,1.0,9.0,-9.0,1.0,8.0
0,expected_stable_hits_at_300,ALIGNN-FF,CHGNet,alexmp20_source_coordinate,-8.0,0.0,8.0,-8.0,-1.0,6.0
0,expected_stable_hits_at_300,ALIGNN-FF,CHGNet,mp_matched_pool_coordinate,-3.0,0.0,3.0,-8.024999999999999,-1.0,6.0
0,expected_stable_hits_at_300,ALIGNN-FF,CHGNet,mp_source_coordinate,-6.0,1.0,9.0,0.0,0.0,0.0
0,expected_stable_hits_at_300,ALIGNN-FF,M3GNet,alex_pbe_matched_pool_coordinate,0.0,0.0,0.0,-4.0,4.0,12.0
0,expected_stable_hits_at_300,ALIGNN-FF,M3GNet,alex_pbe_source_coordinate,-14.0,-6.0,1.0,-12.0,-2.0,6.0
0,expected_stable_hits_at_300,ALIGNN-FF,M3GNet,alexmp20_source_coordinate,-13.0,-6.0,1.0249999999999773,-10.0,-2.0,5.0
0,expected_stable_hits_at_300,ALIGNN-FF,M3GNet,mp_matched_pool_coordinate,-3.0,0.0,3.0,-4.0,5.0,12.0
0,expected_stable_hits_at_300,ALIGNN-FF,M3GNet,mp_source_coordinate,-12.0,-4.0,4.0,0.0,0.0,0.0
0,expected_stable_hits_at_300,ALIGNN-FF,MACE-MP,alex_pbe_matched_pool_coordinate,0.0,0.0,0.0,-9.0,-1.0,8.0
0,expected_stable_hits_at_300,ALIGNN-FF,MACE-MP,alex_pbe_source_coordinate,-9.0,0.0,9.0,-8.024999999999999,0.0,6.0
0,expected_stable_hits_at_300,ALIGNN-FF,MACE-MP,alexmp20_source_coordinate,-11.0,-1.0,7.024999999999977,-8.024999999999999,-1.0,5.0
0,expected_stable_hits_at_300,ALIGNN-FF,MACE-MP,mp_matched_pool_coordinate,-3.0,0.0,3.0,-8.024999999999999,0.0,8.0
0,expected_stable_hits_at_300,ALIGNN-FF,MACE-MP,mp_source_coordinate,-8.0,1.0,9.0,0.0,0.0,0.0
0,expected_stable_hits_at_300,CHGNet,M3GNet,alex_pbe_matched_pool_coordinate,0.0,0.0,0.0,-5.0,5.0,12.0
0,expected_stable_hits_at_300,CHGNet,M3GNet,alex_pbe_source_coordinate,-14.0,-8.0,-1.0,-11.0,-2.0,3.0249999999999773
0,expected_stable_hits_at_300,CHGNet,M3GNet,alexmp20_source_coordinate,-13.0,-6.0,1.0,-7.0,-1.0,4.0
0,expected_stable_hits_at_300,CHGNet,M3GNet,mp_matched_pool_coordinate,-2.0,0.0,3.0,-3.0,6.0,12.0
0,expected_stable_hits_at_300,CHGNet,M3GNet,mp_source_coordinate,-12.0,-5.0,5.0,0.0,0.0,0.0
0,expected_stable_hits_at_300,CHGNet,MACE-MP,alex_pbe_matched_pool_coordinate,0.0,0.0,0.0,-4.0,1.0,6.0
0,expected_stable_hits_at_300,CHGNet,MACE-MP,alex_pbe_source_coordinate,-9.0,-2.0,5.0,-8.0,-1.0,6.0
0,expected_stable_hits_at_300,CHGNet,MACE-MP,alexmp20_source_coordinate,-7.0,-1.0,5.0,-6.0,0.0,5.0
0,expected_stable_hits_at_300,CHGNet,MACE-MP,mp_matched_pool_coordinate,-2.0,0.0,2.0249999999999773,-4.0,1.0,5.0
0,expected_stable_hits_at_300,CHGNet,MACE-MP,mp_source_coordinate,-6.0,-1.0,4.0,0.0,0.0,0.0
0,expected_stable_hits_at_300,M3GNet,MACE-MP,alex_pbe_matched_pool_coordinate,0.0,0.0,0.0,-11.0,-5.0,5.0
0,expected_stable_hits_at_300,M3GNet,MACE-MP,alex_pbe_source_coordinate,-3.0,6.0,13.0,-4.0,1.0,9.0
0,expected_stable_hits_at_300,M3GNet,MACE-MP,alexmp20_source_coordinate,-3.0,5.0,11.0,-6.0,1.0,6.0
0,expected_stable_hits_at_300,M3GNet,MACE-MP,mp_matched_pool_coordinate,-3.0,0.0,2.0,-11.0,-5.0,4.0
0,expected_stable_hits_at_300,M3GNet,MACE-MP,mp_source_coordinate,-5.0,5.0,11.0,0.0,0.0,0.0
0,expected_stable_hits_at_500,ALIGNN-FF,CHGNet,alex_pbe_matched_pool_coordinate,-6.0,-1.0,0.0,-14.0,-3.0,8.0
0,expected_stable_hits_at_500,ALIGNN-FF,CHGNet,alex_pbe_source_coordinate,-14.0,1.0,14.0,-13.024999999999999,-1.0,11.0
0,expected_stable_hits_at_500,ALIGNN-FF,CHGNet,alexmp20_source_coordinate,-8.0,4.0,16.0,-8.0,2.0,12.0
0,expected_stable_hits_at_500,ALIGNN-FF,CHGNet,mp_matched_pool_coordinate,-8.0,-1.0,5.0,-13.0,-2.0,7.0
0,expected_stable_hits_at_500,ALIGNN-FF,CHGNet,mp_source_coordinate,-10.0,1.0,13.0,0.0,0.0,0.0
0,expected_stable_hits_at_500,ALIGNN-FF,M3GNet,alex_pbe_matched_pool_coordinate,-6.0,-1.0,0.0,-10.0,1.0,12.0
0,expected_stable_hits_at_500,ALIGNN-FF,M3GNet,alex_pbe_source_coordinate,-22.0,-8.0,5.0,-17.0,-6.0,6.0
0,expected_stable_hits_at_500,ALIGNN-FF,M3GNet,alexmp20_source_coordinate,-17.0,-3.0,10.0,-12.0,-1.0,10.0
0,expected_stable_hits_at_500,ALIGNN-FF,M3GNet,mp_matched_pool_coordinate,-11.024999999999999,-4.0,2.0,-12.0,-1.0,9.0
0,expected_stable_hits_at_500,ALIGNN-FF,M3GNet,mp_source_coordinate,-15.0,-2.0,10.0,0.0,0.0,0.0
0,expected_stable_hits_at_500,ALIGNN-FF,MACE-MP,alex_pbe_matched_pool_coordinate,-6.0,-1.0,0.0,-10.0,1.0,12.0
0,expected_stable_hits_at_500,ALIGNN-FF,MACE-MP,alex_pbe_source_coordinate,-21.0,-6.0,7.0,-15.0,-4.0,8.0
0,expected_stable_hits_at_500,ALIGNN-FF,MACE-MP,alexmp20_source_coordinate,-16.0,-3.0,10.0,-10.0,0.0,10.0
0,expected_stable_hits_at_500,ALIGNN-FF,MACE-MP,mp_matched_pool_coordinate,-12.0,-5.0,2.0,-12.0,-2.0,9.0
0,expected_stable_hits_at_500,ALIGNN-FF,MACE-MP,mp_source_coordinate,-14.0,-3.0,9.0,0.0,0.0,0.0
0,expected_stable_hits_at_500,CHGNet,M3GNet,alex_pbe_matched_pool_coordinate,0.0,0.0,0.0,-5.0,4.0,15.0
0,expected_stable_hits_at_500,CHGNet,M3GNet,alex_pbe_source_coordinate,-20.0,-9.0,2.0,-13.0,-5.0,5.0
0,expected_stable_hits_at_500,CHGNet,M3GNet,alexmp20_source_coordinate,-17.0,-7.0,2.0,-11.0,-3.0,5.0
0,expected_stable_hits_at_500,CHGNet,M3GNet,mp_matched_pool_coordinate,-8.0,-3.0,1.0,-8.0,1.0,11.0
0,expected_stable_hits_at_500,CHGNet,M3GNet,mp_source_coordinate,-15.0,-4.0,5.0,0.0,0.0,0.0
0,expected_stable_hits_at_500,CHGNet,MACE-MP,alex_pbe_matched_pool_coordinate,0.0,0.0,0.0,-4.0,4.0,14.0
0,expected_stable_hits_at_500,CHGNet,MACE-MP,alex_pbe_source_coordinate,-18.0,-7.0,3.0,-12.0,-3.0,8.0
0,expected_stable_hits_at_500,CHGNet,MACE-MP,alexmp20_source_coordinate,-15.0,-7.0,2.0,-9.0,-2.0,5.0
0,expected_stable_hits_at_500,CHGNet,MACE-MP,mp_matched_pool_coordinate,-9.0,-4.0,1.0,-8.0,1.0,11.0
0,expected_stable_hits_at_500,CHGNet,MACE-MP,mp_source_coordinate,-14.0,-4.0,4.0,0.0,0.0,0.0
0,expected_stable_hits_at_500,M3GNet,MACE-MP,alex_pbe_matched_pool_coordinate,0.0,0.0,0.0,-7.024999999999999,1.0,8.0
0,expected_stable_hits_at_500,M3GNet,MACE-MP,alex_pbe_source_coordinate,-7.0,2.0,11.0,-5.0,2.0,12.0
0,expected_stable_hits_at_500,M3GNet,MACE-MP,alexmp20_source_coordinate,-8.0,1.0,9.0,-6.0,1.0,9.0
0,expected_stable_hits_at_500,M3GNet,MACE-MP,mp_matched_pool_coordinate,-7.0,0.0,0.0,-8.0,0.0,7.0
0,expected_stable_hits_at_500,M3GNet,MACE-MP,mp_source_coordinate,-8.0,-1.0,7.024999999999977,0.0,0.0,0.0
0,expected_stable_hits_at_5000,ALIGNN-FF,CHGNet,alex_pbe_matched_pool_coordinate,-514.025,-470.0,-426.0,-25.0,25.5,77.02499999999998
0,expected_stable_hits_at_5000,ALIGNN-FF,CHGNet,alex_pbe_source_coordinate,-591.0,-525.0,-459.0,-87.0,-27.0,34.02499999999998
0,expected_stable_hits_at_5000,ALIGNN-FF,CHGNet,alexmp20_source_coordinate,-588.025,-521.0,-460.975,-70.0,-25.0,22.049999999999955
0,expected_stable_hits_at_5000,ALIGNN-FF,CHGNet,mp_matched_pool_coordinate,-607.05,-553.0,-501.0,-106.0,-57.0,-2.9500000000000455
0,expected_stable_hits_at_5000,ALIGNN-FF,CHGNet,mp_source_coordinate,-558.0,-496.0,-437.0,0.0,0.0,0.0
0,expected_stable_hits_at_5000,ALIGNN-FF,M3GNet,alex_pbe_matched_pool_coordinate,-469.0,-425.0,-379.95000000000005,2.0,55.0,108.02499999999998
0,expected_stable_hits_at_5000,ALIGNN-FF,M3GNet,alex_pbe_source_coordinate,-605.0,-542.0,-474.975,-121.0,-63.0,-6.0
0,expected_stable_hits_at_5000,ALIGNN-FF,M3GNet,alexmp20_source_coordinate,-566.05,-502.0,-440.0,-71.0,-24.0,23.024999999999977
0,expected_stable_hits_at_5000,ALIGNN-FF,M3GNet,mp_matched_pool_coordinate,-506.025,-452.0,-398.975,-27.025,27.0,84.04999999999995
0,expected_stable_hits_at_5000,ALIGNN-FF,M3GNet,mp_source_coordinate,-542.025,-479.0,-416.0,0.0,0.0,0.0
0,expected_stable_hits_at_5000,ALIGNN-FF,MACE-MP,alex_pbe_matched_pool_coordinate,-531.0,-490.0,-442.0,41.0,92.0,147.02499999999998
0,expected_stable_hits_at_5000,ALIGNN-FF,MACE-MP,alex_pbe_source_coordinate,-721.0,-659.0,-593.95,-134.0,-78.0,-20.0
0,expected_stable_hits_at_5000,ALIGNN-FF,MACE-MP,alexmp20_source_coordinate,-715.0,-648.0,-589.0,-115.0,-68.0,-17.975000000000023
0,expected_stable_hits_at_5000,ALIGNN-FF,MACE-MP,mp_matched_pool_coordinate,-617.0,-564.0,-514.0,-33.025,17.0,70.0
0,expected_stable_hits_at_5000,ALIGNN-FF,MACE-MP,mp_source_coordinate,-643.05,-581.0,-522.95,0.0,0.0,0.0
0,expected_stable_hits_at_5000,CHGNet,M3GNet,alex_pbe_matched_pool_coordinate,23.0,46.0,68.0,-9.0,29.0,62.02499999999998
0,expected_stable_hits_at_5000,CHGNet,M3GNet,alex_pbe_source_coordinate,-63.025,-18.0,28.0,-76.0,-36.0,5.024999999999977
0,expected_stable_hits_at_5000,CHGNet,M3GNet,alexmp20_source_coordinate,-26.025,18.0,64.0,-34.0,0.5,36.02499999999998
0,expected_stable_hits_at_5000,CHGNet,M3GNet,mp_matched_pool_coordinate,68.975,101.0,131.02499999999998,47.0,84.0,120.0
0,expected_stable_hits_at_5000,CHGNet,M3GNet,mp_source_coordinate,-20.0,17.0,56.0,0.0,0.0,0.0
0,expected_stable_hits_at_5000,CHGNet,MACE-MP,alex_pbe_matched_pool_coordinate,-34.0,-19.0,-4.0,33.975,67.0,97.0
0,expected_stable_hits_at_5000,CHGNet,MACE-MP,alex_pbe_source_coordinate,-172.025,-135.0,-98.0,-87.025,-50.0,-13.975000000000023
0,expected_stable_hits_at_5000,CHGNet,MACE-MP,alexmp20_source_coordinate,-163.0,-128.5,-93.97500000000002,-74.0,-43.0,-12.975000000000023
0,expected_stable_hits_at_5000,CHGNet,MACE-MP,mp_matched_pool_coordinate,-34.0,-11.0,13.0,43.0,74.0,106.0
0,expected_stable_hits_at_5000,CHGNet,MACE-MP,mp_source_coordinate,-117.025,-85.0,-52.97500000000002,0.0,0.0,0.0
0,expected_stable_hits_at_5000,M3GNet,MACE-MP,alex_pbe_matched_pool_coordinate,-84.0,-65.0,-44.0,1.0,38.0,76.0
0,expected_stable_hits_at_5000,M3GNet,MACE-MP,alex_pbe_source_coordinate,-160.0,-118.0,-74.0,-55.025,-16.0,29.0
0,expected_stable_hits_at_5000,M3GNet,MACE-MP,alexmp20_source_coordinate,-188.0,-147.0,-104.0,-79.025,-43.0,-9.0
0,expected_stable_hits_at_5000,M3GNet,MACE-MP,mp_matched_pool_coordinate,-143.0,-113.0,-81.97500000000002,-47.0,-10.0,27.0
0,expected_stable_hits_at_5000,M3GNet,MACE-MP,mp_source_coordinate,-141.0,-103.0,-63.0,0.0,0.0,0.0
0,normalized_ap,ALIGNN-FF,CHGNet,alex_pbe_matched_pool_coordinate,-0.320008218183422,-0.3082123139444702,-0.29663482887453807,-0.12065727041458936,-0.10975450873921727,-0.09961571242739702
0,normalized_ap,ALIGNN-FF,CHGNet,alex_pbe_source_coordinate,-0.16810623107018405,-0.1581612150075587,-0.14872843383573522,0.030995784155881594,0.03967756309576001,0.048734395856073726
0,normalized_ap,ALIGNN-FF,CHGNet,alexmp20_source_coordinate,-0.18719960634372393,-0.1766658387329235,-0.16733989553737047,0.013784284558592477,0.02125607668683055,0.02876622629223904
0,normalized_ap,ALIGNN-FF,CHGNet,mp_matched_pool_coordinate,-0.2666068746093907,-0.25599960080869466,-0.245149291935144,-0.06717482119415721,-0.0580588680031833,-0.04838133388799286
0,normalized_ap,ALIGNN-FF,CHGNet,mp_source_coordinate,-0.20906378672128836,-0.19820886413983319,-0.18795552026297022,0.0,0.0,0.0
0,normalized_ap,ALIGNN-FF,M3GNet,alex_pbe_matched_pool_coordinate,-0.2574129070119696,-0.24560003734153368,-0.23419423193618588,-0.08722561032612267,-0.07691910655427564,-0.06667719065491885
0,normalized_ap,ALIGNN-FF,M3GNet,alex_pbe_source_coordinate,-0.15145693912306643,-0.14123243721746453,-0.1320720705950746,0.018423993256133534,0.027233591952251557,0.036136761018287986
0,normalized_ap,ALIGNN-FF,M3GNet,alexmp20_source_coordinate,-0.16368722677976158,-0.1527659328964353,-0.1437780552757911,0.008301396363647615,0.015780070003988622,0.023394942670142638
0,normalized_ap,ALIGNN-FF,M3GNet,mp_matched_pool_coordinate,-0.213800192182389,-0.20275264898372602,-0.19193727676370503,-0.043515509726603646,-0.03389324609669045,-0.024326063635871243
0,normalized_ap,ALIGNN-FF,M3GNet,mp_source_coordinate,-0.1786787284468533,-0.16876615683702093,-0.15834991251335456,0.0,0.0,0.0
0,normalized_ap,ALIGNN-FF,MACE-MP,alex_pbe_matched_pool_coordinate,-0.3742593098968311,-0.3624456660085194,-0.350492613315076,-0.10908968349220419,-0.09850669388067532,-0.08752994406159179
0,normalized_ap,ALIGNN-FF,MACE-MP,alex_pbe_source_coordinate,-0.23545330319248267,-0.2254102032479306,-0.21555332511713562,0.029267305275752498,0.038365499434890954,0.047766401902864186
0,normalized_ap,ALIGNN-FF,MACE-MP,alexmp20_source_coordinate,-0.25362554146182287,-0.24261988286421005,-0.2329247496941743,0.013146282565993575,0.021140777695817292,0.02918433093139245
0,normalized_ap,ALIGNN-FF,MACE-MP,mp_matched_pool_coordinate,-0.3157002069131687,-0.3048239518114388,-0.293637747242694,-0.0504479646466068,-0.040811073036113116,-0.03128408626283845
0,normalized_ap,ALIGNN-FF,MACE-MP,mp_source_coordinate,-0.27442445371055857,-0.2638836499655062,-0.2532888619867372,0.0,0.0,0.0
0,normalized_ap,CHGNet,M3GNet,alex_pbe_matched_pool_coordinate,0.05594820051374835,0.062421820652733384,0.06899614411917594,0.026474346631081475,0.03303417643413384,0.03872576479906343
0,normalized_ap,CHGNet,M3GNet,alex_pbe_source_coordinate,0.0111408810988775,0.01702471188152957,0.022927188184213437,-0.01818399493190433,-0.012491363742998085,-0.0067175897437615805
0,normalized_ap,CHGNet,M3GNet,alexmp20_source_coordinate,0.017842245241115693,0.02378538187586121,0.029499868152660313,-0.010563392374250852,-0.005623769101663373,-0.0009916719228134387
0,normalized_ap,CHGNet,M3GNet,mp_matched_pool_coordinate,0.04670500270396398,0.05337512141762435,0.059946030908288664,0.018225286808890268,0.02393722316675234,0.029306185251209396
0,normalized_ap,CHGNet,M3GNet,mp_source_coordinate,0.023188556971664723,0.029409314732589148,0.035735578957896086,0.0,0.0,0.0
0,normalized_ap,CHGNet,MACE-MP,alex_pbe_matched_pool_coordinate,-0.05887228520700103,-0.05443486151232296,-0.049929602303746726,0.006308338697801677,0.011465328655047069,0.01682968006641296
0,normalized_ap,CHGNet,MACE-MP,alex_pbe_source_coordinate,-0.07158900008400468,-0.06713742558565994,-0.06275243202827194,-0.006388131795806581,-0.0013670514205327555,0.0035837235170396386
0,normalized_ap,CHGNet,MACE-MP,alexmp20_source_coordinate,-0.0708048971632822,-0.06595702498196121,-0.061608506472100345,-0.0041856793054874135,-0.00024335196988342633,0.004061616668676006
0,normalized_ap,CHGNet,MACE-MP,mp_matched_pool_coordinate,-0.05342681389629911,-0.048590824669137056,-0.04353691374255327,0.012728726144770663,0.017170787236897023,0.022048795526756364
0,normalized_ap,CHGNet,MACE-MP,mp_source_coordinate,-0.07078662875573136,-0.06571920667270054,-0.060999243013500765,0.0,0.0,0.0
0,normalized_ap,M3GNet,MACE-MP,alex_pbe_matched_pool_coordinate,-0.12349354463948639,-0.11676178858719793,-0.10992034096346638,-0.028039811133810003,-0.02160494153780812,-0.015181502469245392
0,normalized_ap,M3GNet,MACE-MP,alex_pbe_source_coordinate,-0.09010959381610407,-0.08402135316688694,-0.07793033969498749,0.0054654449390422995,0.01127024940470206,0.01704871611036203
0,normalized_ap,M3GNet,MACE-MP,alexmp20_source_coordinate,-0.09629280570332523,-0.08959760252373028,-0.08381723700773046,0.0001591847127851376,0.005344632195420779,0.010394782042864264
0,normalized_ap,M3GNet,MACE-MP,mp_matched_pool_coordinate,-0.10882506450039887,-0.10202575516611007,-0.09531362879546815,-0.012354983645569629,-0.006845804658985627,-0.0012277888102292702
0,normalized_ap,M3GNet,MACE-MP,mp_source_coordinate,-0.10187329283171068,-0.09535075657412473,-0.08813298359588449,0.0,0.0,0.0
10,ap,ALIGNN-FF,CHGNet,alex_pbe_matched_pool_coordinate,-0.11239760687308703,-0.10683439315881738,-0.10097959438571594,-0.011160068157062187,-0.006465645428097133,-0.0017245777589170212
10,ap,ALIGNN-FF,CHGNet,alex_pbe_source_coordinate,-0.1059606271565044,-0.09983654519375351,-0.09379062768896364,-0.00392766298873731,0.0004927834018989552,0.004521353062286441
10,ap,ALIGNN-FF,CHGNet,alexmp20_source_coordinate,-0.10802239964143837,-0.1013583736400539,-0.09540538948394856,-0.004831393337521572,-0.00118769231662047,0.0027599057616583583
10,ap,ALIGNN-FF,CHGNet,mp_matched_pool_coordinate,-0.11289040558759218,-0.10710131826028968,-0.10133670813690143,-0.011379459655949265,-0.0068168799621065035,-0.002223594067933044
10,ap,ALIGNN-FF,CHGNet,mp_source_coordinate,-0.106362589626295,-0.1003540183366951,-0.09427431307763368,0.0,0.0,0.0
10,ap,ALIGNN-FF,M3GNet,alex_pbe_matched_pool_coordinate,-0.09225441979121413,-0.08676152859522646,-0.08147530699305111,-0.006124628293756309,-0.0015219343755211168,0.003158991092059684
10,ap,ALIGNN-FF,M3GNet,alex_pbe_source_coordinate,-0.09608650849338815,-0.08981397734607566,-0.08399376051527073,-0.009005457638059341,-0.004684920754761346,6.61482600678966e-05
10,ap,ALIGNN-FF,M3GNet,alexmp20_source_coordinate,-0.09405060528209289,-0.08781099895820343,-0.08199913734370182,-0.006253279826691336,-0.0027070562192855196,0.001274583189166288
10,ap,ALIGNN-FF,M3GNet,mp_matched_pool_coordinate,-0.08935360522438199,-0.08397148917778535,-0.07844873373292909,-0.0033420578265769413,0.0013938149850216686,0.005723868679323943
10,ap,ALIGNN-FF,M3GNet,mp_source_coordinate,-0.0913549986888287,-0.08513101100802412,-0.07919010142312584,0.0,0.0,0.0
10,ap,ALIGNN-FF,MACE-MP,alex_pbe_matched_pool_coordinate,-0.13455250187839454,-0.1284656472133392,-0.12244419989507432,0.0017923262730341256,0.0069464882940776795,0.011716033596564018
10,ap,ALIGNN-FF,MACE-MP,alex_pbe_source_coordinate,-0.14756845723440154,-0.141030509965961,-0.13485913602071767,-0.01012221159055945,-0.005652361567644648,-0.0010117095357888824
10,ap,ALIGNN-FF,MACE-MP,alexmp20_source_coordinate,-0.14649071511878636,-0.1400866335670607,-0.1335664715278141,-0.00872176967425801,-0.004730519774755415,-0.0005111888064139741
10,ap,ALIGNN-FF,MACE-MP,mp_matched_pool_coordinate,-0.13468926651539587,-0.1288356017334122,-0.12282454423702065,0.0014383198849002078,0.006527951091376216,0.011119634977252085
10,ap,ALIGNN-FF,MACE-MP,mp_source_coordinate,-0.14191391059652744,-0.13529059765090362,-0.12890147897392126,0.0,0.0,0.0
10,ap,CHGNet,M3GNet,alex_pbe_matched_pool_coordinate,0.017157340425372206,0.019980424915963746,0.022534258191610947,0.0020773267391041655,0.004904997252676846,0.0076485506151539465
10,ap,CHGNet,M3GNet,alex_pbe_source_coordinate,0.0065590017775133125,0.009923727697545348,0.01334502463203362,-0.008052896089979656,-0.005193253963572231,-0.0023231672793302075
10,ap,CHGNet,M3GNet,alexmp20_source_coordinate,0.010242920414511678,0.013649265217379247,0.017005526982290006,-0.003901922228213281,-0.0015200884555082173,0.0008580203646564115
10,ap,CHGNet,M3GNet,mp_matched_pool_coordinate,0.020203857781640706,0.02315506224228947,0.026218206732907583,0.005419401656404391,0.008088743303530765,0.01074886646887493
10,ap,CHGNet,M3GNet,mp_source_coordinate,0.01177498007621118,0.015123856912461542,0.018524262302856854,0.0,0.0,0.0
10,ap,CHGNet,MACE-MP,alex_pbe_matched_pool_coordinate,-0.02341195060442218,-0.02168264687838889,-0.019964977470983563,0.011053955876858836,0.013354929069098131,0.015706928707053834
10,ap,CHGNet,MACE-MP,alex_pbe_source_coordinate,-0.043774308385918614,-0.041194324893740475,-0.038623549859833954,-0.008598379899285821,-0.006167203189796522,-0.0037400338659394055
10,ap,CHGNet,MACE-MP,alexmp20_source_coordinate,-0.04101395094215426,-0.03864975878059784,-0.03628364639116461,-0.005589829909914201,-0.0035708485338213913,-0.0015954046845651744
10,ap,CHGNet,MACE-MP,mp_matched_pool_coordinate,-0.023932198284426928,-0.021800462382972452,-0.019488547976089756,0.011097826164890004,0.013235784546197338,0.015566801233388716
10,ap,CHGNet,MACE-MP,mp_source_coordinate,-0.03746245744844067,-0.03501034775778433,-0.03257363176875078,0.0,0.0,0.0
10,ap,M3GNet,MACE-MP,alex_pbe_matched_pool_coordinate,-0.044508047089591475,-0.04169654390887406,-0.03886091070951822,0.005486593384925853,0.008456280878172295,0.011263288000905283
10,ap,M3GNet,MACE-MP,alex_pbe_source_coordinate,-0.05480569885778162,-0.05109960346821402,-0.04741851607341532,-0.0039015573984796546,-0.0010397911852269015,0.0020359883521988307
10,ap,M3GNet,MACE-MP,alexmp20_source_coordinate,-0.05564412480406941,-0.05217143582482808,-0.04866970218823075,-0.004791149759047567,-0.0020647206279597596,0.0003983290545478634
10,ap,M3GNet,MACE-MP,mp_matched_pool_coordinate,-0.04822809704901634,-0.04495353573808397,-0.041707451764875135,0.002347938760877821,0.005160046616727587,0.007864363573357893
10,ap,M3GNet,MACE-MP,mp_source_coordinate,-0.053599214989220566,-0.050186048930821014,-0.04646216126556605,0.0,0.0,0.0
10,auroc,ALIGNN-FF,CHGNet,alex_pbe_matched_pool_coordinate,-0.1819398413499094,-0.1749241990019737,-0.16804339184924877,-0.04800989324187124,-0.04269314087544401,-0.03752088675934071
10,auroc,ALIGNN-FF,CHGNet,alex_pbe_source_coordinate,-0.13275007687641618,-0.1264068987740432,-0.12022169343736179,0.0013382718885358719,0.005810717201913063,0.010210476276232778
10,auroc,ALIGNN-FF,CHGNet,alexmp20_source_coordinate,-0.13711657226789006,-0.13071189027057145,-0.12470624839024366,-0.002262613921092027,0.0014183011939721268,0.005564110145419967
10,auroc,ALIGNN-FF,CHGNet,mp_matched_pool_coordinate,-0.15317065636251806,-0.1468905749595854,-0.14013980987307484,-0.019191381360273083,-0.014391496302940787,-0.01008194904104418
10,auroc,ALIGNN-FF,CHGNet,mp_source_coordinate,-0.13863611783202845,-0.13218412164830157,-0.125916439392539,0.0,0.0,0.0
10,auroc,ALIGNN-FF,M3GNet,alex_pbe_matched_pool_coordinate,-0.14244595757974582,-0.13537547349581347,-0.1283339079201087,-0.03608425447527491,-0.030908649309435654,-0.025391620323550756
10,auroc,ALIGNN-FF,M3GNet,alex_pbe_source_coordinate,-0.11103848370763504,-0.10450355872825479,-0.09826328316655908,-0.004700786808348273,3.624465002449728e-05,0.004609426263016533
10,auroc,ALIGNN-FF,M3GNet,alexmp20_source_coordinate,-0.1113135349611126,-0.1047947183052636,-0.09863174454463888,-0.004318571462392113,-0.00028817742578163275,0.0038781750235450936
10,auroc,ALIGNN-FF,M3GNet,mp_matched_pool_coordinate,-0.11741379255287153,-0.11062754005680336,-0.10448649509826713,-0.010820805303581213,-0.006199631513620241,-0.0014514496160461
10,auroc,ALIGNN-FF,M3GNet,mp_source_coordinate,-0.1108438495811414,-0.1045559708059296,-0.09830666476963741,0.0,0.0,0.0
10,auroc,ALIGNN-FF,MACE-MP,alex_pbe_matched_pool_coordinate,-0.21582587721434385,-0.2087486540804105,-0.20192008004609116,-0.041247524393139064,-0.03552077168544532,-0.030204355847574912
10,auroc,ALIGNN-FF,MACE-MP,alex_pbe_source_coordinate,-0.1768790711666807,-0.17050889442351774,-0.16477032690850918,-0.0019779269904485336,0.0025558220174521917,0.00705793400090637
10,auroc,ALIGNN-FF,MACE-MP,alexmp20_source_coordinate,-0.17871692730771307,-0.17248987233251506,-0.16641012451507603,-0.003115912309815172,0.0006416787289189596,0.004791196428616369
10,auroc,ALIGNN-FF,MACE-MP,mp_matched_pool_coordinate,-0.1824053380818256,-0.17603722036184594,-0.1693672772977938,-0.007255958459057302,-0.0028439865463784075,0.0015116954840187376
10,auroc,ALIGNN-FF,MACE-MP,mp_source_coordinate,-0.17971014768157254,-0.173107125430226,-0.16706783304861073,0.0,0.0,0.0
10,auroc,CHGNet,M3GNet,alex_pbe_matched_pool_coordinate,0.03526016136155191,0.03946562671868192,0.04364731974877365,0.008255949467020685,0.01180066925652662,0.015315303100606192
10,auroc,CHGNet,M3GNet,alex_pbe_source_coordinate,0.01793831795555226,0.0218985423603294,0.025680103939954978,-0.009120490192460006,-0.005895199582561073,-0.002888054559999087
10,auroc,CHGNet,M3GNet,alexmp20_source_coordinate,0.021921964223603718,0.0258652935407227,0.029675539106773896,-0.004486778256933022,-0.0019183764085458077,0.0006575787431518819
10,auroc,CHGNet,M3GNet,mp_matched_pool_coordinate,0.03223953463482982,0.03602093964770042,0.040040549813495065,0.005574512912102389,0.008167305854311802,0.01127152155695894
10,auroc,CHGNet,M3GNet,mp_source_coordinate,0.024130350858221048,0.027727379575965883,0.031634247653864425,0.0,0.0,0.0
10,auroc,CHGNet,MACE-MP,alex_pbe_matched_pool_coordinate,-0.037096532930340105,-0.033927389334163616,-0.030363068215166277,0.00405054059584288,0.007171700422237193,0.010229169690990336
10,auroc,CHGNet,MACE-MP,alex_pbe_source_coordinate,-0.0470543309180923,-0.04421144238859803,-0.04116182732133487,-0.005951233261345848,-0.003264889095705159,-0.0005712210949214404
10,auroc,CHGNet,MACE-MP,alexmp20_source_coordinate,-0.04465908882768694,-0.04182222249810319,-0.038964612223719323,-0.0030967022922719885,-0.0008598511092237082,0.0014597823605422486
10,auroc,CHGNet,MACE-MP,mp_matched_pool_coordinate,-0.03241824956002267,-0.029356414276779708,-0.026039532616161442,0.008873627625636652,0.011626789753745703,0.01422637841242752
10,auroc,CHGNet,MACE-MP,mp_source_coordinate,-0.044060025227703276,-0.040873896391765974,-0.03788207864751955,0.0,0.0,0.0
10,auroc,M3GNet,MACE-MP,alex_pbe_matched_pool_coordinate,-0.07783910418043875,-0.0733558452022759,-0.06886237633567446,-0.008319365972187482,-0.004647884572862526,-0.0011033216899294402
10,auroc,M3GNet,MACE-MP,alex_pbe_source_coordinate,-0.07034750368019461,-0.06610134108892729,-0.06211422989048593,-0.0005914777390714027,0.0025826010185392434,0.005950576715926798
10,auroc,M3GNet,MACE-MP,alexmp20_source_coordinate,-0.07154165425774306,-0.06764432347099403,-0.06370779899934398,-0.0016193152936967241,0.0010486586290925914,0.0037243989093212024
10,auroc,M3GNet,MACE-MP,mp_matched_pool_coordinate,-0.06948938719859318,-0.06544487146539268,-0.06121117807477148,0.0002771910272701823,0.0033375379330431443,0.006190251682368374
10,auroc,M3GNet,MACE-MP,mp_source_coordinate,-0.07272772471353131,-0.06868571836777893,-0.06469261186509818,0.0,0.0,0.0
10,expected_stable_hits_at_100,ALIGNN-FF,CHGNet,alex_pbe_matched_pool_coordinate,0.0,0.0,0.0,-4.0,0.0,6.0
10,expected_stable_hits_at_100,ALIGNN-FF,CHGNet,alex_pbe_source_coordinate,-7.0,-1.0,6.0,-7.0,-1.0,10.0
10,expected_stable_hits_at_100,ALIGNN-FF,CHGNet,alexmp20_source_coordinate,-6.0,1.0,7.0,-4.0,0.0,11.0
10,expected_stable_hits_at_100,ALIGNN-FF,CHGNet,mp_matched_pool_coordinate,0.0,0.0,0.0,-4.0,0.0,6.0
10,expected_stable_hits_at_100,ALIGNN-FF,CHGNet,mp_source_coordinate,-6.0,0.0,4.0,0.0,0.0,0.0
10,expected_stable_hits_at_100,ALIGNN-FF,M3GNet,alex_pbe_matched_pool_coordinate,0.0,0.0,0.0,-3.0,1.0,7.0
10,expected_stable_hits_at_100,ALIGNN-FF,M3GNet,alex_pbe_source_coordinate,-8.0,-2.0,4.0,-7.0,-1.0,8.0
10,expected_stable_hits_at_100,ALIGNN-FF,M3GNet,alexmp20_source_coordinate,-6.0,0.0,6.0,-4.0,0.0,9.024999999999977
10,expected_stable_hits_at_100,ALIGNN-FF,M3GNet,mp_matched_pool_coordinate,0.0,0.0,0.0,-3.0,1.0,7.0
10,expected_stable_hits_at_100,ALIGNN-FF,M3GNet,mp_source_coordinate,-7.0,-1.0,3.0,0.0,0.0,0.0
10,expected_stable_hits_at_100,ALIGNN-FF,MACE-MP,alex_pbe_matched_pool_coordinate,0.0,0.0,0.0,-4.024999999999999,0.0,4.0
10,expected_stable_hits_at_100,ALIGNN-FF,MACE-MP,alex_pbe_source_coordinate,-6.0,-1.0,3.0,-7.0,-2.0,4.0
10,expected_stable_hits_at_100,ALIGNN-FF,MACE-MP,alexmp20_source_coordinate,-4.0,0.0,4.0,-4.0,0.0,5.0
10,expected_stable_hits_at_100,ALIGNN-FF,MACE-MP,mp_matched_pool_coordinate,0.0,0.0,0.0,-4.024999999999999,0.0,4.0
10,expected_stable_hits_at_100,ALIGNN-FF,MACE-MP,mp_source_coordinate,-4.0,0.0,4.024999999999977,0.0,0.0,0.0
10,expected_stable_hits_at_100,CHGNet,M3GNet,alex_pbe_matched_pool_coordinate,0.0,0.0,0.0,-3.0,1.0,5.0
10,expected_stable_hits_at_100,CHGNet,M3GNet,alex_pbe_source_coordinate,-5.0,-1.0,2.0,-5.0,0.0,4.0
10,expected_stable_hits_at_100,CHGNet,M3GNet,alexmp20_source_coordinate,-4.0,-1.0,3.0,-5.0,0.0,4.0
10,expected_stable_hits_at_100,CHGNet,M3GNet,mp_matched_pool_coordinate,0.0,0.0,0.0,-3.0,1.0,5.0
10,expected_stable_hits_at_100,CHGNet,M3GNet,mp_source_coordinate,-5.0,-1.0,3.0,0.0,0.0,0.0
10,expected_stable_hits_at_100,CHGNet,MACE-MP,alex_pbe_matched_pool_coordinate,0.0,0.0,0.0,-6.0,0.0,3.0
10,expected_stable_hits_at_100,CHGNet,MACE-MP,alex_pbe_source_coordinate,-5.0,-1.0,5.0,-10.0,0.0,3.0
10,expected_stable_hits_at_100,CHGNet,MACE-MP,alexmp20_source_coordinate,-5.0,-1.0,5.0,-10.0,0.0,3.0
10,expected_stable_hits_at_100,CHGNet,MACE-MP,mp_matched_pool_coordinate,0.0,0.0,0.0,-6.0,0.0,3.0
10,expected_stable_hits_at_100,CHGNet,MACE-MP,mp_source_coordinate,-3.0,0.0,6.0,0.0,0.0,0.0
10,expected_stable_hits_at_100,M3GNet,MACE-MP,alex_pbe_matched_pool_coordinate,0.0,0.0,0.0,-6.0,-1.0,2.0
10,expected_stable_hits_at_100,M3GNet,MACE-MP,alex_pbe_source_coordinate,-4.0,0.0,5.0,-9.0,0.0,3.0
10,expected_stable_hits_at_100,M3GNet,MACE-MP,alexmp20_source_coordinate,-4.0,0.0,5.0,-9.0,0.0,3.0
10,expected_stable_hits_at_100,M3GNet,MACE-MP,mp_matched_pool_coordinate,0.0,0.0,0.0,-6.0,-1.0,2.0
10,expected_stable_hits_at_100,M3GNet,MACE-MP,mp_source_coordinate,-2.0,1.0,6.0,0.0,0.0,0.0
10,expected_stable_hits_at_1000,ALIGNN-FF,CHGNet,alex_pbe_matched_pool_coordinate,-35.0,-24.0,-16.0,-26.025,-8.0,12.0
10,expected_stable_hits_at_1000,ALIGNN-FF,CHGNet,alex_pbe_source_coordinate,-51.025,-28.0,-5.975000000000023,-28.0,-11.0,7.0
10,expected_stable_hits_at_1000,ALIGNN-FF,CHGNet,alexmp20_source_coordinate,-42.0,-19.0,4.0,-17.025,-2.0,14.0
10,expected_stable_hits_at_1000,ALIGNN-FF,CHGNet,mp_matched_pool_coordinate,-44.0,-32.0,-21.0,-33.0,-15.0,3.0
10,expected_stable_hits_at_1000,ALIGNN-FF,CHGNet,mp_source_coordinate,-37.0,-17.0,4.0,0.0,0.0,0.0
10,expected_stable_hits_at_1000,ALIGNN-FF,M3GNet,alex_pbe_matched_pool_coordinate,-34.0,-24.0,-14.975000000000023,-8.024999999999999,9.0,27.0
10,expected_stable_hits_at_1000,ALIGNN-FF,M3GNet,alex_pbe_source_coordinate,-70.025,-48.0,-26.0,-33.0,-15.0,2.0
10,expected_stable_hits_at_1000,ALIGNN-FF,M3GNet,alexmp20_source_coordinate,-68.0,-45.0,-23.0,-28.0,-12.0,4.0
10,expected_stable_hits_at_1000,ALIGNN-FF,M3GNet,mp_matched_pool_coordinate,-44.025,-32.0,-21.0,-16.0,0.0,17.0
10,expected_stable_hits_at_1000,ALIGNN-FF,M3GNet,mp_source_coordinate,-52.0,-33.0,-14.0,0.0,0.0,0.0
10,expected_stable_hits_at_1000,ALIGNN-FF,MACE-MP,alex_pbe_matched_pool_coordinate,-31.0,-21.0,-11.0,-0.02499999999999858,18.0,37.0
10,expected_stable_hits_at_1000,ALIGNN-FF,MACE-MP,alex_pbe_source_coordinate,-71.025,-47.0,-24.0,-27.0,-9.0,8.0
10,expected_stable_hits_at_1000,ALIGNN-FF,MACE-MP,alexmp20_source_coordinate,-65.0,-42.0,-19.0,-20.0,-3.0,13.0
10,expected_stable_hits_at_1000,ALIGNN-FF,MACE-MP,mp_matched_pool_coordinate,-43.0,-30.0,-18.975000000000023,-8.024999999999999,9.0,26.024999999999977
10,expected_stable_hits_at_1000,ALIGNN-FF,MACE-MP,mp_source_coordinate,-59.0,-39.0,-20.0,0.0,0.0,0.0
10,expected_stable_hits_at_1000,CHGNet,M3GNet,alex_pbe_matched_pool_coordinate,-2.0,1.0,3.0,3.0,17.0,30.0
10,expected_stable_hits_at_1000,CHGNet,M3GNet,alex_pbe_source_coordinate,-34.0,-20.0,-5.975000000000023,-17.0,-4.0,8.0
10,expected_stable_hits_at_1000,CHGNet,M3GNet,alexmp20_source_coordinate,-40.025,-26.0,-12.0,-21.0,-10.0,1.0
10,expected_stable_hits_at_1000,CHGNet,M3GNet,mp_matched_pool_coordinate,-4.0,0.0,2.0,3.0,15.0,28.0
10,expected_stable_hits_at_1000,CHGNet,M3GNet,mp_source_coordinate,-29.0,-16.0,-3.0,0.0,0.0,0.0
10,expected_stable_hits_at_1000,CHGNet,MACE-MP,alex_pbe_matched_pool_coordinate,0.0,3.0,8.0,14.0,25.0,38.0
10,expected_stable_hits_at_1000,CHGNet,MACE-MP,alex_pbe_source_coordinate,-34.0,-20.0,-7.0,-8.0,2.0,12.0
10,expected_stable_hits_at_1000,CHGNet,MACE-MP,alexmp20_source_coordinate,-36.0,-23.0,-11.0,-10.0,-1.0,7.0
10,expected_stable_hits_at_1000,CHGNet,MACE-MP,mp_matched_pool_coordinate,-2.0,2.0,6.0,13.0,24.0,35.0
10,expected_stable_hits_at_1000,CHGNet,MACE-MP,mp_source_coordinate,-34.0,-22.0,-11.0,0.0,0.0,0.0
10,expected_stable_hits_at_1000,M3GNet,MACE-MP,alex_pbe_matched_pool_coordinate,-1.0,3.0,7.0,-3.0,9.0,24.0
10,expected_stable_hits_at_1000,M3GNet,MACE-MP,alex_pbe_source_coordinate,-13.0,0.0,14.0,-4.0,7.0,19.0
10,expected_stable_hits_at_1000,M3GNet,MACE-MP,alexmp20_source_coordinate,-11.0,3.0,16.024999999999977,-1.0,9.0,20.0
10,expected_stable_hits_at_1000,M3GNet,MACE-MP,mp_matched_pool_coordinate,-1.0,2.0,7.0,-3.0,9.0,22.0
10,expected_stable_hits_at_1000,M3GNet,MACE-MP,mp_source_coordinate,-20.0,-7.0,5.024999999999977,0.0,0.0,0.0
10,expected_stable_hits_at_300,ALIGNN-FF,CHGNet,alex_pbe_matched_pool_coordinate,0.0,0.0,0.0,-8.0,-1.0,7.0
10,expected_stable_hits_at_300,ALIGNN-FF,CHGNet,alex_pbe_source_coordinate,-11.0,-4.0,5.0,-12.0,-4.0,2.0
10,expected_stable_hits_at_300,ALIGNN-FF,CHGNet,alexmp20_source_coordinate,-9.0,0.0,8.0,-7.0,-1.0,5.0
10,expected_stable_hits_at_300,ALIGNN-FF,CHGNet,mp_matched_pool_coordinate,0.0,1.0,3.0,-7.0,0.0,7.0
10,expected_stable_hits_at_300,ALIGNN-FF,CHGNet,mp_source_coordinate,-7.0,1.0,8.0,0.0,0.0,0.0
10,expected_stable_hits_at_300,ALIGNN-FF,M3GNet,alex_pbe_matched_pool_coordinate,0.0,0.0,0.0,-5.0,2.0,9.0
10,expected_stable_hits_at_300,ALIGNN-FF,M3GNet,alex_pbe_source_coordinate,-15.024999999999999,-8.0,-1.0,-14.0,-5.0,1.0
10,expected_stable_hits_at_300,ALIGNN-FF,M3GNet,alexmp20_source_coordinate,-12.0,-5.0,1.0,-11.0,-3.0,4.0
10,expected_stable_hits_at_300,ALIGNN-FF,M3GNet,mp_matched_pool_coordinate,-2.0,1.0,3.0,-3.0,3.0,10.0
10,expected_stable_hits_at_300,ALIGNN-FF,M3GNet,mp_source_coordinate,-9.0,-2.0,5.0,0.0,0.0,0.0
10,expected_stable_hits_at_300,ALIGNN-FF,MACE-MP,alex_pbe_matched_pool_coordinate,0.0,0.0,0.0,-7.0,-1.0,6.0
10,expected_stable_hits_at_300,ALIGNN-FF,MACE-MP,alex_pbe_source_coordinate,-11.0,-1.0,6.0,-10.0,-2.0,4.0
10,expected_stable_hits_at_300,ALIGNN-FF,MACE-MP,alexmp20_source_coordinate,-11.0,-2.0,5.0,-9.024999999999999,-3.0,4.0
10,expected_stable_hits_at_300,ALIGNN-FF,MACE-MP,mp_matched_pool_coordinate,0.0,0.0,2.0,-7.0,-1.0,6.0
10,expected_stable_hits_at_300,ALIGNN-FF,MACE-MP,mp_source_coordinate,-6.0,1.0,7.0,0.0,0.0,0.0
10,expected_stable_hits_at_300,CHGNet,M3GNet,alex_pbe_matched_pool_coordinate,0.0,0.0,0.0,-6.024999999999999,3.0,9.0
10,expected_stable_hits_at_300,CHGNet,M3GNet,alex_pbe_source_coordinate,-11.0,-4.0,4.0,-8.0,-1.0,3.0
10,expected_stable_hits_at_300,CHGNet,M3GNet,alexmp20_source_coordinate,-12.024999999999999,-5.0,4.0,-8.0,-2.0,3.0
10,expected_stable_hits_at_300,CHGNet,M3GNet,mp_matched_pool_coordinate,-2.0,0.0,2.0,-5.0,3.0,8.0
10,expected_stable_hits_at_300,CHGNet,M3GNet,mp_source_coordinate,-9.0,-3.0,6.024999999999977,0.0,0.0,0.0
10,expected_stable_hits_at_300,CHGNet,MACE-MP,alex_pbe_matched_pool_coordinate,0.0,0.0,0.0,-5.024999999999999,0.0,5.0
10,expected_stable_hits_at_300,CHGNet,MACE-MP,alex_pbe_source_coordinate,-5.0,2.0,8.0,-6.0,1.0,10.0
10,expected_stable_hits_at_300,CHGNet,MACE-MP,alexmp20_source_coordinate,-7.0,-2.0,4.0,-8.0,-2.0,4.0
10,expected_stable_hits_at_300,CHGNet,MACE-MP,mp_matched_pool_coordinate,-3.0,0.0,0.0,-6.0,-1.0,4.0
10,expected_stable_hits_at_300,CHGNet,MACE-MP,mp_source_coordinate,-5.0,0.0,5.024999999999977,0.0,0.0,0.0
10,expected_stable_hits_at_300,M3GNet,MACE-MP,alex_pbe_matched_pool_coordinate,0.0,0.0,0.0,-9.0,-3.0,6.0
10,expected_stable_hits_at_300,M3GNet,MACE-MP,alex_pbe_source_coordinate,-4.0,7.0,14.0,-3.0,3.0,12.0
10,expected_stable_hits_at_300,M3GNet,MACE-MP,alexmp20_source_coordinate,-5.0,4.0,10.0,-6.0,0.0,7.0
10,expected_stable_hits_at_300,M3GNet,MACE-MP,mp_matched_pool_coordinate,-3.0,0.0,2.0,-10.0,-4.0,4.0
10,expected_stable_hits_at_300,M3GNet,MACE-MP,mp_source_coordinate,-6.0,3.0,9.0,0.0,0.0,0.0
10,expected_stable_hits_at_500,ALIGNN-FF,CHGNet,alex_pbe_matched_pool_coordinate,-3.0,0.0,0.0,-13.0,-2.0,8.0
10,expected_stable_hits_at_500,ALIGNN-FF,CHGNet,alex_pbe_source_coordinate,-12.0,0.0,11.024999999999977,-13.0,-2.0,9.0
10,expected_stable_hits_at_500,ALIGNN-FF,CHGNet,alexmp20_source_coordinate,-10.0,1.0,13.0,-10.0,-1.0,9.0
10,expected_stable_hits_at_500,ALIGNN-FF,CHGNet,mp_matched_pool_coordinate,-5.0,0.0,3.0,-12.0,-2.0,8.0
10,expected_stable_hits_at_500,ALIGNN-FF,CHGNet,mp_source_coordinate,-9.0,2.0,13.0,0.0,0.0,0.0
10,expected_stable_hits_at_500,ALIGNN-FF,M3GNet,alex_pbe_matched_pool_coordinate,-3.0,0.0,0.0,-9.024999999999999,0.0,11.0
10,expected_stable_hits_at_500,ALIGNN-FF,M3GNet,alex_pbe_source_coordinate,-15.0,-4.0,8.0,-14.0,-3.0,8.0
10,expected_stable_hits_at_500,ALIGNN-FF,M3GNet,alexmp20_source_coordinate,-14.0,-2.0,11.024999999999977,-11.0,-1.0,9.0
10,expected_stable_hits_at_500,ALIGNN-FF,M3GNet,mp_matched_pool_coordinate,-6.0,0.0,3.0,-10.0,0.0,10.0
10,expected_stable_hits_at_500,ALIGNN-FF,M3GNet,mp_source_coordinate,-12.0,-1.0,9.0,0.0,0.0,0.0
10,expected_stable_hits_at_500,ALIGNN-FF,MACE-MP,alex_pbe_matched_pool_coordinate,-3.0,0.0,0.0,-11.0,0.0,9.0
10,expected_stable_hits_at_500,ALIGNN-FF,MACE-MP,alex_pbe_source_coordinate,-10.0,4.0,16.0,-7.0,3.0,14.0
10,expected_stable_hits_at_500,ALIGNN-FF,MACE-MP,alexmp20_source_coordinate,-12.0,1.0,13.0,-8.0,1.0,9.0
10,expected_stable_hits_at_500,ALIGNN-FF,MACE-MP,mp_matched_pool_coordinate,-6.0,0.0,3.0,-11.0,-1.0,8.024999999999977
10,expected_stable_hits_at_500,ALIGNN-FF,MACE-MP,mp_source_coordinate,-10.0,0.0,11.0,0.0,0.0,0.0
10,expected_stable_hits_at_500,CHGNet,M3GNet,alex_pbe_matched_pool_coordinate,0.0,0.0,0.0,-6.0,3.0,12.0
10,expected_stable_hits_at_500,CHGNet,M3GNet,alex_pbe_source_coordinate,-14.0,-3.0,6.0,-7.0,-1.0,5.0
10,expected_stable_hits_at_500,CHGNet,M3GNet,alexmp20_source_coordinate,-13.0,-3.0,7.0,-8.0,0.0,7.0
10,expected_stable_hits_at_500,CHGNet,M3GNet,mp_matched_pool_coordinate,-3.0,0.0,0.0,-7.0,2.0,12.0
10,expected_stable_hits_at_500,CHGNet,M3GNet,mp_source_coordinate,-12.0,-3.0,6.0,0.0,0.0,0.0
10,expected_stable_hits_at_500,CHGNet,MACE-MP,alex_pbe_matched_pool_coordinate,0.0,0.0,0.0,-7.0,2.0,10.0
10,expected_stable_hits_at_500,CHGNet,MACE-MP,alex_pbe_source_coordinate,-6.0,4.0,13.0,-1.0,5.0,12.0
10,expected_stable_hits_at_500,CHGNet,MACE-MP,alexmp20_source_coordinate,-9.0,0.0,9.0,-4.0,1.0,7.0
10,expected_stable_hits_at_500,CHGNet,MACE-MP,mp_matched_pool_coordinate,-3.0,0.0,0.0,-7.0,1.0,10.0
10,expected_stable_hits_at_500,CHGNet,MACE-MP,mp_source_coordinate,-10.0,-2.0,7.0,0.0,0.0,0.0
10,expected_stable_hits_at_500,M3GNet,MACE-MP,alex_pbe_matched_pool_coordinate,0.0,0.0,0.0,-8.0,-1.0,6.0
10,expected_stable_hits_at_500,M3GNet,MACE-MP,alex_pbe_source_coordinate,0.0,7.0,15.0,-0.02499999999999858,6.0,13.0
10,expected_stable_hits_at_500,M3GNet,MACE-MP,alexmp20_source_coordinate,-6.0,3.0,12.0,-6.0,2.0,9.0
10,expected_stable_hits_at_500,M3GNet,MACE-MP,mp_matched_pool_coordinate,0.0,0.0,0.0,-8.0,-1.0,6.0
10,expected_stable_hits_at_500,M3GNet,MACE-MP,mp_source_coordinate,-6.0,1.0,8.0,0.0,0.0,0.0
10,expected_stable_hits_at_5000,ALIGNN-FF,CHGNet,alex_pbe_matched_pool_coordinate,-390.0,-351.0,-313.0,31.0,81.0,128.0
10,expected_stable_hits_at_5000,ALIGNN-FF,CHGNet,alex_pbe_source_coordinate,-537.025,-476.0,-412.0,-91.0,-45.0,4.0
10,expected_stable_hits_at_5000,ALIGNN-FF,CHGNet,alexmp20_source_coordinate,-543.0,-477.0,-420.975,-90.025,-48.0,-5.0
10,expected_stable_hits_at_5000,ALIGNN-FF,CHGNet,mp_matched_pool_coordinate,-500.025,-452.0,-407.0,-70.025,-19.0,25.0
10,expected_stable_hits_at_5000,ALIGNN-FF,CHGNet,mp_source_coordinate,-487.0,-432.0,-379.0,0.0,0.0,0.0
10,expected_stable_hits_at_5000,ALIGNN-FF,M3GNet,alex_pbe_matched_pool_coordinate,-362.0,-323.0,-284.0,39.0,89.0,135.02499999999998
10,expected_stable_hits_at_5000,ALIGNN-FF,M3GNet,alex_pbe_source_coordinate,-555.025,-493.0,-430.975,-131.0,-80.0,-35.0
10,expected_stable_hits_at_5000,ALIGNN-FF,M3GNet,alexmp20_source_coordinate,-513.025,-452.0,-394.0,-87.0,-41.0,0.024999999999977263
10,expected_stable_hits_at_5000,ALIGNN-FF,M3GNet,mp_matched_pool_coordinate,-404.05,-354.0,-306.0,3.9750000000000014,57.0,107.0
10,expected_stable_hits_at_5000,ALIGNN-FF,M3GNet,mp_source_coordinate,-468.025,-410.0,-352.975,0.0,0.0,0.0
10,expected_stable_hits_at_5000,ALIGNN-FF,MACE-MP,alex_pbe_matched_pool_coordinate,-402.0,-364.5,-325.975,84.0,132.0,180.02499999999998
10,expected_stable_hits_at_5000,ALIGNN-FF,MACE-MP,alex_pbe_source_coordinate,-652.0,-589.0,-528.0,-137.025,-92.5,-45.0
10,expected_stable_hits_at_5000,ALIGNN-FF,MACE-MP,alexmp20_source_coordinate,-649.0,-586.0,-527.0,-135.0,-89.5,-46.0
10,expected_stable_hits_at_5000,ALIGNN-FF,MACE-MP,mp_matched_pool_coordinate,-493.025,-447.0,-403.0,-2.0249999999999986,49.0,96.0
10,expected_stable_hits_at_5000,ALIGNN-FF,MACE-MP,mp_source_coordinate,-552.025,-495.0,-441.0,0.0,0.0,0.0
10,expected_stable_hits_at_5000,CHGNet,M3GNet,alex_pbe_matched_pool_coordinate,9.0,28.0,46.0,-23.0,8.0,40.0
10,expected_stable_hits_at_5000,CHGNet,M3GNet,alex_pbe_source_coordinate,-58.0,-16.0,26.0,-71.0,-36.5,-2.0
10,expected_stable_hits_at_5000,CHGNet,M3GNet,alexmp20_source_coordinate,-13.024999999999999,27.5,66.0,-27.0,7.0,40.02499999999998
10,expected_stable_hits_at_5000,CHGNet,M3GNet,mp_matched_pool_coordinate,71.0,98.0,126.0,41.0,78.0,112.0
10,expected_stable_hits_at_5000,CHGNet,M3GNet,mp_source_coordinate,-14.024999999999999,21.0,56.0,0.0,0.0,0.0
10,expected_stable_hits_at_5000,CHGNet,MACE-MP,alex_pbe_matched_pool_coordinate,-26.0,-13.0,-2.0,22.0,51.0,79.0
10,expected_stable_hits_at_5000,CHGNet,MACE-MP,alex_pbe_source_coordinate,-145.0,-111.0,-78.0,-79.0,-47.0,-15.975000000000023
10,expected_stable_hits_at_5000,CHGNet,MACE-MP,alexmp20_source_coordinate,-137.0,-106.5,-75.0,-70.0,-42.0,-15.975000000000023
10,expected_stable_hits_at_5000,CHGNet,MACE-MP,mp_matched_pool_coordinate,-14.024999999999999,5.0,25.0,42.0,70.0,99.0
10,expected_stable_hits_at_5000,CHGNet,MACE-MP,mp_source_coordinate,-91.025,-65.0,-36.0,0.0,0.0,0.0
10,expected_stable_hits_at_5000,M3GNet,MACE-MP,alex_pbe_matched_pool_coordinate,-59.0,-41.0,-25.975000000000023,11.0,44.0,77.0
10,expected_stable_hits_at_5000,M3GNet,MACE-MP,alex_pbe_source_coordinate,-136.0,-95.0,-55.0,-44.0,-11.0,23.0
10,expected_stable_hits_at_5000,M3GNet,MACE-MP,alexmp20_source_coordinate,-172.0,-134.0,-94.95000000000005,-83.0,-49.0,-12.975000000000023
10,expected_stable_hits_at_5000,M3GNet,MACE-MP,mp_matched_pool_coordinate,-122.0,-93.0,-64.97500000000002,-41.025,-8.0,26.0
10,expected_stable_hits_at_5000,M3GNet,MACE-MP,mp_source_coordinate,-120.0,-86.0,-48.97500000000002,0.0,0.0,0.0
10,normalized_ap,ALIGNN-FF,CHGNet,alex_pbe_matched_pool_coordinate,-0.3178857595916736,-0.3049819637447213,-0.29193282684015937,-0.10566224800575454,-0.09422195953442505,-0.08296641585783372
10,normalized_ap,ALIGNN-FF,CHGNet,alex_pbe_source_coordinate,-0.20390762687531444,-0.19259517271394508,-0.1818953745258722,0.009630670209390787,0.01784416188970861,0.026313915806163782
10,normalized_ap,ALIGNN-FF,CHGNet,alexmp20_source_coordinate,-0.2125450051964599,-0.2010397837825873,-0.19033624088815593,0.002196690807608803,0.009469654377034259,0.017888467789841943
10,normalized_ap,ALIGNN-FF,CHGNet,mp_matched_pool_coordinate,-0.26712852673296994,-0.25586158318497676,-0.24381294547232968,-0.05553873965755048,-0.045281077680887016,-0.034914431390930686
10,normalized_ap,ALIGNN-FF,CHGNet,mp_source_coordinate,-0.22237343380657534,-0.21065115562208997,-0.19936060287786822,0.0,0.0,0.0
10,normalized_ap,ALIGNN-FF,M3GNet,alex_pbe_matched_pool_coordinate,-0.26039555354511157,-0.24765598595039745,-0.23455124593849566,-0.0801868619666648,-0.06880870451247037,-0.05704776937218972
10,normalized_ap,ALIGNN-FF,M3GNet,alex_pbe_source_coordinate,-0.184880668523361,-0.1733255258501725,-0.16277884055387684,-0.0036921113214166464,0.005324408994686336,0.014892316789004444
10,normalized_ap,ALIGNN-FF,M3GNet,alexmp20_source_coordinate,-0.18511205838728528,-0.17402966127478298,-0.16284887837003145,-0.002718492852836803,0.004811343444578148,0.012663903907929847
10,normalized_ap,ALIGNN-FF,M3GNet,mp_matched_pool_coordinate,-0.21252203698339062,-0.2003823368346875,-0.18909238242602522,-0.0317894491083988,-0.021213800904988755,-0.011522599751234545
10,normalized_ap,ALIGNN-FF,M3GNet,mp_source_coordinate,-0.19035287940426776,-0.17901825210247693,-0.1678450325046275,0.0,0.0,0.0
10,normalized_ap,ALIGNN-FF,MACE-MP,alex_pbe_matched_pool_coordinate,-0.3802487069101806,-0.3666329587840984,-0.35319715866005585,-0.09472050408584506,-0.08253901386672621,-0.0704365230045367
10,normalized_ap,ALIGNN-FF,MACE-MP,alex_pbe_source_coordinate,-0.2837208826452099,-0.27211448556149664,-0.26159728350080436,0.003168519253035783,0.011887136521220615,0.021137688483887578
10,normalized_ap,ALIGNN-FF,MACE-MP,alexmp20_source_coordinate,-0.28992692580497753,-0.27742436878830273,-0.266428403211118,-0.0016062892269740141,0.006636872285536333,0.015609572122026023
10,normalized_ap,ALIGNN-FF,MACE-MP,mp_matched_pool_coordinate,-0.3196469197925732,-0.3078738975250461,-0.2955054343912639,-0.034655872505748586,-0.023338245792464796,-0.012832320320722684
10,normalized_ap,ALIGNN-FF,MACE-MP,mp_source_coordinate,-0.29588731536873,-0.2842603909948408,-0.2725398125051837,0.0,0.0,0.0
10,normalized_ap,CHGNet,M3GNet,alex_pbe_matched_pool_coordinate,0.04933756630501187,0.05710765268356133,0.06433841233893507,0.018783892666642342,0.02542447480324883,0.03275181855541675
10,normalized_ap,CHGNet,M3GNet,alex_pbe_source_coordinate,0.012605646781537066,0.019166560498200758,0.02585231029897632,-0.018463889382848552,-0.012579780057470846,-0.0067401738752377515
10,normalized_ap,CHGNet,M3GNet,alexmp20_source_coordinate,0.020272205742653635,0.027067654897612425,0.03355814871907863,-0.00970007767352028,-0.004745198107354437,0.00010480551932420197
10,normalized_ap,CHGNet,M3GNet,mp_matched_pool_coordinate,0.048488494244489144,0.055296254664359945,0.062109107620407014,0.01781316658085196,0.02356866693474302,0.029971060450971195
10,normalized_ap,CHGNet,M3GNet,mp_source_coordinate,0.024892225340230865,0.03171293481266618,0.038789662228839374,0.0,0.0,0.0
10,normalized_ap,CHGNet,MACE-MP,alex_pbe_matched_pool_coordinate,-0.0668871665401401,-0.062012820415418834,-0.056802419591106455,0.006240547950196302,0.011643721494028758,0.01698330031715196
10,normalized_ap,CHGNet,MACE-MP,alex_pbe_source_coordinate,-0.08464049869435686,-0.07956366887503769,-0.07472629420524408,-0.010760369448452748,-0.005944105812445921,-0.0011976040773381679
10,normalized_ap,CHGNet,MACE-MP,alexmp20_source_coordinate,-0.08155181967531294,-0.07663869583911867,-0.07190796013740322,-0.007212549322532143,-0.002952965627451287,0.0014220025293159644
10,normalized_ap,CHGNet,MACE-MP,mp_matched_pool_coordinate,-0.05722099270700291,-0.05210893332179578,-0.04672419448434873,0.016734689460382143,0.021523483812343924,0.02664125318183353
10,normalized_ap,CHGNet,MACE-MP,mp_source_coordinate,-0.07906562423626386,-0.07356046603014937,-0.06844560061432504,0.0,0.0,0.0
10,normalized_ap,M3GNet,MACE-MP,alex_pbe_matched_pool_coordinate,-0.1270054783590757,-0.1189975080903698,-0.11180054866624937,-0.021140554684641176,-0.013790068765345387,-0.00710434481422406
10,normalized_ap,M3GNet,MACE-MP,alex_pbe_source_coordinate,-0.10564864181643972,-0.09869080372871644,-0.09175715090350448,0.0006177992755013783,0.006449697822247802,0.012727868788685988
10,normalized_ap,M3GNet,MACE-MP,alexmp20_source_coordinate,-0.11021264384013961,-0.10344140810592928,-0.09661755962833819,-0.0035975663625111855,0.0018151714595505686,0.006852402769046241
10,normalized_ap,M3GNet,MACE-MP,mp_matched_pool_coordinate,-0.11490925845398114,-0.10733773288341103,-0.10043562864717981,-0.008243674036435316,-0.0020623572177083105,0.0038026195960613736
10,normalized_ap,M3GNet,MACE-MP,mp_source_coordinate,-0.11251004027199192,-0.10535385105959366,-0.0984125281748903,0.0,0.0,0.0
25,ap,ALIGNN-FF,CHGNet,alex_pbe_matched_pool_coordinate,-0.0804622544187667,-0.07549486344083106,-0.07081414231685094,0.0020665127093222714,0.005707702375983781,0.009454372656607684
25,ap,ALIGNN-FF,CHGNet,alex_pbe_source_coordinate,-0.08655181946981355,-0.08107371543356767,-0.07546582579406808,-0.0033480055189448687,0.0003015616998490178,0.003740991264024576
25,ap,ALIGNN-FF,CHGNet,alexmp20_source_coordinate,-0.08886222269909097,-0.08320072093109943,-0.07768009197283843,-0.004850627412321557,-0.0018469794141119378,0.0011084499236624545
25,ap,ALIGNN-FF,CHGNet,mp_matched_pool_coordinate,-0.08647781255196796,-0.08129092439590846,-0.0761038147822441,-0.003404829983811622,3.929108815992066e-05,0.003550754961329766
25,ap,ALIGNN-FF,CHGNet,mp_source_coordinate,-0.08698646730784118,-0.08125201927823805,-0.07593431210308697,0.0,0.0,0.0
25,ap,ALIGNN-FF,M3GNet,alex_pbe_matched_pool_coordinate,-0.0662676266919836,-0.061772699018751154,-0.057626163584585624,0.002734534791584406,0.006192072475850796,0.009950511423380024
25,ap,ALIGNN-FF,M3GNet,alex_pbe_source_coordinate,-0.07824802738971723,-0.07295348060345042,-0.06773999124421573,-0.008360789887390144,-0.004968541082674305,-0.001565540993531251
25,ap,ALIGNN-FF,M3GNet,alexmp20_source_coordinate,-0.07683928771449476,-0.07158626363891779,-0.06653335383165537,-0.006779828058917456,-0.0036839521736273806,-0.00047835462892123037
25,ap,ALIGNN-FF,M3GNet,mp_matched_pool_coordinate,-0.06878768045549413,-0.06408187991122183,-0.05935817257995266,8.010883971212583e-05,0.003910328084303916,0.007605093107854987
25,ap,ALIGNN-FF,M3GNet,mp_source_coordinate,-0.07321904009247952,-0.06797646375559047,-0.06316573045119868,0.0,0.0,0.0
25,ap,ALIGNN-FF,MACE-MP,alex_pbe_matched_pool_coordinate,-0.09532080976975267,-0.08997563213289606,-0.08527907997842438,0.012660873639886886,0.016635088667037945,0.020966188164787996
25,ap,ALIGNN-FF,MACE-MP,alex_pbe_source_coordinate,-0.1185354663482852,-0.11276866417526754,-0.10681867495291816,-0.009969419382018178,-0.006025482480199018,-0.002373156783608741
25,ap,ALIGNN-FF,MACE-MP,alexmp20_source_coordinate,-0.11938872950610904,-0.11324503736441394,-0.1075797813739341,-0.009807296574212693,-0.006564918622291638,-0.0033136163581613033
25,ap,ALIGNN-FF,MACE-MP,mp_matched_pool_coordinate,-0.10247842131813402,-0.09692471824239968,-0.09173069243031824,0.006192480750541451,0.009799906455195961,0.013712945984492688
25,ap,ALIGNN-FF,MACE-MP,mp_source_coordinate,-0.11273482868975003,-0.10662268756620008,-0.10113841472053284,0.0,0.0,0.0
25,ap,CHGNet,M3GNet,alex_pbe_matched_pool_coordinate,0.011713393267000837,0.013869571715890705,0.016023832274282054,-0.0014458923415451269,0.0004979037301897082,0.0027191831497170352
25,ap,CHGNet,M3GNet,alex_pbe_source_coordinate,0.005327660159436018,0.008044183803887828,0.011018426796447984,-0.007527087799651772,-0.005227922540333996,-0.002887017062558342
25,ap,CHGNet,M3GNet,alexmp20_source_coordinate,0.008624534976462114,0.011430232421699493,0.014362478744954684,-0.003834235876780681,-0.0017910313186650373,0.00017740251193681304
25,ap,CHGNet,M3GNet,mp_matched_pool_coordinate,0.014930073870356294,0.017136610195234214,0.019689705033724084,0.0018316648886672034,0.0038699268017054478,0.006061653024560109
25,ap,CHGNet,M3GNet,mp_source_coordinate,0.010511917011917518,0.013274222366665311,0.015921754145898283,0.0,0.0,0.0
25,ap,CHGNet,MACE-MP,alex_pbe_matched_pool_coordinate,-0.01587922869515511,-0.014431051102637205,-0.01300495167113441,0.009116423624053585,0.01093058546041159,0.012840054322650573
25,ap,CHGNet,MACE-MP,alex_pbe_source_coordinate,-0.0339298503422027,-0.0317385859927925,-0.02961980365275663,-0.008248039238628912,-0.0063640467403345835,-0.004340168156172284
25,ap,CHGNet,MACE-MP,alexmp20_source_coordinate,-0.032207475591833,-0.030152906126187984,-0.028008883645499257,-0.00635220231893793,-0.004648524211545602,-0.0031106588459585585
25,ap,CHGNet,MACE-MP,mp_matched_pool_coordinate,-0.017383104096834516,-0.01563710710904448,-0.013717091543706504,0.007968192230165158,0.009766666127464685,0.011608921212773475
25,ap,CHGNet,MACE-MP,mp_source_coordinate,-0.02739184798907761,-0.025421974254978663,-0.023503160292040037,0.0,0.0,0.0
25,ap,M3GNet,MACE-MP,alex_pbe_matched_pool_coordinate,-0.030877412263700513,-0.028314813808611117,-0.026025754713814478,0.008017928068526834,0.010356107157784677,0.012835408642485974
25,ap,M3GNet,MACE-MP,alex_pbe_source_coordinate,-0.042981760575658286,-0.03980121966387051,-0.03685818374919834,-0.0034483531720507165,-0.0011197342285071965,0.0010849199568670523
25,ap,M3GNet,MACE-MP,alexmp20_source_coordinate,-0.04465782207610688,-0.04151292724506994,-0.03879481596217615,-0.004893873007484273,-0.0028780840376915195,-0.0010364900991911984
25,ap,M3GNet,MACE-MP,mp_matched_pool_coordinate,-0.03556550243077563,-0.032714809873593376,-0.03001965006467841,0.0036236502457400984,0.005909928858596869,0.008343421545301904
25,ap,M3GNet,MACE-MP,mp_source_coordinate,-0.041772479543844235,-0.038694545238292244,-0.03567292993664506,0.0,0.0,0.0
25,auroc,ALIGNN-FF,CHGNet,alex_pbe_matched_pool_coordinate,-0.18976934218536828,-0.1827336095230605,-0.17501268126070524,-0.048266013283689374,-0.04252666584634629,-0.036872218020792456
25,auroc,ALIGNN-FF,CHGNet,alex_pbe_source_coordinate,-0.14068391383223547,-0.13406672488344,-0.12647393265755708,0.001291326844212526,0.006063087065681261,0.011085610142959723
25,auroc,ALIGNN-FF,CHGNet,alexmp20_source_coordinate,-0.14690845400480845,-0.13961705199252739,-0.13259072261999194,-0.0037911184894532405,0.00030709069868134486,0.004386596168123967
25,auroc,ALIGNN-FF,CHGNet,mp_matched_pool_coordinate,-0.15746287989334232,-0.14988795929359544,-0.14304918410311335,-0.014758540620866494,-0.010040827620063808,-0.005441155974650747
25,auroc,ALIGNN-FF,CHGNet,mp_source_coordinate,-0.14693975448484123,-0.13991907917818297,-0.1327746092157517,0.0,0.0,0.0
25,auroc,ALIGNN-FF,M3GNet,alex_pbe_matched_pool_coordinate,-0.1497775030252895,-0.14245061349482613,-0.13505093784784744,-0.03830057496530069,-0.032982583227911644,-0.027352109893885944
25,auroc,ALIGNN-FF,M3GNet,alex_pbe_source_coordinate,-0.11857676406019925,-0.11168656162267754,-0.10508589564042288,-0.0066963731930948485,-0.0021470230239198917,0.0026415041031812277
25,auroc,ALIGNN-FF,M3GNet,alexmp20_source_coordinate,-0.11886117580447458,-0.11175197382867919,-0.10489555618585966,-0.0066561716662866645,-0.002236253934665422,0.0019112941324580701
25,auroc,ALIGNN-FF,M3GNet,mp_matched_pool_coordinate,-0.12012721001475997,-0.11296249168660921,-0.10591379592596285,-0.008399036148120093,-0.0035764281455744618,0.0016737800961837462
25,auroc,ALIGNN-FF,M3GNet,mp_source_coordinate,-0.11663991408975981,-0.10940872335280427,-0.10281696182170785,0.0,0.0,0.0
25,auroc,ALIGNN-FF,MACE-MP,alex_pbe_matched_pool_coordinate,-0.22406636435107882,-0.21635444832612694,-0.20866131972268948,-0.04298890167130636,-0.03684460958677416,-0.030875278950562687
25,auroc,ALIGNN-FF,MACE-MP,alex_pbe_source_coordinate,-0.18628862874047641,-0.17965167562834594,-0.1727008180095985,-0.004646333375732428,-0.00012836905268293064,0.0048175508681700336
25,auroc,ALIGNN-FF,MACE-MP,alexmp20_source_coordinate,-0.1903801929887767,-0.1830260938643799,-0.17656538068338362,-0.007458213756474971,-0.0035441794011964456,0.000561544381773693
25,auroc,ALIGNN-FF,MACE-MP,mp_matched_pool_coordinate,-0.18553830391597925,-0.17813598731793284,-0.17117983751391747,-0.0034439025769355896,0.0015234470856690385,0.006278168735255515
25,auroc,ALIGNN-FF,MACE-MP,mp_source_coordinate,-0.18695202777620137,-0.17937508399516466,-0.17276597841162442,0.0,0.0,0.0
25,auroc,CHGNet,M3GNet,alex_pbe_matched_pool_coordinate,0.035114268045731076,0.04007310489027238,0.044864841344392156,0.006123066963349369,0.009660244733439849,0.013458466810285234
25,auroc,CHGNet,M3GNet,alex_pbe_source_coordinate,0.01802617086250531,0.02224154567280362,0.026570283642095772,-0.011343296791462837,-0.008228686629661586,-0.004893529631680955
25,auroc,CHGNet,M3GNet,alexmp20_source_coordinate,0.023626324687282655,0.02776101152859406,0.03227746965156946,-0.005376478417788416,-0.0026348741215693194,0.00022080248946924297
25,auroc,CHGNet,M3GNet,mp_matched_pool_coordinate,0.032794405431158656,0.03700075273357206,0.04133132376112602,0.003649506555573806,0.006571018231727455,0.009721725994433933
25,auroc,CHGNet,M3GNet,mp_source_coordinate,0.02624601906539626,0.030380088878833866,0.03477172156610189,0.0,0.0,0.0
25,auroc,CHGNet,MACE-MP,alex_pbe_matched_pool_coordinate,-0.03748152079213551,-0.033913457056667595,-0.029983110925867393,0.0023664768827695664,0.0056604572065129255,0.009138183581967755
25,auroc,CHGNet,MACE-MP,alex_pbe_source_coordinate,-0.0491332192121457,-0.04576104161442762,-0.04244700520578049,-0.009119842717529119,-0.006191727396988256,-0.0033281683302175875
25,auroc,CHGNet,MACE-MP,alexmp20_source_coordinate,-0.04681010135791751,-0.04351821499853298,-0.040087880157282624,-0.006184374672995032,-0.00392094933255438,-0.0016273870135613548
25,auroc,CHGNet,MACE-MP,mp_matched_pool_coordinate,-0.031505149560313236,-0.028241652002921724,-0.024339691131702257,0.008739664644189803,0.011437682233388147,0.014168076804681965
25,auroc,CHGNet,MACE-MP,mp_source_coordinate,-0.04292488751930973,-0.03963961760087609,-0.03627266181494827,0.0,0.0,0.0
25,auroc,M3GNet,MACE-MP,alex_pbe_matched_pool_coordinate,-0.07869467667660207,-0.07398958377113252,-0.06911710168798448,-0.007760888606744276,-0.003912477383939517,-6.113315599010633e-05
25,auroc,M3GNet,MACE-MP,alex_pbe_source_coordinate,-0.07234658818754669,-0.06800914062752822,-0.06377252310016214,-0.0012233600359689539,0.002057983553612641,0.005400228250675623
25,auroc,M3GNet,MACE-MP,alexmp20_source_coordinate,-0.07562161416743991,-0.07125329180355544,-0.06704745879588933,-0.004065339209771296,-0.0012927074500625468,0.0012625453845833852
25,auroc,M3GNet,MACE-MP,mp_matched_pool_coordinate,-0.06983874899245392,-0.06525255272650132,-0.06028546174291182,0.0016756565373635735,0.004750165909062409,0.008258372626761061
25,auroc,M3GNet,MACE-MP,mp_source_coordinate,-0.07429322092780899,-0.07006185699462208,-0.06558751442031362,0.0,0.0,0.0
25,expected_stable_hits_at_100,ALIGNN-FF,CHGNet,alex_pbe_matched_pool_coordinate,0.0,0.0,0.0,-5.0,-1.0,4.0
25,expected_stable_hits_at_100,ALIGNN-FF,CHGNet,alex_pbe_source_coordinate,-7.0,0.0,7.0,-7.0,-1.0,7.0
25,expected_stable_hits_at_100,ALIGNN-FF,CHGNet,alexmp20_source_coordinate,-4.024999999999999,2.0,8.0,-3.0,1.0,8.0
25,expected_stable_hits_at_100,ALIGNN-FF,CHGNet,mp_matched_pool_coordinate,0.0,0.0,0.0,-5.0,-1.0,4.0
25,expected_stable_hits_at_100,ALIGNN-FF,CHGNet,mp_source_coordinate,-4.0,1.0,5.0,0.0,0.0,0.0
25,expected_stable_hits_at_100,ALIGNN-FF,M3GNet,alex_pbe_matched_pool_coordinate,0.0,0.0,0.0,-4.0,0.0,4.024999999999977
25,expected_stable_hits_at_100,ALIGNN-FF,M3GNet,alex_pbe_source_coordinate,-8.0,-1.0,5.0,-6.0,-1.0,5.0
25,expected_stable_hits_at_100,ALIGNN-FF,M3GNet,alexmp20_source_coordinate,-5.0,2.0,7.0,-3.0,1.0,7.0
25,expected_stable_hits_at_100,ALIGNN-FF,M3GNet,mp_matched_pool_coordinate,0.0,0.0,0.0,-4.0,0.0,4.024999999999977
25,expected_stable_hits_at_100,ALIGNN-FF,M3GNet,mp_source_coordinate,-4.024999999999999,0.0,4.0,0.0,0.0,0.0
25,expected_stable_hits_at_100,ALIGNN-FF,MACE-MP,alex_pbe_matched_pool_coordinate,0.0,0.0,0.0,-5.0,0.0,4.0
25,expected_stable_hits_at_100,ALIGNN-FF,MACE-MP,alex_pbe_source_coordinate,-6.0,-1.0,3.0,-7.0,-2.0,4.0
25,expected_stable_hits_at_100,ALIGNN-FF,MACE-MP,alexmp20_source_coordinate,-3.0,1.0,5.0,-4.0,1.0,6.0
25,expected_stable_hits_at_100,ALIGNN-FF,MACE-MP,mp_matched_pool_coordinate,0.0,0.0,0.0,-5.0,0.0,4.0
25,expected_stable_hits_at_100,ALIGNN-FF,MACE-MP,mp_source_coordinate,-4.0,0.0,5.0,0.0,0.0,0.0
25,expected_stable_hits_at_100,CHGNet,M3GNet,alex_pbe_matched_pool_coordinate,0.0,0.0,0.0,-3.0,0.0,3.0
25,expected_stable_hits_at_100,CHGNet,M3GNet,alex_pbe_source_coordinate,-4.0,0.0,3.0,-4.0,0.0,3.0
25,expected_stable_hits_at_100,CHGNet,M3GNet,alexmp20_source_coordinate,-4.0,0.0,3.0,-4.0,0.0,3.0
25,expected_stable_hits_at_100,CHGNet,M3GNet,mp_matched_pool_coordinate,0.0,0.0,0.0,-3.0,0.0,3.0
25,expected_stable_hits_at_100,CHGNet,M3GNet,mp_source_coordinate,-3.0,0.0,3.0,0.0,0.0,0.0
25,expected_stable_hits_at_100,CHGNet,MACE-MP,alex_pbe_matched_pool_coordinate,0.0,0.0,0.0,-5.0,0.0,3.0
25,expected_stable_hits_at_100,CHGNet,MACE-MP,alex_pbe_source_coordinate,-6.0,-1.0,5.0,-6.0,0.0,3.0
25,expected_stable_hits_at_100,CHGNet,MACE-MP,alexmp20_source_coordinate,-6.0,-1.0,5.0,-6.0,0.0,3.0
25,expected_stable_hits_at_100,CHGNet,MACE-MP,mp_matched_pool_coordinate,0.0,0.0,0.0,-5.0,0.0,3.0
25,expected_stable_hits_at_100,CHGNet,MACE-MP,mp_source_coordinate,-3.0,0.0,5.0,0.0,0.0,0.0
25,expected_stable_hits_at_100,M3GNet,MACE-MP,alex_pbe_matched_pool_coordinate,0.0,0.0,0.0,-5.0,0.0,3.0
25,expected_stable_hits_at_100,M3GNet,MACE-MP,alex_pbe_source_coordinate,-4.0,-1.0,5.0,-4.0,0.0,3.0
25,expected_stable_hits_at_100,M3GNet,MACE-MP,alexmp20_source_coordinate,-4.0,-1.0,5.0,-4.0,0.0,3.0
25,expected_stable_hits_at_100,M3GNet,MACE-MP,mp_matched_pool_coordinate,0.0,0.0,0.0,-5.0,0.0,3.0
25,expected_stable_hits_at_100,M3GNet,MACE-MP,mp_source_coordinate,-3.0,0.0,5.0,0.0,0.0,0.0
25,expected_stable_hits_at_1000,ALIGNN-FF,CHGNet,alex_pbe_matched_pool_coordinate,-23.0,-15.0,-8.0,-17.0,0.0,17.0
25,expected_stable_hits_at_1000,ALIGNN-FF,CHGNet,alex_pbe_source_coordinate,-42.025,-22.0,-3.0,-22.0,-7.0,8.0
25,expected_stable_hits_at_1000,ALIGNN-FF,CHGNet,alexmp20_source_coordinate,-38.0,-18.0,2.0249999999999773,-16.0,-2.0,13.0
25,expected_stable_hits_at_1000,ALIGNN-FF,CHGNet,mp_matched_pool_coordinate,-32.0,-23.0,-13.0,-24.0,-8.0,10.0
25,expected_stable_hits_at_1000,ALIGNN-FF,CHGNet,mp_source_coordinate,-32.0,-15.0,2.0,0.0,0.0,0.0
25,expected_stable_hits_at_1000,ALIGNN-FF,M3GNet,alex_pbe_matched_pool_coordinate,-22.0,-14.0,-7.0,-5.0,10.0,26.0
25,expected_stable_hits_at_1000,ALIGNN-FF,M3GNet,alex_pbe_source_coordinate,-54.025,-35.0,-18.0,-26.025,-11.0,4.0
25,expected_stable_hits_at_1000,ALIGNN-FF,M3GNet,alexmp20_source_coordinate,-54.0,-34.0,-15.0,-23.0,-10.0,3.0
25,expected_stable_hits_at_1000,ALIGNN-FF,M3GNet,mp_matched_pool_coordinate,-33.0,-22.0,-13.0,-14.0,2.0,18.0
25,expected_stable_hits_at_1000,ALIGNN-FF,M3GNet,mp_source_coordinate,-42.0,-24.0,-9.0,0.0,0.0,0.0
25,expected_stable_hits_at_1000,ALIGNN-FF,MACE-MP,alex_pbe_matched_pool_coordinate,-22.0,-13.0,-6.0,-3.0,13.0,31.0
25,expected_stable_hits_at_1000,ALIGNN-FF,MACE-MP,alex_pbe_source_coordinate,-55.025,-35.0,-17.0,-23.0,-8.0,7.0
25,expected_stable_hits_at_1000,ALIGNN-FF,MACE-MP,alexmp20_source_coordinate,-54.0,-32.5,-14.0,-21.0,-6.0,8.0
25,expected_stable_hits_at_1000,ALIGNN-FF,MACE-MP,mp_matched_pool_coordinate,-31.0,-21.0,-11.0,-10.0,6.0,22.024999999999977
25,expected_stable_hits_at_1000,ALIGNN-FF,MACE-MP,mp_source_coordinate,-45.025,-27.0,-11.0,0.0,0.0,0.0
25,expected_stable_hits_at_1000,CHGNet,M3GNet,alex_pbe_matched_pool_coordinate,0.0,1.0,3.0,0.0,10.0,21.0
25,expected_stable_hits_at_1000,CHGNet,M3GNet,alex_pbe_source_coordinate,-24.0,-13.0,-2.0,-14.0,-4.0,5.0
25,expected_stable_hits_at_1000,CHGNet,M3GNet,alexmp20_source_coordinate,-29.0,-17.0,-4.0,-18.0,-8.0,2.0
25,expected_stable_hits_at_1000,CHGNet,M3GNet,mp_matched_pool_coordinate,-3.0,0.0,3.0,0.0,9.0,20.0
25,expected_stable_hits_at_1000,CHGNet,M3GNet,mp_source_coordinate,-20.0,-9.0,1.0,0.0,0.0,0.0
25,expected_stable_hits_at_1000,CHGNet,MACE-MP,alex_pbe_matched_pool_coordinate,0.0,2.0,5.0,4.0,14.0,24.0
25,expected_stable_hits_at_1000,CHGNet,MACE-MP,alex_pbe_source_coordinate,-24.0,-13.0,-3.0,-9.0,-1.0,7.0
25,expected_stable_hits_at_1000,CHGNet,MACE-MP,alexmp20_source_coordinate,-27.0,-16.0,-6.0,-10.024999999999999,-4.0,2.0
25,expected_stable_hits_at_1000,CHGNet,MACE-MP,mp_matched_pool_coordinate,-2.0,2.0,6.0,4.0,13.5,24.0
25,expected_stable_hits_at_1000,CHGNet,MACE-MP,mp_source_coordinate,-22.0,-12.0,-3.0,0.0,0.0,0.0
25,expected_stable_hits_at_1000,M3GNet,MACE-MP,alex_pbe_matched_pool_coordinate,-2.0,1.0,4.024999999999977,-6.0,3.0,14.0
25,expected_stable_hits_at_1000,M3GNet,MACE-MP,alex_pbe_source_coordinate,-10.024999999999999,0.0,12.0,-7.0,3.0,13.0
25,expected_stable_hits_at_1000,M3GNet,MACE-MP,alexmp20_source_coordinate,-10.024999999999999,1.0,12.0,-5.0,4.0,13.024999999999977
25,expected_stable_hits_at_1000,M3GNet,MACE-MP,mp_matched_pool_coordinate,-2.0,2.0,6.0,-5.0,4.0,14.0
25,expected_stable_hits_at_1000,M3GNet,MACE-MP,mp_source_coordinate,-13.0,-3.0,7.0,0.0,0.0,0.0
25,expected_stable_hits_at_300,ALIGNN-FF,CHGNet,alex_pbe_matched_pool_coordinate,0.0,0.0,0.0,-7.0,-1.0,6.0
25,expected_stable_hits_at_300,ALIGNN-FF,CHGNet,alex_pbe_source_coordinate,-9.0,-2.0,5.0,-9.0,-3.0,2.0
25,expected_stable_hits_at_300,ALIGNN-FF,CHGNet,alexmp20_source_coordinate,-11.0,-2.0,5.0,-9.0,-3.0,2.0249999999999773
25,expected_stable_hits_at_300,ALIGNN-FF,CHGNet,mp_matched_pool_coordinate,0.0,1.0,3.0,-6.0,0.0,7.0
25,expected_stable_hits_at_300,ALIGNN-FF,CHGNet,mp_source_coordinate,-6.0,1.0,7.0,0.0,0.0,0.0
25,expected_stable_hits_at_300,ALIGNN-FF,M3GNet,alex_pbe_matched_pool_coordinate,0.0,0.0,0.0,-3.0249999999999986,3.0,9.0
25,expected_stable_hits_at_300,ALIGNN-FF,M3GNet,alex_pbe_source_coordinate,-12.0,-6.0,0.0,-10.0,-3.0,2.0
25,expected_stable_hits_at_300,ALIGNN-FF,M3GNet,alexmp20_source_coordinate,-13.0,-6.0,1.0,-10.0,-3.0,3.0
25,expected_stable_hits_at_300,ALIGNN-FF,M3GNet,mp_matched_pool_coordinate,-2.0,1.0,3.0,-2.0,3.0,9.0
25,expected_stable_hits_at_300,ALIGNN-FF,M3GNet,mp_source_coordinate,-9.0,-3.0,3.0249999999999773,0.0,0.0,0.0
25,expected_stable_hits_at_300,ALIGNN-FF,MACE-MP,alex_pbe_matched_pool_coordinate,0.0,0.0,0.0,-7.0,-1.0,5.0
25,expected_stable_hits_at_300,ALIGNN-FF,MACE-MP,alex_pbe_source_coordinate,-9.0,-1.0,5.0,-10.0,-3.0,3.0
25,expected_stable_hits_at_300,ALIGNN-FF,MACE-MP,alexmp20_source_coordinate,-12.0,-3.0,3.0,-12.0,-5.0,0.0
25,expected_stable_hits_at_300,ALIGNN-FF,MACE-MP,mp_matched_pool_coordinate,0.0,0.0,2.0,-7.0,-1.0,5.0
25,expected_stable_hits_at_300,ALIGNN-FF,MACE-MP,mp_source_coordinate,-5.0,1.0,7.0,0.0,0.0,0.0
25,expected_stable_hits_at_300,CHGNet,M3GNet,alex_pbe_matched_pool_coordinate,0.0,0.0,0.0,-4.0,4.0,9.0
25,expected_stable_hits_at_300,CHGNet,M3GNet,alex_pbe_source_coordinate,-10.0,-4.0,4.0,-5.0,-1.0,4.0
25,expected_stable_hits_at_300,CHGNet,M3GNet,alexmp20_source_coordinate,-9.0,-4.0,5.0,-4.0,0.0,5.0
25,expected_stable_hits_at_300,CHGNet,M3GNet,mp_matched_pool_coordinate,-2.0,0.0,2.0,-3.0,3.0,8.0
25,expected_stable_hits_at_300,CHGNet,M3GNet,mp_source_coordinate,-9.0,-4.0,4.0,0.0,0.0,0.0
25,expected_stable_hits_at_300,CHGNet,MACE-MP,alex_pbe_matched_pool_coordinate,0.0,0.0,0.0,-6.0,-1.0,3.0249999999999773
25,expected_stable_hits_at_300,CHGNet,MACE-MP,alex_pbe_source_coordinate,-4.0,1.0,6.0,-4.0,0.0,4.024999999999977
25,expected_stable_hits_at_300,CHGNet,MACE-MP,alexmp20_source_coordinate,-6.0,-1.0,4.0,-6.0,-2.0,1.0
25,expected_stable_hits_at_300,CHGNet,MACE-MP,mp_matched_pool_coordinate,-3.0,0.0,0.0,-7.0,-1.0,3.0
25,expected_stable_hits_at_300,CHGNet,MACE-MP,mp_source_coordinate,-3.0249999999999986,1.0,6.0,0.0,0.0,0.0
25,expected_stable_hits_at_300,M3GNet,MACE-MP,alex_pbe_matched_pool_coordinate,0.0,0.0,0.0,-10.0,-4.0,3.0
25,expected_stable_hits_at_300,M3GNet,MACE-MP,alex_pbe_source_coordinate,-4.0,5.0,11.0,-4.0,0.0,5.024999999999977
25,expected_stable_hits_at_300,M3GNet,MACE-MP,alexmp20_source_coordinate,-5.024999999999999,2.0,8.0,-8.0,-2.0,2.0
25,expected_stable_hits_at_300,M3GNet,MACE-MP,mp_matched_pool_coordinate,-3.0,0.0,2.0,-10.0,-5.0,2.0
25,expected_stable_hits_at_300,M3GNet,MACE-MP,mp_source_coordinate,-3.0,4.0,10.0,0.0,0.0,0.0
25,expected_stable_hits_at_500,ALIGNN-FF,CHGNet,alex_pbe_matched_pool_coordinate,0.0,0.0,0.0,-10.024999999999999,-1.0,7.0
25,expected_stable_hits_at_500,ALIGNN-FF,CHGNet,alex_pbe_source_coordinate,-13.0,-2.0,7.0,-12.0,-4.0,3.0
25,expected_stable_hits_at_500,ALIGNN-FF,CHGNet,alexmp20_source_coordinate,-11.024999999999999,-2.0,9.0,-10.0,-3.0,3.0
25,expected_stable_hits_at_500,ALIGNN-FF,CHGNet,mp_matched_pool_coordinate,-3.0,0.0,3.0,-10.0,-1.0,7.0
25,expected_stable_hits_at_500,ALIGNN-FF,CHGNet,mp_source_coordinate,-7.0,1.0,10.024999999999977,0.0,0.0,0.0
25,expected_stable_hits_at_500,ALIGNN-FF,M3GNet,alex_pbe_matched_pool_coordinate,0.0,0.0,0.0,-3.0249999999999986,5.0,13.0
25,expected_stable_hits_at_500,ALIGNN-FF,M3GNet,alex_pbe_source_coordinate,-23.0,-12.0,-3.9750000000000227,-16.0,-7.0,0.0
25,expected_stable_hits_at_500,ALIGNN-FF,M3GNet,alexmp20_source_coordinate,-19.0,-8.0,2.0,-12.0,-3.0,4.0
25,expected_stable_hits_at_500,ALIGNN-FF,M3GNet,mp_matched_pool_coordinate,-4.0,0.0,3.0,-3.0,4.0,12.024999999999977
25,expected_stable_hits_at_500,ALIGNN-FF,M3GNet,mp_source_coordinate,-13.0,-5.0,3.0249999999999773,0.0,0.0,0.0
25,expected_stable_hits_at_500,ALIGNN-FF,MACE-MP,alex_pbe_matched_pool_coordinate,0.0,0.0,0.0,-7.0,2.0,10.0
25,expected_stable_hits_at_500,ALIGNN-FF,MACE-MP,alex_pbe_source_coordinate,-15.0,-5.0,4.0,-12.024999999999999,-3.0,4.0
25,expected_stable_hits_at_500,ALIGNN-FF,MACE-MP,alexmp20_source_coordinate,-16.0,-6.0,4.0,-12.0,-4.0,2.0
25,expected_stable_hits_at_500,ALIGNN-FF,MACE-MP,mp_matched_pool_coordinate,-4.0,0.0,3.0,-8.0,1.0,9.0
25,expected_stable_hits_at_500,ALIGNN-FF,MACE-MP,mp_source_coordinate,-10.0,-2.0,7.0,0.0,0.0,0.0
25,expected_stable_hits_at_500,CHGNet,M3GNet,alex_pbe_matched_pool_coordinate,0.0,0.0,0.0,-1.0,6.0,14.0
25,expected_stable_hits_at_500,CHGNet,M3GNet,alex_pbe_source_coordinate,-18.0,-9.0,-3.0,-9.0,-3.0,0.0
25,expected_stable_hits_at_500,CHGNet,M3GNet,alexmp20_source_coordinate,-14.024999999999999,-6.0,2.0,-6.0,0.0,5.024999999999977
25,expected_stable_hits_at_500,CHGNet,M3GNet,mp_matched_pool_coordinate,-3.0,0.0,0.0,-1.0,6.0,13.0
25,expected_stable_hits_at_500,CHGNet,M3GNet,mp_source_coordinate,-14.0,-6.0,1.0,0.0,0.0,0.0
25,expected_stable_hits_at_500,CHGNet,MACE-MP,alex_pbe_matched_pool_coordinate,0.0,0.0,0.0,-4.0,3.0,10.0
25,expected_stable_hits_at_500,CHGNet,MACE-MP,alex_pbe_source_coordinate,-11.0,-3.0,6.0,-5.0,0.0,6.0
25,expected_stable_hits_at_500,CHGNet,MACE-MP,alexmp20_source_coordinate,-12.0,-4.0,3.0,-6.0,-1.0,4.0
25,expected_stable_hits_at_500,CHGNet,MACE-MP,mp_matched_pool_coordinate,-3.0,0.0,0.0,-5.0,2.0,10.0
25,expected_stable_hits_at_500,CHGNet,MACE-MP,mp_source_coordinate,-10.0,-3.0,4.0,0.0,0.0,0.0
25,expected_stable_hits_at_500,M3GNet,MACE-MP,alex_pbe_matched_pool_coordinate,0.0,0.0,0.0,-9.0,-3.0,2.0
25,expected_stable_hits_at_500,M3GNet,MACE-MP,alex_pbe_source_coordinate,0.0,7.0,15.0,-1.0,4.0,10.0
25,expected_stable_hits_at_500,M3GNet,MACE-MP,alexmp20_source_coordinate,-5.0,2.0,10.0,-7.0,-1.0,4.0
25,expected_stable_hits_at_500,M3GNet,MACE-MP,mp_matched_pool_coordinate,0.0,0.0,0.0,-9.0,-3.0,2.0
25,expected_stable_hits_at_500,M3GNet,MACE-MP,mp_source_coordinate,-2.0,3.0,9.0,0.0,0.0,0.0
25,expected_stable_hits_at_5000,ALIGNN-FF,CHGNet,alex_pbe_matched_pool_coordinate,-264.0,-232.0,-200.0,73.0,114.5,155.0
25,expected_stable_hits_at_5000,ALIGNN-FF,CHGNet,alex_pbe_source_coordinate,-433.025,-382.0,-329.0,-77.025,-36.0,4.0
25,expected_stable_hits_at_5000,ALIGNN-FF,CHGNet,alexmp20_source_coordinate,-422.025,-369.0,-319.975,-62.0,-23.0,13.024999999999977
25,expected_stable_hits_at_5000,ALIGNN-FF,CHGNet,mp_matched_pool_coordinate,-372.0,-331.0,-291.0,-28.0,15.0,56.0
25,expected_stable_hits_at_5000,ALIGNN-FF,CHGNet,mp_source_coordinate,-392.0,-346.0,-299.975,0.0,0.0,0.0
25,expected_stable_hits_at_5000,ALIGNN-FF,M3GNet,alex_pbe_matched_pool_coordinate,-243.05,-212.0,-179.97500000000002,75.975,118.0,160.0
25,expected_stable_hits_at_5000,ALIGNN-FF,M3GNet,alex_pbe_source_coordinate,-440.025,-388.0,-331.975,-96.0,-56.0,-16.975000000000023
25,expected_stable_hits_at_5000,ALIGNN-FF,M3GNet,alexmp20_source_coordinate,-403.0,-353.0,-298.95000000000005,-57.025,-21.0,16.024999999999977
25,expected_stable_hits_at_5000,ALIGNN-FF,M3GNet,mp_matched_pool_coordinate,-305.0,-264.0,-222.97500000000002,21.975,66.0,111.02499999999998
25,expected_stable_hits_at_5000,ALIGNN-FF,M3GNet,mp_source_coordinate,-378.0,-331.0,-280.975,0.0,0.0,0.0
25,expected_stable_hits_at_5000,ALIGNN-FF,MACE-MP,alex_pbe_matched_pool_coordinate,-268.0,-237.0,-206.0,111.975,154.0,197.0
25,expected_stable_hits_at_5000,ALIGNN-FF,MACE-MP,alex_pbe_source_coordinate,-518.0,-463.5,-412.95000000000005,-114.025,-72.0,-31.975000000000023
25,expected_stable_hits_at_5000,ALIGNN-FF,MACE-MP,alexmp20_source_coordinate,-506.0,-452.0,-402.0,-103.0,-62.0,-24.0
25,expected_stable_hits_at_5000,ALIGNN-FF,MACE-MP,mp_matched_pool_coordinate,-366.0,-323.0,-284.0,27.0,67.0,108.04999999999995
25,expected_stable_hits_at_5000,ALIGNN-FF,MACE-MP,mp_source_coordinate,-440.025,-391.0,-340.0,0.0,0.0,0.0
25,expected_stable_hits_at_5000,CHGNet,M3GNet,alex_pbe_matched_pool_coordinate,5.0,20.0,35.0,-24.0,5.0,33.0
25,expected_stable_hits_at_5000,CHGNet,M3GNet,alex_pbe_source_coordinate,-39.025,-6.0,30.0,-49.0,-21.0,8.0
25,expected_stable_hits_at_5000,CHGNet,M3GNet,alexmp20_source_coordinate,-17.0,18.0,52.02499999999998,-25.0,3.0,29.024999999999977
25,expected_stable_hits_at_5000,CHGNet,M3GNet,mp_matched_pool_coordinate,43.0,66.0,91.0,18.0,52.0,81.02499999999998
25,expected_stable_hits_at_5000,CHGNet,M3GNet,mp_source_coordinate,-13.0,15.0,46.02499999999998,0.0,0.0,0.0
25,expected_stable_hits_at_5000,CHGNet,MACE-MP,alex_pbe_matched_pool_coordinate,-15.0,-5.0,5.0,18.975,40.0,64.0
25,expected_stable_hits_at_5000,CHGNet,MACE-MP,alex_pbe_source_coordinate,-110.0,-83.0,-54.0,-62.025,-38.0,-10.975000000000023
25,expected_stable_hits_at_5000,CHGNet,MACE-MP,alexmp20_source_coordinate,-109.0,-84.0,-58.0,-61.0,-39.0,-13.0
25,expected_stable_hits_at_5000,CHGNet,MACE-MP,mp_matched_pool_coordinate,-11.0,7.5,26.0,31.0,53.0,78.0
25,expected_stable_hits_at_5000,CHGNet,MACE-MP,mp_source_coordinate,-69.0,-46.0,-21.0,0.0,0.0,0.0
25,expected_stable_hits_at_5000,M3GNet,MACE-MP,alex_pbe_matched_pool_coordinate,-38.0,-24.0,-12.0,6.0,35.0,65.0
25,expected_stable_hits_at_5000,M3GNet,MACE-MP,alex_pbe_source_coordinate,-110.0,-76.5,-43.0,-47.0,-16.0,13.0
25,expected_stable_hits_at_5000,M3GNet,MACE-MP,alexmp20_source_coordinate,-133.025,-102.0,-68.0,-71.0,-42.0,-13.0
25,expected_stable_hits_at_5000,M3GNet,MACE-MP,mp_matched_pool_coordinate,-83.0,-59.0,-36.0,-28.0,1.5,31.024999999999977
25,expected_stable_hits_at_5000,M3GNet,MACE-MP,mp_source_coordinate,-91.0,-60.0,-30.0,0.0,0.0,0.0
25,normalized_ap,ALIGNN-FF,CHGNet,alex_pbe_matched_pool_coordinate,-0.3208173582403747,-0.30681398457880105,-0.29256676089995026,-0.08885423985431387,-0.0766156731975764,-0.06461297142912144
25,normalized_ap,ALIGNN-FF,CHGNet,alex_pbe_source_coordinate,-0.23120398295331684,-0.2187569355897923,-0.20566603994991045,0.001817613781521585,0.011506247107002127,0.02098649393846858
25,normalized_ap,ALIGNN-FF,CHGNet,alexmp20_source_coordinate,-0.24198346774457982,-0.22880352759798153,-0.21552345732518163,-0.007493770239530809,0.001298742094259564,0.00935471010837692
25,normalized_ap,ALIGNN-FF,CHGNet,mp_matched_pool_coordinate,-0.2699368396427586,-0.2572502853072667,-0.24378779339840997,-0.0374743525264314,-0.027038331913005642,-0.016728455681981565
25,normalized_ap,ALIGNN-FF,CHGNet,mp_source_coordinate,-0.24247469881943004,-0.23015966286161618,-0.21735679623618243,0.0,0.0,0.0
25,normalized_ap,ALIGNN-FF,M3GNet,alex_pbe_matched_pool_coordinate,-0.2648435722738429,-0.2505087118078617,-0.23635734466123623,-0.07016775047151193,-0.05808312325376733,-0.046104830258705855
25,normalized_ap,ALIGNN-FF,M3GNet,alex_pbe_source_coordinate,-0.2102982914067193,-0.19668617964253574,-0.18423495163531425,-0.013999786155005316,-0.00436240228866383,0.005014359848926387
25,normalized_ap,ALIGNN-FF,M3GNet,alexmp20_source_coordinate,-0.21050433489838835,-0.19725074054885958,-0.18483698207280047,-0.013588126805091475,-0.004805762369759131,0.003662754342078407
25,normalized_ap,ALIGNN-FF,M3GNet,mp_matched_pool_coordinate,-0.21556535783546904,-0.2026632950335945,-0.18953285772140938,-0.02134236342152031,-0.010463206661223912,0.0005780805233736312
25,normalized_ap,ALIGNN-FF,M3GNet,mp_source_coordinate,-0.2050939663218935,-0.19225736662487697,-0.17948776032904565,0.0,0.0,0.0
25,normalized_ap,ALIGNN-FF,MACE-MP,alex_pbe_matched_pool_coordinate,-0.37999220029112923,-0.36511781983645597,-0.35167427835465087,-0.07628020164248818,-0.0634469192310757,-0.0501465934733777
25,normalized_ap,ALIGNN-FF,MACE-MP,alex_pbe_source_coordinate,-0.31721277628995437,-0.3039419835174203,-0.2912823035709406,-0.011876406621552933,-0.0021750666213040948,0.007581090124285111
25,normalized_ap,ALIGNN-FF,MACE-MP,alexmp20_source_coordinate,-0.3254153930587481,-0.31147045987131716,-0.29923514717021726,-0.018703832100932554,-0.009644975035012965,-0.0005091940010031715
25,normalized_ap,ALIGNN-FF,MACE-MP,mp_matched_pool_coordinate,-0.3198664950425664,-0.30651348339405143,-0.2931890755836912,-0.015073490399296492,-0.004587038670763072,0.00603865743774117
25,normalized_ap,ALIGNN-FF,MACE-MP,mp_source_coordinate,-0.3154503195609666,-0.30200423561225037,-0.288487485873716,0.0,0.0,0.0
25,normalized_ap,CHGNet,M3GNet,alex_pbe_matched_pool_coordinate,0.048116160352133355,0.056290750676099455,0.06452711941674662,0.011736653645605416,0.018499598036768483,0.026083130249557378
25,normalized_ap,CHGNet,M3GNet,alex_pbe_source_coordinate,0.014376227184954446,0.02170970399073835,0.02956191513643167,-0.022180220991798928,-0.01576560537683236,-0.009399785346905784
25,normalized_ap,CHGNet,M3GNet,alexmp20_source_coordinate,0.023824379201223385,0.03145153427081543,0.03927911210732316,-0.011702201161700843,-0.005969920285367913,-0.0005820472014407174
25,normalized_ap,CHGNet,M3GNet,mp_matched_pool_coordinate,0.04731974729276604,0.05420166195803505,0.06200154364428169,0.010577243772027917,0.0166902363416101,0.02310886659690228
25,normalized_ap,CHGNet,M3GNet,mp_source_coordinate,0.029819138158572376,0.03762558857232967,0.044759373496299215,0.0,0.0,0.0
25,normalized_ap,CHGNet,MACE-MP,alex_pbe_matched_pool_coordinate,-0.06395108519145913,-0.05866579773603542,-0.05293737699117143,0.0073590721991458495,0.01339324322795532,0.01906107774446524
25,normalized_ap,CHGNet,MACE-MP,alex_pbe_source_coordinate,-0.09143904447065336,-0.08561811715856837,-0.07990250813427136,-0.01870803971626091,-0.013785724155907175,-0.008361472761964514
25,normalized_ap,CHGNet,MACE-MP,alexmp20_source_coordinate,-0.08831968662330861,-0.08285997472015783,-0.0772458577133117,-0.015640730897500017,-0.010852654268104611,-0.006390613763977957
25,normalized_ap,CHGNet,MACE-MP,mp_matched_pool_coordinate,-0.05505409959765579,-0.04947413586553118,-0.04332224223560513,0.017085167255742176,0.022480668749038202,0.027727461118940804
25,normalized_ap,CHGNet,MACE-MP,mp_source_coordinate,-0.07757992706827359,-0.07189000252853073,-0.06644223826084354,0.0,0.0,0.0
25,normalized_ap,M3GNet,MACE-MP,alex_pbe_matched_pool_coordinate,-0.12310056014979458,-0.11484137933530242,-0.10691029173147551,-0.012819436372800025,-0.0054605302012121215,0.0022848746540261016
25,normalized_ap,M3GNet,MACE-MP,alex_pbe_source_coordinate,-0.11572059495800788,-0.10734618093379811,-0.09974156978456282,-0.004271214277895713,0.0021190823855836705,0.008200515639166042
25,normalized_ap,M3GNet,MACE-MP,alexmp20_source_coordinate,-0.12251838708188535,-0.11432557335393856,-0.10689380686018098,-0.01047409235170035,-0.004907321364420736,0.0005255881882286613
25,normalized_ap,M3GNet,MACE-MP,mp_matched_pool_coordinate,-0.11158380689560966,-0.10371883416132072,-0.09570231812310905,-0.0008897694147044137,0.005804157384098951,0.012468275421704702
25,normalized_ap,M3GNet,MACE-MP,mp_source_coordinate,-0.11763221843478593,-0.10941661719285606,-0.10185578740727383,0.0,0.0,0.0
50,ap,ALIGNN-FF,CHGNet,alex_pbe_matched_pool_coordinate,-0.044713957504584206,-0.04150649641323917,-0.03829502371052409,0.013636784923443359,0.01638365343430359,0.019435445314162064
50,ap,ALIGNN-FF,CHGNet,alex_pbe_source_coordinate,-0.06269442203013242,-0.058582867954521944,-0.05453151800171886,-0.003379298520785337,-0.0007096990633818634,0.002151443181358473
50,ap,ALIGNN-FF,CHGNet,alexmp20_source_coordinate,-0.06476959075476095,-0.06059116682906179,-0.05634469671374419,-0.005052970416944122,-0.0026617852821994026,-0.00033738724570780824
50,ap,ALIGNN-FF,CHGNet,mp_matched_pool_coordinate,-0.050945014506297855,-0.04686681112031649,-0.04304641611207267,0.00816128902926446,0.011110307220385862,0.013725347736647716
50,ap,ALIGNN-FF,CHGNet,mp_source_coordinate,-0.06232958681045851,-0.05787303640940594,-0.05371804397362312,0.0,0.0,0.0
50,ap,ALIGNN-FF,M3GNet,alex_pbe_matched_pool_coordinate,-0.03586215306865393,-0.03311445642526917,-0.030443011858373753,0.011382784787665795,0.01403034505487255,0.01692218170691688
50,ap,ALIGNN-FF,M3GNet,alex_pbe_source_coordinate,-0.05434379496146903,-0.050613287150860276,-0.04697004906180842,-0.00612506493539561,-0.0033982627635249507,-0.0007019413731713144
50,ap,ALIGNN-FF,M3GNet,alexmp20_source_coordinate,-0.05372425798301621,-0.05014078629038421,-0.04652107058769655,-0.005287037918438281,-0.0029367859064685087,-0.000581349486151845
50,ap,ALIGNN-FF,M3GNet,mp_matched_pool_coordinate,-0.03922964665948215,-0.035906584329766233,-0.03266095839016282,0.008460542703565364,0.011304823622334093,0.014014507913230227
50,ap,ALIGNN-FF,M3GNet,mp_source_coordinate,-0.05089761151269753,-0.04721308190986828,-0.04352757059867177,0.0,0.0,0.0
50,ap,ALIGNN-FF,MACE-MP,alex_pbe_matched_pool_coordinate,-0.050734402543325036,-0.04739830037184689,-0.04405378450513536,0.019307650761110236,0.02218332923327926,0.02546832450460779
50,ap,ALIGNN-FF,MACE-MP,alex_pbe_source_coordinate,-0.08078739251151497,-0.07640186953999067,-0.07218309805664241,-0.00968711968915303,-0.006780891583386128,-0.003782165455715023
50,ap,ALIGNN-FF,MACE-MP,alexmp20_source_coordinate,-0.08067443240528244,-0.07594697470016598,-0.07191672444021695,-0.008653253695313423,-0.006321547389416149,-0.003936680229600431
50,ap,ALIGNN-FF,MACE-MP,mp_matched_pool_coordinate,-0.05809976554483455,-0.05371193927872525,-0.04990089322312721,0.012849435660175504,0.015834375166322412,0.018710731861206857
50,ap,ALIGNN-FF,MACE-MP,mp_source_coordinate,-0.07423337305759048,-0.06958147835199147,-0.06537444307795542,0.0,0.0,0.0
50,ap,CHGNet,M3GNet,alex_pbe_matched_pool_coordinate,0.006973907019554332,0.00838044981669589,0.009889611253938441,-0.003997440235862662,-0.002352120216158715,-0.0007135141525216085
50,ap,CHGNet,M3GNet,alex_pbe_source_coordinate,0.00585743364697332,0.008037715217157959,0.010172157499372579,-0.004442696156657192,-0.002725391261131249,-0.0009404787320045603
50,ap,CHGNet,M3GNet,alexmp20_source_coordinate,0.008372797024861187,0.010397897613338314,0.012560363155661976,-0.0017648260198836446,-0.00028778960802833264,0.0012125513041573634
50,ap,CHGNet,M3GNet,mp_matched_pool_coordinate,0.009382525014881963,0.010970953268490014,0.012891646745091667,-0.0013743795821791831,0.0002404941146434969,0.0019263310214253035
50,ap,CHGNet,M3GNet,mp_source_coordinate,0.00868479453754368,0.010746424636859153,0.012837669831118633,0.0,0.0,0.0
50,ap,CHGNet,MACE-MP,alex_pbe_matched_pool_coordinate,-0.006766368289677391,-0.005887098271489533,-0.0049568181335376185,0.0045123728327071035,0.005849778088843516,0.00713417961322374
50,ap,CHGNet,MACE-MP,alex_pbe_source_coordinate,-0.01945465535153198,-0.017769468056308968,-0.016352232179433684,-0.007568715488783217,-0.006088463273248357,-0.004627977215185627
50,ap,CHGNet,MACE-MP,alexmp20_source_coordinate,-0.016976612817949953,-0.015374119416889431,-0.013920608533293244,-0.004942312431171897,-0.0036562057282120697,-0.0024555531417415595
50,ap,CHGNet,MACE-MP,mp_matched_pool_coordinate,-0.008207949399041656,-0.006881194828465886,-0.005622870438101338,0.0035708502950449307,0.0048136311208496485,0.006171380531225385
50,ap,CHGNet,MACE-MP,mp_source_coordinate,-0.0132763770916848,-0.011751200428883501,-0.010260441534197523,0.0,0.0,0.0
50,ap,M3GNet,MACE-MP,alex_pbe_matched_pool_coordinate,-0.015961302067708977,-0.014256371177131855,-0.012692706641932823,0.006441099969914946,0.008212415581676236,0.009975426546184553
50,ap,M3GNet,MACE-MP,alex_pbe_source_coordinate,-0.028266498713542525,-0.02580749405043642,-0.023503872306643588,-0.005322545747786678,-0.0033822822582157963,-0.0016127591347149311
50,ap,M3GNet,MACE-MP,alexmp20_source_coordinate,-0.028291357349432715,-0.025768519173480497,-0.02362318043728506,-0.004752973872711216,-0.003332706582065137,-0.002001020881745566
50,ap,M3GNet,MACE-MP,mp_matched_pool_coordinate,-0.02006375016046984,-0.01782668493268358,-0.015993640497660402,0.0028668511614324986,0.004570002120699246,0.00633864864622429
50,ap,M3GNet,MACE-MP,mp_source_coordinate,-0.024833400266829293,-0.022403104008059227,-0.020319603830177516,0.0,0.0,0.0
50,auroc,ALIGNN-FF,CHGNet,alex_pbe_matched_pool_coordinate,-0.19871884327421077,-0.18972279258402008,-0.18121449067416695,-0.03465745739665051,-0.027766005982168718,-0.020616580054877872
50,auroc,ALIGNN-FF,CHGNet,alex_pbe_source_coordinate,-0.16658502344708698,-0.15844805473494689,-0.1501343761415613,-0.0023939286908855493,0.003421472761344191,0.009527446162927625
50,auroc,ALIGNN-FF,CHGNet,alexmp20_source_coordinate,-0.17476124535849824,-0.1668496459180761,-0.15887305441691624,-0.009652295831539193,-0.0049182822027624695,2.9535667399398524e-05
50,auroc,ALIGNN-FF,CHGNet,mp_matched_pool_coordinate,-0.1574650458710832,-0.14909826205899346,-0.14109431939135048,0.007242439814233864,0.01295683820611182,0.018567590238768587
50,auroc,ALIGNN-FF,CHGNet,mp_source_coordinate,-0.17020484569023803,-0.16216528641422168,-0.15409363245655874,0.0,0.0,0.0
50,auroc,ALIGNN-FF,M3GNet,alex_pbe_matched_pool_coordinate,-0.1537674617548794,-0.1451974325452337,-0.13682119021467123,-0.029742857077200015,-0.02309122617668513,-0.01593865949236159
50,auroc,ALIGNN-FF,M3GNet,alex_pbe_source_coordinate,-0.13382927514273615,-0.1258921768043042,-0.11837782174730832,-0.009907851508140355,-0.0037854444392796394,0.002341107767404351
50,auroc,ALIGNN-FF,M3GNet,alexmp20_source_coordinate,-0.13364912863704437,-0.1266706184663708,-0.11954597091934456,-0.009794844118153923,-0.004570519622172198,0.00032787279167499335
50,auroc,ALIGNN-FF,M3GNet,mp_matched_pool_coordinate,-0.11635106207309784,-0.10862337762056112,-0.10089938132204651,0.007431759997889228,0.013664340808154207,0.019370919300643125
50,auroc,ALIGNN-FF,M3GNet,mp_source_coordinate,-0.12939456564656196,-0.12203517255111063,-0.1145303315945349,0.0,0.0,0.0
50,auroc,ALIGNN-FF,MACE-MP,alex_pbe_matched_pool_coordinate,-0.22607706715065576,-0.21731503707577,-0.20896197217894336,-0.03367660871400116,-0.02622011394652074,-0.018655335208834358
50,auroc,ALIGNN-FF,MACE-MP,alex_pbe_source_coordinate,-0.2090757550814106,-0.20118250619688882,-0.19342344068387224,-0.01600128662943561,-0.009932535449059199,-0.0034608537788428494
50,auroc,ALIGNN-FF,MACE-MP,alexmp20_source_coordinate,-0.20950149285310413,-0.20136846084922866,-0.19377229280093444,-0.014917448642433329,-0.010310493166307777,-0.005423607143442931
50,auroc,ALIGNN-FF,MACE-MP,mp_matched_pool_coordinate,-0.17877568965948057,-0.16991438318558055,-0.16141713877801894,0.01507080239939633,0.02127085483198371,0.027202391237840653
50,auroc,ALIGNN-FF,MACE-MP,mp_source_coordinate,-0.19979239245976152,-0.1912852584570156,-0.1831608053976981,0.0,0.0,0.0
50,auroc,CHGNet,M3GNet,alex_pbe_matched_pool_coordinate,0.03901617839365965,0.044432961525130155,0.05031503992989703,5.3337034043479794e-05,0.004770011072561031,0.009461194935265035
50,auroc,CHGNet,M3GNet,alex_pbe_source_coordinate,0.027454083298224394,0.032690438957377,0.03777000327657764,-0.011195173553592447,-0.007272196191553337,-0.003405376155579957
50,auroc,CHGNet,M3GNet,alexmp20_source_coordinate,0.03503889608454805,0.040174576533551776,0.0455063049403014,-0.003180339011611072,0.0002615044090351071,0.003769252884496926
50,auroc,CHGNet,M3GNet,mp_matched_pool_coordinate,0.03579102175175883,0.040476794623865386,0.045877272286982254,-0.003104687156833233,0.0006677145042728316,0.004452630628284462
50,auroc,CHGNet,M3GNet,mp_source_coordinate,0.03483757573977279,0.03978999238498021,0.04493356292615583,0.0,0.0,0.0
50,auroc,CHGNet,MACE-MP,alex_pbe_matched_pool_coordinate,-0.03229920939569977,-0.0277176358444276,-0.023543869009842847,-0.0024063465204028855,0.001496442453190916,0.005724061476456902
50,auroc,CHGNet,MACE-MP,alex_pbe_source_coordinate,-0.04712373211217505,-0.04254432926948032,-0.038780181637799956,-0.016928549520936125,-0.013387954235447364,-0.010014731842098633
50,auroc,CHGNet,MACE-MP,alexmp20_source_coordinate,-0.03906325591355918,-0.0345968395202943,-0.03023495864157953,-0.00825410331877965,-0.005381803613760117,-0.0024833644157419275
50,auroc,CHGNet,MACE-MP,mp_matched_pool_coordinate,-0.02526949237710347,-0.020978081297405915,-0.016634721361760255,0.005027301059908893,0.008226465610143507,0.011648444508046285
50,auroc,CHGNet,MACE-MP,mp_source_coordinate,-0.03332156261133236,-0.029223850903319692,-0.025049543668389154,0.0,0.0,0.0
50,auroc,M3GNet,MACE-MP,alex_pbe_matched_pool_coordinate,-0.07858477882624809,-0.07217482866447489,-0.06616167060840515,-0.00842645672521466,-0.003061716027030481,0.001563564164703651
50,auroc,M3GNet,MACE-MP,alex_pbe_source_coordinate,-0.08070860183977367,-0.07538348876209999,-0.06972252045972846,-0.010145748789859108,-0.006268396327277603,-0.0020847523891859327
50,auroc,M3GNet,MACE-MP,alexmp20_source_coordinate,-0.0801788133185296,-0.07482400772208897,-0.06923784382615908,-0.008957504224715859,-0.005665901535116924,-0.0025014120285722728
50,auroc,M3GNet,MACE-MP,mp_matched_pool_coordinate,-0.06724920600286269,-0.06135410621182913,-0.055705757351390627,0.003763395703226985,0.007574447011181651,0.01163008007101191
50,auroc,M3GNet,MACE-MP,mp_source_coordinate,-0.07449791713350842,-0.06910359948961753,-0.06393020381784088,0.0,0.0,0.0
50,expected_stable_hits_at_100,ALIGNN-FF,CHGNet,alex_pbe_matched_pool_coordinate,0.0,0.0,0.0,0.0,0.0,4.0
50,expected_stable_hits_at_100,ALIGNN-FF,CHGNet,alex_pbe_source_coordinate,-5.0,0.0,6.0,-3.0,1.0,6.0
50,expected_stable_hits_at_100,ALIGNN-FF,CHGNet,alexmp20_source_coordinate,-5.0,1.0,7.0,-3.0,1.0,7.0
50,expected_stable_hits_at_100,ALIGNN-FF,CHGNet,mp_matched_pool_coordinate,0.0,0.0,0.0,0.0,0.0,4.0
50,expected_stable_hits_at_100,ALIGNN-FF,CHGNet,mp_source_coordinate,-4.0,0.0,0.0,0.0,0.0,0.0
50,expected_stable_hits_at_100,ALIGNN-FF,M3GNet,alex_pbe_matched_pool_coordinate,0.0,0.0,0.0,0.0,0.0,5.0
50,expected_stable_hits_at_100,ALIGNN-FF,M3GNet,alex_pbe_source_coordinate,-5.0,0.0,4.0,-3.0,1.0,5.0
50,expected_stable_hits_at_100,ALIGNN-FF,M3GNet,alexmp20_source_coordinate,-5.0,1.0,5.0,-3.0,1.0,5.0
50,expected_stable_hits_at_100,ALIGNN-FF,M3GNet,mp_matched_pool_coordinate,0.0,0.0,0.0,0.0,0.0,5.0
50,expected_stable_hits_at_100,ALIGNN-FF,M3GNet,mp_source_coordinate,-5.0,0.0,0.0,0.0,0.0,0.0
50,expected_stable_hits_at_100,ALIGNN-FF,MACE-MP,alex_pbe_matched_pool_coordinate,0.0,0.0,0.0,-2.0,1.0,4.0
50,expected_stable_hits_at_100,ALIGNN-FF,MACE-MP,alex_pbe_source_coordinate,-4.0,0.0,4.0,-3.0,1.0,5.0
50,expected_stable_hits_at_100,ALIGNN-FF,MACE-MP,alexmp20_source_coordinate,-4.0,0.0,4.0,-3.0,1.0,6.0
50,expected_stable_hits_at_100,ALIGNN-FF,MACE-MP,mp_matched_pool_coordinate,0.0,0.0,0.0,-2.0,1.0,4.0
50,expected_stable_hits_at_100,ALIGNN-FF,MACE-MP,mp_source_coordinate,-4.0,-1.0,2.0,0.0,0.0,0.0
50,expected_stable_hits_at_100,CHGNet,M3GNet,alex_pbe_matched_pool_coordinate,0.0,0.0,0.0,-1.0,0.0,3.0
50,expected_stable_hits_at_100,CHGNet,M3GNet,alex_pbe_source_coordinate,-4.0,0.0,2.0249999999999773,-3.0,0.0,2.0
50,expected_stable_hits_at_100,CHGNet,M3GNet,alexmp20_source_coordinate,-4.0,0.0,3.0,-3.0,0.0,3.0
50,expected_stable_hits_at_100,CHGNet,M3GNet,mp_matched_pool_coordinate,0.0,0.0,0.0,-1.0,0.0,3.0
50,expected_stable_hits_at_100,CHGNet,M3GNet,mp_source_coordinate,-3.0,0.0,1.0,0.0,0.0,0.0
50,expected_stable_hits_at_100,CHGNet,MACE-MP,alex_pbe_matched_pool_coordinate,0.0,0.0,0.0,-4.0,1.0,3.0
50,expected_stable_hits_at_100,CHGNet,MACE-MP,alex_pbe_source_coordinate,-6.0,-1.0,5.0,-5.0,0.0,3.0
50,expected_stable_hits_at_100,CHGNet,MACE-MP,alexmp20_source_coordinate,-6.0,-1.0,5.0,-5.0,0.0,3.0249999999999773
50,expected_stable_hits_at_100,CHGNet,MACE-MP,mp_matched_pool_coordinate,0.0,0.0,0.0,-4.0,1.0,3.0
50,expected_stable_hits_at_100,CHGNet,MACE-MP,mp_source_coordinate,-3.0,-1.0,4.0,0.0,0.0,0.0
50,expected_stable_hits_at_100,M3GNet,MACE-MP,alex_pbe_matched_pool_coordinate,0.0,0.0,0.0,-4.024999999999999,0.0,3.0
50,expected_stable_hits_at_100,M3GNet,MACE-MP,alex_pbe_source_coordinate,-4.0,-1.0,5.0,-4.0,0.0,4.0
50,expected_stable_hits_at_100,M3GNet,MACE-MP,alexmp20_source_coordinate,-4.0,-1.0,5.0,-4.0,0.0,4.0
50,expected_stable_hits_at_100,M3GNet,MACE-MP,mp_matched_pool_coordinate,0.0,0.0,0.0,-4.024999999999999,0.0,3.0
50,expected_stable_hits_at_100,M3GNet,MACE-MP,mp_source_coordinate,-3.0,0.0,4.024999999999977,0.0,0.0,0.0
50,expected_stable_hits_at_1000,ALIGNN-FF,CHGNet,alex_pbe_matched_pool_coordinate,-12.0,-7.0,-2.0,-5.0,7.0,20.0
50,expected_stable_hits_at_1000,ALIGNN-FF,CHGNet,alex_pbe_source_coordinate,-40.0,-23.0,-8.0,-21.025,-9.0,3.0
50,expected_stable_hits_at_1000,ALIGNN-FF,CHGNet,alexmp20_source_coordinate,-36.0,-19.0,-4.0,-18.0,-5.0,7.0
50,expected_stable_hits_at_1000,ALIGNN-FF,CHGNet,mp_matched_pool_coordinate,-19.0,-11.0,-5.0,-9.0,3.0,15.0
50,expected_stable_hits_at_1000,ALIGNN-FF,CHGNet,mp_source_coordinate,-27.0,-14.0,-1.0,0.0,0.0,0.0
50,expected_stable_hits_at_1000,ALIGNN-FF,M3GNet,alex_pbe_matched_pool_coordinate,-12.0,-7.0,-2.0,0.9750000000000014,13.0,26.0
50,expected_stable_hits_at_1000,ALIGNN-FF,M3GNet,alex_pbe_source_coordinate,-46.0,-31.0,-16.0,-23.0,-11.0,1.0
50,expected_stable_hits_at_1000,ALIGNN-FF,M3GNet,alexmp20_source_coordinate,-45.0,-29.0,-16.0,-21.0,-10.0,1.0
50,expected_stable_hits_at_1000,ALIGNN-FF,M3GNet,mp_matched_pool_coordinate,-19.0,-11.0,-5.0,-4.0,8.0,21.0
50,expected_stable_hits_at_1000,ALIGNN-FF,M3GNet,mp_source_coordinate,-33.0,-20.0,-7.0,0.0,0.0,0.0
50,expected_stable_hits_at_1000,ALIGNN-FF,MACE-MP,alex_pbe_matched_pool_coordinate,-11.0,-5.0,1.0,4.0,16.0,29.024999999999977
50,expected_stable_hits_at_1000,ALIGNN-FF,MACE-MP,alex_pbe_source_coordinate,-50.0,-33.0,-18.0,-25.0,-12.0,0.0
50,expected_stable_hits_at_1000,ALIGNN-FF,MACE-MP,alexmp20_source_coordinate,-46.0,-29.0,-13.0,-21.0,-8.0,4.0
50,expected_stable_hits_at_1000,ALIGNN-FF,MACE-MP,mp_matched_pool_coordinate,-16.025,-9.0,-1.9750000000000227,1.0,12.0,25.0
50,expected_stable_hits_at_1000,ALIGNN-FF,MACE-MP,mp_source_coordinate,-35.0,-21.0,-9.0,0.0,0.0,0.0
50,expected_stable_hits_at_1000,CHGNet,M3GNet,alex_pbe_matched_pool_coordinate,0.0,0.0,0.0,-2.0,6.0,14.0
50,expected_stable_hits_at_1000,CHGNet,M3GNet,alex_pbe_source_coordinate,-16.025,-8.0,0.0,-9.0,-2.0,4.0
50,expected_stable_hits_at_1000,CHGNet,M3GNet,alexmp20_source_coordinate,-20.0,-11.0,-1.0,-12.0,-5.0,2.0
50,expected_stable_hits_at_1000,CHGNet,M3GNet,mp_matched_pool_coordinate,0.0,0.0,0.0,-2.0,6.0,14.0
50,expected_stable_hits_at_1000,CHGNet,M3GNet,mp_source_coordinate,-14.0,-5.0,2.0,0.0,0.0,0.0
50,expected_stable_hits_at_1000,CHGNet,MACE-MP,alex_pbe_matched_pool_coordinate,0.0,2.0,5.0,2.0,9.0,17.0
50,expected_stable_hits_at_1000,CHGNet,MACE-MP,alex_pbe_source_coordinate,-19.0,-10.0,-2.0,-9.0,-3.0,3.0
50,expected_stable_hits_at_1000,CHGNet,MACE-MP,alexmp20_source_coordinate,-18.0,-10.0,-2.0,-9.0,-3.0,2.0
50,expected_stable_hits_at_1000,CHGNet,MACE-MP,mp_matched_pool_coordinate,0.0,2.5,6.0,4.0,9.0,17.0
50,expected_stable_hits_at_1000,CHGNet,MACE-MP,mp_source_coordinate,-15.0,-7.0,0.0,0.0,0.0,0.0
50,expected_stable_hits_at_1000,M3GNet,MACE-MP,alex_pbe_matched_pool_coordinate,0.0,2.0,5.0,-3.0,3.0,9.0
50,expected_stable_hits_at_1000,M3GNet,MACE-MP,alex_pbe_source_coordinate,-10.0,-2.0,5.0,-8.0,-1.0,6.0
50,expected_stable_hits_at_1000,M3GNet,MACE-MP,alexmp20_source_coordinate,-7.024999999999999,1.0,9.0,-6.0,2.0,10.0
50,expected_stable_hits_at_1000,M3GNet,MACE-MP,mp_matched_pool_coordinate,0.0,2.0,6.0,-1.0,4.0,9.0
50,expected_stable_hits_at_1000,M3GNet,MACE-MP,mp_source_coordinate,-7.0,-1.0,5.0,0.0,0.0,0.0
50,expected_stable_hits_at_300,ALIGNN-FF,CHGNet,alex_pbe_matched_pool_coordinate,0.0,0.0,0.0,-5.0,0.0,5.0
50,expected_stable_hits_at_300,ALIGNN-FF,CHGNet,alex_pbe_source_coordinate,-7.0,-1.0,4.0,-6.0,-1.0,1.0
50,expected_stable_hits_at_300,ALIGNN-FF,CHGNet,alexmp20_source_coordinate,-8.0,-2.0,3.0249999999999773,-8.0,-2.0,2.0
50,expected_stable_hits_at_300,ALIGNN-FF,CHGNet,mp_matched_pool_coordinate,0.0,0.0,0.0,-5.0,0.0,5.0
50,expected_stable_hits_at_300,ALIGNN-FF,CHGNet,mp_source_coordinate,-5.0,0.0,5.0,0.0,0.0,0.0
50,expected_stable_hits_at_300,ALIGNN-FF,M3GNet,alex_pbe_matched_pool_coordinate,0.0,0.0,0.0,-2.0,3.0,7.0
50,expected_stable_hits_at_300,ALIGNN-FF,M3GNet,alex_pbe_source_coordinate,-12.0,-5.0,0.0,-7.0,-2.0,0.0
50,expected_stable_hits_at_300,ALIGNN-FF,M3GNet,alexmp20_source_coordinate,-12.0,-5.0,0.0,-8.0,-2.0,2.0
50,expected_stable_hits_at_300,ALIGNN-FF,M3GNet,mp_matched_pool_coordinate,0.0,0.0,0.0,-2.0,3.0,7.0
50,expected_stable_hits_at_300,ALIGNN-FF,M3GNet,mp_source_coordinate,-7.0,-3.0,2.0,0.0,0.0,0.0
50,expected_stable_hits_at_300,ALIGNN-FF,MACE-MP,alex_pbe_matched_pool_coordinate,0.0,0.0,0.0,-6.0,-1.0,4.0
50,expected_stable_hits_at_300,ALIGNN-FF,MACE-MP,alex_pbe_source_coordinate,-8.0,-1.0,4.0,-7.024999999999999,-2.0,0.0
50,expected_stable_hits_at_300,ALIGNN-FF,MACE-MP,alexmp20_source_coordinate,-9.0,-3.0,3.0,-9.0,-4.0,0.0
50,expected_stable_hits_at_300,ALIGNN-FF,MACE-MP,mp_matched_pool_coordinate,0.0,0.0,0.0,-6.0,-1.0,4.0
50,expected_stable_hits_at_300,ALIGNN-FF,MACE-MP,mp_source_coordinate,-4.0,1.0,6.0,0.0,0.0,0.0
50,expected_stable_hits_at_300,CHGNet,M3GNet,alex_pbe_matched_pool_coordinate,0.0,0.0,0.0,-1.0,3.0,7.0
50,expected_stable_hits_at_300,CHGNet,M3GNet,alex_pbe_source_coordinate,-9.0,-4.0,2.0,-4.0,-1.0,3.0
50,expected_stable_hits_at_300,CHGNet,M3GNet,alexmp20_source_coordinate,-8.0,-3.0,3.0,-4.0,0.0,4.0
50,expected_stable_hits_at_300,CHGNet,M3GNet,mp_matched_pool_coordinate,0.0,0.0,0.0,-1.0,3.0,7.0
50,expected_stable_hits_at_300,CHGNet,M3GNet,mp_source_coordinate,-7.0,-3.0,1.0,0.0,0.0,0.0
50,expected_stable_hits_at_300,CHGNet,MACE-MP,alex_pbe_matched_pool_coordinate,0.0,0.0,0.0,-5.0,-1.0,3.0
50,expected_stable_hits_at_300,CHGNet,MACE-MP,alex_pbe_source_coordinate,-4.0,0.0,5.0,-4.0,-1.0,1.0
50,expected_stable_hits_at_300,CHGNet,MACE-MP,alexmp20_source_coordinate,-5.0,-1.0,3.0,-6.0,-2.0,0.0
50,expected_stable_hits_at_300,CHGNet,MACE-MP,mp_matched_pool_coordinate,0.0,0.0,0.0,-5.0,-1.0,3.0
50,expected_stable_hits_at_300,CHGNet,MACE-MP,mp_source_coordinate,-3.0,1.0,5.0,0.0,0.0,0.0
50,expected_stable_hits_at_300,M3GNet,MACE-MP,alex_pbe_matched_pool_coordinate,0.0,0.0,0.0,-9.0,-4.0,1.0
50,expected_stable_hits_at_300,M3GNet,MACE-MP,alex_pbe_source_coordinate,-3.0,4.0,10.0,-4.0,0.0,3.0249999999999773
50,expected_stable_hits_at_300,M3GNet,MACE-MP,alexmp20_source_coordinate,-4.0,3.0,8.0,-6.0,-1.0,2.0
50,expected_stable_hits_at_300,M3GNet,MACE-MP,mp_matched_pool_coordinate,0.0,0.0,0.0,-9.0,-4.0,1.0
50,expected_stable_hits_at_300,M3GNet,MACE-MP,mp_source_coordinate,-1.0,4.0,9.0,0.0,0.0,0.0
50,expected_stable_hits_at_500,ALIGNN-FF,CHGNet,alex_pbe_matched_pool_coordinate,0.0,0.0,0.0,-5.0,1.0,7.0
50,expected_stable_hits_at_500,ALIGNN-FF,CHGNet,alex_pbe_source_coordinate,-15.0,-6.0,2.0,-13.0,-5.0,2.0
50,expected_stable_hits_at_500,ALIGNN-FF,CHGNet,alexmp20_source_coordinate,-10.0,-2.0,6.0,-6.0,-1.0,4.0
50,expected_stable_hits_at_500,ALIGNN-FF,CHGNet,mp_matched_pool_coordinate,0.0,0.0,0.0,-5.0,1.0,7.0
50,expected_stable_hits_at_500,ALIGNN-FF,CHGNet,mp_source_coordinate,-7.0,-1.0,5.0,0.0,0.0,0.0
50,expected_stable_hits_at_500,ALIGNN-FF,M3GNet,alex_pbe_matched_pool_coordinate,0.0,0.0,0.0,-4.0,2.0,7.0
50,expected_stable_hits_at_500,ALIGNN-FF,M3GNet,alex_pbe_source_coordinate,-20.0,-11.0,-3.0,-17.025,-9.0,-2.0
50,expected_stable_hits_at_500,ALIGNN-FF,M3GNet,alexmp20_source_coordinate,-10.0,-2.0,5.0,-7.0,0.0,5.0
50,expected_stable_hits_at_500,ALIGNN-FF,M3GNet,mp_matched_pool_coordinate,0.0,0.0,1.0,-4.0,2.0,7.0
50,expected_stable_hits_at_500,ALIGNN-FF,M3GNet,mp_source_coordinate,-7.0,-2.0,4.0,0.0,0.0,0.0
50,expected_stable_hits_at_500,ALIGNN-FF,MACE-MP,alex_pbe_matched_pool_coordinate,0.0,0.0,0.0,-8.0,-1.0,5.0
50,expected_stable_hits_at_500,ALIGNN-FF,MACE-MP,alex_pbe_source_coordinate,-16.0,-7.0,2.0,-16.0,-8.0,-1.0
50,expected_stable_hits_at_500,ALIGNN-FF,MACE-MP,alexmp20_source_coordinate,-9.0,-2.0,6.0,-8.0,-3.0,1.0
50,expected_stable_hits_at_500,ALIGNN-FF,MACE-MP,mp_matched_pool_coordinate,0.0,0.0,0.0,-8.0,-1.0,5.0
50,expected_stable_hits_at_500,ALIGNN-FF,MACE-MP,mp_source_coordinate,-5.0,1.0,8.0,0.0,0.0,0.0
50,expected_stable_hits_at_500,CHGNet,M3GNet,alex_pbe_matched_pool_coordinate,0.0,0.0,0.0,-3.0,1.0,5.0
50,expected_stable_hits_at_500,CHGNet,M3GNet,alex_pbe_source_coordinate,-11.0,-5.0,0.0,-9.0,-4.0,0.0
50,expected_stable_hits_at_500,CHGNet,M3GNet,alexmp20_source_coordinate,-7.0,0.0,5.0,-5.0,0.0,5.0
50,expected_stable_hits_at_500,CHGNet,M3GNet,mp_matched_pool_coordinate,0.0,0.0,1.0,-3.0,1.0,5.0
50,expected_stable_hits_at_500,CHGNet,M3GNet,mp_source_coordinate,-5.0,-1.0,3.0,0.0,0.0,0.0
50,expected_stable_hits_at_500,CHGNet,MACE-MP,alex_pbe_matched_pool_coordinate,0.0,0.0,0.0,-7.0,-2.0,1.0
50,expected_stable_hits_at_500,CHGNet,MACE-MP,alex_pbe_source_coordinate,-7.0,0.0,5.0,-8.0,-2.0,1.0
50,expected_stable_hits_at_500,CHGNet,MACE-MP,alexmp20_source_coordinate,-5.0,0.0,6.0,-6.0,-2.0,0.0
50,expected_stable_hits_at_500,CHGNet,MACE-MP,mp_matched_pool_coordinate,0.0,0.0,0.0,-7.0,-2.0,2.0
50,expected_stable_hits_at_500,CHGNet,MACE-MP,mp_source_coordinate,-1.0,2.0,7.0,0.0,0.0,0.0
50,expected_stable_hits_at_500,M3GNet,MACE-MP,alex_pbe_matched_pool_coordinate,0.0,0.0,0.0,-8.0,-3.0,0.0
50,expected_stable_hits_at_500,M3GNet,MACE-MP,alex_pbe_source_coordinate,0.0,4.0,10.0,-3.0,1.0,5.024999999999977
50,expected_stable_hits_at_500,M3GNet,MACE-MP,alexmp20_source_coordinate,-5.0,1.0,7.0,-7.0,-2.0,2.0
50,expected_stable_hits_at_500,M3GNet,MACE-MP,mp_matched_pool_coordinate,-0.02499999999999858,0.0,0.0,-8.0,-3.0,0.0
50,expected_stable_hits_at_500,M3GNet,MACE-MP,mp_source_coordinate,0.0,3.0,8.0,0.0,0.0,0.0
50,expected_stable_hits_at_5000,ALIGNN-FF,CHGNet,alex_pbe_matched_pool_coordinate,-138.0,-117.0,-93.0,86.0,121.0,155.02499999999998
50,expected_stable_hits_at_5000,ALIGNN-FF,CHGNet,alex_pbe_source_coordinate,-315.0,-269.0,-224.0,-66.025,-33.0,1.0
50,expected_stable_hits_at_5000,ALIGNN-FF,CHGNet,alexmp20_source_coordinate,-308.0,-264.0,-223.0,-59.025,-28.0,4.0
50,expected_stable_hits_at_5000,ALIGNN-FF,CHGNet,mp_matched_pool_coordinate,-208.025,-177.0,-148.0,25.0,60.0,94.0
50,expected_stable_hits_at_5000,ALIGNN-FF,CHGNet,mp_source_coordinate,-273.025,-236.5,-198.97500000000002,0.0,0.0,0.0
50,expected_stable_hits_at_5000,ALIGNN-FF,M3GNet,alex_pbe_matched_pool_coordinate,-128.0,-106.0,-82.0,91.0,126.0,163.0
50,expected_stable_hits_at_5000,ALIGNN-FF,M3GNet,alex_pbe_source_coordinate,-316.05,-274.0,-232.0,-77.0,-42.5,-13.0
50,expected_stable_hits_at_5000,ALIGNN-FF,M3GNet,alexmp20_source_coordinate,-305.025,-264.0,-222.0,-62.0,-31.0,-2.0
50,expected_stable_hits_at_5000,ALIGNN-FF,M3GNet,mp_matched_pool_coordinate,-173.025,-141.0,-109.0,55.975,90.0,129.0
50,expected_stable_hits_at_5000,ALIGNN-FF,M3GNet,mp_source_coordinate,-271.0,-232.0,-193.0,0.0,0.0,0.0
50,expected_stable_hits_at_5000,ALIGNN-FF,MACE-MP,alex_pbe_matched_pool_coordinate,-139.025,-118.0,-94.0,102.0,137.0,172.0
50,expected_stable_hits_at_5000,ALIGNN-FF,MACE-MP,alex_pbe_source_coordinate,-377.0,-335.0,-292.0,-113.0,-80.0,-49.0
50,expected_stable_hits_at_5000,ALIGNN-FF,MACE-MP,alexmp20_source_coordinate,-368.0,-324.0,-283.0,-99.0,-69.0,-40.0
50,expected_stable_hits_at_5000,ALIGNN-FF,MACE-MP,mp_matched_pool_coordinate,-200.0,-167.0,-137.97500000000002,54.975,87.0,122.0
50,expected_stable_hits_at_5000,ALIGNN-FF,MACE-MP,mp_source_coordinate,-294.0,-255.0,-215.0,0.0,0.0,0.0
50,expected_stable_hits_at_5000,CHGNet,M3GNet,alex_pbe_matched_pool_coordinate,0.0,10.0,22.024999999999977,-17.0,5.0,29.0
50,expected_stable_hits_at_5000,CHGNet,M3GNet,alex_pbe_source_coordinate,-31.0,-5.0,23.0,-33.0,-10.0,14.0
50,expected_stable_hits_at_5000,CHGNet,M3GNet,alexmp20_source_coordinate,-24.0,1.0,26.0,-23.0,-4.0,17.0
50,expected_stable_hits_at_5000,CHGNet,M3GNet,mp_matched_pool_coordinate,19.0,36.0,55.0,7.0,32.0,57.0
50,expected_stable_hits_at_5000,CHGNet,M3GNet,mp_source_coordinate,-20.0,5.0,29.0,0.0,0.0,0.0
50,expected_stable_hits_at_5000,CHGNet,MACE-MP,alex_pbe_matched_pool_coordinate,-8.0,-1.0,5.0,-1.0,17.0,35.0
50,expected_stable_hits_at_5000,CHGNet,MACE-MP,alex_pbe_source_coordinate,-85.025,-65.0,-46.0,-68.0,-47.0,-28.0
50,expected_stable_hits_at_5000,CHGNet,MACE-MP,alexmp20_source_coordinate,-79.0,-60.0,-41.0,-60.0,-42.0,-23.975000000000023
50,expected_stable_hits_at_5000,CHGNet,MACE-MP,mp_matched_pool_coordinate,-3.0,10.0,23.0,12.0,28.0,47.0
50,expected_stable_hits_at_5000,CHGNet,MACE-MP,mp_source_coordinate,-39.0,-18.0,1.0,0.0,0.0,0.0
50,expected_stable_hits_at_5000,M3GNet,MACE-MP,alex_pbe_matched_pool_coordinate,-22.0,-12.0,-3.0,-11.0,11.0,33.0
50,expected_stable_hits_at_5000,M3GNet,MACE-MP,alex_pbe_source_coordinate,-86.0,-60.0,-38.0,-61.025,-37.0,-15.0
50,expected_stable_hits_at_5000,M3GNet,MACE-MP,alexmp20_source_coordinate,-83.0,-60.0,-40.0,-57.0,-38.0,-19.0
50,expected_stable_hits_at_5000,M3GNet,MACE-MP,mp_matched_pool_coordinate,-44.025,-26.0,-8.0,-25.025,-3.5,18.024999999999977
50,expected_stable_hits_at_5000,M3GNet,MACE-MP,mp_source_coordinate,-45.025,-22.0,-1.0,0.0,0.0,0.0
50,normalized_ap,ALIGNN-FF,CHGNet,alex_pbe_matched_pool_coordinate,-0.32321192553982175,-0.306293177876389,-0.29009870833341644,-0.050495530397715975,-0.03563244778708835,-0.01929547683044193
50,normalized_ap,ALIGNN-FF,CHGNet,alex_pbe_source_coordinate,-0.29091897517074267,-0.2741629517611009,-0.25704820615702556,-0.016482424770683457,-0.0033248707978906777,0.010589293162551909
50,normalized_ap,ALIGNN-FF,CHGNet,alexmp20_source_coordinate,-0.30300200436135566,-0.2858289457318922,-0.270097910324779,-0.026308512052643365,-0.015130569957255507,-0.004570721815916825
50,normalized_ap,ALIGNN-FF,CHGNet,mp_matched_pool_coordinate,-0.26340482798802506,-0.24755015387558255,-0.23272146632639015,0.00931083294400757,0.023492874383845508,0.03634072987695839
50,normalized_ap,ALIGNN-FF,CHGNet,mp_source_coordinate,-0.2868421268953639,-0.27081580407991146,-0.2548285399198097,0.0,0.0,0.0
50,normalized_ap,ALIGNN-FF,M3GNet,alex_pbe_matched_pool_coordinate,-0.26167182369322006,-0.2445632783338913,-0.2276896750032294,-0.03881966510481661,-0.024053691769986646,-0.008522801816575503
50,normalized_ap,ALIGNN-FF,M3GNet,alex_pbe_source_coordinate,-0.25309140313158757,-0.2361964151047093,-0.2216240465144869,-0.028484632121978125,-0.015942317797852934,-0.0032259519830092767
50,normalized_ap,ALIGNN-FF,M3GNet,alexmp20_source_coordinate,-0.2516961037027077,-0.2365934381852653,-0.2226425202769481,-0.026497606576058055,-0.01618796404505965,-0.005202223036410419
50,normalized_ap,ALIGNN-FF,M3GNet,mp_matched_pool_coordinate,-0.204667037964699,-0.18979253134280405,-0.17538513104516942,0.01713551760741253,0.031074315532999025,0.044614306628190305
50,normalized_ap,ALIGNN-FF,M3GNet,mp_source_coordinate,-0.23540240178732916,-0.22036923754558962,-0.2058473785416885,0.0,0.0,0.0
50,normalized_ap,ALIGNN-FF,MACE-MP,alex_pbe_matched_pool_coordinate,-0.36657061082108927,-0.3499047318990154,-0.33313859959322534,-0.04021994086862223,-0.02415805893337286,-0.00789205415058664
50,normalized_ap,ALIGNN-FF,MACE-MP,alex_pbe_source_coordinate,-0.37444689758140215,-0.3569782427306276,-0.3409433491499327,-0.044668159081661586,-0.03151630346527581,-0.017326186967705888
50,normalized_ap,ALIGNN-FF,MACE-MP,alexmp20_source_coordinate,-0.3757802102982618,-0.3584248479045924,-0.34298307731755673,-0.04369418896241066,-0.03313691918227085,-0.021960972449376108
50,normalized_ap,ALIGNN-FF,MACE-MP,mp_matched_pool_coordinate,-0.29976848123500965,-0.2839465927989611,-0.2680344824181712,0.028078966886465814,0.04163200694460248,0.05623962947706962
50,normalized_ap,ALIGNN-FF,MACE-MP,mp_source_coordinate,-0.34237684972535454,-0.32550085889054586,-0.3090344335505466,0.0,0.0,0.0
50,normalized_ap,CHGNet,M3GNet,alex_pbe_matched_pool_coordinate,0.05234399958781241,0.061891081628646594,0.07141976656262869,0.003497910405098695,0.01181368989988757,0.020780458481014594
50,normalized_ap,CHGNet,M3GNet,alex_pbe_source_coordinate,0.027752801499448844,0.037504141902916954,0.047211892280733934,-0.020725238577224307,-0.012747498464213136,-0.0044507489339784415
50,normalized_ap,CHGNet,M3GNet,alexmp20_source_coordinate,0.03964619473472737,0.04914936660699304,0.058816278517879704,-0.007762389426145311,-0.0009468089038039973,0.006359449419763003
50,normalized_ap,CHGNet,M3GNet,mp_matched_pool_coordinate,0.05001585104883048,0.05782255771162287,0.067101510282157,-3.566931916717808e-05,0.007714237613439756,0.01584308746213363
50,normalized_ap,CHGNet,M3GNet,mp_source_coordinate,0.04091274797290893,0.05031193656747329,0.05908648143804209,0.0,0.0,0.0
50,normalized_ap,CHGNet,MACE-MP,alex_pbe_matched_pool_coordinate,-0.04983705278171845,-0.043383495160228214,-0.03709542581993006,0.004634836150549809,0.011461489138740177,0.01853517025741463
50,normalized_ap,CHGNet,MACE-MP,alex_pbe_source_coordinate,-0.09092990837766536,-0.08315275010878459,-0.07647024484730088,-0.03538075342694929,-0.02843236578792452,-0.021766610185156073
50,normalized_ap,CHGNet,MACE-MP,alexmp20_source_coordinate,-0.08014241387603528,-0.07260520294411982,-0.06556964552469975,-0.02361626152863149,-0.017845549622411194,-0.012001721371184028
50,normalized_ap,CHGNet,MACE-MP,mp_matched_pool_coordinate,-0.04327586198555416,-0.0363823774880892,-0.030033212490250483,0.012170726235208259,0.01837609708725746,0.025007141518398925
50,normalized_ap,CHGNet,MACE-MP,mp_source_coordinate,-0.06178594765021443,-0.054841787544133935,-0.04808884492916096,0.0,0.0,0.0
50,normalized_ap,M3GNet,MACE-MP,alex_pbe_matched_pool_coordinate,-0.11521048233735544,-0.10499470142428852,-0.09555055955411612,-0.009511873482184421,-0.0001354527631553526,0.008942229372475671
50,normalized_ap,M3GNet,MACE-MP,alex_pbe_source_coordinate,-0.13055759574933568,-0.12065374104851362,-0.11115425141286313,-0.023979551441659065,-0.01573379654528917,-0.0074676757635866705
50,normalized_ap,M3GNet,MACE-MP,alexmp20_source_coordinate,-0.13206114696570032,-0.1217552366808552,-0.11236985313770811,-0.02329962447111523,-0.016848038539603538,-0.010236288516337327
50,normalized_ap,M3GNet,MACE-MP,mp_matched_pool_coordinate,-0.10420583773201197,-0.09427937924557483,-0.08519895178045661,0.002366935863762515,0.010576404572587461,0.018696310940634314
50,normalized_ap,M3GNet,MACE-MP,mp_source_coordinate,-0.11442673425422674,-0.10488215261430195,-0.09592373995254012,0.0,0.0,0.0
